Pareto_Solution_ID,Address,Property_URL,City,Acreage,Price,Latitude,Longitude,Daily_Demand_kg,Station_Capacity_kg,Station_Size,Utilization_Rate,Total_Trucks_Served,Fleet_Breakdown,Total_System_Capacity_kg,Total_System_Trucks_Covered,Total_System_Land_Cost,Formatted_Price
Sol_000,2544 11th Ave,https://www.loopnet.com/Listing/2544-11th-Ave-Greeley-CO/35100267/,"Greeley, CO 80631",0.15,350000.0,40.395690645275,-104.69657283495,336.5,1000,XS,33.65%,145,WELD COUNTY PUBLIC WORKS DEPARTMENT (145 trucks),157000,17052,13796853.06,"$350,000.00"
Sol_000,831 N Clarkson St,https://www.loopnet.com/Listing/831-N-Clarkson-St-Denver-CO/38142797/,"Denver, CO 80218",0.18,899000.0,39.729919009716,-104.977904960968,3413.46,5000,M,68.27%,396,FARMERS ALL NATURAL (121 trucks) | CO TRAN LLC (275 trucks),157000,17052,13796853.06,"$899,000.00"
Sol_000,422 Perry St,https://www.loopnet.com/Listing/422-Perry-St-Castle-Rock-CO/38421711/,"Castle Rock, CO 80104",0.24,605821.24,39.374148794158,-104.858322527659,2577.81,5000,M,51.56%,389,GREAT SOUTHWESTERN CONSTRUCTION INC (280 trucks) | TOWN OF CASTLE ROCK  (109 trucks),157000,17052,13796853.06,"$605,821.24"
Sol_000,239 S Main St,https://www.loopnet.com/Listing/239-S-Main-St-Brighton-CO/27424620/,"Brighton, CO 80601",0.31,250000.0,39.982905257485,-104.822555605705,5864.05,10000,L,58.64%,829,G&Z TRANSPORT LLC (147 trucks) | SIM TRUCKING INC (120 trucks) | ENVIRONMENTAL DESIGNS LLC (156 trucks) | BALIC TRANSPORT INC (120 trucks) | BURNCO COLORADO LLC (146 trucks) | WEST DIRECT OIL (140 trucks),157000,17052,13796853.06,"$250,000.00"
Sol_000,20th & Blake St,https://www.loopnet.com/Listing/20th-Blake-St-Land-Denver-CO/26158810/,"Denver, CO 80205",0.32,1320000.0,39.754299409573,-104.994304825083,7770.22,10000,L,77.70%,1005,RES (149 trucks) | MPLX G&P (144 trucks) | CONCRETE EXPRESS INC (128 trucks) | COORS DISTRIBUTING COMPANY MILLER COORS LLC (105 trucks) | NAVAJO EXPRESS INC (309 trucks) | COMPASS VEHICLE RENTAL INC (170 trucks),157000,17052,13796853.06,"$1,320,000.00"
Sol_000,1560 N Academy Blvd,https://www.loopnet.com/Listing/1560-N-Academy-Blvd-Colorado-Springs-CO/3886433/,"Colorado Springs, CO 80909",0.64,416700.0,38.854776988204,-104.75774002483,5689.619999999999,10000,L,56.90%,1031,COLORADO SPRINGS SCHOOL DISTRICT 11 (130 trucks) | MOUNTAIN METROPOLITAN TRANSIT (144 trucks) | CITY OF COLORADO SPRINGS (326 trucks) | El PASO COUNTY (112 trucks) | GOODWILL OF COLORADO (134 trucks) | VECTRUS SYSTEMS CORPORATION (185 trucks),157000,17052,13796853.06,"$416,700.00"
Sol_000,3401 S Yosemite St,https://www.loopnet.com/Listing/3401-S-Yosemite-St-Denver-CO/39837277/,"Denver, CO 80231",0.64,675000.0,39.654049416843,-104.88550562639,19524.48,20000,XL,97.62%,2867,COMCAST (194 trucks) | SWINGLE TREE & LANDSCAPE CARE (135 trucks) | CITY LIGHT AND POWER INC (121 trucks) | WHEEL PROS LLC (182 trucks) | GLOBAL TRANSPORTATION LLC (442 trucks) | HBSCO DANS TRASH AT YOUR DISPOSAL (110 trucks) | CITY OF AURORA (271 trucks) | ORICA USA INC (215 trucks) | ENTERPRISE RENT-A-CAR NATIONAL RENT A CAR ALAMO RENT A CAR (421 trucks) | AURORA PUBLIC SCHOOLS (127 trucks) | METCO LANDSCAPING INC (226 trucks) | WAGNER EQUIPMENT CO (423 trucks),157000,17052,13796853.06,"$675,000.00"
Sol_000,4237 McWhinney Blvd,https://www.loopnet.com/Listing/4237-McWhinney-Blvd-Loveland-CO/23974785/,"Loveland, CO 80538",0.65,871347.9,40.408208389025,-105.017378025231,252.96,1000,XS,25.30%,109,LOVELAND MUNICIPALITY (109 trucks),157000,17052,13796853.06,"$871,347.90"
Sol_000,7300 W Jefferson Ave,https://www.loopnet.com/Listing/7300-W-Jefferson-Ave-Lakewood-CO/38419312/,"Lakewood, CO 80235",0.66,379999.0,39.649773884125,-105.079540805378,10536.92,20000,XL,52.68%,1415,QUALITY LOGISTICS INC (135 trucks) | KEESEN ENTERPRISES INC (263 trucks) | PROCAM SERVICES  (101 trucks) | JEFFCO SCHOOLS (274 trucks) | JEFFERSON COUNTY (120 trucks) | HOLCIM WCR INC (298 trucks) | PACIFIC SHIPPING & TRUCKING CO INC (109 trucks) | ENIVIRONMENTAL LANDWORKS COMPANY INC (115 trucks),157000,17052,13796853.06,"$379,999.00"
Sol_000,9190 W 84th Ave,https://www.loopnet.com/Listing/9190-W-84th-Ave-Arvada-CO/38160305/,"Arvada, CO 80005",0.67,499000.0,39.849854027782,-105.100317795342,7872.180000000001,10000,L,78.72%,1547,ALPINE MILLWORK COMPANY DBA ROCKY MOUNTAIN RELOAD (141 trucks) | CITY OF ARVADA (100 trucks) | GEOSTABILIZATION INTERNATIONAL LLC (155 trucks) | COLD FRONT (121 trucks) | SITEWISE LLC (145 trucks) | CITY OF THORNTON (208 trucks) | CITY OF THORNTON (174 trucks) | TRI-STATE GENERATION & TRANSMISSION ASSOCIATION INC (321 trucks) | ADAMS 12 FIVE STAR SCHOOLS (182 trucks),157000,17052,13796853.06,"$499,000.00"
Sol_000,NEC N Fairgrounds Ave,https://www.loopnet.com/Listing/NEC-N-Fairgrounds-Ave-Windsor-CO/29890025/,"Windsor, CO 80528",0.74,483449.0,40.437732372143,-104.982630626628,304.01,1000,XS,30.40%,131,LARIMER COUNTY (131 trucks),157000,17052,13796853.06,"$483,449.00"
Sol_000,11958 Lincoln Ave,https://www.loopnet.com/Listing/Lincoln-Ave-Parker-CO/39741118/,"Parker, CO 80138",0.86,495000.0,39.536519536914,-104.76116705724,13220.13,20000,XL,66.10%,1835,ACCELERATED SERVICES LLC (373 trucks) | AMERICAN FURNITURE WAREHOUSE CO (340 trucks) | TERRACARE ASSOCIATES LLC (156 trucks) | IHC SCOTT INC (214 trucks) | BUCKLEY POWDER CO (217 trucks) | CH2M OMI CH2MHILL JACOBS (183 trucks) | CHERRY CREEK SCHOOLS (352 trucks),157000,17052,13796853.06,"$495,000.00"
Sol_000,2450 Curtis St,https://www.loopnet.com/Listing/2450-Curtis-St-Denver-CO/34878162/,"Denver, CO 80205",0.93,1930000.0,39.755035173034,-104.984190298703,19295.64,20000,XL,96.48%,2557,WASTE CONNECTIONS OF COLORADO INC (486 trucks) | U S TRANSPORT INC (200 trucks) | SURESHOT DRILLING LLC ATOZ FIELD SERVICES LLC DRILL TECH LLC PINNACLE DEVELOPMENT INC HDD SPECIALISTS LLC (135 trucks) | EAGLE ROCK DISTRIBUTING COMPANY OF COLORADO LLC (148 trucks) | RMS CRANES (139 trucks) | WESTERN DISTRIBUTING TRANSPORTATION CORP (155 trucks) | SUPERSHUTTLE DENVER (125 trucks) | UNITED SITE SERVICES OF NEVADA INC (409 trucks) | UNITED SITE SERVICES OF COLORADO INC (147 trucks) | READY MIX CONCRETE COMPANY (191 trucks) | COCAL LANDSCAPE SERVICES INC (153 trucks) | OFFEN PETROLEUM LLC (269 trucks),157000,17052,13796853.06,"$1,930,000.00"
Sol_000,104th Ave,https://www.loopnet.com/Listing/104th-Ave-Commerce-City-CO/24131525/,"Commerce City, CO 80022",1.06,692509.0,39.88539386175,-104.707921614396,1998.73,2000,S,99.94%,214,SHAMROCK FOODS COMPANY (214 trucks),157000,17052,13796853.06,"$692,509.00"
Sol_000,NWQ Highway 119 and I-25,https://www.loopnet.com/Listing/NWQ-Highway-119-and-I-25-Firestone-CO/31431092/,"Firestone, CO 80504",1.28,949000.0,40.160746988915,-104.978709958949,3529.55,5000,M,70.59%,606,WARD ELECTRIC COMPANY INC (222 trucks) | HEAT WAVES HOT OIL SERVICE LLC (201 trucks) | SUPREME TRANSPORT INC (183 trucks),157000,17052,13796853.06,"$949,000.00"
Sol_000,13987 Foster ct,https://www.loopnet.com/Listing/13987-Foster-ct-Longmont-CO/34579366/,"Longmont, CO 80504",1.42,1370019.92,40.140476603851,-105.119700024426,1399.2,2000,S,69.96%,385,CITY OF LONGMONT (211 trucks) | ST VRAIN VALLEY SCHOOL DISTRICT (174 trucks),157000,17052,13796853.06,"$1,370,019.92"
Sol_000,765 Aspen Ridge Drive Dr,https://www.loopnet.com/Listing/765-Aspen-Ridge-Drive-Dr-Lafayette-CO/32931931/,"Lafayette, CO 80026",1.43,556000.0,40.006898203868,-105.107210150504,4585.06,5000,M,91.70%,619,BOULDER VALLEY SCHOOL DISTRICT RE-2 (134 trucks) | VIA MOBILITY SERVICES (196 trucks) | VIA MOBILITY SERVICES (116 trucks) | CU (173 trucks),157000,17052,13796853.06,"$556,000.00"
Sol_000,E Harmony & Lady Moon Dr,https://www.loopnet.com/Listing/E-Harmony-Lady-Moon-Dr-Fort-Collins-CO/11217719/,"Fort Collins, CO 80528",2.2,1054007.0,40.523221679275,-105.010799488523,5618.16,10000,L,56.18%,972,NOVUS AG LLC (444 trucks) | CITY OF FORT COLLINS (285 trucks) | Poudre School District  (243 trucks),157000,17052,13796853.06,"$1,054,007.00"
Sol_001,2544 11th Ave,https://www.loopnet.com/Listing/2544-11th-Ave-Greeley-CO/35100267/,"Greeley, CO 80631",0.15,350000.0,40.395690645275,-104.69657283495,336.5,1000,XS,33.65%,145,WELD COUNTY PUBLIC WORKS DEPARTMENT (145 trucks),115000,12627,10499344.06,"$350,000.00"
Sol_001,831 N Clarkson St,https://www.loopnet.com/Listing/831-N-Clarkson-St-Denver-CO/38142797/,"Denver, CO 80218",0.18,899000.0,39.729919009716,-104.977904960968,4580.9400000000005,5000,M,91.62%,521,FARMERS ALL NATURAL (121 trucks) | CO TRAN LLC (275 trucks) | SUPERSHUTTLE DENVER (125 trucks),115000,12627,10499344.06,"$899,000.00"
Sol_001,422 Perry St,https://www.loopnet.com/Listing/422-Perry-St-Castle-Rock-CO/38421711/,"Castle Rock, CO 80104",0.24,605821.24,39.374148794158,-104.858322527659,2577.81,5000,M,51.56%,389,GREAT SOUTHWESTERN CONSTRUCTION INC (280 trucks) | TOWN OF CASTLE ROCK  (109 trucks),115000,12627,10499344.06,"$605,821.24"
Sol_001,239 S Main St,https://www.loopnet.com/Listing/239-S-Main-St-Brighton-CO/27424620/,"Brighton, CO 80601",0.31,250000.0,39.982905257485,-104.822555605705,5864.05,10000,L,58.64%,829,G&Z TRANSPORT LLC (147 trucks) | SIM TRUCKING INC (120 trucks) | ENVIRONMENTAL DESIGNS LLC (156 trucks) | BALIC TRANSPORT INC (120 trucks) | BURNCO COLORADO LLC (146 trucks) | WEST DIRECT OIL (140 trucks),115000,12627,10499344.06,"$250,000.00"
Sol_001,20th & Blake St,https://www.loopnet.com/Listing/20th-Blake-St-Land-Denver-CO/26158810/,"Denver, CO 80205",0.32,1320000.0,39.754299409573,-104.994304825083,9307.460000000001,10000,L,93.07%,1347,RES (149 trucks) | MPLX G&P (144 trucks) | CONCRETE EXPRESS INC (128 trucks) | COORS DISTRIBUTING COMPANY MILLER COORS LLC (105 trucks) | U S TRANSPORT INC (200 trucks) | WASTE CONNECTIONS OF COLORADO INC (486 trucks) | SURESHOT DRILLING LLC ATOZ FIELD SERVICES LLC DRILL TECH LLC PINNACLE DEVELOPMENT INC HDD SPECIALISTS LLC (135 trucks),115000,12627,10499344.06,"$1,320,000.00"
Sol_001,1560 N Academy Blvd,https://www.loopnet.com/Listing/1560-N-Academy-Blvd-Colorado-Springs-CO/3886433/,"Colorado Springs, CO 80909",0.64,416700.0,38.854776988204,-104.75774002483,5689.619999999999,10000,L,56.90%,1031,COLORADO SPRINGS SCHOOL DISTRICT 11 (130 trucks) | MOUNTAIN METROPOLITAN TRANSIT (144 trucks) | CITY OF COLORADO SPRINGS (326 trucks) | El PASO COUNTY (112 trucks) | GOODWILL OF COLORADO (134 trucks) | VECTRUS SYSTEMS CORPORATION (185 trucks),115000,12627,10499344.06,"$416,700.00"
Sol_001,4237 McWhinney Blvd,https://www.loopnet.com/Listing/4237-McWhinney-Blvd-Loveland-CO/23974785/,"Loveland, CO 80538",0.65,871347.9,40.408208389025,-105.017378025231,252.96,1000,XS,25.30%,109,LOVELAND MUNICIPALITY (109 trucks),115000,12627,10499344.06,"$871,347.90"
Sol_001,7300 W Jefferson Ave,https://www.loopnet.com/Listing/7300-W-Jefferson-Ave-Lakewood-CO/38419312/,"Lakewood, CO 80235",0.66,379999.0,39.649773884125,-105.079540805378,10536.92,20000,XL,52.68%,1415,QUALITY LOGISTICS INC (135 trucks) | KEESEN ENTERPRISES INC (263 trucks) | PROCAM SERVICES  (101 trucks) | JEFFCO SCHOOLS (274 trucks) | JEFFERSON COUNTY (120 trucks) | HOLCIM WCR INC (298 trucks) | PACIFIC SHIPPING & TRUCKING CO INC (109 trucks) | ENIVIRONMENTAL LANDWORKS COMPANY INC (115 trucks),115000,12627,10499344.06,"$379,999.00"
Sol_001,9190 W 84th Ave,https://www.loopnet.com/Listing/9190-W-84th-Ave-Arvada-CO/38160305/,"Arvada, CO 80005",0.67,499000.0,39.849854027782,-105.100317795342,7872.180000000001,10000,L,78.72%,1547,ALPINE MILLWORK COMPANY DBA ROCKY MOUNTAIN RELOAD (141 trucks) | CITY OF ARVADA (100 trucks) | GEOSTABILIZATION INTERNATIONAL LLC (155 trucks) | COLD FRONT (121 trucks) | SITEWISE LLC (145 trucks) | CITY OF THORNTON (208 trucks) | CITY OF THORNTON (174 trucks) | TRI-STATE GENERATION & TRANSMISSION ASSOCIATION INC (321 trucks) | ADAMS 12 FIVE STAR SCHOOLS (182 trucks),115000,12627,10499344.06,"$499,000.00"
Sol_001,NEC N Fairgrounds Ave,https://www.loopnet.com/Listing/NEC-N-Fairgrounds-Ave-Windsor-CO/29890025/,"Windsor, CO 80528",0.74,483449.0,40.437732372143,-104.982630626628,304.01,1000,XS,30.40%,131,LARIMER COUNTY (131 trucks),115000,12627,10499344.06,"$483,449.00"
Sol_001,11958 Lincoln Ave,https://www.loopnet.com/Listing/Lincoln-Ave-Parker-CO/39741118/,"Parker, CO 80138",0.86,495000.0,39.536519536914,-104.76116705724,18264.289999999997,20000,XL,91.32%,2581,ACCELERATED SERVICES LLC (373 trucks) | AMERICAN FURNITURE WAREHOUSE CO (340 trucks) | TERRACARE ASSOCIATES LLC (156 trucks) | IHC SCOTT INC (214 trucks) | BUCKLEY POWDER CO (217 trucks) | CH2M OMI CH2MHILL JACOBS (183 trucks) | ORICA USA INC (215 trucks) | CHERRY CREEK SCHOOLS (352 trucks) | HBSCO DANS TRASH AT YOUR DISPOSAL (110 trucks) | ENTERPRISE RENT-A-CAR NATIONAL RENT A CAR ALAMO RENT A CAR (421 trucks),115000,12627,10499344.06,"$495,000.00"
Sol_001,NWQ Highway 119 and I-25,https://www.loopnet.com/Listing/NWQ-Highway-119-and-I-25-Firestone-CO/31431092/,"Firestone, CO 80504",1.28,949000.0,40.160746988915,-104.978709958949,3529.55,5000,M,70.59%,606,WARD ELECTRIC COMPANY INC (222 trucks) | HEAT WAVES HOT OIL SERVICE LLC (201 trucks) | SUPREME TRANSPORT INC (183 trucks),115000,12627,10499344.06,"$949,000.00"
Sol_001,13987 Foster ct,https://www.loopnet.com/Listing/13987-Foster-ct-Longmont-CO/34579366/,"Longmont, CO 80504",1.42,1370019.92,40.140476603851,-105.119700024426,1399.2,2000,S,69.96%,385,CITY OF LONGMONT (211 trucks) | ST VRAIN VALLEY SCHOOL DISTRICT (174 trucks),115000,12627,10499344.06,"$1,370,019.92"
Sol_001,765 Aspen Ridge Drive Dr,https://www.loopnet.com/Listing/765-Aspen-Ridge-Drive-Dr-Lafayette-CO/32931931/,"Lafayette, CO 80026",1.43,556000.0,40.006898203868,-105.107210150504,4585.06,5000,M,91.70%,619,BOULDER VALLEY SCHOOL DISTRICT RE-2 (134 trucks) | VIA MOBILITY SERVICES (196 trucks) | VIA MOBILITY SERVICES (116 trucks) | CU (173 trucks),115000,12627,10499344.06,"$556,000.00"
Sol_001,E Harmony & Lady Moon Dr,https://www.loopnet.com/Listing/E-Harmony-Lady-Moon-Dr-Fort-Collins-CO/11217719/,"Fort Collins, CO 80528",2.2,1054007.0,40.523221679275,-105.010799488523,5618.16,10000,L,56.18%,972,NOVUS AG LLC (444 trucks) | CITY OF FORT COLLINS (285 trucks) | Poudre School District  (243 trucks),115000,12627,10499344.06,"$1,054,007.00"
Sol_002,2544 11th Ave,https://www.loopnet.com/Listing/2544-11th-Ave-Greeley-CO/35100267/,"Greeley, CO 80631",0.15,350000.0,40.395690645275,-104.69657283495,336.5,1000,XS,33.65%,145,WELD COUNTY PUBLIC WORKS DEPARTMENT (145 trucks),167000,17052,13115853.06,"$350,000.00"
Sol_002,831 N Clarkson St,https://www.loopnet.com/Listing/831-N-Clarkson-St-Denver-CO/38142797/,"Denver, CO 80218",0.18,899000.0,39.729919009716,-104.977904960968,4580.9400000000005,5000,M,91.62%,521,FARMERS ALL NATURAL (121 trucks) | CO TRAN LLC (275 trucks) | SUPERSHUTTLE DENVER (125 trucks),167000,17052,13115853.06,"$899,000.00"
Sol_002,422 Perry St,https://www.loopnet.com/Listing/422-Perry-St-Castle-Rock-CO/38421711/,"Castle Rock, CO 80104",0.24,605821.24,39.374148794158,-104.858322527659,2577.81,5000,M,51.56%,389,GREAT SOUTHWESTERN CONSTRUCTION INC (280 trucks) | TOWN OF CASTLE ROCK  (109 trucks),167000,17052,13115853.06,"$605,821.24"
Sol_002,239 S Main St,https://www.loopnet.com/Listing/239-S-Main-St-Brighton-CO/27424620/,"Brighton, CO 80601",0.31,250000.0,39.982905257485,-104.822555605705,3986.53,5000,M,79.73%,543,G&Z TRANSPORT LLC (147 trucks) | SIM TRUCKING INC (120 trucks) | ENVIRONMENTAL DESIGNS LLC (156 trucks) | BALIC TRANSPORT INC (120 trucks),167000,17052,13115853.06,"$250,000.00"
Sol_002,20th & Blake St,https://www.loopnet.com/Listing/20th-Blake-St-Land-Denver-CO/26158810/,"Denver, CO 80205",0.32,1320000.0,39.754299409573,-104.994304825083,7615.27,10000,L,76.15%,1147,RES (149 trucks) | MPLX G&P (144 trucks) | CONCRETE EXPRESS INC (128 trucks) | COMPASS VEHICLE RENTAL INC (170 trucks) | UNITED SITE SERVICES OF NEVADA INC (409 trucks) | UNITED SITE SERVICES OF COLORADO INC (147 trucks),167000,17052,13115853.06,"$1,320,000.00"
Sol_002,1560 N Academy Blvd,https://www.loopnet.com/Listing/1560-N-Academy-Blvd-Colorado-Springs-CO/3886433/,"Colorado Springs, CO 80909",0.64,416700.0,38.854776988204,-104.75774002483,5689.619999999999,10000,L,56.90%,1031,COLORADO SPRINGS SCHOOL DISTRICT 11 (130 trucks) | MOUNTAIN METROPOLITAN TRANSIT (144 trucks) | CITY OF COLORADO SPRINGS (326 trucks) | El PASO COUNTY (112 trucks) | GOODWILL OF COLORADO (134 trucks) | VECTRUS SYSTEMS CORPORATION (185 trucks),167000,17052,13115853.06,"$416,700.00"
Sol_002,3401 S Yosemite St,https://www.loopnet.com/Listing/3401-S-Yosemite-St-Denver-CO/39837277/,"Denver, CO 80231",0.64,675000.0,39.654049416843,-104.88550562639,19524.48,20000,XL,97.62%,2867,COMCAST (194 trucks) | SWINGLE TREE & LANDSCAPE CARE (135 trucks) | CITY LIGHT AND POWER INC (121 trucks) | WHEEL PROS LLC (182 trucks) | GLOBAL TRANSPORTATION LLC (442 trucks) | HBSCO DANS TRASH AT YOUR DISPOSAL (110 trucks) | CITY OF AURORA (271 trucks) | ORICA USA INC (215 trucks) | ENTERPRISE RENT-A-CAR NATIONAL RENT A CAR ALAMO RENT A CAR (421 trucks) | AURORA PUBLIC SCHOOLS (127 trucks) | METCO LANDSCAPING INC (226 trucks) | WAGNER EQUIPMENT CO (423 trucks),167000,17052,13115853.06,"$675,000.00"
Sol_002,4237 McWhinney Blvd,https://www.loopnet.com/Listing/4237-McWhinney-Blvd-Loveland-CO/23974785/,"Loveland, CO 80538",0.65,871347.9,40.408208389025,-105.017378025231,252.96,1000,XS,25.30%,109,LOVELAND MUNICIPALITY (109 trucks),167000,17052,13115853.06,"$871,347.90"
Sol_002,7300 W Jefferson Ave,https://www.loopnet.com/Listing/7300-W-Jefferson-Ave-Lakewood-CO/38419312/,"Lakewood, CO 80235",0.66,379999.0,39.649773884125,-105.079540805378,10536.92,20000,XL,52.68%,1415,QUALITY LOGISTICS INC (135 trucks) | KEESEN ENTERPRISES INC (263 trucks) | PROCAM SERVICES  (101 trucks) | JEFFCO SCHOOLS (274 trucks) | JEFFERSON COUNTY (120 trucks) | HOLCIM WCR INC (298 trucks) | PACIFIC SHIPPING & TRUCKING CO INC (109 trucks) | ENIVIRONMENTAL LANDWORKS COMPANY INC (115 trucks),167000,17052,13115853.06,"$379,999.00"
Sol_002,9190 W 84th Ave,https://www.loopnet.com/Listing/9190-W-84th-Ave-Arvada-CO/38160305/,"Arvada, CO 80005",0.67,499000.0,39.849854027782,-105.100317795342,3378.81,5000,M,67.58%,541,ALPINE MILLWORK COMPANY DBA ROCKY MOUNTAIN RELOAD (141 trucks) | CITY OF ARVADA (100 trucks) | GEOSTABILIZATION INTERNATIONAL LLC (155 trucks) | SITEWISE LLC (145 trucks),167000,17052,13115853.06,"$499,000.00"
Sol_002,NEC N Fairgrounds Ave,https://www.loopnet.com/Listing/NEC-N-Fairgrounds-Ave-Windsor-CO/29890025/,"Windsor, CO 80528",0.74,483449.0,40.437732372143,-104.982630626628,304.01,1000,XS,30.40%,131,LARIMER COUNTY (131 trucks),167000,17052,13115853.06,"$483,449.00"
Sol_002,11958 Lincoln Ave,https://www.loopnet.com/Listing/Lincoln-Ave-Parker-CO/39741118/,"Parker, CO 80138",0.86,495000.0,39.536519536914,-104.76116705724,13220.13,20000,XL,66.10%,1835,ACCELERATED SERVICES LLC (373 trucks) | AMERICAN FURNITURE WAREHOUSE CO (340 trucks) | TERRACARE ASSOCIATES LLC (156 trucks) | IHC SCOTT INC (214 trucks) | BUCKLEY POWDER CO (217 trucks) | CH2M OMI CH2MHILL JACOBS (183 trucks) | CHERRY CREEK SCHOOLS (352 trucks),167000,17052,13115853.06,"$495,000.00"
Sol_002,104th Ave,https://www.loopnet.com/Listing/104th-Ave-Commerce-City-CO/24131525/,"Commerce City, CO 80022",1.06,692509.0,39.88539386175,-104.707921614396,1998.73,2000,S,99.94%,214,SHAMROCK FOODS COMPANY (214 trucks),167000,17052,13115853.06,"$692,509.00"
Sol_002,2980 W 60th Ave,https://www.loopnet.com/Listing/2980-W-60th-Ave-Denver-CO/12107088/,"Denver, CO 80221",1.14,900000.0,39.805386957185,-105.022150208489,12875.779999999999,20000,XL,64.38%,1643,NAVAJO EXPRESS INC (309 trucks) | COORS DISTRIBUTING COMPANY MILLER COORS LLC (105 trucks) | COLD FRONT (121 trucks) | U S TRANSPORT INC (200 trucks) | SURESHOT DRILLING LLC ATOZ FIELD SERVICES LLC DRILL TECH LLC PINNACLE DEVELOPMENT INC HDD SPECIALISTS LLC (135 trucks) | EAGLE ROCK DISTRIBUTING COMPANY OF COLORADO LLC (148 trucks) | WASTE CONNECTIONS OF COLORADO INC (486 trucks) | RMS CRANES (139 trucks),167000,17052,13115853.06,"$900,000.00"
Sol_002,8850 Huron St,https://www.loopnet.com/Listing/8850-Huron-St-Thornton-CO/33061072/,"Thornton, CO 80260",1.26,349000.0,39.858426283979,-104.995662022846,11778.220000000001,20000,XL,58.89%,1939,CITY OF THORNTON (208 trucks) | CITY OF THORNTON (174 trucks) | COCAL LANDSCAPE SERVICES INC (153 trucks) | READY MIX CONCRETE COMPANY (191 trucks) | TRI-STATE GENERATION & TRANSMISSION ASSOCIATION INC (321 trucks) | WESTERN DISTRIBUTING TRANSPORTATION CORP (155 trucks) | OFFEN PETROLEUM LLC (269 trucks) | ADAMS 12 FIVE STAR SCHOOLS (182 trucks) | WEST DIRECT OIL (140 trucks) | BURNCO COLORADO LLC (146 trucks),167000,17052,13115853.06,"$349,000.00"
Sol_002,NWQ Highway 119 and I-25,https://www.loopnet.com/Listing/NWQ-Highway-119-and-I-25-Firestone-CO/31431092/,"Firestone, CO 80504",1.28,949000.0,40.160746988915,-104.978709958949,3529.55,5000,M,70.59%,606,WARD ELECTRIC COMPANY INC (222 trucks) | HEAT WAVES HOT OIL SERVICE LLC (201 trucks) | SUPREME TRANSPORT INC (183 trucks),167000,17052,13115853.06,"$949,000.00"
Sol_002,13987 Foster ct,https://www.loopnet.com/Listing/13987-Foster-ct-Longmont-CO/34579366/,"Longmont, CO 80504",1.42,1370019.92,40.140476603851,-105.119700024426,1399.2,2000,S,69.96%,385,CITY OF LONGMONT (211 trucks) | ST VRAIN VALLEY SCHOOL DISTRICT (174 trucks),167000,17052,13115853.06,"$1,370,019.92"
Sol_002,765 Aspen Ridge Drive Dr,https://www.loopnet.com/Listing/765-Aspen-Ridge-Drive-Dr-Lafayette-CO/32931931/,"Lafayette, CO 80026",1.43,556000.0,40.006898203868,-105.107210150504,4585.06,5000,M,91.70%,619,BOULDER VALLEY SCHOOL DISTRICT RE-2 (134 trucks) | VIA MOBILITY SERVICES (196 trucks) | VIA MOBILITY SERVICES (116 trucks) | CU (173 trucks),167000,17052,13115853.06,"$556,000.00"
Sol_002,E Harmony & Lady Moon Dr,https://www.loopnet.com/Listing/E-Harmony-Lady-Moon-Dr-Fort-Collins-CO/11217719/,"Fort Collins, CO 80528",2.2,1054007.0,40.523221679275,-105.010799488523,5618.16,10000,L,56.18%,972,NOVUS AG LLC (444 trucks) | CITY OF FORT COLLINS (285 trucks) | Poudre School District  (243 trucks),167000,17052,13115853.06,"$1,054,007.00"
Sol_003,2544 11th Ave,https://www.loopnet.com/Listing/2544-11th-Ave-Greeley-CO/35100267/,"Greeley, CO 80631",0.15,350000.0,40.395690645275,-104.69657283495,336.5,1000,XS,33.65%,145,WELD COUNTY PUBLIC WORKS DEPARTMENT (145 trucks),115000,12627,10499344.06,"$350,000.00"
Sol_003,831 N Clarkson St,https://www.loopnet.com/Listing/831-N-Clarkson-St-Denver-CO/38142797/,"Denver, CO 80218",0.18,899000.0,39.729919009716,-104.977904960968,4580.9400000000005,5000,M,91.62%,521,FARMERS ALL NATURAL (121 trucks) | CO TRAN LLC (275 trucks) | SUPERSHUTTLE DENVER (125 trucks),115000,12627,10499344.06,"$899,000.00"
Sol_003,422 Perry St,https://www.loopnet.com/Listing/422-Perry-St-Castle-Rock-CO/38421711/,"Castle Rock, CO 80104",0.24,605821.24,39.374148794158,-104.858322527659,2577.81,5000,M,51.56%,389,GREAT SOUTHWESTERN CONSTRUCTION INC (280 trucks) | TOWN OF CASTLE ROCK  (109 trucks),115000,12627,10499344.06,"$605,821.24"
Sol_003,239 S Main St,https://www.loopnet.com/Listing/239-S-Main-St-Brighton-CO/27424620/,"Brighton, CO 80601",0.31,250000.0,39.982905257485,-104.822555605705,5864.05,10000,L,58.64%,829,G&Z TRANSPORT LLC (147 trucks) | SIM TRUCKING INC (120 trucks) | ENVIRONMENTAL DESIGNS LLC (156 trucks) | BALIC TRANSPORT INC (120 trucks) | BURNCO COLORADO LLC (146 trucks) | WEST DIRECT OIL (140 trucks),115000,12627,10499344.06,"$250,000.00"
Sol_003,20th & Blake St,https://www.loopnet.com/Listing/20th-Blake-St-Land-Denver-CO/26158810/,"Denver, CO 80205",0.32,1320000.0,39.754299409573,-104.994304825083,9307.460000000001,10000,L,93.07%,1347,RES (149 trucks) | MPLX G&P (144 trucks) | CONCRETE EXPRESS INC (128 trucks) | COORS DISTRIBUTING COMPANY MILLER COORS LLC (105 trucks) | U S TRANSPORT INC (200 trucks) | WASTE CONNECTIONS OF COLORADO INC (486 trucks) | SURESHOT DRILLING LLC ATOZ FIELD SERVICES LLC DRILL TECH LLC PINNACLE DEVELOPMENT INC HDD SPECIALISTS LLC (135 trucks),115000,12627,10499344.06,"$1,320,000.00"
Sol_003,1560 N Academy Blvd,https://www.loopnet.com/Listing/1560-N-Academy-Blvd-Colorado-Springs-CO/3886433/,"Colorado Springs, CO 80909",0.64,416700.0,38.854776988204,-104.75774002483,5689.619999999999,10000,L,56.90%,1031,COLORADO SPRINGS SCHOOL DISTRICT 11 (130 trucks) | MOUNTAIN METROPOLITAN TRANSIT (144 trucks) | CITY OF COLORADO SPRINGS (326 trucks) | El PASO COUNTY (112 trucks) | GOODWILL OF COLORADO (134 trucks) | VECTRUS SYSTEMS CORPORATION (185 trucks),115000,12627,10499344.06,"$416,700.00"
Sol_003,4237 McWhinney Blvd,https://www.loopnet.com/Listing/4237-McWhinney-Blvd-Loveland-CO/23974785/,"Loveland, CO 80538",0.65,871347.9,40.408208389025,-105.017378025231,252.96,1000,XS,25.30%,109,LOVELAND MUNICIPALITY (109 trucks),115000,12627,10499344.06,"$871,347.90"
Sol_003,7300 W Jefferson Ave,https://www.loopnet.com/Listing/7300-W-Jefferson-Ave-Lakewood-CO/38419312/,"Lakewood, CO 80235",0.66,379999.0,39.649773884125,-105.079540805378,10536.92,20000,XL,52.68%,1415,QUALITY LOGISTICS INC (135 trucks) | KEESEN ENTERPRISES INC (263 trucks) | PROCAM SERVICES  (101 trucks) | JEFFCO SCHOOLS (274 trucks) | JEFFERSON COUNTY (120 trucks) | HOLCIM WCR INC (298 trucks) | PACIFIC SHIPPING & TRUCKING CO INC (109 trucks) | ENIVIRONMENTAL LANDWORKS COMPANY INC (115 trucks),115000,12627,10499344.06,"$379,999.00"
Sol_003,9190 W 84th Ave,https://www.loopnet.com/Listing/9190-W-84th-Ave-Arvada-CO/38160305/,"Arvada, CO 80005",0.67,499000.0,39.849854027782,-105.100317795342,7872.180000000001,10000,L,78.72%,1547,ALPINE MILLWORK COMPANY DBA ROCKY MOUNTAIN RELOAD (141 trucks) | CITY OF ARVADA (100 trucks) | GEOSTABILIZATION INTERNATIONAL LLC (155 trucks) | COLD FRONT (121 trucks) | SITEWISE LLC (145 trucks) | CITY OF THORNTON (208 trucks) | CITY OF THORNTON (174 trucks) | TRI-STATE GENERATION & TRANSMISSION ASSOCIATION INC (321 trucks) | ADAMS 12 FIVE STAR SCHOOLS (182 trucks),115000,12627,10499344.06,"$499,000.00"
Sol_003,NEC N Fairgrounds Ave,https://www.loopnet.com/Listing/NEC-N-Fairgrounds-Ave-Windsor-CO/29890025/,"Windsor, CO 80528",0.74,483449.0,40.437732372143,-104.982630626628,304.01,1000,XS,30.40%,131,LARIMER COUNTY (131 trucks),115000,12627,10499344.06,"$483,449.00"
Sol_003,11958 Lincoln Ave,https://www.loopnet.com/Listing/Lincoln-Ave-Parker-CO/39741118/,"Parker, CO 80138",0.86,495000.0,39.536519536914,-104.76116705724,18264.289999999997,20000,XL,91.32%,2581,ACCELERATED SERVICES LLC (373 trucks) | AMERICAN FURNITURE WAREHOUSE CO (340 trucks) | TERRACARE ASSOCIATES LLC (156 trucks) | IHC SCOTT INC (214 trucks) | BUCKLEY POWDER CO (217 trucks) | CH2M OMI CH2MHILL JACOBS (183 trucks) | ORICA USA INC (215 trucks) | CHERRY CREEK SCHOOLS (352 trucks) | HBSCO DANS TRASH AT YOUR DISPOSAL (110 trucks) | ENTERPRISE RENT-A-CAR NATIONAL RENT A CAR ALAMO RENT A CAR (421 trucks),115000,12627,10499344.06,"$495,000.00"
Sol_003,NWQ Highway 119 and I-25,https://www.loopnet.com/Listing/NWQ-Highway-119-and-I-25-Firestone-CO/31431092/,"Firestone, CO 80504",1.28,949000.0,40.160746988915,-104.978709958949,3529.55,5000,M,70.59%,606,WARD ELECTRIC COMPANY INC (222 trucks) | HEAT WAVES HOT OIL SERVICE LLC (201 trucks) | SUPREME TRANSPORT INC (183 trucks),115000,12627,10499344.06,"$949,000.00"
Sol_003,13987 Foster ct,https://www.loopnet.com/Listing/13987-Foster-ct-Longmont-CO/34579366/,"Longmont, CO 80504",1.42,1370019.92,40.140476603851,-105.119700024426,1399.2,2000,S,69.96%,385,CITY OF LONGMONT (211 trucks) | ST VRAIN VALLEY SCHOOL DISTRICT (174 trucks),115000,12627,10499344.06,"$1,370,019.92"
Sol_003,765 Aspen Ridge Drive Dr,https://www.loopnet.com/Listing/765-Aspen-Ridge-Drive-Dr-Lafayette-CO/32931931/,"Lafayette, CO 80026",1.43,556000.0,40.006898203868,-105.107210150504,4585.06,5000,M,91.70%,619,BOULDER VALLEY SCHOOL DISTRICT RE-2 (134 trucks) | VIA MOBILITY SERVICES (196 trucks) | VIA MOBILITY SERVICES (116 trucks) | CU (173 trucks),115000,12627,10499344.06,"$556,000.00"
Sol_003,E Harmony & Lady Moon Dr,https://www.loopnet.com/Listing/E-Harmony-Lady-Moon-Dr-Fort-Collins-CO/11217719/,"Fort Collins, CO 80528",2.2,1054007.0,40.523221679275,-105.010799488523,5618.16,10000,L,56.18%,972,NOVUS AG LLC (444 trucks) | CITY OF FORT COLLINS (285 trucks) | Poudre School District  (243 trucks),115000,12627,10499344.06,"$1,054,007.00"
Sol_004,2544 11th Ave,https://www.loopnet.com/Listing/2544-11th-Ave-Greeley-CO/35100267/,"Greeley, CO 80631",0.15,350000.0,40.395690645275,-104.69657283495,336.5,1000,XS,33.65%,145,WELD COUNTY PUBLIC WORKS DEPARTMENT (145 trucks),157000,17052,13796853.06,"$350,000.00"
Sol_004,831 N Clarkson St,https://www.loopnet.com/Listing/831-N-Clarkson-St-Denver-CO/38142797/,"Denver, CO 80218",0.18,899000.0,39.729919009716,-104.977904960968,3413.46,5000,M,68.27%,396,FARMERS ALL NATURAL (121 trucks) | CO TRAN LLC (275 trucks),157000,17052,13796853.06,"$899,000.00"
Sol_004,422 Perry St,https://www.loopnet.com/Listing/422-Perry-St-Castle-Rock-CO/38421711/,"Castle Rock, CO 80104",0.24,605821.24,39.374148794158,-104.858322527659,2577.81,5000,M,51.56%,389,GREAT SOUTHWESTERN CONSTRUCTION INC (280 trucks) | TOWN OF CASTLE ROCK  (109 trucks),157000,17052,13796853.06,"$605,821.24"
Sol_004,239 S Main St,https://www.loopnet.com/Listing/239-S-Main-St-Brighton-CO/27424620/,"Brighton, CO 80601",0.31,250000.0,39.982905257485,-104.822555605705,5864.05,10000,L,58.64%,829,G&Z TRANSPORT LLC (147 trucks) | SIM TRUCKING INC (120 trucks) | ENVIRONMENTAL DESIGNS LLC (156 trucks) | BALIC TRANSPORT INC (120 trucks) | BURNCO COLORADO LLC (146 trucks) | WEST DIRECT OIL (140 trucks),157000,17052,13796853.06,"$250,000.00"
Sol_004,20th & Blake St,https://www.loopnet.com/Listing/20th-Blake-St-Land-Denver-CO/26158810/,"Denver, CO 80205",0.32,1320000.0,39.754299409573,-104.994304825083,7770.22,10000,L,77.70%,1005,RES (149 trucks) | MPLX G&P (144 trucks) | CONCRETE EXPRESS INC (128 trucks) | COORS DISTRIBUTING COMPANY MILLER COORS LLC (105 trucks) | NAVAJO EXPRESS INC (309 trucks) | COMPASS VEHICLE RENTAL INC (170 trucks),157000,17052,13796853.06,"$1,320,000.00"
Sol_004,1560 N Academy Blvd,https://www.loopnet.com/Listing/1560-N-Academy-Blvd-Colorado-Springs-CO/3886433/,"Colorado Springs, CO 80909",0.64,416700.0,38.854776988204,-104.75774002483,5689.619999999999,10000,L,56.90%,1031,COLORADO SPRINGS SCHOOL DISTRICT 11 (130 trucks) | MOUNTAIN METROPOLITAN TRANSIT (144 trucks) | CITY OF COLORADO SPRINGS (326 trucks) | El PASO COUNTY (112 trucks) | GOODWILL OF COLORADO (134 trucks) | VECTRUS SYSTEMS CORPORATION (185 trucks),157000,17052,13796853.06,"$416,700.00"
Sol_004,3401 S Yosemite St,https://www.loopnet.com/Listing/3401-S-Yosemite-St-Denver-CO/39837277/,"Denver, CO 80231",0.64,675000.0,39.654049416843,-104.88550562639,19524.48,20000,XL,97.62%,2867,COMCAST (194 trucks) | SWINGLE TREE & LANDSCAPE CARE (135 trucks) | CITY LIGHT AND POWER INC (121 trucks) | WHEEL PROS LLC (182 trucks) | GLOBAL TRANSPORTATION LLC (442 trucks) | HBSCO DANS TRASH AT YOUR DISPOSAL (110 trucks) | CITY OF AURORA (271 trucks) | ORICA USA INC (215 trucks) | ENTERPRISE RENT-A-CAR NATIONAL RENT A CAR ALAMO RENT A CAR (421 trucks) | AURORA PUBLIC SCHOOLS (127 trucks) | METCO LANDSCAPING INC (226 trucks) | WAGNER EQUIPMENT CO (423 trucks),157000,17052,13796853.06,"$675,000.00"
Sol_004,4237 McWhinney Blvd,https://www.loopnet.com/Listing/4237-McWhinney-Blvd-Loveland-CO/23974785/,"Loveland, CO 80538",0.65,871347.9,40.408208389025,-105.017378025231,252.96,1000,XS,25.30%,109,LOVELAND MUNICIPALITY (109 trucks),157000,17052,13796853.06,"$871,347.90"
Sol_004,7300 W Jefferson Ave,https://www.loopnet.com/Listing/7300-W-Jefferson-Ave-Lakewood-CO/38419312/,"Lakewood, CO 80235",0.66,379999.0,39.649773884125,-105.079540805378,10536.92,20000,XL,52.68%,1415,QUALITY LOGISTICS INC (135 trucks) | KEESEN ENTERPRISES INC (263 trucks) | PROCAM SERVICES  (101 trucks) | JEFFCO SCHOOLS (274 trucks) | JEFFERSON COUNTY (120 trucks) | HOLCIM WCR INC (298 trucks) | PACIFIC SHIPPING & TRUCKING CO INC (109 trucks) | ENIVIRONMENTAL LANDWORKS COMPANY INC (115 trucks),157000,17052,13796853.06,"$379,999.00"
Sol_004,9190 W 84th Ave,https://www.loopnet.com/Listing/9190-W-84th-Ave-Arvada-CO/38160305/,"Arvada, CO 80005",0.67,499000.0,39.849854027782,-105.100317795342,7872.180000000001,10000,L,78.72%,1547,ALPINE MILLWORK COMPANY DBA ROCKY MOUNTAIN RELOAD (141 trucks) | CITY OF ARVADA (100 trucks) | GEOSTABILIZATION INTERNATIONAL LLC (155 trucks) | COLD FRONT (121 trucks) | SITEWISE LLC (145 trucks) | CITY OF THORNTON (208 trucks) | CITY OF THORNTON (174 trucks) | TRI-STATE GENERATION & TRANSMISSION ASSOCIATION INC (321 trucks) | ADAMS 12 FIVE STAR SCHOOLS (182 trucks),157000,17052,13796853.06,"$499,000.00"
Sol_004,NEC N Fairgrounds Ave,https://www.loopnet.com/Listing/NEC-N-Fairgrounds-Ave-Windsor-CO/29890025/,"Windsor, CO 80528",0.74,483449.0,40.437732372143,-104.982630626628,304.01,1000,XS,30.40%,131,LARIMER COUNTY (131 trucks),157000,17052,13796853.06,"$483,449.00"
Sol_004,11958 Lincoln Ave,https://www.loopnet.com/Listing/Lincoln-Ave-Parker-CO/39741118/,"Parker, CO 80138",0.86,495000.0,39.536519536914,-104.76116705724,13220.13,20000,XL,66.10%,1835,ACCELERATED SERVICES LLC (373 trucks) | AMERICAN FURNITURE WAREHOUSE CO (340 trucks) | TERRACARE ASSOCIATES LLC (156 trucks) | IHC SCOTT INC (214 trucks) | BUCKLEY POWDER CO (217 trucks) | CH2M OMI CH2MHILL JACOBS (183 trucks) | CHERRY CREEK SCHOOLS (352 trucks),157000,17052,13796853.06,"$495,000.00"
Sol_004,2450 Curtis St,https://www.loopnet.com/Listing/2450-Curtis-St-Denver-CO/34878162/,"Denver, CO 80205",0.93,1930000.0,39.755035173034,-104.984190298703,19295.64,20000,XL,96.48%,2557,WASTE CONNECTIONS OF COLORADO INC (486 trucks) | U S TRANSPORT INC (200 trucks) | SURESHOT DRILLING LLC ATOZ FIELD SERVICES LLC DRILL TECH LLC PINNACLE DEVELOPMENT INC HDD SPECIALISTS LLC (135 trucks) | EAGLE ROCK DISTRIBUTING COMPANY OF COLORADO LLC (148 trucks) | RMS CRANES (139 trucks) | WESTERN DISTRIBUTING TRANSPORTATION CORP (155 trucks) | SUPERSHUTTLE DENVER (125 trucks) | UNITED SITE SERVICES OF NEVADA INC (409 trucks) | UNITED SITE SERVICES OF COLORADO INC (147 trucks) | READY MIX CONCRETE COMPANY (191 trucks) | COCAL LANDSCAPE SERVICES INC (153 trucks) | OFFEN PETROLEUM LLC (269 trucks),157000,17052,13796853.06,"$1,930,000.00"
Sol_004,104th Ave,https://www.loopnet.com/Listing/104th-Ave-Commerce-City-CO/24131525/,"Commerce City, CO 80022",1.06,692509.0,39.88539386175,-104.707921614396,1998.73,2000,S,99.94%,214,SHAMROCK FOODS COMPANY (214 trucks),157000,17052,13796853.06,"$692,509.00"
Sol_004,NWQ Highway 119 and I-25,https://www.loopnet.com/Listing/NWQ-Highway-119-and-I-25-Firestone-CO/31431092/,"Firestone, CO 80504",1.28,949000.0,40.160746988915,-104.978709958949,3529.55,5000,M,70.59%,606,WARD ELECTRIC COMPANY INC (222 trucks) | HEAT WAVES HOT OIL SERVICE LLC (201 trucks) | SUPREME TRANSPORT INC (183 trucks),157000,17052,13796853.06,"$949,000.00"
Sol_004,13987 Foster ct,https://www.loopnet.com/Listing/13987-Foster-ct-Longmont-CO/34579366/,"Longmont, CO 80504",1.42,1370019.92,40.140476603851,-105.119700024426,1399.2,2000,S,69.96%,385,CITY OF LONGMONT (211 trucks) | ST VRAIN VALLEY SCHOOL DISTRICT (174 trucks),157000,17052,13796853.06,"$1,370,019.92"
Sol_004,765 Aspen Ridge Drive Dr,https://www.loopnet.com/Listing/765-Aspen-Ridge-Drive-Dr-Lafayette-CO/32931931/,"Lafayette, CO 80026",1.43,556000.0,40.006898203868,-105.107210150504,4585.06,5000,M,91.70%,619,BOULDER VALLEY SCHOOL DISTRICT RE-2 (134 trucks) | VIA MOBILITY SERVICES (196 trucks) | VIA MOBILITY SERVICES (116 trucks) | CU (173 trucks),157000,17052,13796853.06,"$556,000.00"
Sol_004,E Harmony & Lady Moon Dr,https://www.loopnet.com/Listing/E-Harmony-Lady-Moon-Dr-Fort-Collins-CO/11217719/,"Fort Collins, CO 80528",2.2,1054007.0,40.523221679275,-105.010799488523,5618.16,10000,L,56.18%,972,NOVUS AG LLC (444 trucks) | CITY OF FORT COLLINS (285 trucks) | Poudre School District  (243 trucks),157000,17052,13796853.06,"$1,054,007.00"
Sol_005,2544 11th Ave,https://www.loopnet.com/Listing/2544-11th-Ave-Greeley-CO/35100267/,"Greeley, CO 80631",0.15,350000.0,40.395690645275,-104.69657283495,336.5,1000,XS,33.65%,145,WELD COUNTY PUBLIC WORKS DEPARTMENT (145 trucks),137000,15017,11444344.06,"$350,000.00"
Sol_005,831 N Clarkson St,https://www.loopnet.com/Listing/831-N-Clarkson-St-Denver-CO/38142797/,"Denver, CO 80218",0.18,899000.0,39.729919009716,-104.977904960968,4580.9400000000005,5000,M,91.62%,521,FARMERS ALL NATURAL (121 trucks) | CO TRAN LLC (275 trucks) | SUPERSHUTTLE DENVER (125 trucks),137000,15017,11444344.06,"$899,000.00"
Sol_005,422 Perry St,https://www.loopnet.com/Listing/422-Perry-St-Castle-Rock-CO/38421711/,"Castle Rock, CO 80104",0.24,605821.24,39.374148794158,-104.858322527659,2577.81,5000,M,51.56%,389,GREAT SOUTHWESTERN CONSTRUCTION INC (280 trucks) | TOWN OF CASTLE ROCK  (109 trucks),137000,15017,11444344.06,"$605,821.24"
Sol_005,239 S Main St,https://www.loopnet.com/Listing/239-S-Main-St-Brighton-CO/27424620/,"Brighton, CO 80601",0.31,250000.0,39.982905257485,-104.822555605705,1694.9,2000,S,84.75%,267,G&Z TRANSPORT LLC (147 trucks) | SIM TRUCKING INC (120 trucks),137000,15017,11444344.06,"$250,000.00"
Sol_005,20th & Blake St,https://www.loopnet.com/Listing/20th-Blake-St-Land-Denver-CO/26158810/,"Denver, CO 80205",0.32,1320000.0,39.754299409573,-104.994304825083,9307.460000000001,10000,L,93.07%,1347,RES (149 trucks) | MPLX G&P (144 trucks) | CONCRETE EXPRESS INC (128 trucks) | COORS DISTRIBUTING COMPANY MILLER COORS LLC (105 trucks) | U S TRANSPORT INC (200 trucks) | WASTE CONNECTIONS OF COLORADO INC (486 trucks) | SURESHOT DRILLING LLC ATOZ FIELD SERVICES LLC DRILL TECH LLC PINNACLE DEVELOPMENT INC HDD SPECIALISTS LLC (135 trucks),137000,15017,11444344.06,"$1,320,000.00"
Sol_005,1560 N Academy Blvd,https://www.loopnet.com/Listing/1560-N-Academy-Blvd-Colorado-Springs-CO/3886433/,"Colorado Springs, CO 80909",0.64,416700.0,38.854776988204,-104.75774002483,5689.619999999999,10000,L,56.90%,1031,COLORADO SPRINGS SCHOOL DISTRICT 11 (130 trucks) | MOUNTAIN METROPOLITAN TRANSIT (144 trucks) | CITY OF COLORADO SPRINGS (326 trucks) | El PASO COUNTY (112 trucks) | GOODWILL OF COLORADO (134 trucks) | VECTRUS SYSTEMS CORPORATION (185 trucks),137000,15017,11444344.06,"$416,700.00"
Sol_005,3401 S Yosemite St,https://www.loopnet.com/Listing/3401-S-Yosemite-St-Denver-CO/39837277/,"Denver, CO 80231",0.64,675000.0,39.654049416843,-104.88550562639,19524.48,20000,XL,97.62%,2867,COMCAST (194 trucks) | SWINGLE TREE & LANDSCAPE CARE (135 trucks) | CITY LIGHT AND POWER INC (121 trucks) | WHEEL PROS LLC (182 trucks) | GLOBAL TRANSPORTATION LLC (442 trucks) | HBSCO DANS TRASH AT YOUR DISPOSAL (110 trucks) | CITY OF AURORA (271 trucks) | ORICA USA INC (215 trucks) | ENTERPRISE RENT-A-CAR NATIONAL RENT A CAR ALAMO RENT A CAR (421 trucks) | AURORA PUBLIC SCHOOLS (127 trucks) | METCO LANDSCAPING INC (226 trucks) | WAGNER EQUIPMENT CO (423 trucks),137000,15017,11444344.06,"$675,000.00"
Sol_005,4237 McWhinney Blvd,https://www.loopnet.com/Listing/4237-McWhinney-Blvd-Loveland-CO/23974785/,"Loveland, CO 80538",0.65,871347.9,40.408208389025,-105.017378025231,252.96,1000,XS,25.30%,109,LOVELAND MUNICIPALITY (109 trucks),137000,15017,11444344.06,"$871,347.90"
Sol_005,7300 W Jefferson Ave,https://www.loopnet.com/Listing/7300-W-Jefferson-Ave-Lakewood-CO/38419312/,"Lakewood, CO 80235",0.66,379999.0,39.649773884125,-105.079540805378,10536.92,20000,XL,52.68%,1415,QUALITY LOGISTICS INC (135 trucks) | KEESEN ENTERPRISES INC (263 trucks) | PROCAM SERVICES  (101 trucks) | JEFFCO SCHOOLS (274 trucks) | JEFFERSON COUNTY (120 trucks) | HOLCIM WCR INC (298 trucks) | PACIFIC SHIPPING & TRUCKING CO INC (109 trucks) | ENIVIRONMENTAL LANDWORKS COMPANY INC (115 trucks),137000,15017,11444344.06,"$379,999.00"
Sol_005,9190 W 84th Ave,https://www.loopnet.com/Listing/9190-W-84th-Ave-Arvada-CO/38160305/,"Arvada, CO 80005",0.67,499000.0,39.849854027782,-105.100317795342,6920.830000000001,10000,L,69.21%,1365,ALPINE MILLWORK COMPANY DBA ROCKY MOUNTAIN RELOAD (141 trucks) | CITY OF ARVADA (100 trucks) | GEOSTABILIZATION INTERNATIONAL LLC (155 trucks) | COLD FRONT (121 trucks) | SITEWISE LLC (145 trucks) | CITY OF THORNTON (208 trucks) | CITY OF THORNTON (174 trucks) | TRI-STATE GENERATION & TRANSMISSION ASSOCIATION INC (321 trucks),137000,15017,11444344.06,"$499,000.00"
Sol_005,10431 Quari St,https://www.loopnet.com/Listing/10431-Quari-St-Commerce-City-CO/29119294/,"Commerce City, CO 80022",0.72,270000.0,39.886267655476,-104.844980046547,7354.02,10000,L,73.54%,1013,ENVIRONMENTAL DESIGNS LLC (156 trucks) | BALIC TRANSPORT INC (120 trucks) | BURNCO COLORADO LLC (146 trucks) | WEST DIRECT OIL (140 trucks) | OFFEN PETROLEUM LLC (269 trucks) | ADAMS 12 FIVE STAR SCHOOLS (182 trucks),137000,15017,11444344.06,"$270,000.00"
Sol_005,NEC N Fairgrounds Ave,https://www.loopnet.com/Listing/NEC-N-Fairgrounds-Ave-Windsor-CO/29890025/,"Windsor, CO 80528",0.74,483449.0,40.437732372143,-104.982630626628,304.01,1000,XS,30.40%,131,LARIMER COUNTY (131 trucks),137000,15017,11444344.06,"$483,449.00"
Sol_005,11958 Lincoln Ave,https://www.loopnet.com/Listing/Lincoln-Ave-Parker-CO/39741118/,"Parker, CO 80138",0.86,495000.0,39.536519536914,-104.76116705724,13220.13,20000,XL,66.10%,1835,ACCELERATED SERVICES LLC (373 trucks) | AMERICAN FURNITURE WAREHOUSE CO (340 trucks) | TERRACARE ASSOCIATES LLC (156 trucks) | IHC SCOTT INC (214 trucks) | BUCKLEY POWDER CO (217 trucks) | CH2M OMI CH2MHILL JACOBS (183 trucks) | CHERRY CREEK SCHOOLS (352 trucks),137000,15017,11444344.06,"$495,000.00"
Sol_005,NWQ Highway 119 and I-25,https://www.loopnet.com/Listing/NWQ-Highway-119-and-I-25-Firestone-CO/31431092/,"Firestone, CO 80504",1.28,949000.0,40.160746988915,-104.978709958949,3529.55,5000,M,70.59%,606,WARD ELECTRIC COMPANY INC (222 trucks) | HEAT WAVES HOT OIL SERVICE LLC (201 trucks) | SUPREME TRANSPORT INC (183 trucks),137000,15017,11444344.06,"$949,000.00"
Sol_005,13987 Foster ct,https://www.loopnet.com/Listing/13987-Foster-ct-Longmont-CO/34579366/,"Longmont, CO 80504",1.42,1370019.92,40.140476603851,-105.119700024426,1399.2,2000,S,69.96%,385,CITY OF LONGMONT (211 trucks) | ST VRAIN VALLEY SCHOOL DISTRICT (174 trucks),137000,15017,11444344.06,"$1,370,019.92"
Sol_005,765 Aspen Ridge Drive Dr,https://www.loopnet.com/Listing/765-Aspen-Ridge-Drive-Dr-Lafayette-CO/32931931/,"Lafayette, CO 80026",1.43,556000.0,40.006898203868,-105.107210150504,4585.06,5000,M,91.70%,619,BOULDER VALLEY SCHOOL DISTRICT RE-2 (134 trucks) | VIA MOBILITY SERVICES (196 trucks) | VIA MOBILITY SERVICES (116 trucks) | CU (173 trucks),137000,15017,11444344.06,"$556,000.00"
Sol_005,E Harmony & Lady Moon Dr,https://www.loopnet.com/Listing/E-Harmony-Lady-Moon-Dr-Fort-Collins-CO/11217719/,"Fort Collins, CO 80528",2.2,1054007.0,40.523221679275,-105.010799488523,5618.16,10000,L,56.18%,972,NOVUS AG LLC (444 trucks) | CITY OF FORT COLLINS (285 trucks) | Poudre School District  (243 trucks),137000,15017,11444344.06,"$1,054,007.00"
Sol_006,2544 11th Ave,https://www.loopnet.com/Listing/2544-11th-Ave-Greeley-CO/35100267/,"Greeley, CO 80631",0.15,350000.0,40.395690645275,-104.69657283495,336.5,1000,XS,33.65%,145,WELD COUNTY PUBLIC WORKS DEPARTMENT (145 trucks),127000,13545,10769344.06,"$350,000.00"
Sol_006,831 N Clarkson St,https://www.loopnet.com/Listing/831-N-Clarkson-St-Denver-CO/38142797/,"Denver, CO 80218",0.18,899000.0,39.729919009716,-104.977904960968,4580.9400000000005,5000,M,91.62%,521,FARMERS ALL NATURAL (121 trucks) | CO TRAN LLC (275 trucks) | SUPERSHUTTLE DENVER (125 trucks),127000,13545,10769344.06,"$899,000.00"
Sol_006,422 Perry St,https://www.loopnet.com/Listing/422-Perry-St-Castle-Rock-CO/38421711/,"Castle Rock, CO 80104",0.24,605821.24,39.374148794158,-104.858322527659,2577.81,5000,M,51.56%,389,GREAT SOUTHWESTERN CONSTRUCTION INC (280 trucks) | TOWN OF CASTLE ROCK  (109 trucks),127000,13545,10769344.06,"$605,821.24"
Sol_006,239 S Main St,https://www.loopnet.com/Listing/239-S-Main-St-Brighton-CO/27424620/,"Brighton, CO 80601",0.31,250000.0,39.982905257485,-104.822555605705,1694.9,2000,S,84.75%,267,G&Z TRANSPORT LLC (147 trucks) | SIM TRUCKING INC (120 trucks),127000,13545,10769344.06,"$250,000.00"
Sol_006,20th & Blake St,https://www.loopnet.com/Listing/20th-Blake-St-Land-Denver-CO/26158810/,"Denver, CO 80205",0.32,1320000.0,39.754299409573,-104.994304825083,9307.460000000001,10000,L,93.07%,1347,RES (149 trucks) | MPLX G&P (144 trucks) | CONCRETE EXPRESS INC (128 trucks) | COORS DISTRIBUTING COMPANY MILLER COORS LLC (105 trucks) | U S TRANSPORT INC (200 trucks) | WASTE CONNECTIONS OF COLORADO INC (486 trucks) | SURESHOT DRILLING LLC ATOZ FIELD SERVICES LLC DRILL TECH LLC PINNACLE DEVELOPMENT INC HDD SPECIALISTS LLC (135 trucks),127000,13545,10769344.06,"$1,320,000.00"
Sol_006,1560 N Academy Blvd,https://www.loopnet.com/Listing/1560-N-Academy-Blvd-Colorado-Springs-CO/3886433/,"Colorado Springs, CO 80909",0.64,416700.0,38.854776988204,-104.75774002483,5689.619999999999,10000,L,56.90%,1031,COLORADO SPRINGS SCHOOL DISTRICT 11 (130 trucks) | MOUNTAIN METROPOLITAN TRANSIT (144 trucks) | CITY OF COLORADO SPRINGS (326 trucks) | El PASO COUNTY (112 trucks) | GOODWILL OF COLORADO (134 trucks) | VECTRUS SYSTEMS CORPORATION (185 trucks),127000,13545,10769344.06,"$416,700.00"
Sol_006,4237 McWhinney Blvd,https://www.loopnet.com/Listing/4237-McWhinney-Blvd-Loveland-CO/23974785/,"Loveland, CO 80538",0.65,871347.9,40.408208389025,-105.017378025231,252.96,1000,XS,25.30%,109,LOVELAND MUNICIPALITY (109 trucks),127000,13545,10769344.06,"$871,347.90"
Sol_006,7300 W Jefferson Ave,https://www.loopnet.com/Listing/7300-W-Jefferson-Ave-Lakewood-CO/38419312/,"Lakewood, CO 80235",0.66,379999.0,39.649773884125,-105.079540805378,10536.92,20000,XL,52.68%,1415,QUALITY LOGISTICS INC (135 trucks) | KEESEN ENTERPRISES INC (263 trucks) | PROCAM SERVICES  (101 trucks) | JEFFCO SCHOOLS (274 trucks) | JEFFERSON COUNTY (120 trucks) | HOLCIM WCR INC (298 trucks) | PACIFIC SHIPPING & TRUCKING CO INC (109 trucks) | ENIVIRONMENTAL LANDWORKS COMPANY INC (115 trucks),127000,13545,10769344.06,"$379,999.00"
Sol_006,9190 W 84th Ave,https://www.loopnet.com/Listing/9190-W-84th-Ave-Arvada-CO/38160305/,"Arvada, CO 80005",0.67,499000.0,39.849854027782,-105.100317795342,6920.830000000001,10000,L,69.21%,1365,ALPINE MILLWORK COMPANY DBA ROCKY MOUNTAIN RELOAD (141 trucks) | CITY OF ARVADA (100 trucks) | GEOSTABILIZATION INTERNATIONAL LLC (155 trucks) | COLD FRONT (121 trucks) | SITEWISE LLC (145 trucks) | CITY OF THORNTON (208 trucks) | CITY OF THORNTON (174 trucks) | TRI-STATE GENERATION & TRANSMISSION ASSOCIATION INC (321 trucks),127000,13545,10769344.06,"$499,000.00"
Sol_006,10431 Quari St,https://www.loopnet.com/Listing/10431-Quari-St-Commerce-City-CO/29119294/,"Commerce City, CO 80022",0.72,270000.0,39.886267655476,-104.844980046547,12742.7,20000,XL,63.71%,1662,ENVIRONMENTAL DESIGNS LLC (156 trucks) | BALIC TRANSPORT INC (120 trucks) | BURNCO COLORADO LLC (146 trucks) | WEST DIRECT OIL (140 trucks) | OFFEN PETROLEUM LLC (269 trucks) | ADAMS 12 FIVE STAR SCHOOLS (182 trucks) | WAGNER EQUIPMENT CO (423 trucks) | METCO LANDSCAPING INC (226 trucks),127000,13545,10769344.06,"$270,000.00"
Sol_006,NEC N Fairgrounds Ave,https://www.loopnet.com/Listing/NEC-N-Fairgrounds-Ave-Windsor-CO/29890025/,"Windsor, CO 80528",0.74,483449.0,40.437732372143,-104.982630626628,304.01,1000,XS,30.40%,131,LARIMER COUNTY (131 trucks),127000,13545,10769344.06,"$483,449.00"
Sol_006,11958 Lincoln Ave,https://www.loopnet.com/Listing/Lincoln-Ave-Parker-CO/39741118/,"Parker, CO 80138",0.86,495000.0,39.536519536914,-104.76116705724,18264.289999999997,20000,XL,91.32%,2581,ACCELERATED SERVICES LLC (373 trucks) | AMERICAN FURNITURE WAREHOUSE CO (340 trucks) | TERRACARE ASSOCIATES LLC (156 trucks) | IHC SCOTT INC (214 trucks) | BUCKLEY POWDER CO (217 trucks) | CH2M OMI CH2MHILL JACOBS (183 trucks) | ORICA USA INC (215 trucks) | CHERRY CREEK SCHOOLS (352 trucks) | HBSCO DANS TRASH AT YOUR DISPOSAL (110 trucks) | ENTERPRISE RENT-A-CAR NATIONAL RENT A CAR ALAMO RENT A CAR (421 trucks),127000,13545,10769344.06,"$495,000.00"
Sol_006,NWQ Highway 119 and I-25,https://www.loopnet.com/Listing/NWQ-Highway-119-and-I-25-Firestone-CO/31431092/,"Firestone, CO 80504",1.28,949000.0,40.160746988915,-104.978709958949,3529.55,5000,M,70.59%,606,WARD ELECTRIC COMPANY INC (222 trucks) | HEAT WAVES HOT OIL SERVICE LLC (201 trucks) | SUPREME TRANSPORT INC (183 trucks),127000,13545,10769344.06,"$949,000.00"
Sol_006,13987 Foster ct,https://www.loopnet.com/Listing/13987-Foster-ct-Longmont-CO/34579366/,"Longmont, CO 80504",1.42,1370019.92,40.140476603851,-105.119700024426,1399.2,2000,S,69.96%,385,CITY OF LONGMONT (211 trucks) | ST VRAIN VALLEY SCHOOL DISTRICT (174 trucks),127000,13545,10769344.06,"$1,370,019.92"
Sol_006,765 Aspen Ridge Drive Dr,https://www.loopnet.com/Listing/765-Aspen-Ridge-Drive-Dr-Lafayette-CO/32931931/,"Lafayette, CO 80026",1.43,556000.0,40.006898203868,-105.107210150504,4585.06,5000,M,91.70%,619,BOULDER VALLEY SCHOOL DISTRICT RE-2 (134 trucks) | VIA MOBILITY SERVICES (196 trucks) | VIA MOBILITY SERVICES (116 trucks) | CU (173 trucks),127000,13545,10769344.06,"$556,000.00"
Sol_006,E Harmony & Lady Moon Dr,https://www.loopnet.com/Listing/E-Harmony-Lady-Moon-Dr-Fort-Collins-CO/11217719/,"Fort Collins, CO 80528",2.2,1054007.0,40.523221679275,-105.010799488523,5618.16,10000,L,56.18%,972,NOVUS AG LLC (444 trucks) | CITY OF FORT COLLINS (285 trucks) | Poudre School District  (243 trucks),127000,13545,10769344.06,"$1,054,007.00"
Sol_007,2544 11th Ave,https://www.loopnet.com/Listing/2544-11th-Ave-Greeley-CO/35100267/,"Greeley, CO 80631",0.15,350000.0,40.395690645275,-104.69657283495,336.5,1000,XS,33.65%,145,WELD COUNTY PUBLIC WORKS DEPARTMENT (145 trucks),127000,13545,10769344.06,"$350,000.00"
Sol_007,831 N Clarkson St,https://www.loopnet.com/Listing/831-N-Clarkson-St-Denver-CO/38142797/,"Denver, CO 80218",0.18,899000.0,39.729919009716,-104.977904960968,4580.9400000000005,5000,M,91.62%,521,FARMERS ALL NATURAL (121 trucks) | CO TRAN LLC (275 trucks) | SUPERSHUTTLE DENVER (125 trucks),127000,13545,10769344.06,"$899,000.00"
Sol_007,422 Perry St,https://www.loopnet.com/Listing/422-Perry-St-Castle-Rock-CO/38421711/,"Castle Rock, CO 80104",0.24,605821.24,39.374148794158,-104.858322527659,2577.81,5000,M,51.56%,389,GREAT SOUTHWESTERN CONSTRUCTION INC (280 trucks) | TOWN OF CASTLE ROCK  (109 trucks),127000,13545,10769344.06,"$605,821.24"
Sol_007,239 S Main St,https://www.loopnet.com/Listing/239-S-Main-St-Brighton-CO/27424620/,"Brighton, CO 80601",0.31,250000.0,39.982905257485,-104.822555605705,1694.9,2000,S,84.75%,267,G&Z TRANSPORT LLC (147 trucks) | SIM TRUCKING INC (120 trucks),127000,13545,10769344.06,"$250,000.00"
Sol_007,20th & Blake St,https://www.loopnet.com/Listing/20th-Blake-St-Land-Denver-CO/26158810/,"Denver, CO 80205",0.32,1320000.0,39.754299409573,-104.994304825083,9307.460000000001,10000,L,93.07%,1347,RES (149 trucks) | MPLX G&P (144 trucks) | CONCRETE EXPRESS INC (128 trucks) | COORS DISTRIBUTING COMPANY MILLER COORS LLC (105 trucks) | U S TRANSPORT INC (200 trucks) | WASTE CONNECTIONS OF COLORADO INC (486 trucks) | SURESHOT DRILLING LLC ATOZ FIELD SERVICES LLC DRILL TECH LLC PINNACLE DEVELOPMENT INC HDD SPECIALISTS LLC (135 trucks),127000,13545,10769344.06,"$1,320,000.00"
Sol_007,1560 N Academy Blvd,https://www.loopnet.com/Listing/1560-N-Academy-Blvd-Colorado-Springs-CO/3886433/,"Colorado Springs, CO 80909",0.64,416700.0,38.854776988204,-104.75774002483,5689.619999999999,10000,L,56.90%,1031,COLORADO SPRINGS SCHOOL DISTRICT 11 (130 trucks) | MOUNTAIN METROPOLITAN TRANSIT (144 trucks) | CITY OF COLORADO SPRINGS (326 trucks) | El PASO COUNTY (112 trucks) | GOODWILL OF COLORADO (134 trucks) | VECTRUS SYSTEMS CORPORATION (185 trucks),127000,13545,10769344.06,"$416,700.00"
Sol_007,4237 McWhinney Blvd,https://www.loopnet.com/Listing/4237-McWhinney-Blvd-Loveland-CO/23974785/,"Loveland, CO 80538",0.65,871347.9,40.408208389025,-105.017378025231,252.96,1000,XS,25.30%,109,LOVELAND MUNICIPALITY (109 trucks),127000,13545,10769344.06,"$871,347.90"
Sol_007,7300 W Jefferson Ave,https://www.loopnet.com/Listing/7300-W-Jefferson-Ave-Lakewood-CO/38419312/,"Lakewood, CO 80235",0.66,379999.0,39.649773884125,-105.079540805378,10536.92,20000,XL,52.68%,1415,QUALITY LOGISTICS INC (135 trucks) | KEESEN ENTERPRISES INC (263 trucks) | PROCAM SERVICES  (101 trucks) | JEFFCO SCHOOLS (274 trucks) | JEFFERSON COUNTY (120 trucks) | HOLCIM WCR INC (298 trucks) | PACIFIC SHIPPING & TRUCKING CO INC (109 trucks) | ENIVIRONMENTAL LANDWORKS COMPANY INC (115 trucks),127000,13545,10769344.06,"$379,999.00"
Sol_007,9190 W 84th Ave,https://www.loopnet.com/Listing/9190-W-84th-Ave-Arvada-CO/38160305/,"Arvada, CO 80005",0.67,499000.0,39.849854027782,-105.100317795342,6920.830000000001,10000,L,69.21%,1365,ALPINE MILLWORK COMPANY DBA ROCKY MOUNTAIN RELOAD (141 trucks) | CITY OF ARVADA (100 trucks) | GEOSTABILIZATION INTERNATIONAL LLC (155 trucks) | COLD FRONT (121 trucks) | SITEWISE LLC (145 trucks) | CITY OF THORNTON (208 trucks) | CITY OF THORNTON (174 trucks) | TRI-STATE GENERATION & TRANSMISSION ASSOCIATION INC (321 trucks),127000,13545,10769344.06,"$499,000.00"
Sol_007,10431 Quari St,https://www.loopnet.com/Listing/10431-Quari-St-Commerce-City-CO/29119294/,"Commerce City, CO 80022",0.72,270000.0,39.886267655476,-104.844980046547,12742.7,20000,XL,63.71%,1662,ENVIRONMENTAL DESIGNS LLC (156 trucks) | BALIC TRANSPORT INC (120 trucks) | BURNCO COLORADO LLC (146 trucks) | WEST DIRECT OIL (140 trucks) | OFFEN PETROLEUM LLC (269 trucks) | ADAMS 12 FIVE STAR SCHOOLS (182 trucks) | WAGNER EQUIPMENT CO (423 trucks) | METCO LANDSCAPING INC (226 trucks),127000,13545,10769344.06,"$270,000.00"
Sol_007,NEC N Fairgrounds Ave,https://www.loopnet.com/Listing/NEC-N-Fairgrounds-Ave-Windsor-CO/29890025/,"Windsor, CO 80528",0.74,483449.0,40.437732372143,-104.982630626628,304.01,1000,XS,30.40%,131,LARIMER COUNTY (131 trucks),127000,13545,10769344.06,"$483,449.00"
Sol_007,11958 Lincoln Ave,https://www.loopnet.com/Listing/Lincoln-Ave-Parker-CO/39741118/,"Parker, CO 80138",0.86,495000.0,39.536519536914,-104.76116705724,18264.289999999997,20000,XL,91.32%,2581,ACCELERATED SERVICES LLC (373 trucks) | AMERICAN FURNITURE WAREHOUSE CO (340 trucks) | TERRACARE ASSOCIATES LLC (156 trucks) | IHC SCOTT INC (214 trucks) | BUCKLEY POWDER CO (217 trucks) | CH2M OMI CH2MHILL JACOBS (183 trucks) | ORICA USA INC (215 trucks) | CHERRY CREEK SCHOOLS (352 trucks) | HBSCO DANS TRASH AT YOUR DISPOSAL (110 trucks) | ENTERPRISE RENT-A-CAR NATIONAL RENT A CAR ALAMO RENT A CAR (421 trucks),127000,13545,10769344.06,"$495,000.00"
Sol_007,NWQ Highway 119 and I-25,https://www.loopnet.com/Listing/NWQ-Highway-119-and-I-25-Firestone-CO/31431092/,"Firestone, CO 80504",1.28,949000.0,40.160746988915,-104.978709958949,3529.55,5000,M,70.59%,606,WARD ELECTRIC COMPANY INC (222 trucks) | HEAT WAVES HOT OIL SERVICE LLC (201 trucks) | SUPREME TRANSPORT INC (183 trucks),127000,13545,10769344.06,"$949,000.00"
Sol_007,13987 Foster ct,https://www.loopnet.com/Listing/13987-Foster-ct-Longmont-CO/34579366/,"Longmont, CO 80504",1.42,1370019.92,40.140476603851,-105.119700024426,1399.2,2000,S,69.96%,385,CITY OF LONGMONT (211 trucks) | ST VRAIN VALLEY SCHOOL DISTRICT (174 trucks),127000,13545,10769344.06,"$1,370,019.92"
Sol_007,765 Aspen Ridge Drive Dr,https://www.loopnet.com/Listing/765-Aspen-Ridge-Drive-Dr-Lafayette-CO/32931931/,"Lafayette, CO 80026",1.43,556000.0,40.006898203868,-105.107210150504,4585.06,5000,M,91.70%,619,BOULDER VALLEY SCHOOL DISTRICT RE-2 (134 trucks) | VIA MOBILITY SERVICES (196 trucks) | VIA MOBILITY SERVICES (116 trucks) | CU (173 trucks),127000,13545,10769344.06,"$556,000.00"
Sol_007,E Harmony & Lady Moon Dr,https://www.loopnet.com/Listing/E-Harmony-Lady-Moon-Dr-Fort-Collins-CO/11217719/,"Fort Collins, CO 80528",2.2,1054007.0,40.523221679275,-105.010799488523,5618.16,10000,L,56.18%,972,NOVUS AG LLC (444 trucks) | CITY OF FORT COLLINS (285 trucks) | Poudre School District  (243 trucks),127000,13545,10769344.06,"$1,054,007.00"
Sol_008,2544 11th Ave,https://www.loopnet.com/Listing/2544-11th-Ave-Greeley-CO/35100267/,"Greeley, CO 80631",0.15,350000.0,40.395690645275,-104.69657283495,336.5,1000,XS,33.65%,145,WELD COUNTY PUBLIC WORKS DEPARTMENT (145 trucks),145000,16282,11523344.06,"$350,000.00"
Sol_008,831 N Clarkson St,https://www.loopnet.com/Listing/831-N-Clarkson-St-Denver-CO/38142797/,"Denver, CO 80218",0.18,899000.0,39.729919009716,-104.977904960968,4580.9400000000005,5000,M,91.62%,521,FARMERS ALL NATURAL (121 trucks) | CO TRAN LLC (275 trucks) | SUPERSHUTTLE DENVER (125 trucks),145000,16282,11523344.06,"$899,000.00"
Sol_008,422 Perry St,https://www.loopnet.com/Listing/422-Perry-St-Castle-Rock-CO/38421711/,"Castle Rock, CO 80104",0.24,605821.24,39.374148794158,-104.858322527659,2577.81,5000,M,51.56%,389,GREAT SOUTHWESTERN CONSTRUCTION INC (280 trucks) | TOWN OF CASTLE ROCK  (109 trucks),145000,16282,11523344.06,"$605,821.24"
Sol_008,239 S Main St,https://www.loopnet.com/Listing/239-S-Main-St-Brighton-CO/27424620/,"Brighton, CO 80601",0.31,250000.0,39.982905257485,-104.822555605705,3986.53,5000,M,79.73%,543,G&Z TRANSPORT LLC (147 trucks) | SIM TRUCKING INC (120 trucks) | ENVIRONMENTAL DESIGNS LLC (156 trucks) | BALIC TRANSPORT INC (120 trucks),145000,16282,11523344.06,"$250,000.00"
Sol_008,20th & Blake St,https://www.loopnet.com/Listing/20th-Blake-St-Land-Denver-CO/26158810/,"Denver, CO 80205",0.32,1320000.0,39.754299409573,-104.994304825083,9694.1,10000,L,96.94%,1382,RES (149 trucks) | MPLX G&P (144 trucks) | CONCRETE EXPRESS INC (128 trucks) | COORS DISTRIBUTING COMPANY MILLER COORS LLC (105 trucks) | U S TRANSPORT INC (200 trucks) | WASTE CONNECTIONS OF COLORADO INC (486 trucks) | COMPASS VEHICLE RENTAL INC (170 trucks),145000,16282,11523344.06,"$1,320,000.00"
Sol_008,1560 N Academy Blvd,https://www.loopnet.com/Listing/1560-N-Academy-Blvd-Colorado-Springs-CO/3886433/,"Colorado Springs, CO 80909",0.64,416700.0,38.854776988204,-104.75774002483,5689.619999999999,10000,L,56.90%,1031,COLORADO SPRINGS SCHOOL DISTRICT 11 (130 trucks) | MOUNTAIN METROPOLITAN TRANSIT (144 trucks) | CITY OF COLORADO SPRINGS (326 trucks) | El PASO COUNTY (112 trucks) | GOODWILL OF COLORADO (134 trucks) | VECTRUS SYSTEMS CORPORATION (185 trucks),145000,16282,11523344.06,"$416,700.00"
Sol_008,3401 S Yosemite St,https://www.loopnet.com/Listing/3401-S-Yosemite-St-Denver-CO/39837277/,"Denver, CO 80231",0.64,675000.0,39.654049416843,-104.88550562639,19524.48,20000,XL,97.62%,2867,COMCAST (194 trucks) | SWINGLE TREE & LANDSCAPE CARE (135 trucks) | CITY LIGHT AND POWER INC (121 trucks) | WHEEL PROS LLC (182 trucks) | GLOBAL TRANSPORTATION LLC (442 trucks) | HBSCO DANS TRASH AT YOUR DISPOSAL (110 trucks) | CITY OF AURORA (271 trucks) | ORICA USA INC (215 trucks) | ENTERPRISE RENT-A-CAR NATIONAL RENT A CAR ALAMO RENT A CAR (421 trucks) | AURORA PUBLIC SCHOOLS (127 trucks) | METCO LANDSCAPING INC (226 trucks) | WAGNER EQUIPMENT CO (423 trucks),145000,16282,11523344.06,"$675,000.00"
Sol_008,4237 McWhinney Blvd,https://www.loopnet.com/Listing/4237-McWhinney-Blvd-Loveland-CO/23974785/,"Loveland, CO 80538",0.65,871347.9,40.408208389025,-105.017378025231,252.96,1000,XS,25.30%,109,LOVELAND MUNICIPALITY (109 trucks),145000,16282,11523344.06,"$871,347.90"
Sol_008,7300 W Jefferson Ave,https://www.loopnet.com/Listing/7300-W-Jefferson-Ave-Lakewood-CO/38419312/,"Lakewood, CO 80235",0.66,379999.0,39.649773884125,-105.079540805378,10536.92,20000,XL,52.68%,1415,QUALITY LOGISTICS INC (135 trucks) | KEESEN ENTERPRISES INC (263 trucks) | PROCAM SERVICES  (101 trucks) | JEFFCO SCHOOLS (274 trucks) | JEFFERSON COUNTY (120 trucks) | HOLCIM WCR INC (298 trucks) | PACIFIC SHIPPING & TRUCKING CO INC (109 trucks) | ENIVIRONMENTAL LANDWORKS COMPANY INC (115 trucks),145000,16282,11523344.06,"$379,999.00"
Sol_008,9190 W 84th Ave,https://www.loopnet.com/Listing/9190-W-84th-Ave-Arvada-CO/38160305/,"Arvada, CO 80005",0.67,499000.0,39.849854027782,-105.100317795342,3378.81,5000,M,67.58%,541,ALPINE MILLWORK COMPANY DBA ROCKY MOUNTAIN RELOAD (141 trucks) | CITY OF ARVADA (100 trucks) | GEOSTABILIZATION INTERNATIONAL LLC (155 trucks) | SITEWISE LLC (145 trucks),145000,16282,11523344.06,"$499,000.00"
Sol_008,NEC N Fairgrounds Ave,https://www.loopnet.com/Listing/NEC-N-Fairgrounds-Ave-Windsor-CO/29890025/,"Windsor, CO 80528",0.74,483449.0,40.437732372143,-104.982630626628,304.01,1000,XS,30.40%,131,LARIMER COUNTY (131 trucks),145000,16282,11523344.06,"$483,449.00"
Sol_008,11958 Lincoln Ave,https://www.loopnet.com/Listing/Lincoln-Ave-Parker-CO/39741118/,"Parker, CO 80138",0.86,495000.0,39.536519536914,-104.76116705724,13220.13,20000,XL,66.10%,1835,ACCELERATED SERVICES LLC (373 trucks) | AMERICAN FURNITURE WAREHOUSE CO (340 trucks) | TERRACARE ASSOCIATES LLC (156 trucks) | IHC SCOTT INC (214 trucks) | BUCKLEY POWDER CO (217 trucks) | CH2M OMI CH2MHILL JACOBS (183 trucks) | CHERRY CREEK SCHOOLS (352 trucks),145000,16282,11523344.06,"$495,000.00"
Sol_008,8850 Huron St,https://www.loopnet.com/Listing/8850-Huron-St-Thornton-CO/33061072/,"Thornton, CO 80260",1.26,349000.0,39.858426283979,-104.995662022846,18972.29,20000,XL,94.86%,2791,CITY OF THORNTON (208 trucks) | CITY OF THORNTON (174 trucks) | COCAL LANDSCAPE SERVICES INC (153 trucks) | COLD FRONT (121 trucks) | READY MIX CONCRETE COMPANY (191 trucks) | NAVAJO EXPRESS INC (309 trucks) | TRI-STATE GENERATION & TRANSMISSION ASSOCIATION INC (321 trucks) | WESTERN DISTRIBUTING TRANSPORTATION CORP (155 trucks) | RMS CRANES (139 trucks) | SURESHOT DRILLING LLC ATOZ FIELD SERVICES LLC DRILL TECH LLC PINNACLE DEVELOPMENT INC HDD SPECIALISTS LLC (135 trucks) | EAGLE ROCK DISTRIBUTING COMPANY OF COLORADO LLC (148 trucks) | OFFEN PETROLEUM LLC (269 trucks) | ADAMS 12 FIVE STAR SCHOOLS (182 trucks) | WEST DIRECT OIL (140 trucks) | BURNCO COLORADO LLC (146 trucks),145000,16282,11523344.06,"$349,000.00"
Sol_008,NWQ Highway 119 and I-25,https://www.loopnet.com/Listing/NWQ-Highway-119-and-I-25-Firestone-CO/31431092/,"Firestone, CO 80504",1.28,949000.0,40.160746988915,-104.978709958949,3529.55,5000,M,70.59%,606,WARD ELECTRIC COMPANY INC (222 trucks) | HEAT WAVES HOT OIL SERVICE LLC (201 trucks) | SUPREME TRANSPORT INC (183 trucks),145000,16282,11523344.06,"$949,000.00"
Sol_008,13987 Foster ct,https://www.loopnet.com/Listing/13987-Foster-ct-Longmont-CO/34579366/,"Longmont, CO 80504",1.42,1370019.92,40.140476603851,-105.119700024426,1399.2,2000,S,69.96%,385,CITY OF LONGMONT (211 trucks) | ST VRAIN VALLEY SCHOOL DISTRICT (174 trucks),145000,16282,11523344.06,"$1,370,019.92"
Sol_008,765 Aspen Ridge Drive Dr,https://www.loopnet.com/Listing/765-Aspen-Ridge-Drive-Dr-Lafayette-CO/32931931/,"Lafayette, CO 80026",1.43,556000.0,40.006898203868,-105.107210150504,4585.06,5000,M,91.70%,619,BOULDER VALLEY SCHOOL DISTRICT RE-2 (134 trucks) | VIA MOBILITY SERVICES (196 trucks) | VIA MOBILITY SERVICES (116 trucks) | CU (173 trucks),145000,16282,11523344.06,"$556,000.00"
Sol_008,E Harmony & Lady Moon Dr,https://www.loopnet.com/Listing/E-Harmony-Lady-Moon-Dr-Fort-Collins-CO/11217719/,"Fort Collins, CO 80528",2.2,1054007.0,40.523221679275,-105.010799488523,5618.16,10000,L,56.18%,972,NOVUS AG LLC (444 trucks) | CITY OF FORT COLLINS (285 trucks) | Poudre School District  (243 trucks),145000,16282,11523344.06,"$1,054,007.00"
Sol_009,2544 11th Ave,https://www.loopnet.com/Listing/2544-11th-Ave-Greeley-CO/35100267/,"Greeley, CO 80631",0.15,350000.0,40.395690645275,-104.69657283495,336.5,1000,XS,33.65%,145,WELD COUNTY PUBLIC WORKS DEPARTMENT (145 trucks),132000,14810,11118344.06,"$350,000.00"
Sol_009,831 N Clarkson St,https://www.loopnet.com/Listing/831-N-Clarkson-St-Denver-CO/38142797/,"Denver, CO 80218",0.18,899000.0,39.729919009716,-104.977904960968,4580.9400000000005,5000,M,91.62%,521,FARMERS ALL NATURAL (121 trucks) | CO TRAN LLC (275 trucks) | SUPERSHUTTLE DENVER (125 trucks),132000,14810,11118344.06,"$899,000.00"
Sol_009,422 Perry St,https://www.loopnet.com/Listing/422-Perry-St-Castle-Rock-CO/38421711/,"Castle Rock, CO 80104",0.24,605821.24,39.374148794158,-104.858322527659,2577.81,5000,M,51.56%,389,GREAT SOUTHWESTERN CONSTRUCTION INC (280 trucks) | TOWN OF CASTLE ROCK  (109 trucks),132000,14810,11118344.06,"$605,821.24"
Sol_009,239 S Main St,https://www.loopnet.com/Listing/239-S-Main-St-Brighton-CO/27424620/,"Brighton, CO 80601",0.31,250000.0,39.982905257485,-104.822555605705,1694.9,2000,S,84.75%,267,G&Z TRANSPORT LLC (147 trucks) | SIM TRUCKING INC (120 trucks),132000,14810,11118344.06,"$250,000.00"
Sol_009,20th & Blake St,https://www.loopnet.com/Listing/20th-Blake-St-Land-Denver-CO/26158810/,"Denver, CO 80205",0.32,1320000.0,39.754299409573,-104.994304825083,9694.1,10000,L,96.94%,1382,RES (149 trucks) | MPLX G&P (144 trucks) | CONCRETE EXPRESS INC (128 trucks) | COORS DISTRIBUTING COMPANY MILLER COORS LLC (105 trucks) | U S TRANSPORT INC (200 trucks) | WASTE CONNECTIONS OF COLORADO INC (486 trucks) | COMPASS VEHICLE RENTAL INC (170 trucks),132000,14810,11118344.06,"$1,320,000.00"
Sol_009,1560 N Academy Blvd,https://www.loopnet.com/Listing/1560-N-Academy-Blvd-Colorado-Springs-CO/3886433/,"Colorado Springs, CO 80909",0.64,416700.0,38.854776988204,-104.75774002483,5689.619999999999,10000,L,56.90%,1031,COLORADO SPRINGS SCHOOL DISTRICT 11 (130 trucks) | MOUNTAIN METROPOLITAN TRANSIT (144 trucks) | CITY OF COLORADO SPRINGS (326 trucks) | El PASO COUNTY (112 trucks) | GOODWILL OF COLORADO (134 trucks) | VECTRUS SYSTEMS CORPORATION (185 trucks),132000,14810,11118344.06,"$416,700.00"
Sol_009,4237 McWhinney Blvd,https://www.loopnet.com/Listing/4237-McWhinney-Blvd-Loveland-CO/23974785/,"Loveland, CO 80538",0.65,871347.9,40.408208389025,-105.017378025231,252.96,1000,XS,25.30%,109,LOVELAND MUNICIPALITY (109 trucks),132000,14810,11118344.06,"$871,347.90"
Sol_009,7300 W Jefferson Ave,https://www.loopnet.com/Listing/7300-W-Jefferson-Ave-Lakewood-CO/38419312/,"Lakewood, CO 80235",0.66,379999.0,39.649773884125,-105.079540805378,10536.92,20000,XL,52.68%,1415,QUALITY LOGISTICS INC (135 trucks) | KEESEN ENTERPRISES INC (263 trucks) | PROCAM SERVICES  (101 trucks) | JEFFCO SCHOOLS (274 trucks) | JEFFERSON COUNTY (120 trucks) | HOLCIM WCR INC (298 trucks) | PACIFIC SHIPPING & TRUCKING CO INC (109 trucks) | ENIVIRONMENTAL LANDWORKS COMPANY INC (115 trucks),132000,14810,11118344.06,"$379,999.00"
Sol_009,9190 W 84th Ave,https://www.loopnet.com/Listing/9190-W-84th-Ave-Arvada-CO/38160305/,"Arvada, CO 80005",0.67,499000.0,39.849854027782,-105.100317795342,3378.81,5000,M,67.58%,541,ALPINE MILLWORK COMPANY DBA ROCKY MOUNTAIN RELOAD (141 trucks) | CITY OF ARVADA (100 trucks) | GEOSTABILIZATION INTERNATIONAL LLC (155 trucks) | SITEWISE LLC (145 trucks),132000,14810,11118344.06,"$499,000.00"
Sol_009,10431 Quari St,https://www.loopnet.com/Listing/10431-Quari-St-Commerce-City-CO/29119294/,"Commerce City, CO 80022",0.72,270000.0,39.886267655476,-104.844980046547,9557.83,10000,L,95.58%,1211,ENVIRONMENTAL DESIGNS LLC (156 trucks) | BALIC TRANSPORT INC (120 trucks) | BURNCO COLORADO LLC (146 trucks) | WEST DIRECT OIL (140 trucks) | WAGNER EQUIPMENT CO (423 trucks) | METCO LANDSCAPING INC (226 trucks),132000,14810,11118344.06,"$270,000.00"
Sol_009,NEC N Fairgrounds Ave,https://www.loopnet.com/Listing/NEC-N-Fairgrounds-Ave-Windsor-CO/29890025/,"Windsor, CO 80528",0.74,483449.0,40.437732372143,-104.982630626628,304.01,1000,XS,30.40%,131,LARIMER COUNTY (131 trucks),132000,14810,11118344.06,"$483,449.00"
Sol_009,11958 Lincoln Ave,https://www.loopnet.com/Listing/Lincoln-Ave-Parker-CO/39741118/,"Parker, CO 80138",0.86,495000.0,39.536519536914,-104.76116705724,18264.289999999997,20000,XL,91.32%,2581,ACCELERATED SERVICES LLC (373 trucks) | AMERICAN FURNITURE WAREHOUSE CO (340 trucks) | TERRACARE ASSOCIATES LLC (156 trucks) | IHC SCOTT INC (214 trucks) | BUCKLEY POWDER CO (217 trucks) | CH2M OMI CH2MHILL JACOBS (183 trucks) | ORICA USA INC (215 trucks) | CHERRY CREEK SCHOOLS (352 trucks) | HBSCO DANS TRASH AT YOUR DISPOSAL (110 trucks) | ENTERPRISE RENT-A-CAR NATIONAL RENT A CAR ALAMO RENT A CAR (421 trucks),132000,14810,11118344.06,"$495,000.00"
Sol_009,8850 Huron St,https://www.loopnet.com/Listing/8850-Huron-St-Thornton-CO/33061072/,"Thornton, CO 80260",1.26,349000.0,39.858426283979,-104.995662022846,17094.77,20000,XL,85.47%,2505,CITY OF THORNTON (208 trucks) | CITY OF THORNTON (174 trucks) | COCAL LANDSCAPE SERVICES INC (153 trucks) | COLD FRONT (121 trucks) | READY MIX CONCRETE COMPANY (191 trucks) | NAVAJO EXPRESS INC (309 trucks) | TRI-STATE GENERATION & TRANSMISSION ASSOCIATION INC (321 trucks) | WESTERN DISTRIBUTING TRANSPORTATION CORP (155 trucks) | RMS CRANES (139 trucks) | SURESHOT DRILLING LLC ATOZ FIELD SERVICES LLC DRILL TECH LLC PINNACLE DEVELOPMENT INC HDD SPECIALISTS LLC (135 trucks) | EAGLE ROCK DISTRIBUTING COMPANY OF COLORADO LLC (148 trucks) | OFFEN PETROLEUM LLC (269 trucks) | ADAMS 12 FIVE STAR SCHOOLS (182 trucks),132000,14810,11118344.06,"$349,000.00"
Sol_009,NWQ Highway 119 and I-25,https://www.loopnet.com/Listing/NWQ-Highway-119-and-I-25-Firestone-CO/31431092/,"Firestone, CO 80504",1.28,949000.0,40.160746988915,-104.978709958949,3529.55,5000,M,70.59%,606,WARD ELECTRIC COMPANY INC (222 trucks) | HEAT WAVES HOT OIL SERVICE LLC (201 trucks) | SUPREME TRANSPORT INC (183 trucks),132000,14810,11118344.06,"$949,000.00"
Sol_009,13987 Foster ct,https://www.loopnet.com/Listing/13987-Foster-ct-Longmont-CO/34579366/,"Longmont, CO 80504",1.42,1370019.92,40.140476603851,-105.119700024426,1399.2,2000,S,69.96%,385,CITY OF LONGMONT (211 trucks) | ST VRAIN VALLEY SCHOOL DISTRICT (174 trucks),132000,14810,11118344.06,"$1,370,019.92"
Sol_009,765 Aspen Ridge Drive Dr,https://www.loopnet.com/Listing/765-Aspen-Ridge-Drive-Dr-Lafayette-CO/32931931/,"Lafayette, CO 80026",1.43,556000.0,40.006898203868,-105.107210150504,4585.06,5000,M,91.70%,619,BOULDER VALLEY SCHOOL DISTRICT RE-2 (134 trucks) | VIA MOBILITY SERVICES (196 trucks) | VIA MOBILITY SERVICES (116 trucks) | CU (173 trucks),132000,14810,11118344.06,"$556,000.00"
Sol_009,E Harmony & Lady Moon Dr,https://www.loopnet.com/Listing/E-Harmony-Lady-Moon-Dr-Fort-Collins-CO/11217719/,"Fort Collins, CO 80528",2.2,1054007.0,40.523221679275,-105.010799488523,5618.16,10000,L,56.18%,972,NOVUS AG LLC (444 trucks) | CITY OF FORT COLLINS (285 trucks) | Poudre School District  (243 trucks),132000,14810,11118344.06,"$1,054,007.00"
Sol_010,2544 11th Ave,https://www.loopnet.com/Listing/2544-11th-Ave-Greeley-CO/35100267/,"Greeley, CO 80631",0.15,350000.0,40.395690645275,-104.69657283495,336.5,1000,XS,33.65%,145,WELD COUNTY PUBLIC WORKS DEPARTMENT (145 trucks),165000,16838,12423344.06,"$350,000.00"
Sol_010,831 N Clarkson St,https://www.loopnet.com/Listing/831-N-Clarkson-St-Denver-CO/38142797/,"Denver, CO 80218",0.18,899000.0,39.729919009716,-104.977904960968,4580.9400000000005,5000,M,91.62%,521,FARMERS ALL NATURAL (121 trucks) | CO TRAN LLC (275 trucks) | SUPERSHUTTLE DENVER (125 trucks),165000,16838,12423344.06,"$899,000.00"
Sol_010,422 Perry St,https://www.loopnet.com/Listing/422-Perry-St-Castle-Rock-CO/38421711/,"Castle Rock, CO 80104",0.24,605821.24,39.374148794158,-104.858322527659,2577.81,5000,M,51.56%,389,GREAT SOUTHWESTERN CONSTRUCTION INC (280 trucks) | TOWN OF CASTLE ROCK  (109 trucks),165000,16838,12423344.06,"$605,821.24"
Sol_010,239 S Main St,https://www.loopnet.com/Listing/239-S-Main-St-Brighton-CO/27424620/,"Brighton, CO 80601",0.31,250000.0,39.982905257485,-104.822555605705,3986.53,5000,M,79.73%,543,G&Z TRANSPORT LLC (147 trucks) | SIM TRUCKING INC (120 trucks) | ENVIRONMENTAL DESIGNS LLC (156 trucks) | BALIC TRANSPORT INC (120 trucks),165000,16838,12423344.06,"$250,000.00"
Sol_010,20th & Blake St,https://www.loopnet.com/Listing/20th-Blake-St-Land-Denver-CO/26158810/,"Denver, CO 80205",0.32,1320000.0,39.754299409573,-104.994304825083,7615.27,10000,L,76.15%,1147,RES (149 trucks) | MPLX G&P (144 trucks) | CONCRETE EXPRESS INC (128 trucks) | COMPASS VEHICLE RENTAL INC (170 trucks) | UNITED SITE SERVICES OF NEVADA INC (409 trucks) | UNITED SITE SERVICES OF COLORADO INC (147 trucks),165000,16838,12423344.06,"$1,320,000.00"
Sol_010,1560 N Academy Blvd,https://www.loopnet.com/Listing/1560-N-Academy-Blvd-Colorado-Springs-CO/3886433/,"Colorado Springs, CO 80909",0.64,416700.0,38.854776988204,-104.75774002483,5689.619999999999,10000,L,56.90%,1031,COLORADO SPRINGS SCHOOL DISTRICT 11 (130 trucks) | MOUNTAIN METROPOLITAN TRANSIT (144 trucks) | CITY OF COLORADO SPRINGS (326 trucks) | El PASO COUNTY (112 trucks) | GOODWILL OF COLORADO (134 trucks) | VECTRUS SYSTEMS CORPORATION (185 trucks),165000,16838,12423344.06,"$416,700.00"
Sol_010,3401 S Yosemite St,https://www.loopnet.com/Listing/3401-S-Yosemite-St-Denver-CO/39837277/,"Denver, CO 80231",0.64,675000.0,39.654049416843,-104.88550562639,19524.48,20000,XL,97.62%,2867,COMCAST (194 trucks) | SWINGLE TREE & LANDSCAPE CARE (135 trucks) | CITY LIGHT AND POWER INC (121 trucks) | WHEEL PROS LLC (182 trucks) | GLOBAL TRANSPORTATION LLC (442 trucks) | HBSCO DANS TRASH AT YOUR DISPOSAL (110 trucks) | CITY OF AURORA (271 trucks) | ORICA USA INC (215 trucks) | ENTERPRISE RENT-A-CAR NATIONAL RENT A CAR ALAMO RENT A CAR (421 trucks) | AURORA PUBLIC SCHOOLS (127 trucks) | METCO LANDSCAPING INC (226 trucks) | WAGNER EQUIPMENT CO (423 trucks),165000,16838,12423344.06,"$675,000.00"
Sol_010,4237 McWhinney Blvd,https://www.loopnet.com/Listing/4237-McWhinney-Blvd-Loveland-CO/23974785/,"Loveland, CO 80538",0.65,871347.9,40.408208389025,-105.017378025231,252.96,1000,XS,25.30%,109,LOVELAND MUNICIPALITY (109 trucks),165000,16838,12423344.06,"$871,347.90"
Sol_010,7300 W Jefferson Ave,https://www.loopnet.com/Listing/7300-W-Jefferson-Ave-Lakewood-CO/38419312/,"Lakewood, CO 80235",0.66,379999.0,39.649773884125,-105.079540805378,10536.92,20000,XL,52.68%,1415,QUALITY LOGISTICS INC (135 trucks) | KEESEN ENTERPRISES INC (263 trucks) | PROCAM SERVICES  (101 trucks) | JEFFCO SCHOOLS (274 trucks) | JEFFERSON COUNTY (120 trucks) | HOLCIM WCR INC (298 trucks) | PACIFIC SHIPPING & TRUCKING CO INC (109 trucks) | ENIVIRONMENTAL LANDWORKS COMPANY INC (115 trucks),165000,16838,12423344.06,"$379,999.00"
Sol_010,9190 W 84th Ave,https://www.loopnet.com/Listing/9190-W-84th-Ave-Arvada-CO/38160305/,"Arvada, CO 80005",0.67,499000.0,39.849854027782,-105.100317795342,3378.81,5000,M,67.58%,541,ALPINE MILLWORK COMPANY DBA ROCKY MOUNTAIN RELOAD (141 trucks) | CITY OF ARVADA (100 trucks) | GEOSTABILIZATION INTERNATIONAL LLC (155 trucks) | SITEWISE LLC (145 trucks),165000,16838,12423344.06,"$499,000.00"
Sol_010,NEC N Fairgrounds Ave,https://www.loopnet.com/Listing/NEC-N-Fairgrounds-Ave-Windsor-CO/29890025/,"Windsor, CO 80528",0.74,483449.0,40.437732372143,-104.982630626628,304.01,1000,XS,30.40%,131,LARIMER COUNTY (131 trucks),165000,16838,12423344.06,"$483,449.00"
Sol_010,11958 Lincoln Ave,https://www.loopnet.com/Listing/Lincoln-Ave-Parker-CO/39741118/,"Parker, CO 80138",0.86,495000.0,39.536519536914,-104.76116705724,13220.13,20000,XL,66.10%,1835,ACCELERATED SERVICES LLC (373 trucks) | AMERICAN FURNITURE WAREHOUSE CO (340 trucks) | TERRACARE ASSOCIATES LLC (156 trucks) | IHC SCOTT INC (214 trucks) | BUCKLEY POWDER CO (217 trucks) | CH2M OMI CH2MHILL JACOBS (183 trucks) | CHERRY CREEK SCHOOLS (352 trucks),165000,16838,12423344.06,"$495,000.00"
Sol_010,2980 W 60th Ave,https://www.loopnet.com/Listing/2980-W-60th-Ave-Denver-CO/12107088/,"Denver, CO 80221",1.14,900000.0,39.805386957185,-105.022150208489,12875.779999999999,20000,XL,64.38%,1643,NAVAJO EXPRESS INC (309 trucks) | COORS DISTRIBUTING COMPANY MILLER COORS LLC (105 trucks) | COLD FRONT (121 trucks) | U S TRANSPORT INC (200 trucks) | SURESHOT DRILLING LLC ATOZ FIELD SERVICES LLC DRILL TECH LLC PINNACLE DEVELOPMENT INC HDD SPECIALISTS LLC (135 trucks) | EAGLE ROCK DISTRIBUTING COMPANY OF COLORADO LLC (148 trucks) | WASTE CONNECTIONS OF COLORADO INC (486 trucks) | RMS CRANES (139 trucks),165000,16838,12423344.06,"$900,000.00"
Sol_010,8850 Huron St,https://www.loopnet.com/Listing/8850-Huron-St-Thornton-CO/33061072/,"Thornton, CO 80260",1.26,349000.0,39.858426283979,-104.995662022846,11778.220000000001,20000,XL,58.89%,1939,CITY OF THORNTON (208 trucks) | CITY OF THORNTON (174 trucks) | COCAL LANDSCAPE SERVICES INC (153 trucks) | READY MIX CONCRETE COMPANY (191 trucks) | TRI-STATE GENERATION & TRANSMISSION ASSOCIATION INC (321 trucks) | WESTERN DISTRIBUTING TRANSPORTATION CORP (155 trucks) | OFFEN PETROLEUM LLC (269 trucks) | ADAMS 12 FIVE STAR SCHOOLS (182 trucks) | WEST DIRECT OIL (140 trucks) | BURNCO COLORADO LLC (146 trucks),165000,16838,12423344.06,"$349,000.00"
Sol_010,NWQ Highway 119 and I-25,https://www.loopnet.com/Listing/NWQ-Highway-119-and-I-25-Firestone-CO/31431092/,"Firestone, CO 80504",1.28,949000.0,40.160746988915,-104.978709958949,3529.55,5000,M,70.59%,606,WARD ELECTRIC COMPANY INC (222 trucks) | HEAT WAVES HOT OIL SERVICE LLC (201 trucks) | SUPREME TRANSPORT INC (183 trucks),165000,16838,12423344.06,"$949,000.00"
Sol_010,13987 Foster ct,https://www.loopnet.com/Listing/13987-Foster-ct-Longmont-CO/34579366/,"Longmont, CO 80504",1.42,1370019.92,40.140476603851,-105.119700024426,1399.2,2000,S,69.96%,385,CITY OF LONGMONT (211 trucks) | ST VRAIN VALLEY SCHOOL DISTRICT (174 trucks),165000,16838,12423344.06,"$1,370,019.92"
Sol_010,765 Aspen Ridge Drive Dr,https://www.loopnet.com/Listing/765-Aspen-Ridge-Drive-Dr-Lafayette-CO/32931931/,"Lafayette, CO 80026",1.43,556000.0,40.006898203868,-105.107210150504,4585.06,5000,M,91.70%,619,BOULDER VALLEY SCHOOL DISTRICT RE-2 (134 trucks) | VIA MOBILITY SERVICES (196 trucks) | VIA MOBILITY SERVICES (116 trucks) | CU (173 trucks),165000,16838,12423344.06,"$556,000.00"
Sol_010,E Harmony & Lady Moon Dr,https://www.loopnet.com/Listing/E-Harmony-Lady-Moon-Dr-Fort-Collins-CO/11217719/,"Fort Collins, CO 80528",2.2,1054007.0,40.523221679275,-105.010799488523,5618.16,10000,L,56.18%,972,NOVUS AG LLC (444 trucks) | CITY OF FORT COLLINS (285 trucks) | Poudre School District  (243 trucks),165000,16838,12423344.06,"$1,054,007.00"
Sol_011,2544 11th Ave,https://www.loopnet.com/Listing/2544-11th-Ave-Greeley-CO/35100267/,"Greeley, CO 80631",0.15,350000.0,40.395690645275,-104.69657283495,336.5,1000,XS,33.65%,145,WELD COUNTY PUBLIC WORKS DEPARTMENT (145 trucks),155000,16838,13104344.06,"$350,000.00"
Sol_011,831 N Clarkson St,https://www.loopnet.com/Listing/831-N-Clarkson-St-Denver-CO/38142797/,"Denver, CO 80218",0.18,899000.0,39.729919009716,-104.977904960968,3413.46,5000,M,68.27%,396,FARMERS ALL NATURAL (121 trucks) | CO TRAN LLC (275 trucks),155000,16838,13104344.06,"$899,000.00"
Sol_011,422 Perry St,https://www.loopnet.com/Listing/422-Perry-St-Castle-Rock-CO/38421711/,"Castle Rock, CO 80104",0.24,605821.24,39.374148794158,-104.858322527659,2577.81,5000,M,51.56%,389,GREAT SOUTHWESTERN CONSTRUCTION INC (280 trucks) | TOWN OF CASTLE ROCK  (109 trucks),155000,16838,13104344.06,"$605,821.24"
Sol_011,239 S Main St,https://www.loopnet.com/Listing/239-S-Main-St-Brighton-CO/27424620/,"Brighton, CO 80601",0.31,250000.0,39.982905257485,-104.822555605705,5864.05,10000,L,58.64%,829,G&Z TRANSPORT LLC (147 trucks) | SIM TRUCKING INC (120 trucks) | ENVIRONMENTAL DESIGNS LLC (156 trucks) | BALIC TRANSPORT INC (120 trucks) | BURNCO COLORADO LLC (146 trucks) | WEST DIRECT OIL (140 trucks),155000,16838,13104344.06,"$250,000.00"
Sol_011,20th & Blake St,https://www.loopnet.com/Listing/20th-Blake-St-Land-Denver-CO/26158810/,"Denver, CO 80205",0.32,1320000.0,39.754299409573,-104.994304825083,7770.22,10000,L,77.70%,1005,RES (149 trucks) | MPLX G&P (144 trucks) | CONCRETE EXPRESS INC (128 trucks) | COORS DISTRIBUTING COMPANY MILLER COORS LLC (105 trucks) | NAVAJO EXPRESS INC (309 trucks) | COMPASS VEHICLE RENTAL INC (170 trucks),155000,16838,13104344.06,"$1,320,000.00"
Sol_011,1560 N Academy Blvd,https://www.loopnet.com/Listing/1560-N-Academy-Blvd-Colorado-Springs-CO/3886433/,"Colorado Springs, CO 80909",0.64,416700.0,38.854776988204,-104.75774002483,5689.619999999999,10000,L,56.90%,1031,COLORADO SPRINGS SCHOOL DISTRICT 11 (130 trucks) | MOUNTAIN METROPOLITAN TRANSIT (144 trucks) | CITY OF COLORADO SPRINGS (326 trucks) | El PASO COUNTY (112 trucks) | GOODWILL OF COLORADO (134 trucks) | VECTRUS SYSTEMS CORPORATION (185 trucks),155000,16838,13104344.06,"$416,700.00"
Sol_011,3401 S Yosemite St,https://www.loopnet.com/Listing/3401-S-Yosemite-St-Denver-CO/39837277/,"Denver, CO 80231",0.64,675000.0,39.654049416843,-104.88550562639,19524.48,20000,XL,97.62%,2867,COMCAST (194 trucks) | SWINGLE TREE & LANDSCAPE CARE (135 trucks) | CITY LIGHT AND POWER INC (121 trucks) | WHEEL PROS LLC (182 trucks) | GLOBAL TRANSPORTATION LLC (442 trucks) | HBSCO DANS TRASH AT YOUR DISPOSAL (110 trucks) | CITY OF AURORA (271 trucks) | ORICA USA INC (215 trucks) | ENTERPRISE RENT-A-CAR NATIONAL RENT A CAR ALAMO RENT A CAR (421 trucks) | AURORA PUBLIC SCHOOLS (127 trucks) | METCO LANDSCAPING INC (226 trucks) | WAGNER EQUIPMENT CO (423 trucks),155000,16838,13104344.06,"$675,000.00"
Sol_011,4237 McWhinney Blvd,https://www.loopnet.com/Listing/4237-McWhinney-Blvd-Loveland-CO/23974785/,"Loveland, CO 80538",0.65,871347.9,40.408208389025,-105.017378025231,252.96,1000,XS,25.30%,109,LOVELAND MUNICIPALITY (109 trucks),155000,16838,13104344.06,"$871,347.90"
Sol_011,7300 W Jefferson Ave,https://www.loopnet.com/Listing/7300-W-Jefferson-Ave-Lakewood-CO/38419312/,"Lakewood, CO 80235",0.66,379999.0,39.649773884125,-105.079540805378,10536.92,20000,XL,52.68%,1415,QUALITY LOGISTICS INC (135 trucks) | KEESEN ENTERPRISES INC (263 trucks) | PROCAM SERVICES  (101 trucks) | JEFFCO SCHOOLS (274 trucks) | JEFFERSON COUNTY (120 trucks) | HOLCIM WCR INC (298 trucks) | PACIFIC SHIPPING & TRUCKING CO INC (109 trucks) | ENIVIRONMENTAL LANDWORKS COMPANY INC (115 trucks),155000,16838,13104344.06,"$379,999.00"
Sol_011,9190 W 84th Ave,https://www.loopnet.com/Listing/9190-W-84th-Ave-Arvada-CO/38160305/,"Arvada, CO 80005",0.67,499000.0,39.849854027782,-105.100317795342,7872.180000000001,10000,L,78.72%,1547,ALPINE MILLWORK COMPANY DBA ROCKY MOUNTAIN RELOAD (141 trucks) | CITY OF ARVADA (100 trucks) | GEOSTABILIZATION INTERNATIONAL LLC (155 trucks) | COLD FRONT (121 trucks) | SITEWISE LLC (145 trucks) | CITY OF THORNTON (208 trucks) | CITY OF THORNTON (174 trucks) | TRI-STATE GENERATION & TRANSMISSION ASSOCIATION INC (321 trucks) | ADAMS 12 FIVE STAR SCHOOLS (182 trucks),155000,16838,13104344.06,"$499,000.00"
Sol_011,NEC N Fairgrounds Ave,https://www.loopnet.com/Listing/NEC-N-Fairgrounds-Ave-Windsor-CO/29890025/,"Windsor, CO 80528",0.74,483449.0,40.437732372143,-104.982630626628,304.01,1000,XS,30.40%,131,LARIMER COUNTY (131 trucks),155000,16838,13104344.06,"$483,449.00"
Sol_011,11958 Lincoln Ave,https://www.loopnet.com/Listing/Lincoln-Ave-Parker-CO/39741118/,"Parker, CO 80138",0.86,495000.0,39.536519536914,-104.76116705724,13220.13,20000,XL,66.10%,1835,ACCELERATED SERVICES LLC (373 trucks) | AMERICAN FURNITURE WAREHOUSE CO (340 trucks) | TERRACARE ASSOCIATES LLC (156 trucks) | IHC SCOTT INC (214 trucks) | BUCKLEY POWDER CO (217 trucks) | CH2M OMI CH2MHILL JACOBS (183 trucks) | CHERRY CREEK SCHOOLS (352 trucks),155000,16838,13104344.06,"$495,000.00"
Sol_011,2450 Curtis St,https://www.loopnet.com/Listing/2450-Curtis-St-Denver-CO/34878162/,"Denver, CO 80205",0.93,1930000.0,39.755035173034,-104.984190298703,19295.64,20000,XL,96.48%,2557,WASTE CONNECTIONS OF COLORADO INC (486 trucks) | U S TRANSPORT INC (200 trucks) | SURESHOT DRILLING LLC ATOZ FIELD SERVICES LLC DRILL TECH LLC PINNACLE DEVELOPMENT INC HDD SPECIALISTS LLC (135 trucks) | EAGLE ROCK DISTRIBUTING COMPANY OF COLORADO LLC (148 trucks) | RMS CRANES (139 trucks) | WESTERN DISTRIBUTING TRANSPORTATION CORP (155 trucks) | SUPERSHUTTLE DENVER (125 trucks) | UNITED SITE SERVICES OF NEVADA INC (409 trucks) | UNITED SITE SERVICES OF COLORADO INC (147 trucks) | READY MIX CONCRETE COMPANY (191 trucks) | COCAL LANDSCAPE SERVICES INC (153 trucks) | OFFEN PETROLEUM LLC (269 trucks),155000,16838,13104344.06,"$1,930,000.00"
Sol_011,NWQ Highway 119 and I-25,https://www.loopnet.com/Listing/NWQ-Highway-119-and-I-25-Firestone-CO/31431092/,"Firestone, CO 80504",1.28,949000.0,40.160746988915,-104.978709958949,3529.55,5000,M,70.59%,606,WARD ELECTRIC COMPANY INC (222 trucks) | HEAT WAVES HOT OIL SERVICE LLC (201 trucks) | SUPREME TRANSPORT INC (183 trucks),155000,16838,13104344.06,"$949,000.00"
Sol_011,13987 Foster ct,https://www.loopnet.com/Listing/13987-Foster-ct-Longmont-CO/34579366/,"Longmont, CO 80504",1.42,1370019.92,40.140476603851,-105.119700024426,1399.2,2000,S,69.96%,385,CITY OF LONGMONT (211 trucks) | ST VRAIN VALLEY SCHOOL DISTRICT (174 trucks),155000,16838,13104344.06,"$1,370,019.92"
Sol_011,765 Aspen Ridge Drive Dr,https://www.loopnet.com/Listing/765-Aspen-Ridge-Drive-Dr-Lafayette-CO/32931931/,"Lafayette, CO 80026",1.43,556000.0,40.006898203868,-105.107210150504,4585.06,5000,M,91.70%,619,BOULDER VALLEY SCHOOL DISTRICT RE-2 (134 trucks) | VIA MOBILITY SERVICES (196 trucks) | VIA MOBILITY SERVICES (116 trucks) | CU (173 trucks),155000,16838,13104344.06,"$556,000.00"
Sol_011,E Harmony & Lady Moon Dr,https://www.loopnet.com/Listing/E-Harmony-Lady-Moon-Dr-Fort-Collins-CO/11217719/,"Fort Collins, CO 80528",2.2,1054007.0,40.523221679275,-105.010799488523,5618.16,10000,L,56.18%,972,NOVUS AG LLC (444 trucks) | CITY OF FORT COLLINS (285 trucks) | Poudre School District  (243 trucks),155000,16838,13104344.06,"$1,054,007.00"
Sol_012,2544 11th Ave,https://www.loopnet.com/Listing/2544-11th-Ave-Greeley-CO/35100267/,"Greeley, CO 80631",0.15,350000.0,40.395690645275,-104.69657283495,336.5,1000,XS,33.65%,145,WELD COUNTY PUBLIC WORKS DEPARTMENT (145 trucks),167000,17052,13115853.06,"$350,000.00"
Sol_012,831 N Clarkson St,https://www.loopnet.com/Listing/831-N-Clarkson-St-Denver-CO/38142797/,"Denver, CO 80218",0.18,899000.0,39.729919009716,-104.977904960968,4580.9400000000005,5000,M,91.62%,521,FARMERS ALL NATURAL (121 trucks) | CO TRAN LLC (275 trucks) | SUPERSHUTTLE DENVER (125 trucks),167000,17052,13115853.06,"$899,000.00"
Sol_012,422 Perry St,https://www.loopnet.com/Listing/422-Perry-St-Castle-Rock-CO/38421711/,"Castle Rock, CO 80104",0.24,605821.24,39.374148794158,-104.858322527659,2577.81,5000,M,51.56%,389,GREAT SOUTHWESTERN CONSTRUCTION INC (280 trucks) | TOWN OF CASTLE ROCK  (109 trucks),167000,17052,13115853.06,"$605,821.24"
Sol_012,239 S Main St,https://www.loopnet.com/Listing/239-S-Main-St-Brighton-CO/27424620/,"Brighton, CO 80601",0.31,250000.0,39.982905257485,-104.822555605705,3986.53,5000,M,79.73%,543,G&Z TRANSPORT LLC (147 trucks) | SIM TRUCKING INC (120 trucks) | ENVIRONMENTAL DESIGNS LLC (156 trucks) | BALIC TRANSPORT INC (120 trucks),167000,17052,13115853.06,"$250,000.00"
Sol_012,20th & Blake St,https://www.loopnet.com/Listing/20th-Blake-St-Land-Denver-CO/26158810/,"Denver, CO 80205",0.32,1320000.0,39.754299409573,-104.994304825083,7615.27,10000,L,76.15%,1147,RES (149 trucks) | MPLX G&P (144 trucks) | CONCRETE EXPRESS INC (128 trucks) | COMPASS VEHICLE RENTAL INC (170 trucks) | UNITED SITE SERVICES OF NEVADA INC (409 trucks) | UNITED SITE SERVICES OF COLORADO INC (147 trucks),167000,17052,13115853.06,"$1,320,000.00"
Sol_012,1560 N Academy Blvd,https://www.loopnet.com/Listing/1560-N-Academy-Blvd-Colorado-Springs-CO/3886433/,"Colorado Springs, CO 80909",0.64,416700.0,38.854776988204,-104.75774002483,5689.619999999999,10000,L,56.90%,1031,COLORADO SPRINGS SCHOOL DISTRICT 11 (130 trucks) | MOUNTAIN METROPOLITAN TRANSIT (144 trucks) | CITY OF COLORADO SPRINGS (326 trucks) | El PASO COUNTY (112 trucks) | GOODWILL OF COLORADO (134 trucks) | VECTRUS SYSTEMS CORPORATION (185 trucks),167000,17052,13115853.06,"$416,700.00"
Sol_012,3401 S Yosemite St,https://www.loopnet.com/Listing/3401-S-Yosemite-St-Denver-CO/39837277/,"Denver, CO 80231",0.64,675000.0,39.654049416843,-104.88550562639,19524.48,20000,XL,97.62%,2867,COMCAST (194 trucks) | SWINGLE TREE & LANDSCAPE CARE (135 trucks) | CITY LIGHT AND POWER INC (121 trucks) | WHEEL PROS LLC (182 trucks) | GLOBAL TRANSPORTATION LLC (442 trucks) | HBSCO DANS TRASH AT YOUR DISPOSAL (110 trucks) | CITY OF AURORA (271 trucks) | ORICA USA INC (215 trucks) | ENTERPRISE RENT-A-CAR NATIONAL RENT A CAR ALAMO RENT A CAR (421 trucks) | AURORA PUBLIC SCHOOLS (127 trucks) | METCO LANDSCAPING INC (226 trucks) | WAGNER EQUIPMENT CO (423 trucks),167000,17052,13115853.06,"$675,000.00"
Sol_012,4237 McWhinney Blvd,https://www.loopnet.com/Listing/4237-McWhinney-Blvd-Loveland-CO/23974785/,"Loveland, CO 80538",0.65,871347.9,40.408208389025,-105.017378025231,252.96,1000,XS,25.30%,109,LOVELAND MUNICIPALITY (109 trucks),167000,17052,13115853.06,"$871,347.90"
Sol_012,7300 W Jefferson Ave,https://www.loopnet.com/Listing/7300-W-Jefferson-Ave-Lakewood-CO/38419312/,"Lakewood, CO 80235",0.66,379999.0,39.649773884125,-105.079540805378,10536.92,20000,XL,52.68%,1415,QUALITY LOGISTICS INC (135 trucks) | KEESEN ENTERPRISES INC (263 trucks) | PROCAM SERVICES  (101 trucks) | JEFFCO SCHOOLS (274 trucks) | JEFFERSON COUNTY (120 trucks) | HOLCIM WCR INC (298 trucks) | PACIFIC SHIPPING & TRUCKING CO INC (109 trucks) | ENIVIRONMENTAL LANDWORKS COMPANY INC (115 trucks),167000,17052,13115853.06,"$379,999.00"
Sol_012,9190 W 84th Ave,https://www.loopnet.com/Listing/9190-W-84th-Ave-Arvada-CO/38160305/,"Arvada, CO 80005",0.67,499000.0,39.849854027782,-105.100317795342,3378.81,5000,M,67.58%,541,ALPINE MILLWORK COMPANY DBA ROCKY MOUNTAIN RELOAD (141 trucks) | CITY OF ARVADA (100 trucks) | GEOSTABILIZATION INTERNATIONAL LLC (155 trucks) | SITEWISE LLC (145 trucks),167000,17052,13115853.06,"$499,000.00"
Sol_012,NEC N Fairgrounds Ave,https://www.loopnet.com/Listing/NEC-N-Fairgrounds-Ave-Windsor-CO/29890025/,"Windsor, CO 80528",0.74,483449.0,40.437732372143,-104.982630626628,304.01,1000,XS,30.40%,131,LARIMER COUNTY (131 trucks),167000,17052,13115853.06,"$483,449.00"
Sol_012,11958 Lincoln Ave,https://www.loopnet.com/Listing/Lincoln-Ave-Parker-CO/39741118/,"Parker, CO 80138",0.86,495000.0,39.536519536914,-104.76116705724,13220.13,20000,XL,66.10%,1835,ACCELERATED SERVICES LLC (373 trucks) | AMERICAN FURNITURE WAREHOUSE CO (340 trucks) | TERRACARE ASSOCIATES LLC (156 trucks) | IHC SCOTT INC (214 trucks) | BUCKLEY POWDER CO (217 trucks) | CH2M OMI CH2MHILL JACOBS (183 trucks) | CHERRY CREEK SCHOOLS (352 trucks),167000,17052,13115853.06,"$495,000.00"
Sol_012,104th Ave,https://www.loopnet.com/Listing/104th-Ave-Commerce-City-CO/24131525/,"Commerce City, CO 80022",1.06,692509.0,39.88539386175,-104.707921614396,1998.73,2000,S,99.94%,214,SHAMROCK FOODS COMPANY (214 trucks),167000,17052,13115853.06,"$692,509.00"
Sol_012,2980 W 60th Ave,https://www.loopnet.com/Listing/2980-W-60th-Ave-Denver-CO/12107088/,"Denver, CO 80221",1.14,900000.0,39.805386957185,-105.022150208489,12875.779999999999,20000,XL,64.38%,1643,NAVAJO EXPRESS INC (309 trucks) | COORS DISTRIBUTING COMPANY MILLER COORS LLC (105 trucks) | COLD FRONT (121 trucks) | U S TRANSPORT INC (200 trucks) | SURESHOT DRILLING LLC ATOZ FIELD SERVICES LLC DRILL TECH LLC PINNACLE DEVELOPMENT INC HDD SPECIALISTS LLC (135 trucks) | EAGLE ROCK DISTRIBUTING COMPANY OF COLORADO LLC (148 trucks) | WASTE CONNECTIONS OF COLORADO INC (486 trucks) | RMS CRANES (139 trucks),167000,17052,13115853.06,"$900,000.00"
Sol_012,8850 Huron St,https://www.loopnet.com/Listing/8850-Huron-St-Thornton-CO/33061072/,"Thornton, CO 80260",1.26,349000.0,39.858426283979,-104.995662022846,11778.220000000001,20000,XL,58.89%,1939,CITY OF THORNTON (208 trucks) | CITY OF THORNTON (174 trucks) | COCAL LANDSCAPE SERVICES INC (153 trucks) | READY MIX CONCRETE COMPANY (191 trucks) | TRI-STATE GENERATION & TRANSMISSION ASSOCIATION INC (321 trucks) | WESTERN DISTRIBUTING TRANSPORTATION CORP (155 trucks) | OFFEN PETROLEUM LLC (269 trucks) | ADAMS 12 FIVE STAR SCHOOLS (182 trucks) | WEST DIRECT OIL (140 trucks) | BURNCO COLORADO LLC (146 trucks),167000,17052,13115853.06,"$349,000.00"
Sol_012,NWQ Highway 119 and I-25,https://www.loopnet.com/Listing/NWQ-Highway-119-and-I-25-Firestone-CO/31431092/,"Firestone, CO 80504",1.28,949000.0,40.160746988915,-104.978709958949,3529.55,5000,M,70.59%,606,WARD ELECTRIC COMPANY INC (222 trucks) | HEAT WAVES HOT OIL SERVICE LLC (201 trucks) | SUPREME TRANSPORT INC (183 trucks),167000,17052,13115853.06,"$949,000.00"
Sol_012,13987 Foster ct,https://www.loopnet.com/Listing/13987-Foster-ct-Longmont-CO/34579366/,"Longmont, CO 80504",1.42,1370019.92,40.140476603851,-105.119700024426,1399.2,2000,S,69.96%,385,CITY OF LONGMONT (211 trucks) | ST VRAIN VALLEY SCHOOL DISTRICT (174 trucks),167000,17052,13115853.06,"$1,370,019.92"
Sol_012,765 Aspen Ridge Drive Dr,https://www.loopnet.com/Listing/765-Aspen-Ridge-Drive-Dr-Lafayette-CO/32931931/,"Lafayette, CO 80026",1.43,556000.0,40.006898203868,-105.107210150504,4585.06,5000,M,91.70%,619,BOULDER VALLEY SCHOOL DISTRICT RE-2 (134 trucks) | VIA MOBILITY SERVICES (196 trucks) | VIA MOBILITY SERVICES (116 trucks) | CU (173 trucks),167000,17052,13115853.06,"$556,000.00"
Sol_012,E Harmony & Lady Moon Dr,https://www.loopnet.com/Listing/E-Harmony-Lady-Moon-Dr-Fort-Collins-CO/11217719/,"Fort Collins, CO 80528",2.2,1054007.0,40.523221679275,-105.010799488523,5618.16,10000,L,56.18%,972,NOVUS AG LLC (444 trucks) | CITY OF FORT COLLINS (285 trucks) | Poudre School District  (243 trucks),167000,17052,13115853.06,"$1,054,007.00"
Sol_013,2544 11th Ave,https://www.loopnet.com/Listing/2544-11th-Ave-Greeley-CO/35100267/,"Greeley, CO 80631",0.15,350000.0,40.395690645275,-104.69657283495,336.5,1000,XS,33.65%,145,WELD COUNTY PUBLIC WORKS DEPARTMENT (145 trucks),125000,14161,10848344.06,"$350,000.00"
Sol_013,831 N Clarkson St,https://www.loopnet.com/Listing/831-N-Clarkson-St-Denver-CO/38142797/,"Denver, CO 80218",0.18,899000.0,39.729919009716,-104.977904960968,4580.9400000000005,5000,M,91.62%,521,FARMERS ALL NATURAL (121 trucks) | CO TRAN LLC (275 trucks) | SUPERSHUTTLE DENVER (125 trucks),125000,14161,10848344.06,"$899,000.00"
Sol_013,422 Perry St,https://www.loopnet.com/Listing/422-Perry-St-Castle-Rock-CO/38421711/,"Castle Rock, CO 80104",0.24,605821.24,39.374148794158,-104.858322527659,2577.81,5000,M,51.56%,389,GREAT SOUTHWESTERN CONSTRUCTION INC (280 trucks) | TOWN OF CASTLE ROCK  (109 trucks),125000,14161,10848344.06,"$605,821.24"
Sol_013,239 S Main St,https://www.loopnet.com/Listing/239-S-Main-St-Brighton-CO/27424620/,"Brighton, CO 80601",0.31,250000.0,39.982905257485,-104.822555605705,3986.53,5000,M,79.73%,543,G&Z TRANSPORT LLC (147 trucks) | SIM TRUCKING INC (120 trucks) | ENVIRONMENTAL DESIGNS LLC (156 trucks) | BALIC TRANSPORT INC (120 trucks),125000,14161,10848344.06,"$250,000.00"
Sol_013,20th & Blake St,https://www.loopnet.com/Listing/20th-Blake-St-Land-Denver-CO/26158810/,"Denver, CO 80205",0.32,1320000.0,39.754299409573,-104.994304825083,9694.1,10000,L,96.94%,1382,RES (149 trucks) | MPLX G&P (144 trucks) | CONCRETE EXPRESS INC (128 trucks) | COORS DISTRIBUTING COMPANY MILLER COORS LLC (105 trucks) | U S TRANSPORT INC (200 trucks) | WASTE CONNECTIONS OF COLORADO INC (486 trucks) | COMPASS VEHICLE RENTAL INC (170 trucks),125000,14161,10848344.06,"$1,320,000.00"
Sol_013,1560 N Academy Blvd,https://www.loopnet.com/Listing/1560-N-Academy-Blvd-Colorado-Springs-CO/3886433/,"Colorado Springs, CO 80909",0.64,416700.0,38.854776988204,-104.75774002483,5689.619999999999,10000,L,56.90%,1031,COLORADO SPRINGS SCHOOL DISTRICT 11 (130 trucks) | MOUNTAIN METROPOLITAN TRANSIT (144 trucks) | CITY OF COLORADO SPRINGS (326 trucks) | El PASO COUNTY (112 trucks) | GOODWILL OF COLORADO (134 trucks) | VECTRUS SYSTEMS CORPORATION (185 trucks),125000,14161,10848344.06,"$416,700.00"
Sol_013,4237 McWhinney Blvd,https://www.loopnet.com/Listing/4237-McWhinney-Blvd-Loveland-CO/23974785/,"Loveland, CO 80538",0.65,871347.9,40.408208389025,-105.017378025231,252.96,1000,XS,25.30%,109,LOVELAND MUNICIPALITY (109 trucks),125000,14161,10848344.06,"$871,347.90"
Sol_013,7300 W Jefferson Ave,https://www.loopnet.com/Listing/7300-W-Jefferson-Ave-Lakewood-CO/38419312/,"Lakewood, CO 80235",0.66,379999.0,39.649773884125,-105.079540805378,10536.92,20000,XL,52.68%,1415,QUALITY LOGISTICS INC (135 trucks) | KEESEN ENTERPRISES INC (263 trucks) | PROCAM SERVICES  (101 trucks) | JEFFCO SCHOOLS (274 trucks) | JEFFERSON COUNTY (120 trucks) | HOLCIM WCR INC (298 trucks) | PACIFIC SHIPPING & TRUCKING CO INC (109 trucks) | ENIVIRONMENTAL LANDWORKS COMPANY INC (115 trucks),125000,14161,10848344.06,"$379,999.00"
Sol_013,9190 W 84th Ave,https://www.loopnet.com/Listing/9190-W-84th-Ave-Arvada-CO/38160305/,"Arvada, CO 80005",0.67,499000.0,39.849854027782,-105.100317795342,3378.81,5000,M,67.58%,541,ALPINE MILLWORK COMPANY DBA ROCKY MOUNTAIN RELOAD (141 trucks) | CITY OF ARVADA (100 trucks) | GEOSTABILIZATION INTERNATIONAL LLC (155 trucks) | SITEWISE LLC (145 trucks),125000,14161,10848344.06,"$499,000.00"
Sol_013,NEC N Fairgrounds Ave,https://www.loopnet.com/Listing/NEC-N-Fairgrounds-Ave-Windsor-CO/29890025/,"Windsor, CO 80528",0.74,483449.0,40.437732372143,-104.982630626628,304.01,1000,XS,30.40%,131,LARIMER COUNTY (131 trucks),125000,14161,10848344.06,"$483,449.00"
Sol_013,11958 Lincoln Ave,https://www.loopnet.com/Listing/Lincoln-Ave-Parker-CO/39741118/,"Parker, CO 80138",0.86,495000.0,39.536519536914,-104.76116705724,18264.289999999997,20000,XL,91.32%,2581,ACCELERATED SERVICES LLC (373 trucks) | AMERICAN FURNITURE WAREHOUSE CO (340 trucks) | TERRACARE ASSOCIATES LLC (156 trucks) | IHC SCOTT INC (214 trucks) | BUCKLEY POWDER CO (217 trucks) | CH2M OMI CH2MHILL JACOBS (183 trucks) | ORICA USA INC (215 trucks) | CHERRY CREEK SCHOOLS (352 trucks) | HBSCO DANS TRASH AT YOUR DISPOSAL (110 trucks) | ENTERPRISE RENT-A-CAR NATIONAL RENT A CAR ALAMO RENT A CAR (421 trucks),125000,14161,10848344.06,"$495,000.00"
Sol_013,8850 Huron St,https://www.loopnet.com/Listing/8850-Huron-St-Thornton-CO/33061072/,"Thornton, CO 80260",1.26,349000.0,39.858426283979,-104.995662022846,18972.29,20000,XL,94.86%,2791,CITY OF THORNTON (208 trucks) | CITY OF THORNTON (174 trucks) | COCAL LANDSCAPE SERVICES INC (153 trucks) | COLD FRONT (121 trucks) | READY MIX CONCRETE COMPANY (191 trucks) | NAVAJO EXPRESS INC (309 trucks) | TRI-STATE GENERATION & TRANSMISSION ASSOCIATION INC (321 trucks) | WESTERN DISTRIBUTING TRANSPORTATION CORP (155 trucks) | RMS CRANES (139 trucks) | SURESHOT DRILLING LLC ATOZ FIELD SERVICES LLC DRILL TECH LLC PINNACLE DEVELOPMENT INC HDD SPECIALISTS LLC (135 trucks) | EAGLE ROCK DISTRIBUTING COMPANY OF COLORADO LLC (148 trucks) | OFFEN PETROLEUM LLC (269 trucks) | ADAMS 12 FIVE STAR SCHOOLS (182 trucks) | WEST DIRECT OIL (140 trucks) | BURNCO COLORADO LLC (146 trucks),125000,14161,10848344.06,"$349,000.00"
Sol_013,NWQ Highway 119 and I-25,https://www.loopnet.com/Listing/NWQ-Highway-119-and-I-25-Firestone-CO/31431092/,"Firestone, CO 80504",1.28,949000.0,40.160746988915,-104.978709958949,3529.55,5000,M,70.59%,606,WARD ELECTRIC COMPANY INC (222 trucks) | HEAT WAVES HOT OIL SERVICE LLC (201 trucks) | SUPREME TRANSPORT INC (183 trucks),125000,14161,10848344.06,"$949,000.00"
Sol_013,13987 Foster ct,https://www.loopnet.com/Listing/13987-Foster-ct-Longmont-CO/34579366/,"Longmont, CO 80504",1.42,1370019.92,40.140476603851,-105.119700024426,1399.2,2000,S,69.96%,385,CITY OF LONGMONT (211 trucks) | ST VRAIN VALLEY SCHOOL DISTRICT (174 trucks),125000,14161,10848344.06,"$1,370,019.92"
Sol_013,765 Aspen Ridge Drive Dr,https://www.loopnet.com/Listing/765-Aspen-Ridge-Drive-Dr-Lafayette-CO/32931931/,"Lafayette, CO 80026",1.43,556000.0,40.006898203868,-105.107210150504,4585.06,5000,M,91.70%,619,BOULDER VALLEY SCHOOL DISTRICT RE-2 (134 trucks) | VIA MOBILITY SERVICES (196 trucks) | VIA MOBILITY SERVICES (116 trucks) | CU (173 trucks),125000,14161,10848344.06,"$556,000.00"
Sol_013,E Harmony & Lady Moon Dr,https://www.loopnet.com/Listing/E-Harmony-Lady-Moon-Dr-Fort-Collins-CO/11217719/,"Fort Collins, CO 80528",2.2,1054007.0,40.523221679275,-105.010799488523,5618.16,10000,L,56.18%,972,NOVUS AG LLC (444 trucks) | CITY OF FORT COLLINS (285 trucks) | Poudre School District  (243 trucks),125000,14161,10848344.06,"$1,054,007.00"
Sol_014,2544 11th Ave,https://www.loopnet.com/Listing/2544-11th-Ave-Greeley-CO/35100267/,"Greeley, CO 80631",0.15,350000.0,40.395690645275,-104.69657283495,336.5,1000,XS,33.65%,145,WELD COUNTY PUBLIC WORKS DEPARTMENT (145 trucks),135000,14748,11174344.06,"$350,000.00"
Sol_014,831 N Clarkson St,https://www.loopnet.com/Listing/831-N-Clarkson-St-Denver-CO/38142797/,"Denver, CO 80218",0.18,899000.0,39.729919009716,-104.977904960968,4580.9400000000005,5000,M,91.62%,521,FARMERS ALL NATURAL (121 trucks) | CO TRAN LLC (275 trucks) | SUPERSHUTTLE DENVER (125 trucks),135000,14748,11174344.06,"$899,000.00"
Sol_014,422 Perry St,https://www.loopnet.com/Listing/422-Perry-St-Castle-Rock-CO/38421711/,"Castle Rock, CO 80104",0.24,605821.24,39.374148794158,-104.858322527659,2577.81,5000,M,51.56%,389,GREAT SOUTHWESTERN CONSTRUCTION INC (280 trucks) | TOWN OF CASTLE ROCK  (109 trucks),135000,14748,11174344.06,"$605,821.24"
Sol_014,239 S Main St,https://www.loopnet.com/Listing/239-S-Main-St-Brighton-CO/27424620/,"Brighton, CO 80601",0.31,250000.0,39.982905257485,-104.822555605705,5864.05,10000,L,58.64%,829,G&Z TRANSPORT LLC (147 trucks) | SIM TRUCKING INC (120 trucks) | ENVIRONMENTAL DESIGNS LLC (156 trucks) | BALIC TRANSPORT INC (120 trucks) | BURNCO COLORADO LLC (146 trucks) | WEST DIRECT OIL (140 trucks),135000,14748,11174344.06,"$250,000.00"
Sol_014,20th & Blake St,https://www.loopnet.com/Listing/20th-Blake-St-Land-Denver-CO/26158810/,"Denver, CO 80205",0.32,1320000.0,39.754299409573,-104.994304825083,9307.460000000001,10000,L,93.07%,1347,RES (149 trucks) | MPLX G&P (144 trucks) | CONCRETE EXPRESS INC (128 trucks) | COORS DISTRIBUTING COMPANY MILLER COORS LLC (105 trucks) | U S TRANSPORT INC (200 trucks) | WASTE CONNECTIONS OF COLORADO INC (486 trucks) | SURESHOT DRILLING LLC ATOZ FIELD SERVICES LLC DRILL TECH LLC PINNACLE DEVELOPMENT INC HDD SPECIALISTS LLC (135 trucks),135000,14748,11174344.06,"$1,320,000.00"
Sol_014,1560 N Academy Blvd,https://www.loopnet.com/Listing/1560-N-Academy-Blvd-Colorado-Springs-CO/3886433/,"Colorado Springs, CO 80909",0.64,416700.0,38.854776988204,-104.75774002483,5689.619999999999,10000,L,56.90%,1031,COLORADO SPRINGS SCHOOL DISTRICT 11 (130 trucks) | MOUNTAIN METROPOLITAN TRANSIT (144 trucks) | CITY OF COLORADO SPRINGS (326 trucks) | El PASO COUNTY (112 trucks) | GOODWILL OF COLORADO (134 trucks) | VECTRUS SYSTEMS CORPORATION (185 trucks),135000,14748,11174344.06,"$416,700.00"
Sol_014,3401 S Yosemite St,https://www.loopnet.com/Listing/3401-S-Yosemite-St-Denver-CO/39837277/,"Denver, CO 80231",0.64,675000.0,39.654049416843,-104.88550562639,19524.48,20000,XL,97.62%,2867,COMCAST (194 trucks) | SWINGLE TREE & LANDSCAPE CARE (135 trucks) | CITY LIGHT AND POWER INC (121 trucks) | WHEEL PROS LLC (182 trucks) | GLOBAL TRANSPORTATION LLC (442 trucks) | HBSCO DANS TRASH AT YOUR DISPOSAL (110 trucks) | CITY OF AURORA (271 trucks) | ORICA USA INC (215 trucks) | ENTERPRISE RENT-A-CAR NATIONAL RENT A CAR ALAMO RENT A CAR (421 trucks) | AURORA PUBLIC SCHOOLS (127 trucks) | METCO LANDSCAPING INC (226 trucks) | WAGNER EQUIPMENT CO (423 trucks),135000,14748,11174344.06,"$675,000.00"
Sol_014,4237 McWhinney Blvd,https://www.loopnet.com/Listing/4237-McWhinney-Blvd-Loveland-CO/23974785/,"Loveland, CO 80538",0.65,871347.9,40.408208389025,-105.017378025231,252.96,1000,XS,25.30%,109,LOVELAND MUNICIPALITY (109 trucks),135000,14748,11174344.06,"$871,347.90"
Sol_014,7300 W Jefferson Ave,https://www.loopnet.com/Listing/7300-W-Jefferson-Ave-Lakewood-CO/38419312/,"Lakewood, CO 80235",0.66,379999.0,39.649773884125,-105.079540805378,10536.92,20000,XL,52.68%,1415,QUALITY LOGISTICS INC (135 trucks) | KEESEN ENTERPRISES INC (263 trucks) | PROCAM SERVICES  (101 trucks) | JEFFCO SCHOOLS (274 trucks) | JEFFERSON COUNTY (120 trucks) | HOLCIM WCR INC (298 trucks) | PACIFIC SHIPPING & TRUCKING CO INC (109 trucks) | ENIVIRONMENTAL LANDWORKS COMPANY INC (115 trucks),135000,14748,11174344.06,"$379,999.00"
Sol_014,9190 W 84th Ave,https://www.loopnet.com/Listing/9190-W-84th-Ave-Arvada-CO/38160305/,"Arvada, CO 80005",0.67,499000.0,39.849854027782,-105.100317795342,7872.180000000001,10000,L,78.72%,1547,ALPINE MILLWORK COMPANY DBA ROCKY MOUNTAIN RELOAD (141 trucks) | CITY OF ARVADA (100 trucks) | GEOSTABILIZATION INTERNATIONAL LLC (155 trucks) | COLD FRONT (121 trucks) | SITEWISE LLC (145 trucks) | CITY OF THORNTON (208 trucks) | CITY OF THORNTON (174 trucks) | TRI-STATE GENERATION & TRANSMISSION ASSOCIATION INC (321 trucks) | ADAMS 12 FIVE STAR SCHOOLS (182 trucks),135000,14748,11174344.06,"$499,000.00"
Sol_014,NEC N Fairgrounds Ave,https://www.loopnet.com/Listing/NEC-N-Fairgrounds-Ave-Windsor-CO/29890025/,"Windsor, CO 80528",0.74,483449.0,40.437732372143,-104.982630626628,304.01,1000,XS,30.40%,131,LARIMER COUNTY (131 trucks),135000,14748,11174344.06,"$483,449.00"
Sol_014,11958 Lincoln Ave,https://www.loopnet.com/Listing/Lincoln-Ave-Parker-CO/39741118/,"Parker, CO 80138",0.86,495000.0,39.536519536914,-104.76116705724,13220.13,20000,XL,66.10%,1835,ACCELERATED SERVICES LLC (373 trucks) | AMERICAN FURNITURE WAREHOUSE CO (340 trucks) | TERRACARE ASSOCIATES LLC (156 trucks) | IHC SCOTT INC (214 trucks) | BUCKLEY POWDER CO (217 trucks) | CH2M OMI CH2MHILL JACOBS (183 trucks) | CHERRY CREEK SCHOOLS (352 trucks),135000,14748,11174344.06,"$495,000.00"
Sol_014,NWQ Highway 119 and I-25,https://www.loopnet.com/Listing/NWQ-Highway-119-and-I-25-Firestone-CO/31431092/,"Firestone, CO 80504",1.28,949000.0,40.160746988915,-104.978709958949,3529.55,5000,M,70.59%,606,WARD ELECTRIC COMPANY INC (222 trucks) | HEAT WAVES HOT OIL SERVICE LLC (201 trucks) | SUPREME TRANSPORT INC (183 trucks),135000,14748,11174344.06,"$949,000.00"
Sol_014,13987 Foster ct,https://www.loopnet.com/Listing/13987-Foster-ct-Longmont-CO/34579366/,"Longmont, CO 80504",1.42,1370019.92,40.140476603851,-105.119700024426,1399.2,2000,S,69.96%,385,CITY OF LONGMONT (211 trucks) | ST VRAIN VALLEY SCHOOL DISTRICT (174 trucks),135000,14748,11174344.06,"$1,370,019.92"
Sol_014,765 Aspen Ridge Drive Dr,https://www.loopnet.com/Listing/765-Aspen-Ridge-Drive-Dr-Lafayette-CO/32931931/,"Lafayette, CO 80026",1.43,556000.0,40.006898203868,-105.107210150504,4585.06,5000,M,91.70%,619,BOULDER VALLEY SCHOOL DISTRICT RE-2 (134 trucks) | VIA MOBILITY SERVICES (196 trucks) | VIA MOBILITY SERVICES (116 trucks) | CU (173 trucks),135000,14748,11174344.06,"$556,000.00"
Sol_014,E Harmony & Lady Moon Dr,https://www.loopnet.com/Listing/E-Harmony-Lady-Moon-Dr-Fort-Collins-CO/11217719/,"Fort Collins, CO 80528",2.2,1054007.0,40.523221679275,-105.010799488523,5618.16,10000,L,56.18%,972,NOVUS AG LLC (444 trucks) | CITY OF FORT COLLINS (285 trucks) | Poudre School District  (243 trucks),135000,14748,11174344.06,"$1,054,007.00"
Sol_015,2544 11th Ave,https://www.loopnet.com/Listing/2544-11th-Ave-Greeley-CO/35100267/,"Greeley, CO 80631",0.15,350000.0,40.395690645275,-104.69657283495,336.5,1000,XS,33.65%,145,WELD COUNTY PUBLIC WORKS DEPARTMENT (145 trucks),152000,16569,12344344.06,"$350,000.00"
Sol_015,831 N Clarkson St,https://www.loopnet.com/Listing/831-N-Clarkson-St-Denver-CO/38142797/,"Denver, CO 80218",0.18,899000.0,39.729919009716,-104.977904960968,4580.9400000000005,5000,M,91.62%,521,FARMERS ALL NATURAL (121 trucks) | CO TRAN LLC (275 trucks) | SUPERSHUTTLE DENVER (125 trucks),152000,16569,12344344.06,"$899,000.00"
Sol_015,422 Perry St,https://www.loopnet.com/Listing/422-Perry-St-Castle-Rock-CO/38421711/,"Castle Rock, CO 80104",0.24,605821.24,39.374148794158,-104.858322527659,2577.81,5000,M,51.56%,389,GREAT SOUTHWESTERN CONSTRUCTION INC (280 trucks) | TOWN OF CASTLE ROCK  (109 trucks),152000,16569,12344344.06,"$605,821.24"
Sol_015,239 S Main St,https://www.loopnet.com/Listing/239-S-Main-St-Brighton-CO/27424620/,"Brighton, CO 80601",0.31,250000.0,39.982905257485,-104.822555605705,1694.9,2000,S,84.75%,267,G&Z TRANSPORT LLC (147 trucks) | SIM TRUCKING INC (120 trucks),152000,16569,12344344.06,"$250,000.00"
Sol_015,20th & Blake St,https://www.loopnet.com/Listing/20th-Blake-St-Land-Denver-CO/26158810/,"Denver, CO 80205",0.32,1320000.0,39.754299409573,-104.994304825083,7615.27,10000,L,76.15%,1147,RES (149 trucks) | MPLX G&P (144 trucks) | CONCRETE EXPRESS INC (128 trucks) | COMPASS VEHICLE RENTAL INC (170 trucks) | UNITED SITE SERVICES OF NEVADA INC (409 trucks) | UNITED SITE SERVICES OF COLORADO INC (147 trucks),152000,16569,12344344.06,"$1,320,000.00"
Sol_015,1560 N Academy Blvd,https://www.loopnet.com/Listing/1560-N-Academy-Blvd-Colorado-Springs-CO/3886433/,"Colorado Springs, CO 80909",0.64,416700.0,38.854776988204,-104.75774002483,5689.619999999999,10000,L,56.90%,1031,COLORADO SPRINGS SCHOOL DISTRICT 11 (130 trucks) | MOUNTAIN METROPOLITAN TRANSIT (144 trucks) | CITY OF COLORADO SPRINGS (326 trucks) | El PASO COUNTY (112 trucks) | GOODWILL OF COLORADO (134 trucks) | VECTRUS SYSTEMS CORPORATION (185 trucks),152000,16569,12344344.06,"$416,700.00"
Sol_015,3401 S Yosemite St,https://www.loopnet.com/Listing/3401-S-Yosemite-St-Denver-CO/39837277/,"Denver, CO 80231",0.64,675000.0,39.654049416843,-104.88550562639,19524.48,20000,XL,97.62%,2867,COMCAST (194 trucks) | SWINGLE TREE & LANDSCAPE CARE (135 trucks) | CITY LIGHT AND POWER INC (121 trucks) | WHEEL PROS LLC (182 trucks) | GLOBAL TRANSPORTATION LLC (442 trucks) | HBSCO DANS TRASH AT YOUR DISPOSAL (110 trucks) | CITY OF AURORA (271 trucks) | ORICA USA INC (215 trucks) | ENTERPRISE RENT-A-CAR NATIONAL RENT A CAR ALAMO RENT A CAR (421 trucks) | AURORA PUBLIC SCHOOLS (127 trucks) | METCO LANDSCAPING INC (226 trucks) | WAGNER EQUIPMENT CO (423 trucks),152000,16569,12344344.06,"$675,000.00"
Sol_015,4237 McWhinney Blvd,https://www.loopnet.com/Listing/4237-McWhinney-Blvd-Loveland-CO/23974785/,"Loveland, CO 80538",0.65,871347.9,40.408208389025,-105.017378025231,252.96,1000,XS,25.30%,109,LOVELAND MUNICIPALITY (109 trucks),152000,16569,12344344.06,"$871,347.90"
Sol_015,7300 W Jefferson Ave,https://www.loopnet.com/Listing/7300-W-Jefferson-Ave-Lakewood-CO/38419312/,"Lakewood, CO 80235",0.66,379999.0,39.649773884125,-105.079540805378,10536.92,20000,XL,52.68%,1415,QUALITY LOGISTICS INC (135 trucks) | KEESEN ENTERPRISES INC (263 trucks) | PROCAM SERVICES  (101 trucks) | JEFFCO SCHOOLS (274 trucks) | JEFFERSON COUNTY (120 trucks) | HOLCIM WCR INC (298 trucks) | PACIFIC SHIPPING & TRUCKING CO INC (109 trucks) | ENIVIRONMENTAL LANDWORKS COMPANY INC (115 trucks),152000,16569,12344344.06,"$379,999.00"
Sol_015,9190 W 84th Ave,https://www.loopnet.com/Listing/9190-W-84th-Ave-Arvada-CO/38160305/,"Arvada, CO 80005",0.67,499000.0,39.849854027782,-105.100317795342,4904.2,5000,M,98.08%,862,ALPINE MILLWORK COMPANY DBA ROCKY MOUNTAIN RELOAD (141 trucks) | CITY OF ARVADA (100 trucks) | GEOSTABILIZATION INTERNATIONAL LLC (155 trucks) | SITEWISE LLC (145 trucks) | TRI-STATE GENERATION & TRANSMISSION ASSOCIATION INC (321 trucks),152000,16569,12344344.06,"$499,000.00"
Sol_015,10431 Quari St,https://www.loopnet.com/Listing/10431-Quari-St-Commerce-City-CO/29119294/,"Commerce City, CO 80022",0.72,270000.0,39.886267655476,-104.844980046547,5120.5,10000,L,51.20%,744,ENVIRONMENTAL DESIGNS LLC (156 trucks) | BALIC TRANSPORT INC (120 trucks) | BURNCO COLORADO LLC (146 trucks) | WEST DIRECT OIL (140 trucks) | ADAMS 12 FIVE STAR SCHOOLS (182 trucks),152000,16569,12344344.06,"$270,000.00"
Sol_015,NEC N Fairgrounds Ave,https://www.loopnet.com/Listing/NEC-N-Fairgrounds-Ave-Windsor-CO/29890025/,"Windsor, CO 80528",0.74,483449.0,40.437732372143,-104.982630626628,304.01,1000,XS,30.40%,131,LARIMER COUNTY (131 trucks),152000,16569,12344344.06,"$483,449.00"
Sol_015,11958 Lincoln Ave,https://www.loopnet.com/Listing/Lincoln-Ave-Parker-CO/39741118/,"Parker, CO 80138",0.86,495000.0,39.536519536914,-104.76116705724,13220.13,20000,XL,66.10%,1835,ACCELERATED SERVICES LLC (373 trucks) | AMERICAN FURNITURE WAREHOUSE CO (340 trucks) | TERRACARE ASSOCIATES LLC (156 trucks) | IHC SCOTT INC (214 trucks) | BUCKLEY POWDER CO (217 trucks) | CH2M OMI CH2MHILL JACOBS (183 trucks) | CHERRY CREEK SCHOOLS (352 trucks),152000,16569,12344344.06,"$495,000.00"
Sol_015,2980 W 60th Ave,https://www.loopnet.com/Listing/2980-W-60th-Ave-Denver-CO/12107088/,"Denver, CO 80221",1.14,900000.0,39.805386957185,-105.022150208489,18066.22,20000,XL,90.33%,2524,NAVAJO EXPRESS INC (309 trucks) | COORS DISTRIBUTING COMPANY MILLER COORS LLC (105 trucks) | COLD FRONT (121 trucks) | U S TRANSPORT INC (200 trucks) | SURESHOT DRILLING LLC ATOZ FIELD SERVICES LLC DRILL TECH LLC PINNACLE DEVELOPMENT INC HDD SPECIALISTS LLC (135 trucks) | EAGLE ROCK DISTRIBUTING COMPANY OF COLORADO LLC (148 trucks) | COCAL LANDSCAPE SERVICES INC (153 trucks) | WASTE CONNECTIONS OF COLORADO INC (486 trucks) | RMS CRANES (139 trucks) | WESTERN DISTRIBUTING TRANSPORTATION CORP (155 trucks) | READY MIX CONCRETE COMPANY (191 trucks) | CITY OF THORNTON (208 trucks) | CITY OF THORNTON (174 trucks),152000,16569,12344344.06,"$900,000.00"
Sol_015,NWQ Highway 119 and I-25,https://www.loopnet.com/Listing/NWQ-Highway-119-and-I-25-Firestone-CO/31431092/,"Firestone, CO 80504",1.28,949000.0,40.160746988915,-104.978709958949,3529.55,5000,M,70.59%,606,WARD ELECTRIC COMPANY INC (222 trucks) | HEAT WAVES HOT OIL SERVICE LLC (201 trucks) | SUPREME TRANSPORT INC (183 trucks),152000,16569,12344344.06,"$949,000.00"
Sol_015,13987 Foster ct,https://www.loopnet.com/Listing/13987-Foster-ct-Longmont-CO/34579366/,"Longmont, CO 80504",1.42,1370019.92,40.140476603851,-105.119700024426,1399.2,2000,S,69.96%,385,CITY OF LONGMONT (211 trucks) | ST VRAIN VALLEY SCHOOL DISTRICT (174 trucks),152000,16569,12344344.06,"$1,370,019.92"
Sol_015,765 Aspen Ridge Drive Dr,https://www.loopnet.com/Listing/765-Aspen-Ridge-Drive-Dr-Lafayette-CO/32931931/,"Lafayette, CO 80026",1.43,556000.0,40.006898203868,-105.107210150504,4585.06,5000,M,91.70%,619,BOULDER VALLEY SCHOOL DISTRICT RE-2 (134 trucks) | VIA MOBILITY SERVICES (196 trucks) | VIA MOBILITY SERVICES (116 trucks) | CU (173 trucks),152000,16569,12344344.06,"$556,000.00"
Sol_015,E Harmony & Lady Moon Dr,https://www.loopnet.com/Listing/E-Harmony-Lady-Moon-Dr-Fort-Collins-CO/11217719/,"Fort Collins, CO 80528",2.2,1054007.0,40.523221679275,-105.010799488523,5618.16,10000,L,56.18%,972,NOVUS AG LLC (444 trucks) | CITY OF FORT COLLINS (285 trucks) | Poudre School District  (243 trucks),152000,16569,12344344.06,"$1,054,007.00"
Sol_016,2544 11th Ave,https://www.loopnet.com/Listing/2544-11th-Ave-Greeley-CO/35100267/,"Greeley, CO 80631",0.15,350000.0,40.395690645275,-104.69657283495,336.5,1000,XS,33.65%,145,WELD COUNTY PUBLIC WORKS DEPARTMENT (145 trucks),145000,16496,11970034.450000001,"$350,000.00"
Sol_016,831 N Clarkson St,https://www.loopnet.com/Listing/831-N-Clarkson-St-Denver-CO/38142797/,"Denver, CO 80218",0.18,899000.0,39.729919009716,-104.977904960968,4580.9400000000005,5000,M,91.62%,521,FARMERS ALL NATURAL (121 trucks) | CO TRAN LLC (275 trucks) | SUPERSHUTTLE DENVER (125 trucks),145000,16496,11970034.450000001,"$899,000.00"
Sol_016,422 Perry St,https://www.loopnet.com/Listing/422-Perry-St-Castle-Rock-CO/38421711/,"Castle Rock, CO 80104",0.24,605821.24,39.374148794158,-104.858322527659,2577.81,5000,M,51.56%,389,GREAT SOUTHWESTERN CONSTRUCTION INC (280 trucks) | TOWN OF CASTLE ROCK  (109 trucks),145000,16496,11970034.450000001,"$605,821.24"
Sol_016,239 S Main St,https://www.loopnet.com/Listing/239-S-Main-St-Brighton-CO/27424620/,"Brighton, CO 80601",0.31,250000.0,39.982905257485,-104.822555605705,3986.53,5000,M,79.73%,543,G&Z TRANSPORT LLC (147 trucks) | SIM TRUCKING INC (120 trucks) | ENVIRONMENTAL DESIGNS LLC (156 trucks) | BALIC TRANSPORT INC (120 trucks),145000,16496,11970034.450000001,"$250,000.00"
Sol_016,20th & Blake St,https://www.loopnet.com/Listing/20th-Blake-St-Land-Denver-CO/26158810/,"Denver, CO 80205",0.32,1320000.0,39.754299409573,-104.994304825083,9694.1,10000,L,96.94%,1382,RES (149 trucks) | MPLX G&P (144 trucks) | CONCRETE EXPRESS INC (128 trucks) | COORS DISTRIBUTING COMPANY MILLER COORS LLC (105 trucks) | U S TRANSPORT INC (200 trucks) | WASTE CONNECTIONS OF COLORADO INC (486 trucks) | COMPASS VEHICLE RENTAL INC (170 trucks),145000,16496,11970034.450000001,"$1,320,000.00"
Sol_016,1560 N Academy Blvd,https://www.loopnet.com/Listing/1560-N-Academy-Blvd-Colorado-Springs-CO/3886433/,"Colorado Springs, CO 80909",0.64,416700.0,38.854776988204,-104.75774002483,5689.619999999999,10000,L,56.90%,1031,COLORADO SPRINGS SCHOOL DISTRICT 11 (130 trucks) | MOUNTAIN METROPOLITAN TRANSIT (144 trucks) | CITY OF COLORADO SPRINGS (326 trucks) | El PASO COUNTY (112 trucks) | GOODWILL OF COLORADO (134 trucks) | VECTRUS SYSTEMS CORPORATION (185 trucks),145000,16496,11970034.450000001,"$416,700.00"
Sol_016,4237 McWhinney Blvd,https://www.loopnet.com/Listing/4237-McWhinney-Blvd-Loveland-CO/23974785/,"Loveland, CO 80538",0.65,871347.9,40.408208389025,-105.017378025231,252.96,1000,XS,25.30%,109,LOVELAND MUNICIPALITY (109 trucks),145000,16496,11970034.450000001,"$871,347.90"
Sol_016,7300 W Jefferson Ave,https://www.loopnet.com/Listing/7300-W-Jefferson-Ave-Lakewood-CO/38419312/,"Lakewood, CO 80235",0.66,379999.0,39.649773884125,-105.079540805378,10536.92,20000,XL,52.68%,1415,QUALITY LOGISTICS INC (135 trucks) | KEESEN ENTERPRISES INC (263 trucks) | PROCAM SERVICES  (101 trucks) | JEFFCO SCHOOLS (274 trucks) | JEFFERSON COUNTY (120 trucks) | HOLCIM WCR INC (298 trucks) | PACIFIC SHIPPING & TRUCKING CO INC (109 trucks) | ENIVIRONMENTAL LANDWORKS COMPANY INC (115 trucks),145000,16496,11970034.450000001,"$379,999.00"
Sol_016,9190 W 84th Ave,https://www.loopnet.com/Listing/9190-W-84th-Ave-Arvada-CO/38160305/,"Arvada, CO 80005",0.67,499000.0,39.849854027782,-105.100317795342,3378.81,5000,M,67.58%,541,ALPINE MILLWORK COMPANY DBA ROCKY MOUNTAIN RELOAD (141 trucks) | CITY OF ARVADA (100 trucks) | GEOSTABILIZATION INTERNATIONAL LLC (155 trucks) | SITEWISE LLC (145 trucks),145000,16496,11970034.450000001,"$499,000.00"
Sol_016,NEC N Fairgrounds Ave,https://www.loopnet.com/Listing/NEC-N-Fairgrounds-Ave-Windsor-CO/29890025/,"Windsor, CO 80528",0.74,483449.0,40.437732372143,-104.982630626628,304.01,1000,XS,30.40%,131,LARIMER COUNTY (131 trucks),145000,16496,11970034.450000001,"$483,449.00"
Sol_016,11958 Lincoln Ave,https://www.loopnet.com/Listing/Lincoln-Ave-Parker-CO/39741118/,"Parker, CO 80138",0.86,495000.0,39.536519536914,-104.76116705724,18264.289999999997,20000,XL,91.32%,2581,ACCELERATED SERVICES LLC (373 trucks) | AMERICAN FURNITURE WAREHOUSE CO (340 trucks) | TERRACARE ASSOCIATES LLC (156 trucks) | IHC SCOTT INC (214 trucks) | BUCKLEY POWDER CO (217 trucks) | CH2M OMI CH2MHILL JACOBS (183 trucks) | ORICA USA INC (215 trucks) | CHERRY CREEK SCHOOLS (352 trucks) | HBSCO DANS TRASH AT YOUR DISPOSAL (110 trucks) | ENTERPRISE RENT-A-CAR NATIONAL RENT A CAR ALAMO RENT A CAR (421 trucks),145000,16496,11970034.450000001,"$495,000.00"
Sol_016,8850 Huron St,https://www.loopnet.com/Listing/8850-Huron-St-Thornton-CO/33061072/,"Thornton, CO 80260",1.26,349000.0,39.858426283979,-104.995662022846,18972.29,20000,XL,94.86%,2791,CITY OF THORNTON (208 trucks) | CITY OF THORNTON (174 trucks) | COCAL LANDSCAPE SERVICES INC (153 trucks) | COLD FRONT (121 trucks) | READY MIX CONCRETE COMPANY (191 trucks) | NAVAJO EXPRESS INC (309 trucks) | TRI-STATE GENERATION & TRANSMISSION ASSOCIATION INC (321 trucks) | WESTERN DISTRIBUTING TRANSPORTATION CORP (155 trucks) | RMS CRANES (139 trucks) | SURESHOT DRILLING LLC ATOZ FIELD SERVICES LLC DRILL TECH LLC PINNACLE DEVELOPMENT INC HDD SPECIALISTS LLC (135 trucks) | EAGLE ROCK DISTRIBUTING COMPANY OF COLORADO LLC (148 trucks) | OFFEN PETROLEUM LLC (269 trucks) | ADAMS 12 FIVE STAR SCHOOLS (182 trucks) | WEST DIRECT OIL (140 trucks) | BURNCO COLORADO LLC (146 trucks),145000,16496,11970034.450000001,"$349,000.00"
Sol_016,NWQ Highway 119 and I-25,https://www.loopnet.com/Listing/NWQ-Highway-119-and-I-25-Firestone-CO/31431092/,"Firestone, CO 80504",1.28,949000.0,40.160746988915,-104.978709958949,3529.55,5000,M,70.59%,606,WARD ELECTRIC COMPANY INC (222 trucks) | HEAT WAVES HOT OIL SERVICE LLC (201 trucks) | SUPREME TRANSPORT INC (183 trucks),145000,16496,11970034.450000001,"$949,000.00"
Sol_016,13987 Foster ct,https://www.loopnet.com/Listing/13987-Foster-ct-Longmont-CO/34579366/,"Longmont, CO 80504",1.42,1370019.92,40.140476603851,-105.119700024426,1399.2,2000,S,69.96%,385,CITY OF LONGMONT (211 trucks) | ST VRAIN VALLEY SCHOOL DISTRICT (174 trucks),145000,16496,11970034.450000001,"$1,370,019.92"
Sol_016,765 Aspen Ridge Drive Dr,https://www.loopnet.com/Listing/765-Aspen-Ridge-Drive-Dr-Lafayette-CO/32931931/,"Lafayette, CO 80026",1.43,556000.0,40.006898203868,-105.107210150504,4585.06,5000,M,91.70%,619,BOULDER VALLEY SCHOOL DISTRICT RE-2 (134 trucks) | VIA MOBILITY SERVICES (196 trucks) | VIA MOBILITY SERVICES (116 trucks) | CU (173 trucks),145000,16496,11970034.450000001,"$556,000.00"
Sol_016,150 S Potomac St,https://www.loopnet.com/Listing/150-S-Potomac-St-Aurora-CO/31718288/,"Aurora, CO 80012",1.69,1121690.39,39.714059275442,-104.827803431464,16479.05,20000,XL,82.40%,2335,CITY OF AURORA (271 trucks) | AURORA PUBLIC SCHOOLS (127 trucks) | METCO LANDSCAPING INC (226 trucks) | WAGNER EQUIPMENT CO (423 trucks) | SWINGLE TREE & LANDSCAPE CARE (135 trucks) | COMCAST (194 trucks) | SHAMROCK FOODS COMPANY (214 trucks) | CITY LIGHT AND POWER INC (121 trucks) | WHEEL PROS LLC (182 trucks) | GLOBAL TRANSPORTATION LLC (442 trucks),145000,16496,11970034.450000001,"$1,121,690.39"
Sol_016,E Harmony & Lady Moon Dr,https://www.loopnet.com/Listing/E-Harmony-Lady-Moon-Dr-Fort-Collins-CO/11217719/,"Fort Collins, CO 80528",2.2,1054007.0,40.523221679275,-105.010799488523,5618.16,10000,L,56.18%,972,NOVUS AG LLC (444 trucks) | CITY OF FORT COLLINS (285 trucks) | Poudre School District  (243 trucks),145000,16496,11970034.450000001,"$1,054,007.00"
Sol_017,2544 11th Ave,https://www.loopnet.com/Listing/2544-11th-Ave-Greeley-CO/35100267/,"Greeley, CO 80631",0.15,350000.0,40.395690645275,-104.69657283495,336.5,1000,XS,33.65%,145,WELD COUNTY PUBLIC WORKS DEPARTMENT (145 trucks),125000,14161,10848344.06,"$350,000.00"
Sol_017,831 N Clarkson St,https://www.loopnet.com/Listing/831-N-Clarkson-St-Denver-CO/38142797/,"Denver, CO 80218",0.18,899000.0,39.729919009716,-104.977904960968,4580.9400000000005,5000,M,91.62%,521,FARMERS ALL NATURAL (121 trucks) | CO TRAN LLC (275 trucks) | SUPERSHUTTLE DENVER (125 trucks),125000,14161,10848344.06,"$899,000.00"
Sol_017,422 Perry St,https://www.loopnet.com/Listing/422-Perry-St-Castle-Rock-CO/38421711/,"Castle Rock, CO 80104",0.24,605821.24,39.374148794158,-104.858322527659,2577.81,5000,M,51.56%,389,GREAT SOUTHWESTERN CONSTRUCTION INC (280 trucks) | TOWN OF CASTLE ROCK  (109 trucks),125000,14161,10848344.06,"$605,821.24"
Sol_017,239 S Main St,https://www.loopnet.com/Listing/239-S-Main-St-Brighton-CO/27424620/,"Brighton, CO 80601",0.31,250000.0,39.982905257485,-104.822555605705,3986.53,5000,M,79.73%,543,G&Z TRANSPORT LLC (147 trucks) | SIM TRUCKING INC (120 trucks) | ENVIRONMENTAL DESIGNS LLC (156 trucks) | BALIC TRANSPORT INC (120 trucks),125000,14161,10848344.06,"$250,000.00"
Sol_017,20th & Blake St,https://www.loopnet.com/Listing/20th-Blake-St-Land-Denver-CO/26158810/,"Denver, CO 80205",0.32,1320000.0,39.754299409573,-104.994304825083,9694.1,10000,L,96.94%,1382,RES (149 trucks) | MPLX G&P (144 trucks) | CONCRETE EXPRESS INC (128 trucks) | COORS DISTRIBUTING COMPANY MILLER COORS LLC (105 trucks) | U S TRANSPORT INC (200 trucks) | WASTE CONNECTIONS OF COLORADO INC (486 trucks) | COMPASS VEHICLE RENTAL INC (170 trucks),125000,14161,10848344.06,"$1,320,000.00"
Sol_017,1560 N Academy Blvd,https://www.loopnet.com/Listing/1560-N-Academy-Blvd-Colorado-Springs-CO/3886433/,"Colorado Springs, CO 80909",0.64,416700.0,38.854776988204,-104.75774002483,5689.619999999999,10000,L,56.90%,1031,COLORADO SPRINGS SCHOOL DISTRICT 11 (130 trucks) | MOUNTAIN METROPOLITAN TRANSIT (144 trucks) | CITY OF COLORADO SPRINGS (326 trucks) | El PASO COUNTY (112 trucks) | GOODWILL OF COLORADO (134 trucks) | VECTRUS SYSTEMS CORPORATION (185 trucks),125000,14161,10848344.06,"$416,700.00"
Sol_017,4237 McWhinney Blvd,https://www.loopnet.com/Listing/4237-McWhinney-Blvd-Loveland-CO/23974785/,"Loveland, CO 80538",0.65,871347.9,40.408208389025,-105.017378025231,252.96,1000,XS,25.30%,109,LOVELAND MUNICIPALITY (109 trucks),125000,14161,10848344.06,"$871,347.90"
Sol_017,7300 W Jefferson Ave,https://www.loopnet.com/Listing/7300-W-Jefferson-Ave-Lakewood-CO/38419312/,"Lakewood, CO 80235",0.66,379999.0,39.649773884125,-105.079540805378,10536.92,20000,XL,52.68%,1415,QUALITY LOGISTICS INC (135 trucks) | KEESEN ENTERPRISES INC (263 trucks) | PROCAM SERVICES  (101 trucks) | JEFFCO SCHOOLS (274 trucks) | JEFFERSON COUNTY (120 trucks) | HOLCIM WCR INC (298 trucks) | PACIFIC SHIPPING & TRUCKING CO INC (109 trucks) | ENIVIRONMENTAL LANDWORKS COMPANY INC (115 trucks),125000,14161,10848344.06,"$379,999.00"
Sol_017,9190 W 84th Ave,https://www.loopnet.com/Listing/9190-W-84th-Ave-Arvada-CO/38160305/,"Arvada, CO 80005",0.67,499000.0,39.849854027782,-105.100317795342,3378.81,5000,M,67.58%,541,ALPINE MILLWORK COMPANY DBA ROCKY MOUNTAIN RELOAD (141 trucks) | CITY OF ARVADA (100 trucks) | GEOSTABILIZATION INTERNATIONAL LLC (155 trucks) | SITEWISE LLC (145 trucks),125000,14161,10848344.06,"$499,000.00"
Sol_017,NEC N Fairgrounds Ave,https://www.loopnet.com/Listing/NEC-N-Fairgrounds-Ave-Windsor-CO/29890025/,"Windsor, CO 80528",0.74,483449.0,40.437732372143,-104.982630626628,304.01,1000,XS,30.40%,131,LARIMER COUNTY (131 trucks),125000,14161,10848344.06,"$483,449.00"
Sol_017,11958 Lincoln Ave,https://www.loopnet.com/Listing/Lincoln-Ave-Parker-CO/39741118/,"Parker, CO 80138",0.86,495000.0,39.536519536914,-104.76116705724,18264.289999999997,20000,XL,91.32%,2581,ACCELERATED SERVICES LLC (373 trucks) | AMERICAN FURNITURE WAREHOUSE CO (340 trucks) | TERRACARE ASSOCIATES LLC (156 trucks) | IHC SCOTT INC (214 trucks) | BUCKLEY POWDER CO (217 trucks) | CH2M OMI CH2MHILL JACOBS (183 trucks) | ORICA USA INC (215 trucks) | CHERRY CREEK SCHOOLS (352 trucks) | HBSCO DANS TRASH AT YOUR DISPOSAL (110 trucks) | ENTERPRISE RENT-A-CAR NATIONAL RENT A CAR ALAMO RENT A CAR (421 trucks),125000,14161,10848344.06,"$495,000.00"
Sol_017,8850 Huron St,https://www.loopnet.com/Listing/8850-Huron-St-Thornton-CO/33061072/,"Thornton, CO 80260",1.26,349000.0,39.858426283979,-104.995662022846,18972.29,20000,XL,94.86%,2791,CITY OF THORNTON (208 trucks) | CITY OF THORNTON (174 trucks) | COCAL LANDSCAPE SERVICES INC (153 trucks) | COLD FRONT (121 trucks) | READY MIX CONCRETE COMPANY (191 trucks) | NAVAJO EXPRESS INC (309 trucks) | TRI-STATE GENERATION & TRANSMISSION ASSOCIATION INC (321 trucks) | WESTERN DISTRIBUTING TRANSPORTATION CORP (155 trucks) | RMS CRANES (139 trucks) | SURESHOT DRILLING LLC ATOZ FIELD SERVICES LLC DRILL TECH LLC PINNACLE DEVELOPMENT INC HDD SPECIALISTS LLC (135 trucks) | EAGLE ROCK DISTRIBUTING COMPANY OF COLORADO LLC (148 trucks) | OFFEN PETROLEUM LLC (269 trucks) | ADAMS 12 FIVE STAR SCHOOLS (182 trucks) | WEST DIRECT OIL (140 trucks) | BURNCO COLORADO LLC (146 trucks),125000,14161,10848344.06,"$349,000.00"
Sol_017,NWQ Highway 119 and I-25,https://www.loopnet.com/Listing/NWQ-Highway-119-and-I-25-Firestone-CO/31431092/,"Firestone, CO 80504",1.28,949000.0,40.160746988915,-104.978709958949,3529.55,5000,M,70.59%,606,WARD ELECTRIC COMPANY INC (222 trucks) | HEAT WAVES HOT OIL SERVICE LLC (201 trucks) | SUPREME TRANSPORT INC (183 trucks),125000,14161,10848344.06,"$949,000.00"
Sol_017,13987 Foster ct,https://www.loopnet.com/Listing/13987-Foster-ct-Longmont-CO/34579366/,"Longmont, CO 80504",1.42,1370019.92,40.140476603851,-105.119700024426,1399.2,2000,S,69.96%,385,CITY OF LONGMONT (211 trucks) | ST VRAIN VALLEY SCHOOL DISTRICT (174 trucks),125000,14161,10848344.06,"$1,370,019.92"
Sol_017,765 Aspen Ridge Drive Dr,https://www.loopnet.com/Listing/765-Aspen-Ridge-Drive-Dr-Lafayette-CO/32931931/,"Lafayette, CO 80026",1.43,556000.0,40.006898203868,-105.107210150504,4585.06,5000,M,91.70%,619,BOULDER VALLEY SCHOOL DISTRICT RE-2 (134 trucks) | VIA MOBILITY SERVICES (196 trucks) | VIA MOBILITY SERVICES (116 trucks) | CU (173 trucks),125000,14161,10848344.06,"$556,000.00"
Sol_017,E Harmony & Lady Moon Dr,https://www.loopnet.com/Listing/E-Harmony-Lady-Moon-Dr-Fort-Collins-CO/11217719/,"Fort Collins, CO 80528",2.2,1054007.0,40.523221679275,-105.010799488523,5618.16,10000,L,56.18%,972,NOVUS AG LLC (444 trucks) | CITY OF FORT COLLINS (285 trucks) | Poudre School District  (243 trucks),125000,14161,10848344.06,"$1,054,007.00"
Sol_018,2544 11th Ave,https://www.loopnet.com/Listing/2544-11th-Ave-Greeley-CO/35100267/,"Greeley, CO 80631",0.15,350000.0,40.395690645275,-104.69657283495,336.5,1000,XS,33.65%,145,WELD COUNTY PUBLIC WORKS DEPARTMENT (145 trucks),135000,14962,11621034.450000001,"$350,000.00"
Sol_018,831 N Clarkson St,https://www.loopnet.com/Listing/831-N-Clarkson-St-Denver-CO/38142797/,"Denver, CO 80218",0.18,899000.0,39.729919009716,-104.977904960968,4580.9400000000005,5000,M,91.62%,521,FARMERS ALL NATURAL (121 trucks) | CO TRAN LLC (275 trucks) | SUPERSHUTTLE DENVER (125 trucks),135000,14962,11621034.450000001,"$899,000.00"
Sol_018,422 Perry St,https://www.loopnet.com/Listing/422-Perry-St-Castle-Rock-CO/38421711/,"Castle Rock, CO 80104",0.24,605821.24,39.374148794158,-104.858322527659,2577.81,5000,M,51.56%,389,GREAT SOUTHWESTERN CONSTRUCTION INC (280 trucks) | TOWN OF CASTLE ROCK  (109 trucks),135000,14962,11621034.450000001,"$605,821.24"
Sol_018,239 S Main St,https://www.loopnet.com/Listing/239-S-Main-St-Brighton-CO/27424620/,"Brighton, CO 80601",0.31,250000.0,39.982905257485,-104.822555605705,5864.05,10000,L,58.64%,829,G&Z TRANSPORT LLC (147 trucks) | SIM TRUCKING INC (120 trucks) | ENVIRONMENTAL DESIGNS LLC (156 trucks) | BALIC TRANSPORT INC (120 trucks) | BURNCO COLORADO LLC (146 trucks) | WEST DIRECT OIL (140 trucks),135000,14962,11621034.450000001,"$250,000.00"
Sol_018,20th & Blake St,https://www.loopnet.com/Listing/20th-Blake-St-Land-Denver-CO/26158810/,"Denver, CO 80205",0.32,1320000.0,39.754299409573,-104.994304825083,9307.460000000001,10000,L,93.07%,1347,RES (149 trucks) | MPLX G&P (144 trucks) | CONCRETE EXPRESS INC (128 trucks) | COORS DISTRIBUTING COMPANY MILLER COORS LLC (105 trucks) | U S TRANSPORT INC (200 trucks) | WASTE CONNECTIONS OF COLORADO INC (486 trucks) | SURESHOT DRILLING LLC ATOZ FIELD SERVICES LLC DRILL TECH LLC PINNACLE DEVELOPMENT INC HDD SPECIALISTS LLC (135 trucks),135000,14962,11621034.450000001,"$1,320,000.00"
Sol_018,1560 N Academy Blvd,https://www.loopnet.com/Listing/1560-N-Academy-Blvd-Colorado-Springs-CO/3886433/,"Colorado Springs, CO 80909",0.64,416700.0,38.854776988204,-104.75774002483,5689.619999999999,10000,L,56.90%,1031,COLORADO SPRINGS SCHOOL DISTRICT 11 (130 trucks) | MOUNTAIN METROPOLITAN TRANSIT (144 trucks) | CITY OF COLORADO SPRINGS (326 trucks) | El PASO COUNTY (112 trucks) | GOODWILL OF COLORADO (134 trucks) | VECTRUS SYSTEMS CORPORATION (185 trucks),135000,14962,11621034.450000001,"$416,700.00"
Sol_018,4237 McWhinney Blvd,https://www.loopnet.com/Listing/4237-McWhinney-Blvd-Loveland-CO/23974785/,"Loveland, CO 80538",0.65,871347.9,40.408208389025,-105.017378025231,252.96,1000,XS,25.30%,109,LOVELAND MUNICIPALITY (109 trucks),135000,14962,11621034.450000001,"$871,347.90"
Sol_018,7300 W Jefferson Ave,https://www.loopnet.com/Listing/7300-W-Jefferson-Ave-Lakewood-CO/38419312/,"Lakewood, CO 80235",0.66,379999.0,39.649773884125,-105.079540805378,10536.92,20000,XL,52.68%,1415,QUALITY LOGISTICS INC (135 trucks) | KEESEN ENTERPRISES INC (263 trucks) | PROCAM SERVICES  (101 trucks) | JEFFCO SCHOOLS (274 trucks) | JEFFERSON COUNTY (120 trucks) | HOLCIM WCR INC (298 trucks) | PACIFIC SHIPPING & TRUCKING CO INC (109 trucks) | ENIVIRONMENTAL LANDWORKS COMPANY INC (115 trucks),135000,14962,11621034.450000001,"$379,999.00"
Sol_018,9190 W 84th Ave,https://www.loopnet.com/Listing/9190-W-84th-Ave-Arvada-CO/38160305/,"Arvada, CO 80005",0.67,499000.0,39.849854027782,-105.100317795342,7872.180000000001,10000,L,78.72%,1547,ALPINE MILLWORK COMPANY DBA ROCKY MOUNTAIN RELOAD (141 trucks) | CITY OF ARVADA (100 trucks) | GEOSTABILIZATION INTERNATIONAL LLC (155 trucks) | COLD FRONT (121 trucks) | SITEWISE LLC (145 trucks) | CITY OF THORNTON (208 trucks) | CITY OF THORNTON (174 trucks) | TRI-STATE GENERATION & TRANSMISSION ASSOCIATION INC (321 trucks) | ADAMS 12 FIVE STAR SCHOOLS (182 trucks),135000,14962,11621034.450000001,"$499,000.00"
Sol_018,NEC N Fairgrounds Ave,https://www.loopnet.com/Listing/NEC-N-Fairgrounds-Ave-Windsor-CO/29890025/,"Windsor, CO 80528",0.74,483449.0,40.437732372143,-104.982630626628,304.01,1000,XS,30.40%,131,LARIMER COUNTY (131 trucks),135000,14962,11621034.450000001,"$483,449.00"
Sol_018,11958 Lincoln Ave,https://www.loopnet.com/Listing/Lincoln-Ave-Parker-CO/39741118/,"Parker, CO 80138",0.86,495000.0,39.536519536914,-104.76116705724,18264.289999999997,20000,XL,91.32%,2581,ACCELERATED SERVICES LLC (373 trucks) | AMERICAN FURNITURE WAREHOUSE CO (340 trucks) | TERRACARE ASSOCIATES LLC (156 trucks) | IHC SCOTT INC (214 trucks) | BUCKLEY POWDER CO (217 trucks) | CH2M OMI CH2MHILL JACOBS (183 trucks) | ORICA USA INC (215 trucks) | CHERRY CREEK SCHOOLS (352 trucks) | HBSCO DANS TRASH AT YOUR DISPOSAL (110 trucks) | ENTERPRISE RENT-A-CAR NATIONAL RENT A CAR ALAMO RENT A CAR (421 trucks),135000,14962,11621034.450000001,"$495,000.00"
Sol_018,NWQ Highway 119 and I-25,https://www.loopnet.com/Listing/NWQ-Highway-119-and-I-25-Firestone-CO/31431092/,"Firestone, CO 80504",1.28,949000.0,40.160746988915,-104.978709958949,3529.55,5000,M,70.59%,606,WARD ELECTRIC COMPANY INC (222 trucks) | HEAT WAVES HOT OIL SERVICE LLC (201 trucks) | SUPREME TRANSPORT INC (183 trucks),135000,14962,11621034.450000001,"$949,000.00"
Sol_018,13987 Foster ct,https://www.loopnet.com/Listing/13987-Foster-ct-Longmont-CO/34579366/,"Longmont, CO 80504",1.42,1370019.92,40.140476603851,-105.119700024426,1399.2,2000,S,69.96%,385,CITY OF LONGMONT (211 trucks) | ST VRAIN VALLEY SCHOOL DISTRICT (174 trucks),135000,14962,11621034.450000001,"$1,370,019.92"
Sol_018,765 Aspen Ridge Drive Dr,https://www.loopnet.com/Listing/765-Aspen-Ridge-Drive-Dr-Lafayette-CO/32931931/,"Lafayette, CO 80026",1.43,556000.0,40.006898203868,-105.107210150504,4585.06,5000,M,91.70%,619,BOULDER VALLEY SCHOOL DISTRICT RE-2 (134 trucks) | VIA MOBILITY SERVICES (196 trucks) | VIA MOBILITY SERVICES (116 trucks) | CU (173 trucks),135000,14962,11621034.450000001,"$556,000.00"
Sol_018,150 S Potomac St,https://www.loopnet.com/Listing/150-S-Potomac-St-Aurora-CO/31718288/,"Aurora, CO 80012",1.69,1121690.39,39.714059275442,-104.827803431464,16479.05,20000,XL,82.40%,2335,CITY OF AURORA (271 trucks) | AURORA PUBLIC SCHOOLS (127 trucks) | METCO LANDSCAPING INC (226 trucks) | WAGNER EQUIPMENT CO (423 trucks) | SWINGLE TREE & LANDSCAPE CARE (135 trucks) | COMCAST (194 trucks) | SHAMROCK FOODS COMPANY (214 trucks) | CITY LIGHT AND POWER INC (121 trucks) | WHEEL PROS LLC (182 trucks) | GLOBAL TRANSPORTATION LLC (442 trucks),135000,14962,11621034.450000001,"$1,121,690.39"
Sol_018,E Harmony & Lady Moon Dr,https://www.loopnet.com/Listing/E-Harmony-Lady-Moon-Dr-Fort-Collins-CO/11217719/,"Fort Collins, CO 80528",2.2,1054007.0,40.523221679275,-105.010799488523,5618.16,10000,L,56.18%,972,NOVUS AG LLC (444 trucks) | CITY OF FORT COLLINS (285 trucks) | Poudre School District  (243 trucks),135000,14962,11621034.450000001,"$1,054,007.00"
Sol_019,2544 11th Ave,https://www.loopnet.com/Listing/2544-11th-Ave-Greeley-CO/35100267/,"Greeley, CO 80631",0.15,350000.0,40.395690645275,-104.69657283495,336.5,1000,XS,33.65%,145,WELD COUNTY PUBLIC WORKS DEPARTMENT (145 trucks),145000,16496,11970034.450000001,"$350,000.00"
Sol_019,831 N Clarkson St,https://www.loopnet.com/Listing/831-N-Clarkson-St-Denver-CO/38142797/,"Denver, CO 80218",0.18,899000.0,39.729919009716,-104.977904960968,4580.9400000000005,5000,M,91.62%,521,FARMERS ALL NATURAL (121 trucks) | CO TRAN LLC (275 trucks) | SUPERSHUTTLE DENVER (125 trucks),145000,16496,11970034.450000001,"$899,000.00"
Sol_019,422 Perry St,https://www.loopnet.com/Listing/422-Perry-St-Castle-Rock-CO/38421711/,"Castle Rock, CO 80104",0.24,605821.24,39.374148794158,-104.858322527659,2577.81,5000,M,51.56%,389,GREAT SOUTHWESTERN CONSTRUCTION INC (280 trucks) | TOWN OF CASTLE ROCK  (109 trucks),145000,16496,11970034.450000001,"$605,821.24"
Sol_019,239 S Main St,https://www.loopnet.com/Listing/239-S-Main-St-Brighton-CO/27424620/,"Brighton, CO 80601",0.31,250000.0,39.982905257485,-104.822555605705,3986.53,5000,M,79.73%,543,G&Z TRANSPORT LLC (147 trucks) | SIM TRUCKING INC (120 trucks) | ENVIRONMENTAL DESIGNS LLC (156 trucks) | BALIC TRANSPORT INC (120 trucks),145000,16496,11970034.450000001,"$250,000.00"
Sol_019,20th & Blake St,https://www.loopnet.com/Listing/20th-Blake-St-Land-Denver-CO/26158810/,"Denver, CO 80205",0.32,1320000.0,39.754299409573,-104.994304825083,9694.1,10000,L,96.94%,1382,RES (149 trucks) | MPLX G&P (144 trucks) | CONCRETE EXPRESS INC (128 trucks) | COORS DISTRIBUTING COMPANY MILLER COORS LLC (105 trucks) | U S TRANSPORT INC (200 trucks) | WASTE CONNECTIONS OF COLORADO INC (486 trucks) | COMPASS VEHICLE RENTAL INC (170 trucks),145000,16496,11970034.450000001,"$1,320,000.00"
Sol_019,1560 N Academy Blvd,https://www.loopnet.com/Listing/1560-N-Academy-Blvd-Colorado-Springs-CO/3886433/,"Colorado Springs, CO 80909",0.64,416700.0,38.854776988204,-104.75774002483,5689.619999999999,10000,L,56.90%,1031,COLORADO SPRINGS SCHOOL DISTRICT 11 (130 trucks) | MOUNTAIN METROPOLITAN TRANSIT (144 trucks) | CITY OF COLORADO SPRINGS (326 trucks) | El PASO COUNTY (112 trucks) | GOODWILL OF COLORADO (134 trucks) | VECTRUS SYSTEMS CORPORATION (185 trucks),145000,16496,11970034.450000001,"$416,700.00"
Sol_019,4237 McWhinney Blvd,https://www.loopnet.com/Listing/4237-McWhinney-Blvd-Loveland-CO/23974785/,"Loveland, CO 80538",0.65,871347.9,40.408208389025,-105.017378025231,252.96,1000,XS,25.30%,109,LOVELAND MUNICIPALITY (109 trucks),145000,16496,11970034.450000001,"$871,347.90"
Sol_019,7300 W Jefferson Ave,https://www.loopnet.com/Listing/7300-W-Jefferson-Ave-Lakewood-CO/38419312/,"Lakewood, CO 80235",0.66,379999.0,39.649773884125,-105.079540805378,10536.92,20000,XL,52.68%,1415,QUALITY LOGISTICS INC (135 trucks) | KEESEN ENTERPRISES INC (263 trucks) | PROCAM SERVICES  (101 trucks) | JEFFCO SCHOOLS (274 trucks) | JEFFERSON COUNTY (120 trucks) | HOLCIM WCR INC (298 trucks) | PACIFIC SHIPPING & TRUCKING CO INC (109 trucks) | ENIVIRONMENTAL LANDWORKS COMPANY INC (115 trucks),145000,16496,11970034.450000001,"$379,999.00"
Sol_019,9190 W 84th Ave,https://www.loopnet.com/Listing/9190-W-84th-Ave-Arvada-CO/38160305/,"Arvada, CO 80005",0.67,499000.0,39.849854027782,-105.100317795342,3378.81,5000,M,67.58%,541,ALPINE MILLWORK COMPANY DBA ROCKY MOUNTAIN RELOAD (141 trucks) | CITY OF ARVADA (100 trucks) | GEOSTABILIZATION INTERNATIONAL LLC (155 trucks) | SITEWISE LLC (145 trucks),145000,16496,11970034.450000001,"$499,000.00"
Sol_019,NEC N Fairgrounds Ave,https://www.loopnet.com/Listing/NEC-N-Fairgrounds-Ave-Windsor-CO/29890025/,"Windsor, CO 80528",0.74,483449.0,40.437732372143,-104.982630626628,304.01,1000,XS,30.40%,131,LARIMER COUNTY (131 trucks),145000,16496,11970034.450000001,"$483,449.00"
Sol_019,11958 Lincoln Ave,https://www.loopnet.com/Listing/Lincoln-Ave-Parker-CO/39741118/,"Parker, CO 80138",0.86,495000.0,39.536519536914,-104.76116705724,18264.289999999997,20000,XL,91.32%,2581,ACCELERATED SERVICES LLC (373 trucks) | AMERICAN FURNITURE WAREHOUSE CO (340 trucks) | TERRACARE ASSOCIATES LLC (156 trucks) | IHC SCOTT INC (214 trucks) | BUCKLEY POWDER CO (217 trucks) | CH2M OMI CH2MHILL JACOBS (183 trucks) | ORICA USA INC (215 trucks) | CHERRY CREEK SCHOOLS (352 trucks) | HBSCO DANS TRASH AT YOUR DISPOSAL (110 trucks) | ENTERPRISE RENT-A-CAR NATIONAL RENT A CAR ALAMO RENT A CAR (421 trucks),145000,16496,11970034.450000001,"$495,000.00"
Sol_019,8850 Huron St,https://www.loopnet.com/Listing/8850-Huron-St-Thornton-CO/33061072/,"Thornton, CO 80260",1.26,349000.0,39.858426283979,-104.995662022846,18972.29,20000,XL,94.86%,2791,CITY OF THORNTON (208 trucks) | CITY OF THORNTON (174 trucks) | COCAL LANDSCAPE SERVICES INC (153 trucks) | COLD FRONT (121 trucks) | READY MIX CONCRETE COMPANY (191 trucks) | NAVAJO EXPRESS INC (309 trucks) | TRI-STATE GENERATION & TRANSMISSION ASSOCIATION INC (321 trucks) | WESTERN DISTRIBUTING TRANSPORTATION CORP (155 trucks) | RMS CRANES (139 trucks) | SURESHOT DRILLING LLC ATOZ FIELD SERVICES LLC DRILL TECH LLC PINNACLE DEVELOPMENT INC HDD SPECIALISTS LLC (135 trucks) | EAGLE ROCK DISTRIBUTING COMPANY OF COLORADO LLC (148 trucks) | OFFEN PETROLEUM LLC (269 trucks) | ADAMS 12 FIVE STAR SCHOOLS (182 trucks) | WEST DIRECT OIL (140 trucks) | BURNCO COLORADO LLC (146 trucks),145000,16496,11970034.450000001,"$349,000.00"
Sol_019,NWQ Highway 119 and I-25,https://www.loopnet.com/Listing/NWQ-Highway-119-and-I-25-Firestone-CO/31431092/,"Firestone, CO 80504",1.28,949000.0,40.160746988915,-104.978709958949,3529.55,5000,M,70.59%,606,WARD ELECTRIC COMPANY INC (222 trucks) | HEAT WAVES HOT OIL SERVICE LLC (201 trucks) | SUPREME TRANSPORT INC (183 trucks),145000,16496,11970034.450000001,"$949,000.00"
Sol_019,13987 Foster ct,https://www.loopnet.com/Listing/13987-Foster-ct-Longmont-CO/34579366/,"Longmont, CO 80504",1.42,1370019.92,40.140476603851,-105.119700024426,1399.2,2000,S,69.96%,385,CITY OF LONGMONT (211 trucks) | ST VRAIN VALLEY SCHOOL DISTRICT (174 trucks),145000,16496,11970034.450000001,"$1,370,019.92"
Sol_019,765 Aspen Ridge Drive Dr,https://www.loopnet.com/Listing/765-Aspen-Ridge-Drive-Dr-Lafayette-CO/32931931/,"Lafayette, CO 80026",1.43,556000.0,40.006898203868,-105.107210150504,4585.06,5000,M,91.70%,619,BOULDER VALLEY SCHOOL DISTRICT RE-2 (134 trucks) | VIA MOBILITY SERVICES (196 trucks) | VIA MOBILITY SERVICES (116 trucks) | CU (173 trucks),145000,16496,11970034.450000001,"$556,000.00"
Sol_019,150 S Potomac St,https://www.loopnet.com/Listing/150-S-Potomac-St-Aurora-CO/31718288/,"Aurora, CO 80012",1.69,1121690.39,39.714059275442,-104.827803431464,16479.05,20000,XL,82.40%,2335,CITY OF AURORA (271 trucks) | AURORA PUBLIC SCHOOLS (127 trucks) | METCO LANDSCAPING INC (226 trucks) | WAGNER EQUIPMENT CO (423 trucks) | SWINGLE TREE & LANDSCAPE CARE (135 trucks) | COMCAST (194 trucks) | SHAMROCK FOODS COMPANY (214 trucks) | CITY LIGHT AND POWER INC (121 trucks) | WHEEL PROS LLC (182 trucks) | GLOBAL TRANSPORTATION LLC (442 trucks),145000,16496,11970034.450000001,"$1,121,690.39"
Sol_019,E Harmony & Lady Moon Dr,https://www.loopnet.com/Listing/E-Harmony-Lady-Moon-Dr-Fort-Collins-CO/11217719/,"Fort Collins, CO 80528",2.2,1054007.0,40.523221679275,-105.010799488523,5618.16,10000,L,56.18%,972,NOVUS AG LLC (444 trucks) | CITY OF FORT COLLINS (285 trucks) | Poudre School District  (243 trucks),145000,16496,11970034.450000001,"$1,054,007.00"
Sol_020,2544 11th Ave,https://www.loopnet.com/Listing/2544-11th-Ave-Greeley-CO/35100267/,"Greeley, CO 80631",0.15,350000.0,40.395690645275,-104.69657283495,336.5,1000,XS,33.65%,145,WELD COUNTY PUBLIC WORKS DEPARTMENT (145 trucks),132000,14810,11118344.06,"$350,000.00"
Sol_020,831 N Clarkson St,https://www.loopnet.com/Listing/831-N-Clarkson-St-Denver-CO/38142797/,"Denver, CO 80218",0.18,899000.0,39.729919009716,-104.977904960968,4580.9400000000005,5000,M,91.62%,521,FARMERS ALL NATURAL (121 trucks) | CO TRAN LLC (275 trucks) | SUPERSHUTTLE DENVER (125 trucks),132000,14810,11118344.06,"$899,000.00"
Sol_020,422 Perry St,https://www.loopnet.com/Listing/422-Perry-St-Castle-Rock-CO/38421711/,"Castle Rock, CO 80104",0.24,605821.24,39.374148794158,-104.858322527659,2577.81,5000,M,51.56%,389,GREAT SOUTHWESTERN CONSTRUCTION INC (280 trucks) | TOWN OF CASTLE ROCK  (109 trucks),132000,14810,11118344.06,"$605,821.24"
Sol_020,239 S Main St,https://www.loopnet.com/Listing/239-S-Main-St-Brighton-CO/27424620/,"Brighton, CO 80601",0.31,250000.0,39.982905257485,-104.822555605705,1694.9,2000,S,84.75%,267,G&Z TRANSPORT LLC (147 trucks) | SIM TRUCKING INC (120 trucks),132000,14810,11118344.06,"$250,000.00"
Sol_020,20th & Blake St,https://www.loopnet.com/Listing/20th-Blake-St-Land-Denver-CO/26158810/,"Denver, CO 80205",0.32,1320000.0,39.754299409573,-104.994304825083,9694.1,10000,L,96.94%,1382,RES (149 trucks) | MPLX G&P (144 trucks) | CONCRETE EXPRESS INC (128 trucks) | COORS DISTRIBUTING COMPANY MILLER COORS LLC (105 trucks) | U S TRANSPORT INC (200 trucks) | WASTE CONNECTIONS OF COLORADO INC (486 trucks) | COMPASS VEHICLE RENTAL INC (170 trucks),132000,14810,11118344.06,"$1,320,000.00"
Sol_020,1560 N Academy Blvd,https://www.loopnet.com/Listing/1560-N-Academy-Blvd-Colorado-Springs-CO/3886433/,"Colorado Springs, CO 80909",0.64,416700.0,38.854776988204,-104.75774002483,5689.619999999999,10000,L,56.90%,1031,COLORADO SPRINGS SCHOOL DISTRICT 11 (130 trucks) | MOUNTAIN METROPOLITAN TRANSIT (144 trucks) | CITY OF COLORADO SPRINGS (326 trucks) | El PASO COUNTY (112 trucks) | GOODWILL OF COLORADO (134 trucks) | VECTRUS SYSTEMS CORPORATION (185 trucks),132000,14810,11118344.06,"$416,700.00"
Sol_020,4237 McWhinney Blvd,https://www.loopnet.com/Listing/4237-McWhinney-Blvd-Loveland-CO/23974785/,"Loveland, CO 80538",0.65,871347.9,40.408208389025,-105.017378025231,252.96,1000,XS,25.30%,109,LOVELAND MUNICIPALITY (109 trucks),132000,14810,11118344.06,"$871,347.90"
Sol_020,7300 W Jefferson Ave,https://www.loopnet.com/Listing/7300-W-Jefferson-Ave-Lakewood-CO/38419312/,"Lakewood, CO 80235",0.66,379999.0,39.649773884125,-105.079540805378,10536.92,20000,XL,52.68%,1415,QUALITY LOGISTICS INC (135 trucks) | KEESEN ENTERPRISES INC (263 trucks) | PROCAM SERVICES  (101 trucks) | JEFFCO SCHOOLS (274 trucks) | JEFFERSON COUNTY (120 trucks) | HOLCIM WCR INC (298 trucks) | PACIFIC SHIPPING & TRUCKING CO INC (109 trucks) | ENIVIRONMENTAL LANDWORKS COMPANY INC (115 trucks),132000,14810,11118344.06,"$379,999.00"
Sol_020,9190 W 84th Ave,https://www.loopnet.com/Listing/9190-W-84th-Ave-Arvada-CO/38160305/,"Arvada, CO 80005",0.67,499000.0,39.849854027782,-105.100317795342,3378.81,5000,M,67.58%,541,ALPINE MILLWORK COMPANY DBA ROCKY MOUNTAIN RELOAD (141 trucks) | CITY OF ARVADA (100 trucks) | GEOSTABILIZATION INTERNATIONAL LLC (155 trucks) | SITEWISE LLC (145 trucks),132000,14810,11118344.06,"$499,000.00"
Sol_020,10431 Quari St,https://www.loopnet.com/Listing/10431-Quari-St-Commerce-City-CO/29119294/,"Commerce City, CO 80022",0.72,270000.0,39.886267655476,-104.844980046547,9557.83,10000,L,95.58%,1211,ENVIRONMENTAL DESIGNS LLC (156 trucks) | BALIC TRANSPORT INC (120 trucks) | BURNCO COLORADO LLC (146 trucks) | WEST DIRECT OIL (140 trucks) | WAGNER EQUIPMENT CO (423 trucks) | METCO LANDSCAPING INC (226 trucks),132000,14810,11118344.06,"$270,000.00"
Sol_020,NEC N Fairgrounds Ave,https://www.loopnet.com/Listing/NEC-N-Fairgrounds-Ave-Windsor-CO/29890025/,"Windsor, CO 80528",0.74,483449.0,40.437732372143,-104.982630626628,304.01,1000,XS,30.40%,131,LARIMER COUNTY (131 trucks),132000,14810,11118344.06,"$483,449.00"
Sol_020,11958 Lincoln Ave,https://www.loopnet.com/Listing/Lincoln-Ave-Parker-CO/39741118/,"Parker, CO 80138",0.86,495000.0,39.536519536914,-104.76116705724,18264.289999999997,20000,XL,91.32%,2581,ACCELERATED SERVICES LLC (373 trucks) | AMERICAN FURNITURE WAREHOUSE CO (340 trucks) | TERRACARE ASSOCIATES LLC (156 trucks) | IHC SCOTT INC (214 trucks) | BUCKLEY POWDER CO (217 trucks) | CH2M OMI CH2MHILL JACOBS (183 trucks) | ORICA USA INC (215 trucks) | CHERRY CREEK SCHOOLS (352 trucks) | HBSCO DANS TRASH AT YOUR DISPOSAL (110 trucks) | ENTERPRISE RENT-A-CAR NATIONAL RENT A CAR ALAMO RENT A CAR (421 trucks),132000,14810,11118344.06,"$495,000.00"
Sol_020,8850 Huron St,https://www.loopnet.com/Listing/8850-Huron-St-Thornton-CO/33061072/,"Thornton, CO 80260",1.26,349000.0,39.858426283979,-104.995662022846,17094.77,20000,XL,85.47%,2505,CITY OF THORNTON (208 trucks) | CITY OF THORNTON (174 trucks) | COCAL LANDSCAPE SERVICES INC (153 trucks) | COLD FRONT (121 trucks) | READY MIX CONCRETE COMPANY (191 trucks) | NAVAJO EXPRESS INC (309 trucks) | TRI-STATE GENERATION & TRANSMISSION ASSOCIATION INC (321 trucks) | WESTERN DISTRIBUTING TRANSPORTATION CORP (155 trucks) | RMS CRANES (139 trucks) | SURESHOT DRILLING LLC ATOZ FIELD SERVICES LLC DRILL TECH LLC PINNACLE DEVELOPMENT INC HDD SPECIALISTS LLC (135 trucks) | EAGLE ROCK DISTRIBUTING COMPANY OF COLORADO LLC (148 trucks) | OFFEN PETROLEUM LLC (269 trucks) | ADAMS 12 FIVE STAR SCHOOLS (182 trucks),132000,14810,11118344.06,"$349,000.00"
Sol_020,NWQ Highway 119 and I-25,https://www.loopnet.com/Listing/NWQ-Highway-119-and-I-25-Firestone-CO/31431092/,"Firestone, CO 80504",1.28,949000.0,40.160746988915,-104.978709958949,3529.55,5000,M,70.59%,606,WARD ELECTRIC COMPANY INC (222 trucks) | HEAT WAVES HOT OIL SERVICE LLC (201 trucks) | SUPREME TRANSPORT INC (183 trucks),132000,14810,11118344.06,"$949,000.00"
Sol_020,13987 Foster ct,https://www.loopnet.com/Listing/13987-Foster-ct-Longmont-CO/34579366/,"Longmont, CO 80504",1.42,1370019.92,40.140476603851,-105.119700024426,1399.2,2000,S,69.96%,385,CITY OF LONGMONT (211 trucks) | ST VRAIN VALLEY SCHOOL DISTRICT (174 trucks),132000,14810,11118344.06,"$1,370,019.92"
Sol_020,765 Aspen Ridge Drive Dr,https://www.loopnet.com/Listing/765-Aspen-Ridge-Drive-Dr-Lafayette-CO/32931931/,"Lafayette, CO 80026",1.43,556000.0,40.006898203868,-105.107210150504,4585.06,5000,M,91.70%,619,BOULDER VALLEY SCHOOL DISTRICT RE-2 (134 trucks) | VIA MOBILITY SERVICES (196 trucks) | VIA MOBILITY SERVICES (116 trucks) | CU (173 trucks),132000,14810,11118344.06,"$556,000.00"
Sol_020,E Harmony & Lady Moon Dr,https://www.loopnet.com/Listing/E-Harmony-Lady-Moon-Dr-Fort-Collins-CO/11217719/,"Fort Collins, CO 80528",2.2,1054007.0,40.523221679275,-105.010799488523,5618.16,10000,L,56.18%,972,NOVUS AG LLC (444 trucks) | CITY OF FORT COLLINS (285 trucks) | Poudre School District  (243 trucks),132000,14810,11118344.06,"$1,054,007.00"
Sol_021,2544 11th Ave,https://www.loopnet.com/Listing/2544-11th-Ave-Greeley-CO/35100267/,"Greeley, CO 80631",0.15,350000.0,40.395690645275,-104.69657283495,336.5,1000,XS,33.65%,145,WELD COUNTY PUBLIC WORKS DEPARTMENT (145 trucks),145000,16282,11523344.06,"$350,000.00"
Sol_021,831 N Clarkson St,https://www.loopnet.com/Listing/831-N-Clarkson-St-Denver-CO/38142797/,"Denver, CO 80218",0.18,899000.0,39.729919009716,-104.977904960968,4580.9400000000005,5000,M,91.62%,521,FARMERS ALL NATURAL (121 trucks) | CO TRAN LLC (275 trucks) | SUPERSHUTTLE DENVER (125 trucks),145000,16282,11523344.06,"$899,000.00"
Sol_021,422 Perry St,https://www.loopnet.com/Listing/422-Perry-St-Castle-Rock-CO/38421711/,"Castle Rock, CO 80104",0.24,605821.24,39.374148794158,-104.858322527659,2577.81,5000,M,51.56%,389,GREAT SOUTHWESTERN CONSTRUCTION INC (280 trucks) | TOWN OF CASTLE ROCK  (109 trucks),145000,16282,11523344.06,"$605,821.24"
Sol_021,239 S Main St,https://www.loopnet.com/Listing/239-S-Main-St-Brighton-CO/27424620/,"Brighton, CO 80601",0.31,250000.0,39.982905257485,-104.822555605705,3986.53,5000,M,79.73%,543,G&Z TRANSPORT LLC (147 trucks) | SIM TRUCKING INC (120 trucks) | ENVIRONMENTAL DESIGNS LLC (156 trucks) | BALIC TRANSPORT INC (120 trucks),145000,16282,11523344.06,"$250,000.00"
Sol_021,20th & Blake St,https://www.loopnet.com/Listing/20th-Blake-St-Land-Denver-CO/26158810/,"Denver, CO 80205",0.32,1320000.0,39.754299409573,-104.994304825083,9694.1,10000,L,96.94%,1382,RES (149 trucks) | MPLX G&P (144 trucks) | CONCRETE EXPRESS INC (128 trucks) | COORS DISTRIBUTING COMPANY MILLER COORS LLC (105 trucks) | U S TRANSPORT INC (200 trucks) | WASTE CONNECTIONS OF COLORADO INC (486 trucks) | COMPASS VEHICLE RENTAL INC (170 trucks),145000,16282,11523344.06,"$1,320,000.00"
Sol_021,1560 N Academy Blvd,https://www.loopnet.com/Listing/1560-N-Academy-Blvd-Colorado-Springs-CO/3886433/,"Colorado Springs, CO 80909",0.64,416700.0,38.854776988204,-104.75774002483,5689.619999999999,10000,L,56.90%,1031,COLORADO SPRINGS SCHOOL DISTRICT 11 (130 trucks) | MOUNTAIN METROPOLITAN TRANSIT (144 trucks) | CITY OF COLORADO SPRINGS (326 trucks) | El PASO COUNTY (112 trucks) | GOODWILL OF COLORADO (134 trucks) | VECTRUS SYSTEMS CORPORATION (185 trucks),145000,16282,11523344.06,"$416,700.00"
Sol_021,3401 S Yosemite St,https://www.loopnet.com/Listing/3401-S-Yosemite-St-Denver-CO/39837277/,"Denver, CO 80231",0.64,675000.0,39.654049416843,-104.88550562639,19524.48,20000,XL,97.62%,2867,COMCAST (194 trucks) | SWINGLE TREE & LANDSCAPE CARE (135 trucks) | CITY LIGHT AND POWER INC (121 trucks) | WHEEL PROS LLC (182 trucks) | GLOBAL TRANSPORTATION LLC (442 trucks) | HBSCO DANS TRASH AT YOUR DISPOSAL (110 trucks) | CITY OF AURORA (271 trucks) | ORICA USA INC (215 trucks) | ENTERPRISE RENT-A-CAR NATIONAL RENT A CAR ALAMO RENT A CAR (421 trucks) | AURORA PUBLIC SCHOOLS (127 trucks) | METCO LANDSCAPING INC (226 trucks) | WAGNER EQUIPMENT CO (423 trucks),145000,16282,11523344.06,"$675,000.00"
Sol_021,4237 McWhinney Blvd,https://www.loopnet.com/Listing/4237-McWhinney-Blvd-Loveland-CO/23974785/,"Loveland, CO 80538",0.65,871347.9,40.408208389025,-105.017378025231,252.96,1000,XS,25.30%,109,LOVELAND MUNICIPALITY (109 trucks),145000,16282,11523344.06,"$871,347.90"
Sol_021,7300 W Jefferson Ave,https://www.loopnet.com/Listing/7300-W-Jefferson-Ave-Lakewood-CO/38419312/,"Lakewood, CO 80235",0.66,379999.0,39.649773884125,-105.079540805378,10536.92,20000,XL,52.68%,1415,QUALITY LOGISTICS INC (135 trucks) | KEESEN ENTERPRISES INC (263 trucks) | PROCAM SERVICES  (101 trucks) | JEFFCO SCHOOLS (274 trucks) | JEFFERSON COUNTY (120 trucks) | HOLCIM WCR INC (298 trucks) | PACIFIC SHIPPING & TRUCKING CO INC (109 trucks) | ENIVIRONMENTAL LANDWORKS COMPANY INC (115 trucks),145000,16282,11523344.06,"$379,999.00"
Sol_021,9190 W 84th Ave,https://www.loopnet.com/Listing/9190-W-84th-Ave-Arvada-CO/38160305/,"Arvada, CO 80005",0.67,499000.0,39.849854027782,-105.100317795342,3378.81,5000,M,67.58%,541,ALPINE MILLWORK COMPANY DBA ROCKY MOUNTAIN RELOAD (141 trucks) | CITY OF ARVADA (100 trucks) | GEOSTABILIZATION INTERNATIONAL LLC (155 trucks) | SITEWISE LLC (145 trucks),145000,16282,11523344.06,"$499,000.00"
Sol_021,NEC N Fairgrounds Ave,https://www.loopnet.com/Listing/NEC-N-Fairgrounds-Ave-Windsor-CO/29890025/,"Windsor, CO 80528",0.74,483449.0,40.437732372143,-104.982630626628,304.01,1000,XS,30.40%,131,LARIMER COUNTY (131 trucks),145000,16282,11523344.06,"$483,449.00"
Sol_021,11958 Lincoln Ave,https://www.loopnet.com/Listing/Lincoln-Ave-Parker-CO/39741118/,"Parker, CO 80138",0.86,495000.0,39.536519536914,-104.76116705724,13220.13,20000,XL,66.10%,1835,ACCELERATED SERVICES LLC (373 trucks) | AMERICAN FURNITURE WAREHOUSE CO (340 trucks) | TERRACARE ASSOCIATES LLC (156 trucks) | IHC SCOTT INC (214 trucks) | BUCKLEY POWDER CO (217 trucks) | CH2M OMI CH2MHILL JACOBS (183 trucks) | CHERRY CREEK SCHOOLS (352 trucks),145000,16282,11523344.06,"$495,000.00"
Sol_021,8850 Huron St,https://www.loopnet.com/Listing/8850-Huron-St-Thornton-CO/33061072/,"Thornton, CO 80260",1.26,349000.0,39.858426283979,-104.995662022846,18972.29,20000,XL,94.86%,2791,CITY OF THORNTON (208 trucks) | CITY OF THORNTON (174 trucks) | COCAL LANDSCAPE SERVICES INC (153 trucks) | COLD FRONT (121 trucks) | READY MIX CONCRETE COMPANY (191 trucks) | NAVAJO EXPRESS INC (309 trucks) | TRI-STATE GENERATION & TRANSMISSION ASSOCIATION INC (321 trucks) | WESTERN DISTRIBUTING TRANSPORTATION CORP (155 trucks) | RMS CRANES (139 trucks) | SURESHOT DRILLING LLC ATOZ FIELD SERVICES LLC DRILL TECH LLC PINNACLE DEVELOPMENT INC HDD SPECIALISTS LLC (135 trucks) | EAGLE ROCK DISTRIBUTING COMPANY OF COLORADO LLC (148 trucks) | OFFEN PETROLEUM LLC (269 trucks) | ADAMS 12 FIVE STAR SCHOOLS (182 trucks) | WEST DIRECT OIL (140 trucks) | BURNCO COLORADO LLC (146 trucks),145000,16282,11523344.06,"$349,000.00"
Sol_021,NWQ Highway 119 and I-25,https://www.loopnet.com/Listing/NWQ-Highway-119-and-I-25-Firestone-CO/31431092/,"Firestone, CO 80504",1.28,949000.0,40.160746988915,-104.978709958949,3529.55,5000,M,70.59%,606,WARD ELECTRIC COMPANY INC (222 trucks) | HEAT WAVES HOT OIL SERVICE LLC (201 trucks) | SUPREME TRANSPORT INC (183 trucks),145000,16282,11523344.06,"$949,000.00"
Sol_021,13987 Foster ct,https://www.loopnet.com/Listing/13987-Foster-ct-Longmont-CO/34579366/,"Longmont, CO 80504",1.42,1370019.92,40.140476603851,-105.119700024426,1399.2,2000,S,69.96%,385,CITY OF LONGMONT (211 trucks) | ST VRAIN VALLEY SCHOOL DISTRICT (174 trucks),145000,16282,11523344.06,"$1,370,019.92"
Sol_021,765 Aspen Ridge Drive Dr,https://www.loopnet.com/Listing/765-Aspen-Ridge-Drive-Dr-Lafayette-CO/32931931/,"Lafayette, CO 80026",1.43,556000.0,40.006898203868,-105.107210150504,4585.06,5000,M,91.70%,619,BOULDER VALLEY SCHOOL DISTRICT RE-2 (134 trucks) | VIA MOBILITY SERVICES (196 trucks) | VIA MOBILITY SERVICES (116 trucks) | CU (173 trucks),145000,16282,11523344.06,"$556,000.00"
Sol_021,E Harmony & Lady Moon Dr,https://www.loopnet.com/Listing/E-Harmony-Lady-Moon-Dr-Fort-Collins-CO/11217719/,"Fort Collins, CO 80528",2.2,1054007.0,40.523221679275,-105.010799488523,5618.16,10000,L,56.18%,972,NOVUS AG LLC (444 trucks) | CITY OF FORT COLLINS (285 trucks) | Poudre School District  (243 trucks),145000,16282,11523344.06,"$1,054,007.00"
Sol_022,2544 11th Ave,https://www.loopnet.com/Listing/2544-11th-Ave-Greeley-CO/35100267/,"Greeley, CO 80631",0.15,350000.0,40.395690645275,-104.69657283495,336.5,1000,XS,33.65%,145,WELD COUNTY PUBLIC WORKS DEPARTMENT (145 trucks),135000,14962,11621034.450000001,"$350,000.00"
Sol_022,831 N Clarkson St,https://www.loopnet.com/Listing/831-N-Clarkson-St-Denver-CO/38142797/,"Denver, CO 80218",0.18,899000.0,39.729919009716,-104.977904960968,4580.9400000000005,5000,M,91.62%,521,FARMERS ALL NATURAL (121 trucks) | CO TRAN LLC (275 trucks) | SUPERSHUTTLE DENVER (125 trucks),135000,14962,11621034.450000001,"$899,000.00"
Sol_022,422 Perry St,https://www.loopnet.com/Listing/422-Perry-St-Castle-Rock-CO/38421711/,"Castle Rock, CO 80104",0.24,605821.24,39.374148794158,-104.858322527659,2577.81,5000,M,51.56%,389,GREAT SOUTHWESTERN CONSTRUCTION INC (280 trucks) | TOWN OF CASTLE ROCK  (109 trucks),135000,14962,11621034.450000001,"$605,821.24"
Sol_022,239 S Main St,https://www.loopnet.com/Listing/239-S-Main-St-Brighton-CO/27424620/,"Brighton, CO 80601",0.31,250000.0,39.982905257485,-104.822555605705,5864.05,10000,L,58.64%,829,G&Z TRANSPORT LLC (147 trucks) | SIM TRUCKING INC (120 trucks) | ENVIRONMENTAL DESIGNS LLC (156 trucks) | BALIC TRANSPORT INC (120 trucks) | BURNCO COLORADO LLC (146 trucks) | WEST DIRECT OIL (140 trucks),135000,14962,11621034.450000001,"$250,000.00"
Sol_022,20th & Blake St,https://www.loopnet.com/Listing/20th-Blake-St-Land-Denver-CO/26158810/,"Denver, CO 80205",0.32,1320000.0,39.754299409573,-104.994304825083,9307.460000000001,10000,L,93.07%,1347,RES (149 trucks) | MPLX G&P (144 trucks) | CONCRETE EXPRESS INC (128 trucks) | COORS DISTRIBUTING COMPANY MILLER COORS LLC (105 trucks) | U S TRANSPORT INC (200 trucks) | WASTE CONNECTIONS OF COLORADO INC (486 trucks) | SURESHOT DRILLING LLC ATOZ FIELD SERVICES LLC DRILL TECH LLC PINNACLE DEVELOPMENT INC HDD SPECIALISTS LLC (135 trucks),135000,14962,11621034.450000001,"$1,320,000.00"
Sol_022,1560 N Academy Blvd,https://www.loopnet.com/Listing/1560-N-Academy-Blvd-Colorado-Springs-CO/3886433/,"Colorado Springs, CO 80909",0.64,416700.0,38.854776988204,-104.75774002483,5689.619999999999,10000,L,56.90%,1031,COLORADO SPRINGS SCHOOL DISTRICT 11 (130 trucks) | MOUNTAIN METROPOLITAN TRANSIT (144 trucks) | CITY OF COLORADO SPRINGS (326 trucks) | El PASO COUNTY (112 trucks) | GOODWILL OF COLORADO (134 trucks) | VECTRUS SYSTEMS CORPORATION (185 trucks),135000,14962,11621034.450000001,"$416,700.00"
Sol_022,4237 McWhinney Blvd,https://www.loopnet.com/Listing/4237-McWhinney-Blvd-Loveland-CO/23974785/,"Loveland, CO 80538",0.65,871347.9,40.408208389025,-105.017378025231,252.96,1000,XS,25.30%,109,LOVELAND MUNICIPALITY (109 trucks),135000,14962,11621034.450000001,"$871,347.90"
Sol_022,7300 W Jefferson Ave,https://www.loopnet.com/Listing/7300-W-Jefferson-Ave-Lakewood-CO/38419312/,"Lakewood, CO 80235",0.66,379999.0,39.649773884125,-105.079540805378,10536.92,20000,XL,52.68%,1415,QUALITY LOGISTICS INC (135 trucks) | KEESEN ENTERPRISES INC (263 trucks) | PROCAM SERVICES  (101 trucks) | JEFFCO SCHOOLS (274 trucks) | JEFFERSON COUNTY (120 trucks) | HOLCIM WCR INC (298 trucks) | PACIFIC SHIPPING & TRUCKING CO INC (109 trucks) | ENIVIRONMENTAL LANDWORKS COMPANY INC (115 trucks),135000,14962,11621034.450000001,"$379,999.00"
Sol_022,9190 W 84th Ave,https://www.loopnet.com/Listing/9190-W-84th-Ave-Arvada-CO/38160305/,"Arvada, CO 80005",0.67,499000.0,39.849854027782,-105.100317795342,7872.180000000001,10000,L,78.72%,1547,ALPINE MILLWORK COMPANY DBA ROCKY MOUNTAIN RELOAD (141 trucks) | CITY OF ARVADA (100 trucks) | GEOSTABILIZATION INTERNATIONAL LLC (155 trucks) | COLD FRONT (121 trucks) | SITEWISE LLC (145 trucks) | CITY OF THORNTON (208 trucks) | CITY OF THORNTON (174 trucks) | TRI-STATE GENERATION & TRANSMISSION ASSOCIATION INC (321 trucks) | ADAMS 12 FIVE STAR SCHOOLS (182 trucks),135000,14962,11621034.450000001,"$499,000.00"
Sol_022,NEC N Fairgrounds Ave,https://www.loopnet.com/Listing/NEC-N-Fairgrounds-Ave-Windsor-CO/29890025/,"Windsor, CO 80528",0.74,483449.0,40.437732372143,-104.982630626628,304.01,1000,XS,30.40%,131,LARIMER COUNTY (131 trucks),135000,14962,11621034.450000001,"$483,449.00"
Sol_022,11958 Lincoln Ave,https://www.loopnet.com/Listing/Lincoln-Ave-Parker-CO/39741118/,"Parker, CO 80138",0.86,495000.0,39.536519536914,-104.76116705724,18264.289999999997,20000,XL,91.32%,2581,ACCELERATED SERVICES LLC (373 trucks) | AMERICAN FURNITURE WAREHOUSE CO (340 trucks) | TERRACARE ASSOCIATES LLC (156 trucks) | IHC SCOTT INC (214 trucks) | BUCKLEY POWDER CO (217 trucks) | CH2M OMI CH2MHILL JACOBS (183 trucks) | ORICA USA INC (215 trucks) | CHERRY CREEK SCHOOLS (352 trucks) | HBSCO DANS TRASH AT YOUR DISPOSAL (110 trucks) | ENTERPRISE RENT-A-CAR NATIONAL RENT A CAR ALAMO RENT A CAR (421 trucks),135000,14962,11621034.450000001,"$495,000.00"
Sol_022,NWQ Highway 119 and I-25,https://www.loopnet.com/Listing/NWQ-Highway-119-and-I-25-Firestone-CO/31431092/,"Firestone, CO 80504",1.28,949000.0,40.160746988915,-104.978709958949,3529.55,5000,M,70.59%,606,WARD ELECTRIC COMPANY INC (222 trucks) | HEAT WAVES HOT OIL SERVICE LLC (201 trucks) | SUPREME TRANSPORT INC (183 trucks),135000,14962,11621034.450000001,"$949,000.00"
Sol_022,13987 Foster ct,https://www.loopnet.com/Listing/13987-Foster-ct-Longmont-CO/34579366/,"Longmont, CO 80504",1.42,1370019.92,40.140476603851,-105.119700024426,1399.2,2000,S,69.96%,385,CITY OF LONGMONT (211 trucks) | ST VRAIN VALLEY SCHOOL DISTRICT (174 trucks),135000,14962,11621034.450000001,"$1,370,019.92"
Sol_022,765 Aspen Ridge Drive Dr,https://www.loopnet.com/Listing/765-Aspen-Ridge-Drive-Dr-Lafayette-CO/32931931/,"Lafayette, CO 80026",1.43,556000.0,40.006898203868,-105.107210150504,4585.06,5000,M,91.70%,619,BOULDER VALLEY SCHOOL DISTRICT RE-2 (134 trucks) | VIA MOBILITY SERVICES (196 trucks) | VIA MOBILITY SERVICES (116 trucks) | CU (173 trucks),135000,14962,11621034.450000001,"$556,000.00"
Sol_022,150 S Potomac St,https://www.loopnet.com/Listing/150-S-Potomac-St-Aurora-CO/31718288/,"Aurora, CO 80012",1.69,1121690.39,39.714059275442,-104.827803431464,16479.05,20000,XL,82.40%,2335,CITY OF AURORA (271 trucks) | AURORA PUBLIC SCHOOLS (127 trucks) | METCO LANDSCAPING INC (226 trucks) | WAGNER EQUIPMENT CO (423 trucks) | SWINGLE TREE & LANDSCAPE CARE (135 trucks) | COMCAST (194 trucks) | SHAMROCK FOODS COMPANY (214 trucks) | CITY LIGHT AND POWER INC (121 trucks) | WHEEL PROS LLC (182 trucks) | GLOBAL TRANSPORTATION LLC (442 trucks),135000,14962,11621034.450000001,"$1,121,690.39"
Sol_022,E Harmony & Lady Moon Dr,https://www.loopnet.com/Listing/E-Harmony-Lady-Moon-Dr-Fort-Collins-CO/11217719/,"Fort Collins, CO 80528",2.2,1054007.0,40.523221679275,-105.010799488523,5618.16,10000,L,56.18%,972,NOVUS AG LLC (444 trucks) | CITY OF FORT COLLINS (285 trucks) | Poudre School District  (243 trucks),135000,14962,11621034.450000001,"$1,054,007.00"
Sol_023,2544 11th Ave,https://www.loopnet.com/Listing/2544-11th-Ave-Greeley-CO/35100267/,"Greeley, CO 80631",0.15,350000.0,40.395690645275,-104.69657283495,336.5,1000,XS,33.65%,145,WELD COUNTY PUBLIC WORKS DEPARTMENT (145 trucks),152000,16569,12344344.06,"$350,000.00"
Sol_023,831 N Clarkson St,https://www.loopnet.com/Listing/831-N-Clarkson-St-Denver-CO/38142797/,"Denver, CO 80218",0.18,899000.0,39.729919009716,-104.977904960968,4580.9400000000005,5000,M,91.62%,521,FARMERS ALL NATURAL (121 trucks) | CO TRAN LLC (275 trucks) | SUPERSHUTTLE DENVER (125 trucks),152000,16569,12344344.06,"$899,000.00"
Sol_023,422 Perry St,https://www.loopnet.com/Listing/422-Perry-St-Castle-Rock-CO/38421711/,"Castle Rock, CO 80104",0.24,605821.24,39.374148794158,-104.858322527659,2577.81,5000,M,51.56%,389,GREAT SOUTHWESTERN CONSTRUCTION INC (280 trucks) | TOWN OF CASTLE ROCK  (109 trucks),152000,16569,12344344.06,"$605,821.24"
Sol_023,239 S Main St,https://www.loopnet.com/Listing/239-S-Main-St-Brighton-CO/27424620/,"Brighton, CO 80601",0.31,250000.0,39.982905257485,-104.822555605705,1694.9,2000,S,84.75%,267,G&Z TRANSPORT LLC (147 trucks) | SIM TRUCKING INC (120 trucks),152000,16569,12344344.06,"$250,000.00"
Sol_023,20th & Blake St,https://www.loopnet.com/Listing/20th-Blake-St-Land-Denver-CO/26158810/,"Denver, CO 80205",0.32,1320000.0,39.754299409573,-104.994304825083,7615.27,10000,L,76.15%,1147,RES (149 trucks) | MPLX G&P (144 trucks) | CONCRETE EXPRESS INC (128 trucks) | COMPASS VEHICLE RENTAL INC (170 trucks) | UNITED SITE SERVICES OF NEVADA INC (409 trucks) | UNITED SITE SERVICES OF COLORADO INC (147 trucks),152000,16569,12344344.06,"$1,320,000.00"
Sol_023,1560 N Academy Blvd,https://www.loopnet.com/Listing/1560-N-Academy-Blvd-Colorado-Springs-CO/3886433/,"Colorado Springs, CO 80909",0.64,416700.0,38.854776988204,-104.75774002483,5689.619999999999,10000,L,56.90%,1031,COLORADO SPRINGS SCHOOL DISTRICT 11 (130 trucks) | MOUNTAIN METROPOLITAN TRANSIT (144 trucks) | CITY OF COLORADO SPRINGS (326 trucks) | El PASO COUNTY (112 trucks) | GOODWILL OF COLORADO (134 trucks) | VECTRUS SYSTEMS CORPORATION (185 trucks),152000,16569,12344344.06,"$416,700.00"
Sol_023,3401 S Yosemite St,https://www.loopnet.com/Listing/3401-S-Yosemite-St-Denver-CO/39837277/,"Denver, CO 80231",0.64,675000.0,39.654049416843,-104.88550562639,19524.48,20000,XL,97.62%,2867,COMCAST (194 trucks) | SWINGLE TREE & LANDSCAPE CARE (135 trucks) | CITY LIGHT AND POWER INC (121 trucks) | WHEEL PROS LLC (182 trucks) | GLOBAL TRANSPORTATION LLC (442 trucks) | HBSCO DANS TRASH AT YOUR DISPOSAL (110 trucks) | CITY OF AURORA (271 trucks) | ORICA USA INC (215 trucks) | ENTERPRISE RENT-A-CAR NATIONAL RENT A CAR ALAMO RENT A CAR (421 trucks) | AURORA PUBLIC SCHOOLS (127 trucks) | METCO LANDSCAPING INC (226 trucks) | WAGNER EQUIPMENT CO (423 trucks),152000,16569,12344344.06,"$675,000.00"
Sol_023,4237 McWhinney Blvd,https://www.loopnet.com/Listing/4237-McWhinney-Blvd-Loveland-CO/23974785/,"Loveland, CO 80538",0.65,871347.9,40.408208389025,-105.017378025231,252.96,1000,XS,25.30%,109,LOVELAND MUNICIPALITY (109 trucks),152000,16569,12344344.06,"$871,347.90"
Sol_023,7300 W Jefferson Ave,https://www.loopnet.com/Listing/7300-W-Jefferson-Ave-Lakewood-CO/38419312/,"Lakewood, CO 80235",0.66,379999.0,39.649773884125,-105.079540805378,10536.92,20000,XL,52.68%,1415,QUALITY LOGISTICS INC (135 trucks) | KEESEN ENTERPRISES INC (263 trucks) | PROCAM SERVICES  (101 trucks) | JEFFCO SCHOOLS (274 trucks) | JEFFERSON COUNTY (120 trucks) | HOLCIM WCR INC (298 trucks) | PACIFIC SHIPPING & TRUCKING CO INC (109 trucks) | ENIVIRONMENTAL LANDWORKS COMPANY INC (115 trucks),152000,16569,12344344.06,"$379,999.00"
Sol_023,9190 W 84th Ave,https://www.loopnet.com/Listing/9190-W-84th-Ave-Arvada-CO/38160305/,"Arvada, CO 80005",0.67,499000.0,39.849854027782,-105.100317795342,4904.2,5000,M,98.08%,862,ALPINE MILLWORK COMPANY DBA ROCKY MOUNTAIN RELOAD (141 trucks) | CITY OF ARVADA (100 trucks) | GEOSTABILIZATION INTERNATIONAL LLC (155 trucks) | SITEWISE LLC (145 trucks) | TRI-STATE GENERATION & TRANSMISSION ASSOCIATION INC (321 trucks),152000,16569,12344344.06,"$499,000.00"
Sol_023,10431 Quari St,https://www.loopnet.com/Listing/10431-Quari-St-Commerce-City-CO/29119294/,"Commerce City, CO 80022",0.72,270000.0,39.886267655476,-104.844980046547,5120.5,10000,L,51.20%,744,ENVIRONMENTAL DESIGNS LLC (156 trucks) | BALIC TRANSPORT INC (120 trucks) | BURNCO COLORADO LLC (146 trucks) | WEST DIRECT OIL (140 trucks) | ADAMS 12 FIVE STAR SCHOOLS (182 trucks),152000,16569,12344344.06,"$270,000.00"
Sol_023,NEC N Fairgrounds Ave,https://www.loopnet.com/Listing/NEC-N-Fairgrounds-Ave-Windsor-CO/29890025/,"Windsor, CO 80528",0.74,483449.0,40.437732372143,-104.982630626628,304.01,1000,XS,30.40%,131,LARIMER COUNTY (131 trucks),152000,16569,12344344.06,"$483,449.00"
Sol_023,11958 Lincoln Ave,https://www.loopnet.com/Listing/Lincoln-Ave-Parker-CO/39741118/,"Parker, CO 80138",0.86,495000.0,39.536519536914,-104.76116705724,13220.13,20000,XL,66.10%,1835,ACCELERATED SERVICES LLC (373 trucks) | AMERICAN FURNITURE WAREHOUSE CO (340 trucks) | TERRACARE ASSOCIATES LLC (156 trucks) | IHC SCOTT INC (214 trucks) | BUCKLEY POWDER CO (217 trucks) | CH2M OMI CH2MHILL JACOBS (183 trucks) | CHERRY CREEK SCHOOLS (352 trucks),152000,16569,12344344.06,"$495,000.00"
Sol_023,2980 W 60th Ave,https://www.loopnet.com/Listing/2980-W-60th-Ave-Denver-CO/12107088/,"Denver, CO 80221",1.14,900000.0,39.805386957185,-105.022150208489,18066.22,20000,XL,90.33%,2524,NAVAJO EXPRESS INC (309 trucks) | COORS DISTRIBUTING COMPANY MILLER COORS LLC (105 trucks) | COLD FRONT (121 trucks) | U S TRANSPORT INC (200 trucks) | SURESHOT DRILLING LLC ATOZ FIELD SERVICES LLC DRILL TECH LLC PINNACLE DEVELOPMENT INC HDD SPECIALISTS LLC (135 trucks) | EAGLE ROCK DISTRIBUTING COMPANY OF COLORADO LLC (148 trucks) | COCAL LANDSCAPE SERVICES INC (153 trucks) | WASTE CONNECTIONS OF COLORADO INC (486 trucks) | RMS CRANES (139 trucks) | WESTERN DISTRIBUTING TRANSPORTATION CORP (155 trucks) | READY MIX CONCRETE COMPANY (191 trucks) | CITY OF THORNTON (208 trucks) | CITY OF THORNTON (174 trucks),152000,16569,12344344.06,"$900,000.00"
Sol_023,NWQ Highway 119 and I-25,https://www.loopnet.com/Listing/NWQ-Highway-119-and-I-25-Firestone-CO/31431092/,"Firestone, CO 80504",1.28,949000.0,40.160746988915,-104.978709958949,3529.55,5000,M,70.59%,606,WARD ELECTRIC COMPANY INC (222 trucks) | HEAT WAVES HOT OIL SERVICE LLC (201 trucks) | SUPREME TRANSPORT INC (183 trucks),152000,16569,12344344.06,"$949,000.00"
Sol_023,13987 Foster ct,https://www.loopnet.com/Listing/13987-Foster-ct-Longmont-CO/34579366/,"Longmont, CO 80504",1.42,1370019.92,40.140476603851,-105.119700024426,1399.2,2000,S,69.96%,385,CITY OF LONGMONT (211 trucks) | ST VRAIN VALLEY SCHOOL DISTRICT (174 trucks),152000,16569,12344344.06,"$1,370,019.92"
Sol_023,765 Aspen Ridge Drive Dr,https://www.loopnet.com/Listing/765-Aspen-Ridge-Drive-Dr-Lafayette-CO/32931931/,"Lafayette, CO 80026",1.43,556000.0,40.006898203868,-105.107210150504,4585.06,5000,M,91.70%,619,BOULDER VALLEY SCHOOL DISTRICT RE-2 (134 trucks) | VIA MOBILITY SERVICES (196 trucks) | VIA MOBILITY SERVICES (116 trucks) | CU (173 trucks),152000,16569,12344344.06,"$556,000.00"
Sol_023,E Harmony & Lady Moon Dr,https://www.loopnet.com/Listing/E-Harmony-Lady-Moon-Dr-Fort-Collins-CO/11217719/,"Fort Collins, CO 80528",2.2,1054007.0,40.523221679275,-105.010799488523,5618.16,10000,L,56.18%,972,NOVUS AG LLC (444 trucks) | CITY OF FORT COLLINS (285 trucks) | Poudre School District  (243 trucks),152000,16569,12344344.06,"$1,054,007.00"
Sol_024,2544 11th Ave,https://www.loopnet.com/Listing/2544-11th-Ave-Greeley-CO/35100267/,"Greeley, CO 80631",0.15,350000.0,40.395690645275,-104.69657283495,336.5,1000,XS,33.65%,145,WELD COUNTY PUBLIC WORKS DEPARTMENT (145 trucks),137000,15017,11444344.06,"$350,000.00"
Sol_024,831 N Clarkson St,https://www.loopnet.com/Listing/831-N-Clarkson-St-Denver-CO/38142797/,"Denver, CO 80218",0.18,899000.0,39.729919009716,-104.977904960968,4580.9400000000005,5000,M,91.62%,521,FARMERS ALL NATURAL (121 trucks) | CO TRAN LLC (275 trucks) | SUPERSHUTTLE DENVER (125 trucks),137000,15017,11444344.06,"$899,000.00"
Sol_024,422 Perry St,https://www.loopnet.com/Listing/422-Perry-St-Castle-Rock-CO/38421711/,"Castle Rock, CO 80104",0.24,605821.24,39.374148794158,-104.858322527659,2577.81,5000,M,51.56%,389,GREAT SOUTHWESTERN CONSTRUCTION INC (280 trucks) | TOWN OF CASTLE ROCK  (109 trucks),137000,15017,11444344.06,"$605,821.24"
Sol_024,239 S Main St,https://www.loopnet.com/Listing/239-S-Main-St-Brighton-CO/27424620/,"Brighton, CO 80601",0.31,250000.0,39.982905257485,-104.822555605705,1694.9,2000,S,84.75%,267,G&Z TRANSPORT LLC (147 trucks) | SIM TRUCKING INC (120 trucks),137000,15017,11444344.06,"$250,000.00"
Sol_024,20th & Blake St,https://www.loopnet.com/Listing/20th-Blake-St-Land-Denver-CO/26158810/,"Denver, CO 80205",0.32,1320000.0,39.754299409573,-104.994304825083,9307.460000000001,10000,L,93.07%,1347,RES (149 trucks) | MPLX G&P (144 trucks) | CONCRETE EXPRESS INC (128 trucks) | COORS DISTRIBUTING COMPANY MILLER COORS LLC (105 trucks) | U S TRANSPORT INC (200 trucks) | WASTE CONNECTIONS OF COLORADO INC (486 trucks) | SURESHOT DRILLING LLC ATOZ FIELD SERVICES LLC DRILL TECH LLC PINNACLE DEVELOPMENT INC HDD SPECIALISTS LLC (135 trucks),137000,15017,11444344.06,"$1,320,000.00"
Sol_024,1560 N Academy Blvd,https://www.loopnet.com/Listing/1560-N-Academy-Blvd-Colorado-Springs-CO/3886433/,"Colorado Springs, CO 80909",0.64,416700.0,38.854776988204,-104.75774002483,5689.619999999999,10000,L,56.90%,1031,COLORADO SPRINGS SCHOOL DISTRICT 11 (130 trucks) | MOUNTAIN METROPOLITAN TRANSIT (144 trucks) | CITY OF COLORADO SPRINGS (326 trucks) | El PASO COUNTY (112 trucks) | GOODWILL OF COLORADO (134 trucks) | VECTRUS SYSTEMS CORPORATION (185 trucks),137000,15017,11444344.06,"$416,700.00"
Sol_024,3401 S Yosemite St,https://www.loopnet.com/Listing/3401-S-Yosemite-St-Denver-CO/39837277/,"Denver, CO 80231",0.64,675000.0,39.654049416843,-104.88550562639,19524.48,20000,XL,97.62%,2867,COMCAST (194 trucks) | SWINGLE TREE & LANDSCAPE CARE (135 trucks) | CITY LIGHT AND POWER INC (121 trucks) | WHEEL PROS LLC (182 trucks) | GLOBAL TRANSPORTATION LLC (442 trucks) | HBSCO DANS TRASH AT YOUR DISPOSAL (110 trucks) | CITY OF AURORA (271 trucks) | ORICA USA INC (215 trucks) | ENTERPRISE RENT-A-CAR NATIONAL RENT A CAR ALAMO RENT A CAR (421 trucks) | AURORA PUBLIC SCHOOLS (127 trucks) | METCO LANDSCAPING INC (226 trucks) | WAGNER EQUIPMENT CO (423 trucks),137000,15017,11444344.06,"$675,000.00"
Sol_024,4237 McWhinney Blvd,https://www.loopnet.com/Listing/4237-McWhinney-Blvd-Loveland-CO/23974785/,"Loveland, CO 80538",0.65,871347.9,40.408208389025,-105.017378025231,252.96,1000,XS,25.30%,109,LOVELAND MUNICIPALITY (109 trucks),137000,15017,11444344.06,"$871,347.90"
Sol_024,7300 W Jefferson Ave,https://www.loopnet.com/Listing/7300-W-Jefferson-Ave-Lakewood-CO/38419312/,"Lakewood, CO 80235",0.66,379999.0,39.649773884125,-105.079540805378,10536.92,20000,XL,52.68%,1415,QUALITY LOGISTICS INC (135 trucks) | KEESEN ENTERPRISES INC (263 trucks) | PROCAM SERVICES  (101 trucks) | JEFFCO SCHOOLS (274 trucks) | JEFFERSON COUNTY (120 trucks) | HOLCIM WCR INC (298 trucks) | PACIFIC SHIPPING & TRUCKING CO INC (109 trucks) | ENIVIRONMENTAL LANDWORKS COMPANY INC (115 trucks),137000,15017,11444344.06,"$379,999.00"
Sol_024,9190 W 84th Ave,https://www.loopnet.com/Listing/9190-W-84th-Ave-Arvada-CO/38160305/,"Arvada, CO 80005",0.67,499000.0,39.849854027782,-105.100317795342,6920.830000000001,10000,L,69.21%,1365,ALPINE MILLWORK COMPANY DBA ROCKY MOUNTAIN RELOAD (141 trucks) | CITY OF ARVADA (100 trucks) | GEOSTABILIZATION INTERNATIONAL LLC (155 trucks) | COLD FRONT (121 trucks) | SITEWISE LLC (145 trucks) | CITY OF THORNTON (208 trucks) | CITY OF THORNTON (174 trucks) | TRI-STATE GENERATION & TRANSMISSION ASSOCIATION INC (321 trucks),137000,15017,11444344.06,"$499,000.00"
Sol_024,10431 Quari St,https://www.loopnet.com/Listing/10431-Quari-St-Commerce-City-CO/29119294/,"Commerce City, CO 80022",0.72,270000.0,39.886267655476,-104.844980046547,7354.02,10000,L,73.54%,1013,ENVIRONMENTAL DESIGNS LLC (156 trucks) | BALIC TRANSPORT INC (120 trucks) | BURNCO COLORADO LLC (146 trucks) | WEST DIRECT OIL (140 trucks) | OFFEN PETROLEUM LLC (269 trucks) | ADAMS 12 FIVE STAR SCHOOLS (182 trucks),137000,15017,11444344.06,"$270,000.00"
Sol_024,NEC N Fairgrounds Ave,https://www.loopnet.com/Listing/NEC-N-Fairgrounds-Ave-Windsor-CO/29890025/,"Windsor, CO 80528",0.74,483449.0,40.437732372143,-104.982630626628,304.01,1000,XS,30.40%,131,LARIMER COUNTY (131 trucks),137000,15017,11444344.06,"$483,449.00"
Sol_024,11958 Lincoln Ave,https://www.loopnet.com/Listing/Lincoln-Ave-Parker-CO/39741118/,"Parker, CO 80138",0.86,495000.0,39.536519536914,-104.76116705724,13220.13,20000,XL,66.10%,1835,ACCELERATED SERVICES LLC (373 trucks) | AMERICAN FURNITURE WAREHOUSE CO (340 trucks) | TERRACARE ASSOCIATES LLC (156 trucks) | IHC SCOTT INC (214 trucks) | BUCKLEY POWDER CO (217 trucks) | CH2M OMI CH2MHILL JACOBS (183 trucks) | CHERRY CREEK SCHOOLS (352 trucks),137000,15017,11444344.06,"$495,000.00"
Sol_024,NWQ Highway 119 and I-25,https://www.loopnet.com/Listing/NWQ-Highway-119-and-I-25-Firestone-CO/31431092/,"Firestone, CO 80504",1.28,949000.0,40.160746988915,-104.978709958949,3529.55,5000,M,70.59%,606,WARD ELECTRIC COMPANY INC (222 trucks) | HEAT WAVES HOT OIL SERVICE LLC (201 trucks) | SUPREME TRANSPORT INC (183 trucks),137000,15017,11444344.06,"$949,000.00"
Sol_024,13987 Foster ct,https://www.loopnet.com/Listing/13987-Foster-ct-Longmont-CO/34579366/,"Longmont, CO 80504",1.42,1370019.92,40.140476603851,-105.119700024426,1399.2,2000,S,69.96%,385,CITY OF LONGMONT (211 trucks) | ST VRAIN VALLEY SCHOOL DISTRICT (174 trucks),137000,15017,11444344.06,"$1,370,019.92"
Sol_024,765 Aspen Ridge Drive Dr,https://www.loopnet.com/Listing/765-Aspen-Ridge-Drive-Dr-Lafayette-CO/32931931/,"Lafayette, CO 80026",1.43,556000.0,40.006898203868,-105.107210150504,4585.06,5000,M,91.70%,619,BOULDER VALLEY SCHOOL DISTRICT RE-2 (134 trucks) | VIA MOBILITY SERVICES (196 trucks) | VIA MOBILITY SERVICES (116 trucks) | CU (173 trucks),137000,15017,11444344.06,"$556,000.00"
Sol_024,E Harmony & Lady Moon Dr,https://www.loopnet.com/Listing/E-Harmony-Lady-Moon-Dr-Fort-Collins-CO/11217719/,"Fort Collins, CO 80528",2.2,1054007.0,40.523221679275,-105.010799488523,5618.16,10000,L,56.18%,972,NOVUS AG LLC (444 trucks) | CITY OF FORT COLLINS (285 trucks) | Poudre School District  (243 trucks),137000,15017,11444344.06,"$1,054,007.00"
Sol_025,2544 11th Ave,https://www.loopnet.com/Listing/2544-11th-Ave-Greeley-CO/35100267/,"Greeley, CO 80631",0.15,350000.0,40.395690645275,-104.69657283495,336.5,1000,XS,33.65%,145,WELD COUNTY PUBLIC WORKS DEPARTMENT (145 trucks),135000,14748,11174344.06,"$350,000.00"
Sol_025,831 N Clarkson St,https://www.loopnet.com/Listing/831-N-Clarkson-St-Denver-CO/38142797/,"Denver, CO 80218",0.18,899000.0,39.729919009716,-104.977904960968,4580.9400000000005,5000,M,91.62%,521,FARMERS ALL NATURAL (121 trucks) | CO TRAN LLC (275 trucks) | SUPERSHUTTLE DENVER (125 trucks),135000,14748,11174344.06,"$899,000.00"
Sol_025,422 Perry St,https://www.loopnet.com/Listing/422-Perry-St-Castle-Rock-CO/38421711/,"Castle Rock, CO 80104",0.24,605821.24,39.374148794158,-104.858322527659,2577.81,5000,M,51.56%,389,GREAT SOUTHWESTERN CONSTRUCTION INC (280 trucks) | TOWN OF CASTLE ROCK  (109 trucks),135000,14748,11174344.06,"$605,821.24"
Sol_025,239 S Main St,https://www.loopnet.com/Listing/239-S-Main-St-Brighton-CO/27424620/,"Brighton, CO 80601",0.31,250000.0,39.982905257485,-104.822555605705,5864.05,10000,L,58.64%,829,G&Z TRANSPORT LLC (147 trucks) | SIM TRUCKING INC (120 trucks) | ENVIRONMENTAL DESIGNS LLC (156 trucks) | BALIC TRANSPORT INC (120 trucks) | BURNCO COLORADO LLC (146 trucks) | WEST DIRECT OIL (140 trucks),135000,14748,11174344.06,"$250,000.00"
Sol_025,20th & Blake St,https://www.loopnet.com/Listing/20th-Blake-St-Land-Denver-CO/26158810/,"Denver, CO 80205",0.32,1320000.0,39.754299409573,-104.994304825083,9307.460000000001,10000,L,93.07%,1347,RES (149 trucks) | MPLX G&P (144 trucks) | CONCRETE EXPRESS INC (128 trucks) | COORS DISTRIBUTING COMPANY MILLER COORS LLC (105 trucks) | U S TRANSPORT INC (200 trucks) | WASTE CONNECTIONS OF COLORADO INC (486 trucks) | SURESHOT DRILLING LLC ATOZ FIELD SERVICES LLC DRILL TECH LLC PINNACLE DEVELOPMENT INC HDD SPECIALISTS LLC (135 trucks),135000,14748,11174344.06,"$1,320,000.00"
Sol_025,1560 N Academy Blvd,https://www.loopnet.com/Listing/1560-N-Academy-Blvd-Colorado-Springs-CO/3886433/,"Colorado Springs, CO 80909",0.64,416700.0,38.854776988204,-104.75774002483,5689.619999999999,10000,L,56.90%,1031,COLORADO SPRINGS SCHOOL DISTRICT 11 (130 trucks) | MOUNTAIN METROPOLITAN TRANSIT (144 trucks) | CITY OF COLORADO SPRINGS (326 trucks) | El PASO COUNTY (112 trucks) | GOODWILL OF COLORADO (134 trucks) | VECTRUS SYSTEMS CORPORATION (185 trucks),135000,14748,11174344.06,"$416,700.00"
Sol_025,3401 S Yosemite St,https://www.loopnet.com/Listing/3401-S-Yosemite-St-Denver-CO/39837277/,"Denver, CO 80231",0.64,675000.0,39.654049416843,-104.88550562639,19524.48,20000,XL,97.62%,2867,COMCAST (194 trucks) | SWINGLE TREE & LANDSCAPE CARE (135 trucks) | CITY LIGHT AND POWER INC (121 trucks) | WHEEL PROS LLC (182 trucks) | GLOBAL TRANSPORTATION LLC (442 trucks) | HBSCO DANS TRASH AT YOUR DISPOSAL (110 trucks) | CITY OF AURORA (271 trucks) | ORICA USA INC (215 trucks) | ENTERPRISE RENT-A-CAR NATIONAL RENT A CAR ALAMO RENT A CAR (421 trucks) | AURORA PUBLIC SCHOOLS (127 trucks) | METCO LANDSCAPING INC (226 trucks) | WAGNER EQUIPMENT CO (423 trucks),135000,14748,11174344.06,"$675,000.00"
Sol_025,4237 McWhinney Blvd,https://www.loopnet.com/Listing/4237-McWhinney-Blvd-Loveland-CO/23974785/,"Loveland, CO 80538",0.65,871347.9,40.408208389025,-105.017378025231,252.96,1000,XS,25.30%,109,LOVELAND MUNICIPALITY (109 trucks),135000,14748,11174344.06,"$871,347.90"
Sol_025,7300 W Jefferson Ave,https://www.loopnet.com/Listing/7300-W-Jefferson-Ave-Lakewood-CO/38419312/,"Lakewood, CO 80235",0.66,379999.0,39.649773884125,-105.079540805378,10536.92,20000,XL,52.68%,1415,QUALITY LOGISTICS INC (135 trucks) | KEESEN ENTERPRISES INC (263 trucks) | PROCAM SERVICES  (101 trucks) | JEFFCO SCHOOLS (274 trucks) | JEFFERSON COUNTY (120 trucks) | HOLCIM WCR INC (298 trucks) | PACIFIC SHIPPING & TRUCKING CO INC (109 trucks) | ENIVIRONMENTAL LANDWORKS COMPANY INC (115 trucks),135000,14748,11174344.06,"$379,999.00"
Sol_025,9190 W 84th Ave,https://www.loopnet.com/Listing/9190-W-84th-Ave-Arvada-CO/38160305/,"Arvada, CO 80005",0.67,499000.0,39.849854027782,-105.100317795342,7872.180000000001,10000,L,78.72%,1547,ALPINE MILLWORK COMPANY DBA ROCKY MOUNTAIN RELOAD (141 trucks) | CITY OF ARVADA (100 trucks) | GEOSTABILIZATION INTERNATIONAL LLC (155 trucks) | COLD FRONT (121 trucks) | SITEWISE LLC (145 trucks) | CITY OF THORNTON (208 trucks) | CITY OF THORNTON (174 trucks) | TRI-STATE GENERATION & TRANSMISSION ASSOCIATION INC (321 trucks) | ADAMS 12 FIVE STAR SCHOOLS (182 trucks),135000,14748,11174344.06,"$499,000.00"
Sol_025,NEC N Fairgrounds Ave,https://www.loopnet.com/Listing/NEC-N-Fairgrounds-Ave-Windsor-CO/29890025/,"Windsor, CO 80528",0.74,483449.0,40.437732372143,-104.982630626628,304.01,1000,XS,30.40%,131,LARIMER COUNTY (131 trucks),135000,14748,11174344.06,"$483,449.00"
Sol_025,11958 Lincoln Ave,https://www.loopnet.com/Listing/Lincoln-Ave-Parker-CO/39741118/,"Parker, CO 80138",0.86,495000.0,39.536519536914,-104.76116705724,13220.13,20000,XL,66.10%,1835,ACCELERATED SERVICES LLC (373 trucks) | AMERICAN FURNITURE WAREHOUSE CO (340 trucks) | TERRACARE ASSOCIATES LLC (156 trucks) | IHC SCOTT INC (214 trucks) | BUCKLEY POWDER CO (217 trucks) | CH2M OMI CH2MHILL JACOBS (183 trucks) | CHERRY CREEK SCHOOLS (352 trucks),135000,14748,11174344.06,"$495,000.00"
Sol_025,NWQ Highway 119 and I-25,https://www.loopnet.com/Listing/NWQ-Highway-119-and-I-25-Firestone-CO/31431092/,"Firestone, CO 80504",1.28,949000.0,40.160746988915,-104.978709958949,3529.55,5000,M,70.59%,606,WARD ELECTRIC COMPANY INC (222 trucks) | HEAT WAVES HOT OIL SERVICE LLC (201 trucks) | SUPREME TRANSPORT INC (183 trucks),135000,14748,11174344.06,"$949,000.00"
Sol_025,13987 Foster ct,https://www.loopnet.com/Listing/13987-Foster-ct-Longmont-CO/34579366/,"Longmont, CO 80504",1.42,1370019.92,40.140476603851,-105.119700024426,1399.2,2000,S,69.96%,385,CITY OF LONGMONT (211 trucks) | ST VRAIN VALLEY SCHOOL DISTRICT (174 trucks),135000,14748,11174344.06,"$1,370,019.92"
Sol_025,765 Aspen Ridge Drive Dr,https://www.loopnet.com/Listing/765-Aspen-Ridge-Drive-Dr-Lafayette-CO/32931931/,"Lafayette, CO 80026",1.43,556000.0,40.006898203868,-105.107210150504,4585.06,5000,M,91.70%,619,BOULDER VALLEY SCHOOL DISTRICT RE-2 (134 trucks) | VIA MOBILITY SERVICES (196 trucks) | VIA MOBILITY SERVICES (116 trucks) | CU (173 trucks),135000,14748,11174344.06,"$556,000.00"
Sol_025,E Harmony & Lady Moon Dr,https://www.loopnet.com/Listing/E-Harmony-Lady-Moon-Dr-Fort-Collins-CO/11217719/,"Fort Collins, CO 80528",2.2,1054007.0,40.523221679275,-105.010799488523,5618.16,10000,L,56.18%,972,NOVUS AG LLC (444 trucks) | CITY OF FORT COLLINS (285 trucks) | Poudre School District  (243 trucks),135000,14748,11174344.06,"$1,054,007.00"
Sol_026,2544 11th Ave,https://www.loopnet.com/Listing/2544-11th-Ave-Greeley-CO/35100267/,"Greeley, CO 80631",0.15,350000.0,40.395690645275,-104.69657283495,336.5,1000,XS,33.65%,145,WELD COUNTY PUBLIC WORKS DEPARTMENT (145 trucks),165000,16838,12423344.06,"$350,000.00"
Sol_026,831 N Clarkson St,https://www.loopnet.com/Listing/831-N-Clarkson-St-Denver-CO/38142797/,"Denver, CO 80218",0.18,899000.0,39.729919009716,-104.977904960968,4580.9400000000005,5000,M,91.62%,521,FARMERS ALL NATURAL (121 trucks) | CO TRAN LLC (275 trucks) | SUPERSHUTTLE DENVER (125 trucks),165000,16838,12423344.06,"$899,000.00"
Sol_026,422 Perry St,https://www.loopnet.com/Listing/422-Perry-St-Castle-Rock-CO/38421711/,"Castle Rock, CO 80104",0.24,605821.24,39.374148794158,-104.858322527659,2577.81,5000,M,51.56%,389,GREAT SOUTHWESTERN CONSTRUCTION INC (280 trucks) | TOWN OF CASTLE ROCK  (109 trucks),165000,16838,12423344.06,"$605,821.24"
Sol_026,239 S Main St,https://www.loopnet.com/Listing/239-S-Main-St-Brighton-CO/27424620/,"Brighton, CO 80601",0.31,250000.0,39.982905257485,-104.822555605705,3986.53,5000,M,79.73%,543,G&Z TRANSPORT LLC (147 trucks) | SIM TRUCKING INC (120 trucks) | ENVIRONMENTAL DESIGNS LLC (156 trucks) | BALIC TRANSPORT INC (120 trucks),165000,16838,12423344.06,"$250,000.00"
Sol_026,20th & Blake St,https://www.loopnet.com/Listing/20th-Blake-St-Land-Denver-CO/26158810/,"Denver, CO 80205",0.32,1320000.0,39.754299409573,-104.994304825083,7615.27,10000,L,76.15%,1147,RES (149 trucks) | MPLX G&P (144 trucks) | CONCRETE EXPRESS INC (128 trucks) | COMPASS VEHICLE RENTAL INC (170 trucks) | UNITED SITE SERVICES OF NEVADA INC (409 trucks) | UNITED SITE SERVICES OF COLORADO INC (147 trucks),165000,16838,12423344.06,"$1,320,000.00"
Sol_026,1560 N Academy Blvd,https://www.loopnet.com/Listing/1560-N-Academy-Blvd-Colorado-Springs-CO/3886433/,"Colorado Springs, CO 80909",0.64,416700.0,38.854776988204,-104.75774002483,5689.619999999999,10000,L,56.90%,1031,COLORADO SPRINGS SCHOOL DISTRICT 11 (130 trucks) | MOUNTAIN METROPOLITAN TRANSIT (144 trucks) | CITY OF COLORADO SPRINGS (326 trucks) | El PASO COUNTY (112 trucks) | GOODWILL OF COLORADO (134 trucks) | VECTRUS SYSTEMS CORPORATION (185 trucks),165000,16838,12423344.06,"$416,700.00"
Sol_026,3401 S Yosemite St,https://www.loopnet.com/Listing/3401-S-Yosemite-St-Denver-CO/39837277/,"Denver, CO 80231",0.64,675000.0,39.654049416843,-104.88550562639,19524.48,20000,XL,97.62%,2867,COMCAST (194 trucks) | SWINGLE TREE & LANDSCAPE CARE (135 trucks) | CITY LIGHT AND POWER INC (121 trucks) | WHEEL PROS LLC (182 trucks) | GLOBAL TRANSPORTATION LLC (442 trucks) | HBSCO DANS TRASH AT YOUR DISPOSAL (110 trucks) | CITY OF AURORA (271 trucks) | ORICA USA INC (215 trucks) | ENTERPRISE RENT-A-CAR NATIONAL RENT A CAR ALAMO RENT A CAR (421 trucks) | AURORA PUBLIC SCHOOLS (127 trucks) | METCO LANDSCAPING INC (226 trucks) | WAGNER EQUIPMENT CO (423 trucks),165000,16838,12423344.06,"$675,000.00"
Sol_026,4237 McWhinney Blvd,https://www.loopnet.com/Listing/4237-McWhinney-Blvd-Loveland-CO/23974785/,"Loveland, CO 80538",0.65,871347.9,40.408208389025,-105.017378025231,252.96,1000,XS,25.30%,109,LOVELAND MUNICIPALITY (109 trucks),165000,16838,12423344.06,"$871,347.90"
Sol_026,7300 W Jefferson Ave,https://www.loopnet.com/Listing/7300-W-Jefferson-Ave-Lakewood-CO/38419312/,"Lakewood, CO 80235",0.66,379999.0,39.649773884125,-105.079540805378,10536.92,20000,XL,52.68%,1415,QUALITY LOGISTICS INC (135 trucks) | KEESEN ENTERPRISES INC (263 trucks) | PROCAM SERVICES  (101 trucks) | JEFFCO SCHOOLS (274 trucks) | JEFFERSON COUNTY (120 trucks) | HOLCIM WCR INC (298 trucks) | PACIFIC SHIPPING & TRUCKING CO INC (109 trucks) | ENIVIRONMENTAL LANDWORKS COMPANY INC (115 trucks),165000,16838,12423344.06,"$379,999.00"
Sol_026,9190 W 84th Ave,https://www.loopnet.com/Listing/9190-W-84th-Ave-Arvada-CO/38160305/,"Arvada, CO 80005",0.67,499000.0,39.849854027782,-105.100317795342,3378.81,5000,M,67.58%,541,ALPINE MILLWORK COMPANY DBA ROCKY MOUNTAIN RELOAD (141 trucks) | CITY OF ARVADA (100 trucks) | GEOSTABILIZATION INTERNATIONAL LLC (155 trucks) | SITEWISE LLC (145 trucks),165000,16838,12423344.06,"$499,000.00"
Sol_026,NEC N Fairgrounds Ave,https://www.loopnet.com/Listing/NEC-N-Fairgrounds-Ave-Windsor-CO/29890025/,"Windsor, CO 80528",0.74,483449.0,40.437732372143,-104.982630626628,304.01,1000,XS,30.40%,131,LARIMER COUNTY (131 trucks),165000,16838,12423344.06,"$483,449.00"
Sol_026,11958 Lincoln Ave,https://www.loopnet.com/Listing/Lincoln-Ave-Parker-CO/39741118/,"Parker, CO 80138",0.86,495000.0,39.536519536914,-104.76116705724,13220.13,20000,XL,66.10%,1835,ACCELERATED SERVICES LLC (373 trucks) | AMERICAN FURNITURE WAREHOUSE CO (340 trucks) | TERRACARE ASSOCIATES LLC (156 trucks) | IHC SCOTT INC (214 trucks) | BUCKLEY POWDER CO (217 trucks) | CH2M OMI CH2MHILL JACOBS (183 trucks) | CHERRY CREEK SCHOOLS (352 trucks),165000,16838,12423344.06,"$495,000.00"
Sol_026,2980 W 60th Ave,https://www.loopnet.com/Listing/2980-W-60th-Ave-Denver-CO/12107088/,"Denver, CO 80221",1.14,900000.0,39.805386957185,-105.022150208489,12875.779999999999,20000,XL,64.38%,1643,NAVAJO EXPRESS INC (309 trucks) | COORS DISTRIBUTING COMPANY MILLER COORS LLC (105 trucks) | COLD FRONT (121 trucks) | U S TRANSPORT INC (200 trucks) | SURESHOT DRILLING LLC ATOZ FIELD SERVICES LLC DRILL TECH LLC PINNACLE DEVELOPMENT INC HDD SPECIALISTS LLC (135 trucks) | EAGLE ROCK DISTRIBUTING COMPANY OF COLORADO LLC (148 trucks) | WASTE CONNECTIONS OF COLORADO INC (486 trucks) | RMS CRANES (139 trucks),165000,16838,12423344.06,"$900,000.00"
Sol_026,8850 Huron St,https://www.loopnet.com/Listing/8850-Huron-St-Thornton-CO/33061072/,"Thornton, CO 80260",1.26,349000.0,39.858426283979,-104.995662022846,11778.220000000001,20000,XL,58.89%,1939,CITY OF THORNTON (208 trucks) | CITY OF THORNTON (174 trucks) | COCAL LANDSCAPE SERVICES INC (153 trucks) | READY MIX CONCRETE COMPANY (191 trucks) | TRI-STATE GENERATION & TRANSMISSION ASSOCIATION INC (321 trucks) | WESTERN DISTRIBUTING TRANSPORTATION CORP (155 trucks) | OFFEN PETROLEUM LLC (269 trucks) | ADAMS 12 FIVE STAR SCHOOLS (182 trucks) | WEST DIRECT OIL (140 trucks) | BURNCO COLORADO LLC (146 trucks),165000,16838,12423344.06,"$349,000.00"
Sol_026,NWQ Highway 119 and I-25,https://www.loopnet.com/Listing/NWQ-Highway-119-and-I-25-Firestone-CO/31431092/,"Firestone, CO 80504",1.28,949000.0,40.160746988915,-104.978709958949,3529.55,5000,M,70.59%,606,WARD ELECTRIC COMPANY INC (222 trucks) | HEAT WAVES HOT OIL SERVICE LLC (201 trucks) | SUPREME TRANSPORT INC (183 trucks),165000,16838,12423344.06,"$949,000.00"
Sol_026,13987 Foster ct,https://www.loopnet.com/Listing/13987-Foster-ct-Longmont-CO/34579366/,"Longmont, CO 80504",1.42,1370019.92,40.140476603851,-105.119700024426,1399.2,2000,S,69.96%,385,CITY OF LONGMONT (211 trucks) | ST VRAIN VALLEY SCHOOL DISTRICT (174 trucks),165000,16838,12423344.06,"$1,370,019.92"
Sol_026,765 Aspen Ridge Drive Dr,https://www.loopnet.com/Listing/765-Aspen-Ridge-Drive-Dr-Lafayette-CO/32931931/,"Lafayette, CO 80026",1.43,556000.0,40.006898203868,-105.107210150504,4585.06,5000,M,91.70%,619,BOULDER VALLEY SCHOOL DISTRICT RE-2 (134 trucks) | VIA MOBILITY SERVICES (196 trucks) | VIA MOBILITY SERVICES (116 trucks) | CU (173 trucks),165000,16838,12423344.06,"$556,000.00"
Sol_026,E Harmony & Lady Moon Dr,https://www.loopnet.com/Listing/E-Harmony-Lady-Moon-Dr-Fort-Collins-CO/11217719/,"Fort Collins, CO 80528",2.2,1054007.0,40.523221679275,-105.010799488523,5618.16,10000,L,56.18%,972,NOVUS AG LLC (444 trucks) | CITY OF FORT COLLINS (285 trucks) | Poudre School District  (243 trucks),165000,16838,12423344.06,"$1,054,007.00"
Sol_027,2544 11th Ave,https://www.loopnet.com/Listing/2544-11th-Ave-Greeley-CO/35100267/,"Greeley, CO 80631",0.15,350000.0,40.395690645275,-104.69657283495,336.5,1000,XS,33.65%,145,WELD COUNTY PUBLIC WORKS DEPARTMENT (145 trucks),155000,16838,13104344.06,"$350,000.00"
Sol_027,831 N Clarkson St,https://www.loopnet.com/Listing/831-N-Clarkson-St-Denver-CO/38142797/,"Denver, CO 80218",0.18,899000.0,39.729919009716,-104.977904960968,3413.46,5000,M,68.27%,396,FARMERS ALL NATURAL (121 trucks) | CO TRAN LLC (275 trucks),155000,16838,13104344.06,"$899,000.00"
Sol_027,422 Perry St,https://www.loopnet.com/Listing/422-Perry-St-Castle-Rock-CO/38421711/,"Castle Rock, CO 80104",0.24,605821.24,39.374148794158,-104.858322527659,2577.81,5000,M,51.56%,389,GREAT SOUTHWESTERN CONSTRUCTION INC (280 trucks) | TOWN OF CASTLE ROCK  (109 trucks),155000,16838,13104344.06,"$605,821.24"
Sol_027,239 S Main St,https://www.loopnet.com/Listing/239-S-Main-St-Brighton-CO/27424620/,"Brighton, CO 80601",0.31,250000.0,39.982905257485,-104.822555605705,5864.05,10000,L,58.64%,829,G&Z TRANSPORT LLC (147 trucks) | SIM TRUCKING INC (120 trucks) | ENVIRONMENTAL DESIGNS LLC (156 trucks) | BALIC TRANSPORT INC (120 trucks) | BURNCO COLORADO LLC (146 trucks) | WEST DIRECT OIL (140 trucks),155000,16838,13104344.06,"$250,000.00"
Sol_027,20th & Blake St,https://www.loopnet.com/Listing/20th-Blake-St-Land-Denver-CO/26158810/,"Denver, CO 80205",0.32,1320000.0,39.754299409573,-104.994304825083,7770.22,10000,L,77.70%,1005,RES (149 trucks) | MPLX G&P (144 trucks) | CONCRETE EXPRESS INC (128 trucks) | COORS DISTRIBUTING COMPANY MILLER COORS LLC (105 trucks) | NAVAJO EXPRESS INC (309 trucks) | COMPASS VEHICLE RENTAL INC (170 trucks),155000,16838,13104344.06,"$1,320,000.00"
Sol_027,1560 N Academy Blvd,https://www.loopnet.com/Listing/1560-N-Academy-Blvd-Colorado-Springs-CO/3886433/,"Colorado Springs, CO 80909",0.64,416700.0,38.854776988204,-104.75774002483,5689.619999999999,10000,L,56.90%,1031,COLORADO SPRINGS SCHOOL DISTRICT 11 (130 trucks) | MOUNTAIN METROPOLITAN TRANSIT (144 trucks) | CITY OF COLORADO SPRINGS (326 trucks) | El PASO COUNTY (112 trucks) | GOODWILL OF COLORADO (134 trucks) | VECTRUS SYSTEMS CORPORATION (185 trucks),155000,16838,13104344.06,"$416,700.00"
Sol_027,3401 S Yosemite St,https://www.loopnet.com/Listing/3401-S-Yosemite-St-Denver-CO/39837277/,"Denver, CO 80231",0.64,675000.0,39.654049416843,-104.88550562639,19524.48,20000,XL,97.62%,2867,COMCAST (194 trucks) | SWINGLE TREE & LANDSCAPE CARE (135 trucks) | CITY LIGHT AND POWER INC (121 trucks) | WHEEL PROS LLC (182 trucks) | GLOBAL TRANSPORTATION LLC (442 trucks) | HBSCO DANS TRASH AT YOUR DISPOSAL (110 trucks) | CITY OF AURORA (271 trucks) | ORICA USA INC (215 trucks) | ENTERPRISE RENT-A-CAR NATIONAL RENT A CAR ALAMO RENT A CAR (421 trucks) | AURORA PUBLIC SCHOOLS (127 trucks) | METCO LANDSCAPING INC (226 trucks) | WAGNER EQUIPMENT CO (423 trucks),155000,16838,13104344.06,"$675,000.00"
Sol_027,4237 McWhinney Blvd,https://www.loopnet.com/Listing/4237-McWhinney-Blvd-Loveland-CO/23974785/,"Loveland, CO 80538",0.65,871347.9,40.408208389025,-105.017378025231,252.96,1000,XS,25.30%,109,LOVELAND MUNICIPALITY (109 trucks),155000,16838,13104344.06,"$871,347.90"
Sol_027,7300 W Jefferson Ave,https://www.loopnet.com/Listing/7300-W-Jefferson-Ave-Lakewood-CO/38419312/,"Lakewood, CO 80235",0.66,379999.0,39.649773884125,-105.079540805378,10536.92,20000,XL,52.68%,1415,QUALITY LOGISTICS INC (135 trucks) | KEESEN ENTERPRISES INC (263 trucks) | PROCAM SERVICES  (101 trucks) | JEFFCO SCHOOLS (274 trucks) | JEFFERSON COUNTY (120 trucks) | HOLCIM WCR INC (298 trucks) | PACIFIC SHIPPING & TRUCKING CO INC (109 trucks) | ENIVIRONMENTAL LANDWORKS COMPANY INC (115 trucks),155000,16838,13104344.06,"$379,999.00"
Sol_027,9190 W 84th Ave,https://www.loopnet.com/Listing/9190-W-84th-Ave-Arvada-CO/38160305/,"Arvada, CO 80005",0.67,499000.0,39.849854027782,-105.100317795342,7872.180000000001,10000,L,78.72%,1547,ALPINE MILLWORK COMPANY DBA ROCKY MOUNTAIN RELOAD (141 trucks) | CITY OF ARVADA (100 trucks) | GEOSTABILIZATION INTERNATIONAL LLC (155 trucks) | COLD FRONT (121 trucks) | SITEWISE LLC (145 trucks) | CITY OF THORNTON (208 trucks) | CITY OF THORNTON (174 trucks) | TRI-STATE GENERATION & TRANSMISSION ASSOCIATION INC (321 trucks) | ADAMS 12 FIVE STAR SCHOOLS (182 trucks),155000,16838,13104344.06,"$499,000.00"
Sol_027,NEC N Fairgrounds Ave,https://www.loopnet.com/Listing/NEC-N-Fairgrounds-Ave-Windsor-CO/29890025/,"Windsor, CO 80528",0.74,483449.0,40.437732372143,-104.982630626628,304.01,1000,XS,30.40%,131,LARIMER COUNTY (131 trucks),155000,16838,13104344.06,"$483,449.00"
Sol_027,11958 Lincoln Ave,https://www.loopnet.com/Listing/Lincoln-Ave-Parker-CO/39741118/,"Parker, CO 80138",0.86,495000.0,39.536519536914,-104.76116705724,13220.13,20000,XL,66.10%,1835,ACCELERATED SERVICES LLC (373 trucks) | AMERICAN FURNITURE WAREHOUSE CO (340 trucks) | TERRACARE ASSOCIATES LLC (156 trucks) | IHC SCOTT INC (214 trucks) | BUCKLEY POWDER CO (217 trucks) | CH2M OMI CH2MHILL JACOBS (183 trucks) | CHERRY CREEK SCHOOLS (352 trucks),155000,16838,13104344.06,"$495,000.00"
Sol_027,2450 Curtis St,https://www.loopnet.com/Listing/2450-Curtis-St-Denver-CO/34878162/,"Denver, CO 80205",0.93,1930000.0,39.755035173034,-104.984190298703,19295.64,20000,XL,96.48%,2557,WASTE CONNECTIONS OF COLORADO INC (486 trucks) | U S TRANSPORT INC (200 trucks) | SURESHOT DRILLING LLC ATOZ FIELD SERVICES LLC DRILL TECH LLC PINNACLE DEVELOPMENT INC HDD SPECIALISTS LLC (135 trucks) | EAGLE ROCK DISTRIBUTING COMPANY OF COLORADO LLC (148 trucks) | RMS CRANES (139 trucks) | WESTERN DISTRIBUTING TRANSPORTATION CORP (155 trucks) | SUPERSHUTTLE DENVER (125 trucks) | UNITED SITE SERVICES OF NEVADA INC (409 trucks) | UNITED SITE SERVICES OF COLORADO INC (147 trucks) | READY MIX CONCRETE COMPANY (191 trucks) | COCAL LANDSCAPE SERVICES INC (153 trucks) | OFFEN PETROLEUM LLC (269 trucks),155000,16838,13104344.06,"$1,930,000.00"
Sol_027,NWQ Highway 119 and I-25,https://www.loopnet.com/Listing/NWQ-Highway-119-and-I-25-Firestone-CO/31431092/,"Firestone, CO 80504",1.28,949000.0,40.160746988915,-104.978709958949,3529.55,5000,M,70.59%,606,WARD ELECTRIC COMPANY INC (222 trucks) | HEAT WAVES HOT OIL SERVICE LLC (201 trucks) | SUPREME TRANSPORT INC (183 trucks),155000,16838,13104344.06,"$949,000.00"
Sol_027,13987 Foster ct,https://www.loopnet.com/Listing/13987-Foster-ct-Longmont-CO/34579366/,"Longmont, CO 80504",1.42,1370019.92,40.140476603851,-105.119700024426,1399.2,2000,S,69.96%,385,CITY OF LONGMONT (211 trucks) | ST VRAIN VALLEY SCHOOL DISTRICT (174 trucks),155000,16838,13104344.06,"$1,370,019.92"
Sol_027,765 Aspen Ridge Drive Dr,https://www.loopnet.com/Listing/765-Aspen-Ridge-Drive-Dr-Lafayette-CO/32931931/,"Lafayette, CO 80026",1.43,556000.0,40.006898203868,-105.107210150504,4585.06,5000,M,91.70%,619,BOULDER VALLEY SCHOOL DISTRICT RE-2 (134 trucks) | VIA MOBILITY SERVICES (196 trucks) | VIA MOBILITY SERVICES (116 trucks) | CU (173 trucks),155000,16838,13104344.06,"$556,000.00"
Sol_027,E Harmony & Lady Moon Dr,https://www.loopnet.com/Listing/E-Harmony-Lady-Moon-Dr-Fort-Collins-CO/11217719/,"Fort Collins, CO 80528",2.2,1054007.0,40.523221679275,-105.010799488523,5618.16,10000,L,56.18%,972,NOVUS AG LLC (444 trucks) | CITY OF FORT COLLINS (285 trucks) | Poudre School District  (243 trucks),155000,16838,13104344.06,"$1,054,007.00"
Sol_028,2544 11th Ave,https://www.loopnet.com/Listing/2544-11th-Ave-Greeley-CO/35100267/,"Greeley, CO 80631",0.15,350000.0,40.395690645275,-104.69657283495,336.5,1000,XS,33.65%,145,WELD COUNTY PUBLIC WORKS DEPARTMENT (145 trucks),125000,14161,10848344.06,"$350,000.00"
Sol_028,831 N Clarkson St,https://www.loopnet.com/Listing/831-N-Clarkson-St-Denver-CO/38142797/,"Denver, CO 80218",0.18,899000.0,39.729919009716,-104.977904960968,4580.9400000000005,5000,M,91.62%,521,FARMERS ALL NATURAL (121 trucks) | CO TRAN LLC (275 trucks) | SUPERSHUTTLE DENVER (125 trucks),125000,14161,10848344.06,"$899,000.00"
Sol_028,422 Perry St,https://www.loopnet.com/Listing/422-Perry-St-Castle-Rock-CO/38421711/,"Castle Rock, CO 80104",0.24,605821.24,39.374148794158,-104.858322527659,2577.81,5000,M,51.56%,389,GREAT SOUTHWESTERN CONSTRUCTION INC (280 trucks) | TOWN OF CASTLE ROCK  (109 trucks),125000,14161,10848344.06,"$605,821.24"
Sol_028,239 S Main St,https://www.loopnet.com/Listing/239-S-Main-St-Brighton-CO/27424620/,"Brighton, CO 80601",0.31,250000.0,39.982905257485,-104.822555605705,3986.53,5000,M,79.73%,543,G&Z TRANSPORT LLC (147 trucks) | SIM TRUCKING INC (120 trucks) | ENVIRONMENTAL DESIGNS LLC (156 trucks) | BALIC TRANSPORT INC (120 trucks),125000,14161,10848344.06,"$250,000.00"
Sol_028,20th & Blake St,https://www.loopnet.com/Listing/20th-Blake-St-Land-Denver-CO/26158810/,"Denver, CO 80205",0.32,1320000.0,39.754299409573,-104.994304825083,9694.1,10000,L,96.94%,1382,RES (149 trucks) | MPLX G&P (144 trucks) | CONCRETE EXPRESS INC (128 trucks) | COORS DISTRIBUTING COMPANY MILLER COORS LLC (105 trucks) | U S TRANSPORT INC (200 trucks) | WASTE CONNECTIONS OF COLORADO INC (486 trucks) | COMPASS VEHICLE RENTAL INC (170 trucks),125000,14161,10848344.06,"$1,320,000.00"
Sol_028,1560 N Academy Blvd,https://www.loopnet.com/Listing/1560-N-Academy-Blvd-Colorado-Springs-CO/3886433/,"Colorado Springs, CO 80909",0.64,416700.0,38.854776988204,-104.75774002483,5689.619999999999,10000,L,56.90%,1031,COLORADO SPRINGS SCHOOL DISTRICT 11 (130 trucks) | MOUNTAIN METROPOLITAN TRANSIT (144 trucks) | CITY OF COLORADO SPRINGS (326 trucks) | El PASO COUNTY (112 trucks) | GOODWILL OF COLORADO (134 trucks) | VECTRUS SYSTEMS CORPORATION (185 trucks),125000,14161,10848344.06,"$416,700.00"
Sol_028,4237 McWhinney Blvd,https://www.loopnet.com/Listing/4237-McWhinney-Blvd-Loveland-CO/23974785/,"Loveland, CO 80538",0.65,871347.9,40.408208389025,-105.017378025231,252.96,1000,XS,25.30%,109,LOVELAND MUNICIPALITY (109 trucks),125000,14161,10848344.06,"$871,347.90"
Sol_028,7300 W Jefferson Ave,https://www.loopnet.com/Listing/7300-W-Jefferson-Ave-Lakewood-CO/38419312/,"Lakewood, CO 80235",0.66,379999.0,39.649773884125,-105.079540805378,10536.92,20000,XL,52.68%,1415,QUALITY LOGISTICS INC (135 trucks) | KEESEN ENTERPRISES INC (263 trucks) | PROCAM SERVICES  (101 trucks) | JEFFCO SCHOOLS (274 trucks) | JEFFERSON COUNTY (120 trucks) | HOLCIM WCR INC (298 trucks) | PACIFIC SHIPPING & TRUCKING CO INC (109 trucks) | ENIVIRONMENTAL LANDWORKS COMPANY INC (115 trucks),125000,14161,10848344.06,"$379,999.00"
Sol_028,9190 W 84th Ave,https://www.loopnet.com/Listing/9190-W-84th-Ave-Arvada-CO/38160305/,"Arvada, CO 80005",0.67,499000.0,39.849854027782,-105.100317795342,3378.81,5000,M,67.58%,541,ALPINE MILLWORK COMPANY DBA ROCKY MOUNTAIN RELOAD (141 trucks) | CITY OF ARVADA (100 trucks) | GEOSTABILIZATION INTERNATIONAL LLC (155 trucks) | SITEWISE LLC (145 trucks),125000,14161,10848344.06,"$499,000.00"
Sol_028,NEC N Fairgrounds Ave,https://www.loopnet.com/Listing/NEC-N-Fairgrounds-Ave-Windsor-CO/29890025/,"Windsor, CO 80528",0.74,483449.0,40.437732372143,-104.982630626628,304.01,1000,XS,30.40%,131,LARIMER COUNTY (131 trucks),125000,14161,10848344.06,"$483,449.00"
Sol_028,11958 Lincoln Ave,https://www.loopnet.com/Listing/Lincoln-Ave-Parker-CO/39741118/,"Parker, CO 80138",0.86,495000.0,39.536519536914,-104.76116705724,18264.289999999997,20000,XL,91.32%,2581,ACCELERATED SERVICES LLC (373 trucks) | AMERICAN FURNITURE WAREHOUSE CO (340 trucks) | TERRACARE ASSOCIATES LLC (156 trucks) | IHC SCOTT INC (214 trucks) | BUCKLEY POWDER CO (217 trucks) | CH2M OMI CH2MHILL JACOBS (183 trucks) | ORICA USA INC (215 trucks) | CHERRY CREEK SCHOOLS (352 trucks) | HBSCO DANS TRASH AT YOUR DISPOSAL (110 trucks) | ENTERPRISE RENT-A-CAR NATIONAL RENT A CAR ALAMO RENT A CAR (421 trucks),125000,14161,10848344.06,"$495,000.00"
Sol_028,8850 Huron St,https://www.loopnet.com/Listing/8850-Huron-St-Thornton-CO/33061072/,"Thornton, CO 80260",1.26,349000.0,39.858426283979,-104.995662022846,18972.29,20000,XL,94.86%,2791,CITY OF THORNTON (208 trucks) | CITY OF THORNTON (174 trucks) | COCAL LANDSCAPE SERVICES INC (153 trucks) | COLD FRONT (121 trucks) | READY MIX CONCRETE COMPANY (191 trucks) | NAVAJO EXPRESS INC (309 trucks) | TRI-STATE GENERATION & TRANSMISSION ASSOCIATION INC (321 trucks) | WESTERN DISTRIBUTING TRANSPORTATION CORP (155 trucks) | RMS CRANES (139 trucks) | SURESHOT DRILLING LLC ATOZ FIELD SERVICES LLC DRILL TECH LLC PINNACLE DEVELOPMENT INC HDD SPECIALISTS LLC (135 trucks) | EAGLE ROCK DISTRIBUTING COMPANY OF COLORADO LLC (148 trucks) | OFFEN PETROLEUM LLC (269 trucks) | ADAMS 12 FIVE STAR SCHOOLS (182 trucks) | WEST DIRECT OIL (140 trucks) | BURNCO COLORADO LLC (146 trucks),125000,14161,10848344.06,"$349,000.00"
Sol_028,NWQ Highway 119 and I-25,https://www.loopnet.com/Listing/NWQ-Highway-119-and-I-25-Firestone-CO/31431092/,"Firestone, CO 80504",1.28,949000.0,40.160746988915,-104.978709958949,3529.55,5000,M,70.59%,606,WARD ELECTRIC COMPANY INC (222 trucks) | HEAT WAVES HOT OIL SERVICE LLC (201 trucks) | SUPREME TRANSPORT INC (183 trucks),125000,14161,10848344.06,"$949,000.00"
Sol_028,13987 Foster ct,https://www.loopnet.com/Listing/13987-Foster-ct-Longmont-CO/34579366/,"Longmont, CO 80504",1.42,1370019.92,40.140476603851,-105.119700024426,1399.2,2000,S,69.96%,385,CITY OF LONGMONT (211 trucks) | ST VRAIN VALLEY SCHOOL DISTRICT (174 trucks),125000,14161,10848344.06,"$1,370,019.92"
Sol_028,765 Aspen Ridge Drive Dr,https://www.loopnet.com/Listing/765-Aspen-Ridge-Drive-Dr-Lafayette-CO/32931931/,"Lafayette, CO 80026",1.43,556000.0,40.006898203868,-105.107210150504,4585.06,5000,M,91.70%,619,BOULDER VALLEY SCHOOL DISTRICT RE-2 (134 trucks) | VIA MOBILITY SERVICES (196 trucks) | VIA MOBILITY SERVICES (116 trucks) | CU (173 trucks),125000,14161,10848344.06,"$556,000.00"
Sol_028,E Harmony & Lady Moon Dr,https://www.loopnet.com/Listing/E-Harmony-Lady-Moon-Dr-Fort-Collins-CO/11217719/,"Fort Collins, CO 80528",2.2,1054007.0,40.523221679275,-105.010799488523,5618.16,10000,L,56.18%,972,NOVUS AG LLC (444 trucks) | CITY OF FORT COLLINS (285 trucks) | Poudre School District  (243 trucks),125000,14161,10848344.06,"$1,054,007.00"
Sol_029,2544 11th Ave,https://www.loopnet.com/Listing/2544-11th-Ave-Greeley-CO/35100267/,"Greeley, CO 80631",0.15,350000.0,40.395690645275,-104.69657283495,336.5,1000,XS,33.65%,145,WELD COUNTY PUBLIC WORKS DEPARTMENT (145 trucks),145000,16282,11523344.06,"$350,000.00"
Sol_029,831 N Clarkson St,https://www.loopnet.com/Listing/831-N-Clarkson-St-Denver-CO/38142797/,"Denver, CO 80218",0.18,899000.0,39.729919009716,-104.977904960968,4580.9400000000005,5000,M,91.62%,521,FARMERS ALL NATURAL (121 trucks) | CO TRAN LLC (275 trucks) | SUPERSHUTTLE DENVER (125 trucks),145000,16282,11523344.06,"$899,000.00"
Sol_029,422 Perry St,https://www.loopnet.com/Listing/422-Perry-St-Castle-Rock-CO/38421711/,"Castle Rock, CO 80104",0.24,605821.24,39.374148794158,-104.858322527659,2577.81,5000,M,51.56%,389,GREAT SOUTHWESTERN CONSTRUCTION INC (280 trucks) | TOWN OF CASTLE ROCK  (109 trucks),145000,16282,11523344.06,"$605,821.24"
Sol_029,239 S Main St,https://www.loopnet.com/Listing/239-S-Main-St-Brighton-CO/27424620/,"Brighton, CO 80601",0.31,250000.0,39.982905257485,-104.822555605705,3986.53,5000,M,79.73%,543,G&Z TRANSPORT LLC (147 trucks) | SIM TRUCKING INC (120 trucks) | ENVIRONMENTAL DESIGNS LLC (156 trucks) | BALIC TRANSPORT INC (120 trucks),145000,16282,11523344.06,"$250,000.00"
Sol_029,20th & Blake St,https://www.loopnet.com/Listing/20th-Blake-St-Land-Denver-CO/26158810/,"Denver, CO 80205",0.32,1320000.0,39.754299409573,-104.994304825083,9694.1,10000,L,96.94%,1382,RES (149 trucks) | MPLX G&P (144 trucks) | CONCRETE EXPRESS INC (128 trucks) | COORS DISTRIBUTING COMPANY MILLER COORS LLC (105 trucks) | U S TRANSPORT INC (200 trucks) | WASTE CONNECTIONS OF COLORADO INC (486 trucks) | COMPASS VEHICLE RENTAL INC (170 trucks),145000,16282,11523344.06,"$1,320,000.00"
Sol_029,1560 N Academy Blvd,https://www.loopnet.com/Listing/1560-N-Academy-Blvd-Colorado-Springs-CO/3886433/,"Colorado Springs, CO 80909",0.64,416700.0,38.854776988204,-104.75774002483,5689.619999999999,10000,L,56.90%,1031,COLORADO SPRINGS SCHOOL DISTRICT 11 (130 trucks) | MOUNTAIN METROPOLITAN TRANSIT (144 trucks) | CITY OF COLORADO SPRINGS (326 trucks) | El PASO COUNTY (112 trucks) | GOODWILL OF COLORADO (134 trucks) | VECTRUS SYSTEMS CORPORATION (185 trucks),145000,16282,11523344.06,"$416,700.00"
Sol_029,3401 S Yosemite St,https://www.loopnet.com/Listing/3401-S-Yosemite-St-Denver-CO/39837277/,"Denver, CO 80231",0.64,675000.0,39.654049416843,-104.88550562639,19524.48,20000,XL,97.62%,2867,COMCAST (194 trucks) | SWINGLE TREE & LANDSCAPE CARE (135 trucks) | CITY LIGHT AND POWER INC (121 trucks) | WHEEL PROS LLC (182 trucks) | GLOBAL TRANSPORTATION LLC (442 trucks) | HBSCO DANS TRASH AT YOUR DISPOSAL (110 trucks) | CITY OF AURORA (271 trucks) | ORICA USA INC (215 trucks) | ENTERPRISE RENT-A-CAR NATIONAL RENT A CAR ALAMO RENT A CAR (421 trucks) | AURORA PUBLIC SCHOOLS (127 trucks) | METCO LANDSCAPING INC (226 trucks) | WAGNER EQUIPMENT CO (423 trucks),145000,16282,11523344.06,"$675,000.00"
Sol_029,4237 McWhinney Blvd,https://www.loopnet.com/Listing/4237-McWhinney-Blvd-Loveland-CO/23974785/,"Loveland, CO 80538",0.65,871347.9,40.408208389025,-105.017378025231,252.96,1000,XS,25.30%,109,LOVELAND MUNICIPALITY (109 trucks),145000,16282,11523344.06,"$871,347.90"
Sol_029,7300 W Jefferson Ave,https://www.loopnet.com/Listing/7300-W-Jefferson-Ave-Lakewood-CO/38419312/,"Lakewood, CO 80235",0.66,379999.0,39.649773884125,-105.079540805378,10536.92,20000,XL,52.68%,1415,QUALITY LOGISTICS INC (135 trucks) | KEESEN ENTERPRISES INC (263 trucks) | PROCAM SERVICES  (101 trucks) | JEFFCO SCHOOLS (274 trucks) | JEFFERSON COUNTY (120 trucks) | HOLCIM WCR INC (298 trucks) | PACIFIC SHIPPING & TRUCKING CO INC (109 trucks) | ENIVIRONMENTAL LANDWORKS COMPANY INC (115 trucks),145000,16282,11523344.06,"$379,999.00"
Sol_029,9190 W 84th Ave,https://www.loopnet.com/Listing/9190-W-84th-Ave-Arvada-CO/38160305/,"Arvada, CO 80005",0.67,499000.0,39.849854027782,-105.100317795342,3378.81,5000,M,67.58%,541,ALPINE MILLWORK COMPANY DBA ROCKY MOUNTAIN RELOAD (141 trucks) | CITY OF ARVADA (100 trucks) | GEOSTABILIZATION INTERNATIONAL LLC (155 trucks) | SITEWISE LLC (145 trucks),145000,16282,11523344.06,"$499,000.00"
Sol_029,NEC N Fairgrounds Ave,https://www.loopnet.com/Listing/NEC-N-Fairgrounds-Ave-Windsor-CO/29890025/,"Windsor, CO 80528",0.74,483449.0,40.437732372143,-104.982630626628,304.01,1000,XS,30.40%,131,LARIMER COUNTY (131 trucks),145000,16282,11523344.06,"$483,449.00"
Sol_029,11958 Lincoln Ave,https://www.loopnet.com/Listing/Lincoln-Ave-Parker-CO/39741118/,"Parker, CO 80138",0.86,495000.0,39.536519536914,-104.76116705724,13220.13,20000,XL,66.10%,1835,ACCELERATED SERVICES LLC (373 trucks) | AMERICAN FURNITURE WAREHOUSE CO (340 trucks) | TERRACARE ASSOCIATES LLC (156 trucks) | IHC SCOTT INC (214 trucks) | BUCKLEY POWDER CO (217 trucks) | CH2M OMI CH2MHILL JACOBS (183 trucks) | CHERRY CREEK SCHOOLS (352 trucks),145000,16282,11523344.06,"$495,000.00"
Sol_029,8850 Huron St,https://www.loopnet.com/Listing/8850-Huron-St-Thornton-CO/33061072/,"Thornton, CO 80260",1.26,349000.0,39.858426283979,-104.995662022846,18972.29,20000,XL,94.86%,2791,CITY OF THORNTON (208 trucks) | CITY OF THORNTON (174 trucks) | COCAL LANDSCAPE SERVICES INC (153 trucks) | COLD FRONT (121 trucks) | READY MIX CONCRETE COMPANY (191 trucks) | NAVAJO EXPRESS INC (309 trucks) | TRI-STATE GENERATION & TRANSMISSION ASSOCIATION INC (321 trucks) | WESTERN DISTRIBUTING TRANSPORTATION CORP (155 trucks) | RMS CRANES (139 trucks) | SURESHOT DRILLING LLC ATOZ FIELD SERVICES LLC DRILL TECH LLC PINNACLE DEVELOPMENT INC HDD SPECIALISTS LLC (135 trucks) | EAGLE ROCK DISTRIBUTING COMPANY OF COLORADO LLC (148 trucks) | OFFEN PETROLEUM LLC (269 trucks) | ADAMS 12 FIVE STAR SCHOOLS (182 trucks) | WEST DIRECT OIL (140 trucks) | BURNCO COLORADO LLC (146 trucks),145000,16282,11523344.06,"$349,000.00"
Sol_029,NWQ Highway 119 and I-25,https://www.loopnet.com/Listing/NWQ-Highway-119-and-I-25-Firestone-CO/31431092/,"Firestone, CO 80504",1.28,949000.0,40.160746988915,-104.978709958949,3529.55,5000,M,70.59%,606,WARD ELECTRIC COMPANY INC (222 trucks) | HEAT WAVES HOT OIL SERVICE LLC (201 trucks) | SUPREME TRANSPORT INC (183 trucks),145000,16282,11523344.06,"$949,000.00"
Sol_029,13987 Foster ct,https://www.loopnet.com/Listing/13987-Foster-ct-Longmont-CO/34579366/,"Longmont, CO 80504",1.42,1370019.92,40.140476603851,-105.119700024426,1399.2,2000,S,69.96%,385,CITY OF LONGMONT (211 trucks) | ST VRAIN VALLEY SCHOOL DISTRICT (174 trucks),145000,16282,11523344.06,"$1,370,019.92"
Sol_029,765 Aspen Ridge Drive Dr,https://www.loopnet.com/Listing/765-Aspen-Ridge-Drive-Dr-Lafayette-CO/32931931/,"Lafayette, CO 80026",1.43,556000.0,40.006898203868,-105.107210150504,4585.06,5000,M,91.70%,619,BOULDER VALLEY SCHOOL DISTRICT RE-2 (134 trucks) | VIA MOBILITY SERVICES (196 trucks) | VIA MOBILITY SERVICES (116 trucks) | CU (173 trucks),145000,16282,11523344.06,"$556,000.00"
Sol_029,E Harmony & Lady Moon Dr,https://www.loopnet.com/Listing/E-Harmony-Lady-Moon-Dr-Fort-Collins-CO/11217719/,"Fort Collins, CO 80528",2.2,1054007.0,40.523221679275,-105.010799488523,5618.16,10000,L,56.18%,972,NOVUS AG LLC (444 trucks) | CITY OF FORT COLLINS (285 trucks) | Poudre School District  (243 trucks),145000,16282,11523344.06,"$1,054,007.00"
Sol_030,2544 11th Ave,https://www.loopnet.com/Listing/2544-11th-Ave-Greeley-CO/35100267/,"Greeley, CO 80631",0.15,350000.0,40.395690645275,-104.69657283495,336.5,1000,XS,33.65%,145,WELD COUNTY PUBLIC WORKS DEPARTMENT (145 trucks),157000,17052,13796853.06,"$350,000.00"
Sol_030,831 N Clarkson St,https://www.loopnet.com/Listing/831-N-Clarkson-St-Denver-CO/38142797/,"Denver, CO 80218",0.18,899000.0,39.729919009716,-104.977904960968,3413.46,5000,M,68.27%,396,FARMERS ALL NATURAL (121 trucks) | CO TRAN LLC (275 trucks),157000,17052,13796853.06,"$899,000.00"
Sol_030,422 Perry St,https://www.loopnet.com/Listing/422-Perry-St-Castle-Rock-CO/38421711/,"Castle Rock, CO 80104",0.24,605821.24,39.374148794158,-104.858322527659,2577.81,5000,M,51.56%,389,GREAT SOUTHWESTERN CONSTRUCTION INC (280 trucks) | TOWN OF CASTLE ROCK  (109 trucks),157000,17052,13796853.06,"$605,821.24"
Sol_030,239 S Main St,https://www.loopnet.com/Listing/239-S-Main-St-Brighton-CO/27424620/,"Brighton, CO 80601",0.31,250000.0,39.982905257485,-104.822555605705,5864.05,10000,L,58.64%,829,G&Z TRANSPORT LLC (147 trucks) | SIM TRUCKING INC (120 trucks) | ENVIRONMENTAL DESIGNS LLC (156 trucks) | BALIC TRANSPORT INC (120 trucks) | BURNCO COLORADO LLC (146 trucks) | WEST DIRECT OIL (140 trucks),157000,17052,13796853.06,"$250,000.00"
Sol_030,20th & Blake St,https://www.loopnet.com/Listing/20th-Blake-St-Land-Denver-CO/26158810/,"Denver, CO 80205",0.32,1320000.0,39.754299409573,-104.994304825083,7770.22,10000,L,77.70%,1005,RES (149 trucks) | MPLX G&P (144 trucks) | CONCRETE EXPRESS INC (128 trucks) | COORS DISTRIBUTING COMPANY MILLER COORS LLC (105 trucks) | NAVAJO EXPRESS INC (309 trucks) | COMPASS VEHICLE RENTAL INC (170 trucks),157000,17052,13796853.06,"$1,320,000.00"
Sol_030,1560 N Academy Blvd,https://www.loopnet.com/Listing/1560-N-Academy-Blvd-Colorado-Springs-CO/3886433/,"Colorado Springs, CO 80909",0.64,416700.0,38.854776988204,-104.75774002483,5689.619999999999,10000,L,56.90%,1031,COLORADO SPRINGS SCHOOL DISTRICT 11 (130 trucks) | MOUNTAIN METROPOLITAN TRANSIT (144 trucks) | CITY OF COLORADO SPRINGS (326 trucks) | El PASO COUNTY (112 trucks) | GOODWILL OF COLORADO (134 trucks) | VECTRUS SYSTEMS CORPORATION (185 trucks),157000,17052,13796853.06,"$416,700.00"
Sol_030,3401 S Yosemite St,https://www.loopnet.com/Listing/3401-S-Yosemite-St-Denver-CO/39837277/,"Denver, CO 80231",0.64,675000.0,39.654049416843,-104.88550562639,19524.48,20000,XL,97.62%,2867,COMCAST (194 trucks) | SWINGLE TREE & LANDSCAPE CARE (135 trucks) | CITY LIGHT AND POWER INC (121 trucks) | WHEEL PROS LLC (182 trucks) | GLOBAL TRANSPORTATION LLC (442 trucks) | HBSCO DANS TRASH AT YOUR DISPOSAL (110 trucks) | CITY OF AURORA (271 trucks) | ORICA USA INC (215 trucks) | ENTERPRISE RENT-A-CAR NATIONAL RENT A CAR ALAMO RENT A CAR (421 trucks) | AURORA PUBLIC SCHOOLS (127 trucks) | METCO LANDSCAPING INC (226 trucks) | WAGNER EQUIPMENT CO (423 trucks),157000,17052,13796853.06,"$675,000.00"
Sol_030,4237 McWhinney Blvd,https://www.loopnet.com/Listing/4237-McWhinney-Blvd-Loveland-CO/23974785/,"Loveland, CO 80538",0.65,871347.9,40.408208389025,-105.017378025231,252.96,1000,XS,25.30%,109,LOVELAND MUNICIPALITY (109 trucks),157000,17052,13796853.06,"$871,347.90"
Sol_030,7300 W Jefferson Ave,https://www.loopnet.com/Listing/7300-W-Jefferson-Ave-Lakewood-CO/38419312/,"Lakewood, CO 80235",0.66,379999.0,39.649773884125,-105.079540805378,10536.92,20000,XL,52.68%,1415,QUALITY LOGISTICS INC (135 trucks) | KEESEN ENTERPRISES INC (263 trucks) | PROCAM SERVICES  (101 trucks) | JEFFCO SCHOOLS (274 trucks) | JEFFERSON COUNTY (120 trucks) | HOLCIM WCR INC (298 trucks) | PACIFIC SHIPPING & TRUCKING CO INC (109 trucks) | ENIVIRONMENTAL LANDWORKS COMPANY INC (115 trucks),157000,17052,13796853.06,"$379,999.00"
Sol_030,9190 W 84th Ave,https://www.loopnet.com/Listing/9190-W-84th-Ave-Arvada-CO/38160305/,"Arvada, CO 80005",0.67,499000.0,39.849854027782,-105.100317795342,7872.180000000001,10000,L,78.72%,1547,ALPINE MILLWORK COMPANY DBA ROCKY MOUNTAIN RELOAD (141 trucks) | CITY OF ARVADA (100 trucks) | GEOSTABILIZATION INTERNATIONAL LLC (155 trucks) | COLD FRONT (121 trucks) | SITEWISE LLC (145 trucks) | CITY OF THORNTON (208 trucks) | CITY OF THORNTON (174 trucks) | TRI-STATE GENERATION & TRANSMISSION ASSOCIATION INC (321 trucks) | ADAMS 12 FIVE STAR SCHOOLS (182 trucks),157000,17052,13796853.06,"$499,000.00"
Sol_030,NEC N Fairgrounds Ave,https://www.loopnet.com/Listing/NEC-N-Fairgrounds-Ave-Windsor-CO/29890025/,"Windsor, CO 80528",0.74,483449.0,40.437732372143,-104.982630626628,304.01,1000,XS,30.40%,131,LARIMER COUNTY (131 trucks),157000,17052,13796853.06,"$483,449.00"
Sol_030,11958 Lincoln Ave,https://www.loopnet.com/Listing/Lincoln-Ave-Parker-CO/39741118/,"Parker, CO 80138",0.86,495000.0,39.536519536914,-104.76116705724,13220.13,20000,XL,66.10%,1835,ACCELERATED SERVICES LLC (373 trucks) | AMERICAN FURNITURE WAREHOUSE CO (340 trucks) | TERRACARE ASSOCIATES LLC (156 trucks) | IHC SCOTT INC (214 trucks) | BUCKLEY POWDER CO (217 trucks) | CH2M OMI CH2MHILL JACOBS (183 trucks) | CHERRY CREEK SCHOOLS (352 trucks),157000,17052,13796853.06,"$495,000.00"
Sol_030,2450 Curtis St,https://www.loopnet.com/Listing/2450-Curtis-St-Denver-CO/34878162/,"Denver, CO 80205",0.93,1930000.0,39.755035173034,-104.984190298703,19295.64,20000,XL,96.48%,2557,WASTE CONNECTIONS OF COLORADO INC (486 trucks) | U S TRANSPORT INC (200 trucks) | SURESHOT DRILLING LLC ATOZ FIELD SERVICES LLC DRILL TECH LLC PINNACLE DEVELOPMENT INC HDD SPECIALISTS LLC (135 trucks) | EAGLE ROCK DISTRIBUTING COMPANY OF COLORADO LLC (148 trucks) | RMS CRANES (139 trucks) | WESTERN DISTRIBUTING TRANSPORTATION CORP (155 trucks) | SUPERSHUTTLE DENVER (125 trucks) | UNITED SITE SERVICES OF NEVADA INC (409 trucks) | UNITED SITE SERVICES OF COLORADO INC (147 trucks) | READY MIX CONCRETE COMPANY (191 trucks) | COCAL LANDSCAPE SERVICES INC (153 trucks) | OFFEN PETROLEUM LLC (269 trucks),157000,17052,13796853.06,"$1,930,000.00"
Sol_030,104th Ave,https://www.loopnet.com/Listing/104th-Ave-Commerce-City-CO/24131525/,"Commerce City, CO 80022",1.06,692509.0,39.88539386175,-104.707921614396,1998.73,2000,S,99.94%,214,SHAMROCK FOODS COMPANY (214 trucks),157000,17052,13796853.06,"$692,509.00"
Sol_030,NWQ Highway 119 and I-25,https://www.loopnet.com/Listing/NWQ-Highway-119-and-I-25-Firestone-CO/31431092/,"Firestone, CO 80504",1.28,949000.0,40.160746988915,-104.978709958949,3529.55,5000,M,70.59%,606,WARD ELECTRIC COMPANY INC (222 trucks) | HEAT WAVES HOT OIL SERVICE LLC (201 trucks) | SUPREME TRANSPORT INC (183 trucks),157000,17052,13796853.06,"$949,000.00"
Sol_030,13987 Foster ct,https://www.loopnet.com/Listing/13987-Foster-ct-Longmont-CO/34579366/,"Longmont, CO 80504",1.42,1370019.92,40.140476603851,-105.119700024426,1399.2,2000,S,69.96%,385,CITY OF LONGMONT (211 trucks) | ST VRAIN VALLEY SCHOOL DISTRICT (174 trucks),157000,17052,13796853.06,"$1,370,019.92"
Sol_030,765 Aspen Ridge Drive Dr,https://www.loopnet.com/Listing/765-Aspen-Ridge-Drive-Dr-Lafayette-CO/32931931/,"Lafayette, CO 80026",1.43,556000.0,40.006898203868,-105.107210150504,4585.06,5000,M,91.70%,619,BOULDER VALLEY SCHOOL DISTRICT RE-2 (134 trucks) | VIA MOBILITY SERVICES (196 trucks) | VIA MOBILITY SERVICES (116 trucks) | CU (173 trucks),157000,17052,13796853.06,"$556,000.00"
Sol_030,E Harmony & Lady Moon Dr,https://www.loopnet.com/Listing/E-Harmony-Lady-Moon-Dr-Fort-Collins-CO/11217719/,"Fort Collins, CO 80528",2.2,1054007.0,40.523221679275,-105.010799488523,5618.16,10000,L,56.18%,972,NOVUS AG LLC (444 trucks) | CITY OF FORT COLLINS (285 trucks) | Poudre School District  (243 trucks),157000,17052,13796853.06,"$1,054,007.00"
Sol_031,2544 11th Ave,https://www.loopnet.com/Listing/2544-11th-Ave-Greeley-CO/35100267/,"Greeley, CO 80631",0.15,350000.0,40.395690645275,-104.69657283495,336.5,1000,XS,33.65%,145,WELD COUNTY PUBLIC WORKS DEPARTMENT (145 trucks),145000,16282,11523344.06,"$350,000.00"
Sol_031,831 N Clarkson St,https://www.loopnet.com/Listing/831-N-Clarkson-St-Denver-CO/38142797/,"Denver, CO 80218",0.18,899000.0,39.729919009716,-104.977904960968,4580.9400000000005,5000,M,91.62%,521,FARMERS ALL NATURAL (121 trucks) | CO TRAN LLC (275 trucks) | SUPERSHUTTLE DENVER (125 trucks),145000,16282,11523344.06,"$899,000.00"
Sol_031,422 Perry St,https://www.loopnet.com/Listing/422-Perry-St-Castle-Rock-CO/38421711/,"Castle Rock, CO 80104",0.24,605821.24,39.374148794158,-104.858322527659,2577.81,5000,M,51.56%,389,GREAT SOUTHWESTERN CONSTRUCTION INC (280 trucks) | TOWN OF CASTLE ROCK  (109 trucks),145000,16282,11523344.06,"$605,821.24"
Sol_031,239 S Main St,https://www.loopnet.com/Listing/239-S-Main-St-Brighton-CO/27424620/,"Brighton, CO 80601",0.31,250000.0,39.982905257485,-104.822555605705,3986.53,5000,M,79.73%,543,G&Z TRANSPORT LLC (147 trucks) | SIM TRUCKING INC (120 trucks) | ENVIRONMENTAL DESIGNS LLC (156 trucks) | BALIC TRANSPORT INC (120 trucks),145000,16282,11523344.06,"$250,000.00"
Sol_031,20th & Blake St,https://www.loopnet.com/Listing/20th-Blake-St-Land-Denver-CO/26158810/,"Denver, CO 80205",0.32,1320000.0,39.754299409573,-104.994304825083,9694.1,10000,L,96.94%,1382,RES (149 trucks) | MPLX G&P (144 trucks) | CONCRETE EXPRESS INC (128 trucks) | COORS DISTRIBUTING COMPANY MILLER COORS LLC (105 trucks) | U S TRANSPORT INC (200 trucks) | WASTE CONNECTIONS OF COLORADO INC (486 trucks) | COMPASS VEHICLE RENTAL INC (170 trucks),145000,16282,11523344.06,"$1,320,000.00"
Sol_031,1560 N Academy Blvd,https://www.loopnet.com/Listing/1560-N-Academy-Blvd-Colorado-Springs-CO/3886433/,"Colorado Springs, CO 80909",0.64,416700.0,38.854776988204,-104.75774002483,5689.619999999999,10000,L,56.90%,1031,COLORADO SPRINGS SCHOOL DISTRICT 11 (130 trucks) | MOUNTAIN METROPOLITAN TRANSIT (144 trucks) | CITY OF COLORADO SPRINGS (326 trucks) | El PASO COUNTY (112 trucks) | GOODWILL OF COLORADO (134 trucks) | VECTRUS SYSTEMS CORPORATION (185 trucks),145000,16282,11523344.06,"$416,700.00"
Sol_031,3401 S Yosemite St,https://www.loopnet.com/Listing/3401-S-Yosemite-St-Denver-CO/39837277/,"Denver, CO 80231",0.64,675000.0,39.654049416843,-104.88550562639,19524.48,20000,XL,97.62%,2867,COMCAST (194 trucks) | SWINGLE TREE & LANDSCAPE CARE (135 trucks) | CITY LIGHT AND POWER INC (121 trucks) | WHEEL PROS LLC (182 trucks) | GLOBAL TRANSPORTATION LLC (442 trucks) | HBSCO DANS TRASH AT YOUR DISPOSAL (110 trucks) | CITY OF AURORA (271 trucks) | ORICA USA INC (215 trucks) | ENTERPRISE RENT-A-CAR NATIONAL RENT A CAR ALAMO RENT A CAR (421 trucks) | AURORA PUBLIC SCHOOLS (127 trucks) | METCO LANDSCAPING INC (226 trucks) | WAGNER EQUIPMENT CO (423 trucks),145000,16282,11523344.06,"$675,000.00"
Sol_031,4237 McWhinney Blvd,https://www.loopnet.com/Listing/4237-McWhinney-Blvd-Loveland-CO/23974785/,"Loveland, CO 80538",0.65,871347.9,40.408208389025,-105.017378025231,252.96,1000,XS,25.30%,109,LOVELAND MUNICIPALITY (109 trucks),145000,16282,11523344.06,"$871,347.90"
Sol_031,7300 W Jefferson Ave,https://www.loopnet.com/Listing/7300-W-Jefferson-Ave-Lakewood-CO/38419312/,"Lakewood, CO 80235",0.66,379999.0,39.649773884125,-105.079540805378,10536.92,20000,XL,52.68%,1415,QUALITY LOGISTICS INC (135 trucks) | KEESEN ENTERPRISES INC (263 trucks) | PROCAM SERVICES  (101 trucks) | JEFFCO SCHOOLS (274 trucks) | JEFFERSON COUNTY (120 trucks) | HOLCIM WCR INC (298 trucks) | PACIFIC SHIPPING & TRUCKING CO INC (109 trucks) | ENIVIRONMENTAL LANDWORKS COMPANY INC (115 trucks),145000,16282,11523344.06,"$379,999.00"
Sol_031,9190 W 84th Ave,https://www.loopnet.com/Listing/9190-W-84th-Ave-Arvada-CO/38160305/,"Arvada, CO 80005",0.67,499000.0,39.849854027782,-105.100317795342,3378.81,5000,M,67.58%,541,ALPINE MILLWORK COMPANY DBA ROCKY MOUNTAIN RELOAD (141 trucks) | CITY OF ARVADA (100 trucks) | GEOSTABILIZATION INTERNATIONAL LLC (155 trucks) | SITEWISE LLC (145 trucks),145000,16282,11523344.06,"$499,000.00"
Sol_031,NEC N Fairgrounds Ave,https://www.loopnet.com/Listing/NEC-N-Fairgrounds-Ave-Windsor-CO/29890025/,"Windsor, CO 80528",0.74,483449.0,40.437732372143,-104.982630626628,304.01,1000,XS,30.40%,131,LARIMER COUNTY (131 trucks),145000,16282,11523344.06,"$483,449.00"
Sol_031,11958 Lincoln Ave,https://www.loopnet.com/Listing/Lincoln-Ave-Parker-CO/39741118/,"Parker, CO 80138",0.86,495000.0,39.536519536914,-104.76116705724,13220.13,20000,XL,66.10%,1835,ACCELERATED SERVICES LLC (373 trucks) | AMERICAN FURNITURE WAREHOUSE CO (340 trucks) | TERRACARE ASSOCIATES LLC (156 trucks) | IHC SCOTT INC (214 trucks) | BUCKLEY POWDER CO (217 trucks) | CH2M OMI CH2MHILL JACOBS (183 trucks) | CHERRY CREEK SCHOOLS (352 trucks),145000,16282,11523344.06,"$495,000.00"
Sol_031,8850 Huron St,https://www.loopnet.com/Listing/8850-Huron-St-Thornton-CO/33061072/,"Thornton, CO 80260",1.26,349000.0,39.858426283979,-104.995662022846,18972.29,20000,XL,94.86%,2791,CITY OF THORNTON (208 trucks) | CITY OF THORNTON (174 trucks) | COCAL LANDSCAPE SERVICES INC (153 trucks) | COLD FRONT (121 trucks) | READY MIX CONCRETE COMPANY (191 trucks) | NAVAJO EXPRESS INC (309 trucks) | TRI-STATE GENERATION & TRANSMISSION ASSOCIATION INC (321 trucks) | WESTERN DISTRIBUTING TRANSPORTATION CORP (155 trucks) | RMS CRANES (139 trucks) | SURESHOT DRILLING LLC ATOZ FIELD SERVICES LLC DRILL TECH LLC PINNACLE DEVELOPMENT INC HDD SPECIALISTS LLC (135 trucks) | EAGLE ROCK DISTRIBUTING COMPANY OF COLORADO LLC (148 trucks) | OFFEN PETROLEUM LLC (269 trucks) | ADAMS 12 FIVE STAR SCHOOLS (182 trucks) | WEST DIRECT OIL (140 trucks) | BURNCO COLORADO LLC (146 trucks),145000,16282,11523344.06,"$349,000.00"
Sol_031,NWQ Highway 119 and I-25,https://www.loopnet.com/Listing/NWQ-Highway-119-and-I-25-Firestone-CO/31431092/,"Firestone, CO 80504",1.28,949000.0,40.160746988915,-104.978709958949,3529.55,5000,M,70.59%,606,WARD ELECTRIC COMPANY INC (222 trucks) | HEAT WAVES HOT OIL SERVICE LLC (201 trucks) | SUPREME TRANSPORT INC (183 trucks),145000,16282,11523344.06,"$949,000.00"
Sol_031,13987 Foster ct,https://www.loopnet.com/Listing/13987-Foster-ct-Longmont-CO/34579366/,"Longmont, CO 80504",1.42,1370019.92,40.140476603851,-105.119700024426,1399.2,2000,S,69.96%,385,CITY OF LONGMONT (211 trucks) | ST VRAIN VALLEY SCHOOL DISTRICT (174 trucks),145000,16282,11523344.06,"$1,370,019.92"
Sol_031,765 Aspen Ridge Drive Dr,https://www.loopnet.com/Listing/765-Aspen-Ridge-Drive-Dr-Lafayette-CO/32931931/,"Lafayette, CO 80026",1.43,556000.0,40.006898203868,-105.107210150504,4585.06,5000,M,91.70%,619,BOULDER VALLEY SCHOOL DISTRICT RE-2 (134 trucks) | VIA MOBILITY SERVICES (196 trucks) | VIA MOBILITY SERVICES (116 trucks) | CU (173 trucks),145000,16282,11523344.06,"$556,000.00"
Sol_031,E Harmony & Lady Moon Dr,https://www.loopnet.com/Listing/E-Harmony-Lady-Moon-Dr-Fort-Collins-CO/11217719/,"Fort Collins, CO 80528",2.2,1054007.0,40.523221679275,-105.010799488523,5618.16,10000,L,56.18%,972,NOVUS AG LLC (444 trucks) | CITY OF FORT COLLINS (285 trucks) | Poudre School District  (243 trucks),145000,16282,11523344.06,"$1,054,007.00"
Sol_032,2544 11th Ave,https://www.loopnet.com/Listing/2544-11th-Ave-Greeley-CO/35100267/,"Greeley, CO 80631",0.15,350000.0,40.395690645275,-104.69657283495,336.5,1000,XS,33.65%,145,WELD COUNTY PUBLIC WORKS DEPARTMENT (145 trucks),155000,16838,13104344.06,"$350,000.00"
Sol_032,831 N Clarkson St,https://www.loopnet.com/Listing/831-N-Clarkson-St-Denver-CO/38142797/,"Denver, CO 80218",0.18,899000.0,39.729919009716,-104.977904960968,3413.46,5000,M,68.27%,396,FARMERS ALL NATURAL (121 trucks) | CO TRAN LLC (275 trucks),155000,16838,13104344.06,"$899,000.00"
Sol_032,422 Perry St,https://www.loopnet.com/Listing/422-Perry-St-Castle-Rock-CO/38421711/,"Castle Rock, CO 80104",0.24,605821.24,39.374148794158,-104.858322527659,2577.81,5000,M,51.56%,389,GREAT SOUTHWESTERN CONSTRUCTION INC (280 trucks) | TOWN OF CASTLE ROCK  (109 trucks),155000,16838,13104344.06,"$605,821.24"
Sol_032,239 S Main St,https://www.loopnet.com/Listing/239-S-Main-St-Brighton-CO/27424620/,"Brighton, CO 80601",0.31,250000.0,39.982905257485,-104.822555605705,5864.05,10000,L,58.64%,829,G&Z TRANSPORT LLC (147 trucks) | SIM TRUCKING INC (120 trucks) | ENVIRONMENTAL DESIGNS LLC (156 trucks) | BALIC TRANSPORT INC (120 trucks) | BURNCO COLORADO LLC (146 trucks) | WEST DIRECT OIL (140 trucks),155000,16838,13104344.06,"$250,000.00"
Sol_032,20th & Blake St,https://www.loopnet.com/Listing/20th-Blake-St-Land-Denver-CO/26158810/,"Denver, CO 80205",0.32,1320000.0,39.754299409573,-104.994304825083,7770.22,10000,L,77.70%,1005,RES (149 trucks) | MPLX G&P (144 trucks) | CONCRETE EXPRESS INC (128 trucks) | COORS DISTRIBUTING COMPANY MILLER COORS LLC (105 trucks) | NAVAJO EXPRESS INC (309 trucks) | COMPASS VEHICLE RENTAL INC (170 trucks),155000,16838,13104344.06,"$1,320,000.00"
Sol_032,1560 N Academy Blvd,https://www.loopnet.com/Listing/1560-N-Academy-Blvd-Colorado-Springs-CO/3886433/,"Colorado Springs, CO 80909",0.64,416700.0,38.854776988204,-104.75774002483,5689.619999999999,10000,L,56.90%,1031,COLORADO SPRINGS SCHOOL DISTRICT 11 (130 trucks) | MOUNTAIN METROPOLITAN TRANSIT (144 trucks) | CITY OF COLORADO SPRINGS (326 trucks) | El PASO COUNTY (112 trucks) | GOODWILL OF COLORADO (134 trucks) | VECTRUS SYSTEMS CORPORATION (185 trucks),155000,16838,13104344.06,"$416,700.00"
Sol_032,3401 S Yosemite St,https://www.loopnet.com/Listing/3401-S-Yosemite-St-Denver-CO/39837277/,"Denver, CO 80231",0.64,675000.0,39.654049416843,-104.88550562639,19524.48,20000,XL,97.62%,2867,COMCAST (194 trucks) | SWINGLE TREE & LANDSCAPE CARE (135 trucks) | CITY LIGHT AND POWER INC (121 trucks) | WHEEL PROS LLC (182 trucks) | GLOBAL TRANSPORTATION LLC (442 trucks) | HBSCO DANS TRASH AT YOUR DISPOSAL (110 trucks) | CITY OF AURORA (271 trucks) | ORICA USA INC (215 trucks) | ENTERPRISE RENT-A-CAR NATIONAL RENT A CAR ALAMO RENT A CAR (421 trucks) | AURORA PUBLIC SCHOOLS (127 trucks) | METCO LANDSCAPING INC (226 trucks) | WAGNER EQUIPMENT CO (423 trucks),155000,16838,13104344.06,"$675,000.00"
Sol_032,4237 McWhinney Blvd,https://www.loopnet.com/Listing/4237-McWhinney-Blvd-Loveland-CO/23974785/,"Loveland, CO 80538",0.65,871347.9,40.408208389025,-105.017378025231,252.96,1000,XS,25.30%,109,LOVELAND MUNICIPALITY (109 trucks),155000,16838,13104344.06,"$871,347.90"
Sol_032,7300 W Jefferson Ave,https://www.loopnet.com/Listing/7300-W-Jefferson-Ave-Lakewood-CO/38419312/,"Lakewood, CO 80235",0.66,379999.0,39.649773884125,-105.079540805378,10536.92,20000,XL,52.68%,1415,QUALITY LOGISTICS INC (135 trucks) | KEESEN ENTERPRISES INC (263 trucks) | PROCAM SERVICES  (101 trucks) | JEFFCO SCHOOLS (274 trucks) | JEFFERSON COUNTY (120 trucks) | HOLCIM WCR INC (298 trucks) | PACIFIC SHIPPING & TRUCKING CO INC (109 trucks) | ENIVIRONMENTAL LANDWORKS COMPANY INC (115 trucks),155000,16838,13104344.06,"$379,999.00"
Sol_032,9190 W 84th Ave,https://www.loopnet.com/Listing/9190-W-84th-Ave-Arvada-CO/38160305/,"Arvada, CO 80005",0.67,499000.0,39.849854027782,-105.100317795342,7872.180000000001,10000,L,78.72%,1547,ALPINE MILLWORK COMPANY DBA ROCKY MOUNTAIN RELOAD (141 trucks) | CITY OF ARVADA (100 trucks) | GEOSTABILIZATION INTERNATIONAL LLC (155 trucks) | COLD FRONT (121 trucks) | SITEWISE LLC (145 trucks) | CITY OF THORNTON (208 trucks) | CITY OF THORNTON (174 trucks) | TRI-STATE GENERATION & TRANSMISSION ASSOCIATION INC (321 trucks) | ADAMS 12 FIVE STAR SCHOOLS (182 trucks),155000,16838,13104344.06,"$499,000.00"
Sol_032,NEC N Fairgrounds Ave,https://www.loopnet.com/Listing/NEC-N-Fairgrounds-Ave-Windsor-CO/29890025/,"Windsor, CO 80528",0.74,483449.0,40.437732372143,-104.982630626628,304.01,1000,XS,30.40%,131,LARIMER COUNTY (131 trucks),155000,16838,13104344.06,"$483,449.00"
Sol_032,11958 Lincoln Ave,https://www.loopnet.com/Listing/Lincoln-Ave-Parker-CO/39741118/,"Parker, CO 80138",0.86,495000.0,39.536519536914,-104.76116705724,13220.13,20000,XL,66.10%,1835,ACCELERATED SERVICES LLC (373 trucks) | AMERICAN FURNITURE WAREHOUSE CO (340 trucks) | TERRACARE ASSOCIATES LLC (156 trucks) | IHC SCOTT INC (214 trucks) | BUCKLEY POWDER CO (217 trucks) | CH2M OMI CH2MHILL JACOBS (183 trucks) | CHERRY CREEK SCHOOLS (352 trucks),155000,16838,13104344.06,"$495,000.00"
Sol_032,2450 Curtis St,https://www.loopnet.com/Listing/2450-Curtis-St-Denver-CO/34878162/,"Denver, CO 80205",0.93,1930000.0,39.755035173034,-104.984190298703,19295.64,20000,XL,96.48%,2557,WASTE CONNECTIONS OF COLORADO INC (486 trucks) | U S TRANSPORT INC (200 trucks) | SURESHOT DRILLING LLC ATOZ FIELD SERVICES LLC DRILL TECH LLC PINNACLE DEVELOPMENT INC HDD SPECIALISTS LLC (135 trucks) | EAGLE ROCK DISTRIBUTING COMPANY OF COLORADO LLC (148 trucks) | RMS CRANES (139 trucks) | WESTERN DISTRIBUTING TRANSPORTATION CORP (155 trucks) | SUPERSHUTTLE DENVER (125 trucks) | UNITED SITE SERVICES OF NEVADA INC (409 trucks) | UNITED SITE SERVICES OF COLORADO INC (147 trucks) | READY MIX CONCRETE COMPANY (191 trucks) | COCAL LANDSCAPE SERVICES INC (153 trucks) | OFFEN PETROLEUM LLC (269 trucks),155000,16838,13104344.06,"$1,930,000.00"
Sol_032,NWQ Highway 119 and I-25,https://www.loopnet.com/Listing/NWQ-Highway-119-and-I-25-Firestone-CO/31431092/,"Firestone, CO 80504",1.28,949000.0,40.160746988915,-104.978709958949,3529.55,5000,M,70.59%,606,WARD ELECTRIC COMPANY INC (222 trucks) | HEAT WAVES HOT OIL SERVICE LLC (201 trucks) | SUPREME TRANSPORT INC (183 trucks),155000,16838,13104344.06,"$949,000.00"
Sol_032,13987 Foster ct,https://www.loopnet.com/Listing/13987-Foster-ct-Longmont-CO/34579366/,"Longmont, CO 80504",1.42,1370019.92,40.140476603851,-105.119700024426,1399.2,2000,S,69.96%,385,CITY OF LONGMONT (211 trucks) | ST VRAIN VALLEY SCHOOL DISTRICT (174 trucks),155000,16838,13104344.06,"$1,370,019.92"
Sol_032,765 Aspen Ridge Drive Dr,https://www.loopnet.com/Listing/765-Aspen-Ridge-Drive-Dr-Lafayette-CO/32931931/,"Lafayette, CO 80026",1.43,556000.0,40.006898203868,-105.107210150504,4585.06,5000,M,91.70%,619,BOULDER VALLEY SCHOOL DISTRICT RE-2 (134 trucks) | VIA MOBILITY SERVICES (196 trucks) | VIA MOBILITY SERVICES (116 trucks) | CU (173 trucks),155000,16838,13104344.06,"$556,000.00"
Sol_032,E Harmony & Lady Moon Dr,https://www.loopnet.com/Listing/E-Harmony-Lady-Moon-Dr-Fort-Collins-CO/11217719/,"Fort Collins, CO 80528",2.2,1054007.0,40.523221679275,-105.010799488523,5618.16,10000,L,56.18%,972,NOVUS AG LLC (444 trucks) | CITY OF FORT COLLINS (285 trucks) | Poudre School District  (243 trucks),155000,16838,13104344.06,"$1,054,007.00"
Sol_033,2544 11th Ave,https://www.loopnet.com/Listing/2544-11th-Ave-Greeley-CO/35100267/,"Greeley, CO 80631",0.15,350000.0,40.395690645275,-104.69657283495,336.5,1000,XS,33.65%,145,WELD COUNTY PUBLIC WORKS DEPARTMENT (145 trucks),115000,12627,10499344.06,"$350,000.00"
Sol_033,831 N Clarkson St,https://www.loopnet.com/Listing/831-N-Clarkson-St-Denver-CO/38142797/,"Denver, CO 80218",0.18,899000.0,39.729919009716,-104.977904960968,4580.9400000000005,5000,M,91.62%,521,FARMERS ALL NATURAL (121 trucks) | CO TRAN LLC (275 trucks) | SUPERSHUTTLE DENVER (125 trucks),115000,12627,10499344.06,"$899,000.00"
Sol_033,422 Perry St,https://www.loopnet.com/Listing/422-Perry-St-Castle-Rock-CO/38421711/,"Castle Rock, CO 80104",0.24,605821.24,39.374148794158,-104.858322527659,2577.81,5000,M,51.56%,389,GREAT SOUTHWESTERN CONSTRUCTION INC (280 trucks) | TOWN OF CASTLE ROCK  (109 trucks),115000,12627,10499344.06,"$605,821.24"
Sol_033,239 S Main St,https://www.loopnet.com/Listing/239-S-Main-St-Brighton-CO/27424620/,"Brighton, CO 80601",0.31,250000.0,39.982905257485,-104.822555605705,5864.05,10000,L,58.64%,829,G&Z TRANSPORT LLC (147 trucks) | SIM TRUCKING INC (120 trucks) | ENVIRONMENTAL DESIGNS LLC (156 trucks) | BALIC TRANSPORT INC (120 trucks) | BURNCO COLORADO LLC (146 trucks) | WEST DIRECT OIL (140 trucks),115000,12627,10499344.06,"$250,000.00"
Sol_033,20th & Blake St,https://www.loopnet.com/Listing/20th-Blake-St-Land-Denver-CO/26158810/,"Denver, CO 80205",0.32,1320000.0,39.754299409573,-104.994304825083,9307.460000000001,10000,L,93.07%,1347,RES (149 trucks) | MPLX G&P (144 trucks) | CONCRETE EXPRESS INC (128 trucks) | COORS DISTRIBUTING COMPANY MILLER COORS LLC (105 trucks) | U S TRANSPORT INC (200 trucks) | WASTE CONNECTIONS OF COLORADO INC (486 trucks) | SURESHOT DRILLING LLC ATOZ FIELD SERVICES LLC DRILL TECH LLC PINNACLE DEVELOPMENT INC HDD SPECIALISTS LLC (135 trucks),115000,12627,10499344.06,"$1,320,000.00"
Sol_033,1560 N Academy Blvd,https://www.loopnet.com/Listing/1560-N-Academy-Blvd-Colorado-Springs-CO/3886433/,"Colorado Springs, CO 80909",0.64,416700.0,38.854776988204,-104.75774002483,5689.619999999999,10000,L,56.90%,1031,COLORADO SPRINGS SCHOOL DISTRICT 11 (130 trucks) | MOUNTAIN METROPOLITAN TRANSIT (144 trucks) | CITY OF COLORADO SPRINGS (326 trucks) | El PASO COUNTY (112 trucks) | GOODWILL OF COLORADO (134 trucks) | VECTRUS SYSTEMS CORPORATION (185 trucks),115000,12627,10499344.06,"$416,700.00"
Sol_033,4237 McWhinney Blvd,https://www.loopnet.com/Listing/4237-McWhinney-Blvd-Loveland-CO/23974785/,"Loveland, CO 80538",0.65,871347.9,40.408208389025,-105.017378025231,252.96,1000,XS,25.30%,109,LOVELAND MUNICIPALITY (109 trucks),115000,12627,10499344.06,"$871,347.90"
Sol_033,7300 W Jefferson Ave,https://www.loopnet.com/Listing/7300-W-Jefferson-Ave-Lakewood-CO/38419312/,"Lakewood, CO 80235",0.66,379999.0,39.649773884125,-105.079540805378,10536.92,20000,XL,52.68%,1415,QUALITY LOGISTICS INC (135 trucks) | KEESEN ENTERPRISES INC (263 trucks) | PROCAM SERVICES  (101 trucks) | JEFFCO SCHOOLS (274 trucks) | JEFFERSON COUNTY (120 trucks) | HOLCIM WCR INC (298 trucks) | PACIFIC SHIPPING & TRUCKING CO INC (109 trucks) | ENIVIRONMENTAL LANDWORKS COMPANY INC (115 trucks),115000,12627,10499344.06,"$379,999.00"
Sol_033,9190 W 84th Ave,https://www.loopnet.com/Listing/9190-W-84th-Ave-Arvada-CO/38160305/,"Arvada, CO 80005",0.67,499000.0,39.849854027782,-105.100317795342,7872.180000000001,10000,L,78.72%,1547,ALPINE MILLWORK COMPANY DBA ROCKY MOUNTAIN RELOAD (141 trucks) | CITY OF ARVADA (100 trucks) | GEOSTABILIZATION INTERNATIONAL LLC (155 trucks) | COLD FRONT (121 trucks) | SITEWISE LLC (145 trucks) | CITY OF THORNTON (208 trucks) | CITY OF THORNTON (174 trucks) | TRI-STATE GENERATION & TRANSMISSION ASSOCIATION INC (321 trucks) | ADAMS 12 FIVE STAR SCHOOLS (182 trucks),115000,12627,10499344.06,"$499,000.00"
Sol_033,NEC N Fairgrounds Ave,https://www.loopnet.com/Listing/NEC-N-Fairgrounds-Ave-Windsor-CO/29890025/,"Windsor, CO 80528",0.74,483449.0,40.437732372143,-104.982630626628,304.01,1000,XS,30.40%,131,LARIMER COUNTY (131 trucks),115000,12627,10499344.06,"$483,449.00"
Sol_033,11958 Lincoln Ave,https://www.loopnet.com/Listing/Lincoln-Ave-Parker-CO/39741118/,"Parker, CO 80138",0.86,495000.0,39.536519536914,-104.76116705724,18264.289999999997,20000,XL,91.32%,2581,ACCELERATED SERVICES LLC (373 trucks) | AMERICAN FURNITURE WAREHOUSE CO (340 trucks) | TERRACARE ASSOCIATES LLC (156 trucks) | IHC SCOTT INC (214 trucks) | BUCKLEY POWDER CO (217 trucks) | CH2M OMI CH2MHILL JACOBS (183 trucks) | ORICA USA INC (215 trucks) | CHERRY CREEK SCHOOLS (352 trucks) | HBSCO DANS TRASH AT YOUR DISPOSAL (110 trucks) | ENTERPRISE RENT-A-CAR NATIONAL RENT A CAR ALAMO RENT A CAR (421 trucks),115000,12627,10499344.06,"$495,000.00"
Sol_033,NWQ Highway 119 and I-25,https://www.loopnet.com/Listing/NWQ-Highway-119-and-I-25-Firestone-CO/31431092/,"Firestone, CO 80504",1.28,949000.0,40.160746988915,-104.978709958949,3529.55,5000,M,70.59%,606,WARD ELECTRIC COMPANY INC (222 trucks) | HEAT WAVES HOT OIL SERVICE LLC (201 trucks) | SUPREME TRANSPORT INC (183 trucks),115000,12627,10499344.06,"$949,000.00"
Sol_033,13987 Foster ct,https://www.loopnet.com/Listing/13987-Foster-ct-Longmont-CO/34579366/,"Longmont, CO 80504",1.42,1370019.92,40.140476603851,-105.119700024426,1399.2,2000,S,69.96%,385,CITY OF LONGMONT (211 trucks) | ST VRAIN VALLEY SCHOOL DISTRICT (174 trucks),115000,12627,10499344.06,"$1,370,019.92"
Sol_033,765 Aspen Ridge Drive Dr,https://www.loopnet.com/Listing/765-Aspen-Ridge-Drive-Dr-Lafayette-CO/32931931/,"Lafayette, CO 80026",1.43,556000.0,40.006898203868,-105.107210150504,4585.06,5000,M,91.70%,619,BOULDER VALLEY SCHOOL DISTRICT RE-2 (134 trucks) | VIA MOBILITY SERVICES (196 trucks) | VIA MOBILITY SERVICES (116 trucks) | CU (173 trucks),115000,12627,10499344.06,"$556,000.00"
Sol_033,E Harmony & Lady Moon Dr,https://www.loopnet.com/Listing/E-Harmony-Lady-Moon-Dr-Fort-Collins-CO/11217719/,"Fort Collins, CO 80528",2.2,1054007.0,40.523221679275,-105.010799488523,5618.16,10000,L,56.18%,972,NOVUS AG LLC (444 trucks) | CITY OF FORT COLLINS (285 trucks) | Poudre School District  (243 trucks),115000,12627,10499344.06,"$1,054,007.00"
Sol_034,2544 11th Ave,https://www.loopnet.com/Listing/2544-11th-Ave-Greeley-CO/35100267/,"Greeley, CO 80631",0.15,350000.0,40.395690645275,-104.69657283495,336.5,1000,XS,33.65%,145,WELD COUNTY PUBLIC WORKS DEPARTMENT (145 trucks),132000,14810,11118344.06,"$350,000.00"
Sol_034,831 N Clarkson St,https://www.loopnet.com/Listing/831-N-Clarkson-St-Denver-CO/38142797/,"Denver, CO 80218",0.18,899000.0,39.729919009716,-104.977904960968,4580.9400000000005,5000,M,91.62%,521,FARMERS ALL NATURAL (121 trucks) | CO TRAN LLC (275 trucks) | SUPERSHUTTLE DENVER (125 trucks),132000,14810,11118344.06,"$899,000.00"
Sol_034,422 Perry St,https://www.loopnet.com/Listing/422-Perry-St-Castle-Rock-CO/38421711/,"Castle Rock, CO 80104",0.24,605821.24,39.374148794158,-104.858322527659,2577.81,5000,M,51.56%,389,GREAT SOUTHWESTERN CONSTRUCTION INC (280 trucks) | TOWN OF CASTLE ROCK  (109 trucks),132000,14810,11118344.06,"$605,821.24"
Sol_034,239 S Main St,https://www.loopnet.com/Listing/239-S-Main-St-Brighton-CO/27424620/,"Brighton, CO 80601",0.31,250000.0,39.982905257485,-104.822555605705,1694.9,2000,S,84.75%,267,G&Z TRANSPORT LLC (147 trucks) | SIM TRUCKING INC (120 trucks),132000,14810,11118344.06,"$250,000.00"
Sol_034,20th & Blake St,https://www.loopnet.com/Listing/20th-Blake-St-Land-Denver-CO/26158810/,"Denver, CO 80205",0.32,1320000.0,39.754299409573,-104.994304825083,9694.1,10000,L,96.94%,1382,RES (149 trucks) | MPLX G&P (144 trucks) | CONCRETE EXPRESS INC (128 trucks) | COORS DISTRIBUTING COMPANY MILLER COORS LLC (105 trucks) | U S TRANSPORT INC (200 trucks) | WASTE CONNECTIONS OF COLORADO INC (486 trucks) | COMPASS VEHICLE RENTAL INC (170 trucks),132000,14810,11118344.06,"$1,320,000.00"
Sol_034,1560 N Academy Blvd,https://www.loopnet.com/Listing/1560-N-Academy-Blvd-Colorado-Springs-CO/3886433/,"Colorado Springs, CO 80909",0.64,416700.0,38.854776988204,-104.75774002483,5689.619999999999,10000,L,56.90%,1031,COLORADO SPRINGS SCHOOL DISTRICT 11 (130 trucks) | MOUNTAIN METROPOLITAN TRANSIT (144 trucks) | CITY OF COLORADO SPRINGS (326 trucks) | El PASO COUNTY (112 trucks) | GOODWILL OF COLORADO (134 trucks) | VECTRUS SYSTEMS CORPORATION (185 trucks),132000,14810,11118344.06,"$416,700.00"
Sol_034,4237 McWhinney Blvd,https://www.loopnet.com/Listing/4237-McWhinney-Blvd-Loveland-CO/23974785/,"Loveland, CO 80538",0.65,871347.9,40.408208389025,-105.017378025231,252.96,1000,XS,25.30%,109,LOVELAND MUNICIPALITY (109 trucks),132000,14810,11118344.06,"$871,347.90"
Sol_034,7300 W Jefferson Ave,https://www.loopnet.com/Listing/7300-W-Jefferson-Ave-Lakewood-CO/38419312/,"Lakewood, CO 80235",0.66,379999.0,39.649773884125,-105.079540805378,10536.92,20000,XL,52.68%,1415,QUALITY LOGISTICS INC (135 trucks) | KEESEN ENTERPRISES INC (263 trucks) | PROCAM SERVICES  (101 trucks) | JEFFCO SCHOOLS (274 trucks) | JEFFERSON COUNTY (120 trucks) | HOLCIM WCR INC (298 trucks) | PACIFIC SHIPPING & TRUCKING CO INC (109 trucks) | ENIVIRONMENTAL LANDWORKS COMPANY INC (115 trucks),132000,14810,11118344.06,"$379,999.00"
Sol_034,9190 W 84th Ave,https://www.loopnet.com/Listing/9190-W-84th-Ave-Arvada-CO/38160305/,"Arvada, CO 80005",0.67,499000.0,39.849854027782,-105.100317795342,3378.81,5000,M,67.58%,541,ALPINE MILLWORK COMPANY DBA ROCKY MOUNTAIN RELOAD (141 trucks) | CITY OF ARVADA (100 trucks) | GEOSTABILIZATION INTERNATIONAL LLC (155 trucks) | SITEWISE LLC (145 trucks),132000,14810,11118344.06,"$499,000.00"
Sol_034,10431 Quari St,https://www.loopnet.com/Listing/10431-Quari-St-Commerce-City-CO/29119294/,"Commerce City, CO 80022",0.72,270000.0,39.886267655476,-104.844980046547,9557.83,10000,L,95.58%,1211,ENVIRONMENTAL DESIGNS LLC (156 trucks) | BALIC TRANSPORT INC (120 trucks) | BURNCO COLORADO LLC (146 trucks) | WEST DIRECT OIL (140 trucks) | WAGNER EQUIPMENT CO (423 trucks) | METCO LANDSCAPING INC (226 trucks),132000,14810,11118344.06,"$270,000.00"
Sol_034,NEC N Fairgrounds Ave,https://www.loopnet.com/Listing/NEC-N-Fairgrounds-Ave-Windsor-CO/29890025/,"Windsor, CO 80528",0.74,483449.0,40.437732372143,-104.982630626628,304.01,1000,XS,30.40%,131,LARIMER COUNTY (131 trucks),132000,14810,11118344.06,"$483,449.00"
Sol_034,11958 Lincoln Ave,https://www.loopnet.com/Listing/Lincoln-Ave-Parker-CO/39741118/,"Parker, CO 80138",0.86,495000.0,39.536519536914,-104.76116705724,18264.289999999997,20000,XL,91.32%,2581,ACCELERATED SERVICES LLC (373 trucks) | AMERICAN FURNITURE WAREHOUSE CO (340 trucks) | TERRACARE ASSOCIATES LLC (156 trucks) | IHC SCOTT INC (214 trucks) | BUCKLEY POWDER CO (217 trucks) | CH2M OMI CH2MHILL JACOBS (183 trucks) | ORICA USA INC (215 trucks) | CHERRY CREEK SCHOOLS (352 trucks) | HBSCO DANS TRASH AT YOUR DISPOSAL (110 trucks) | ENTERPRISE RENT-A-CAR NATIONAL RENT A CAR ALAMO RENT A CAR (421 trucks),132000,14810,11118344.06,"$495,000.00"
Sol_034,8850 Huron St,https://www.loopnet.com/Listing/8850-Huron-St-Thornton-CO/33061072/,"Thornton, CO 80260",1.26,349000.0,39.858426283979,-104.995662022846,17094.77,20000,XL,85.47%,2505,CITY OF THORNTON (208 trucks) | CITY OF THORNTON (174 trucks) | COCAL LANDSCAPE SERVICES INC (153 trucks) | COLD FRONT (121 trucks) | READY MIX CONCRETE COMPANY (191 trucks) | NAVAJO EXPRESS INC (309 trucks) | TRI-STATE GENERATION & TRANSMISSION ASSOCIATION INC (321 trucks) | WESTERN DISTRIBUTING TRANSPORTATION CORP (155 trucks) | RMS CRANES (139 trucks) | SURESHOT DRILLING LLC ATOZ FIELD SERVICES LLC DRILL TECH LLC PINNACLE DEVELOPMENT INC HDD SPECIALISTS LLC (135 trucks) | EAGLE ROCK DISTRIBUTING COMPANY OF COLORADO LLC (148 trucks) | OFFEN PETROLEUM LLC (269 trucks) | ADAMS 12 FIVE STAR SCHOOLS (182 trucks),132000,14810,11118344.06,"$349,000.00"
Sol_034,NWQ Highway 119 and I-25,https://www.loopnet.com/Listing/NWQ-Highway-119-and-I-25-Firestone-CO/31431092/,"Firestone, CO 80504",1.28,949000.0,40.160746988915,-104.978709958949,3529.55,5000,M,70.59%,606,WARD ELECTRIC COMPANY INC (222 trucks) | HEAT WAVES HOT OIL SERVICE LLC (201 trucks) | SUPREME TRANSPORT INC (183 trucks),132000,14810,11118344.06,"$949,000.00"
Sol_034,13987 Foster ct,https://www.loopnet.com/Listing/13987-Foster-ct-Longmont-CO/34579366/,"Longmont, CO 80504",1.42,1370019.92,40.140476603851,-105.119700024426,1399.2,2000,S,69.96%,385,CITY OF LONGMONT (211 trucks) | ST VRAIN VALLEY SCHOOL DISTRICT (174 trucks),132000,14810,11118344.06,"$1,370,019.92"
Sol_034,765 Aspen Ridge Drive Dr,https://www.loopnet.com/Listing/765-Aspen-Ridge-Drive-Dr-Lafayette-CO/32931931/,"Lafayette, CO 80026",1.43,556000.0,40.006898203868,-105.107210150504,4585.06,5000,M,91.70%,619,BOULDER VALLEY SCHOOL DISTRICT RE-2 (134 trucks) | VIA MOBILITY SERVICES (196 trucks) | VIA MOBILITY SERVICES (116 trucks) | CU (173 trucks),132000,14810,11118344.06,"$556,000.00"
Sol_034,E Harmony & Lady Moon Dr,https://www.loopnet.com/Listing/E-Harmony-Lady-Moon-Dr-Fort-Collins-CO/11217719/,"Fort Collins, CO 80528",2.2,1054007.0,40.523221679275,-105.010799488523,5618.16,10000,L,56.18%,972,NOVUS AG LLC (444 trucks) | CITY OF FORT COLLINS (285 trucks) | Poudre School District  (243 trucks),132000,14810,11118344.06,"$1,054,007.00"
Sol_035,2544 11th Ave,https://www.loopnet.com/Listing/2544-11th-Ave-Greeley-CO/35100267/,"Greeley, CO 80631",0.15,350000.0,40.395690645275,-104.69657283495,336.5,1000,XS,33.65%,145,WELD COUNTY PUBLIC WORKS DEPARTMENT (145 trucks),115000,12627,10499344.06,"$350,000.00"
Sol_035,831 N Clarkson St,https://www.loopnet.com/Listing/831-N-Clarkson-St-Denver-CO/38142797/,"Denver, CO 80218",0.18,899000.0,39.729919009716,-104.977904960968,4580.9400000000005,5000,M,91.62%,521,FARMERS ALL NATURAL (121 trucks) | CO TRAN LLC (275 trucks) | SUPERSHUTTLE DENVER (125 trucks),115000,12627,10499344.06,"$899,000.00"
Sol_035,422 Perry St,https://www.loopnet.com/Listing/422-Perry-St-Castle-Rock-CO/38421711/,"Castle Rock, CO 80104",0.24,605821.24,39.374148794158,-104.858322527659,2577.81,5000,M,51.56%,389,GREAT SOUTHWESTERN CONSTRUCTION INC (280 trucks) | TOWN OF CASTLE ROCK  (109 trucks),115000,12627,10499344.06,"$605,821.24"
Sol_035,239 S Main St,https://www.loopnet.com/Listing/239-S-Main-St-Brighton-CO/27424620/,"Brighton, CO 80601",0.31,250000.0,39.982905257485,-104.822555605705,5864.05,10000,L,58.64%,829,G&Z TRANSPORT LLC (147 trucks) | SIM TRUCKING INC (120 trucks) | ENVIRONMENTAL DESIGNS LLC (156 trucks) | BALIC TRANSPORT INC (120 trucks) | BURNCO COLORADO LLC (146 trucks) | WEST DIRECT OIL (140 trucks),115000,12627,10499344.06,"$250,000.00"
Sol_035,20th & Blake St,https://www.loopnet.com/Listing/20th-Blake-St-Land-Denver-CO/26158810/,"Denver, CO 80205",0.32,1320000.0,39.754299409573,-104.994304825083,9307.460000000001,10000,L,93.07%,1347,RES (149 trucks) | MPLX G&P (144 trucks) | CONCRETE EXPRESS INC (128 trucks) | COORS DISTRIBUTING COMPANY MILLER COORS LLC (105 trucks) | U S TRANSPORT INC (200 trucks) | WASTE CONNECTIONS OF COLORADO INC (486 trucks) | SURESHOT DRILLING LLC ATOZ FIELD SERVICES LLC DRILL TECH LLC PINNACLE DEVELOPMENT INC HDD SPECIALISTS LLC (135 trucks),115000,12627,10499344.06,"$1,320,000.00"
Sol_035,1560 N Academy Blvd,https://www.loopnet.com/Listing/1560-N-Academy-Blvd-Colorado-Springs-CO/3886433/,"Colorado Springs, CO 80909",0.64,416700.0,38.854776988204,-104.75774002483,5689.619999999999,10000,L,56.90%,1031,COLORADO SPRINGS SCHOOL DISTRICT 11 (130 trucks) | MOUNTAIN METROPOLITAN TRANSIT (144 trucks) | CITY OF COLORADO SPRINGS (326 trucks) | El PASO COUNTY (112 trucks) | GOODWILL OF COLORADO (134 trucks) | VECTRUS SYSTEMS CORPORATION (185 trucks),115000,12627,10499344.06,"$416,700.00"
Sol_035,4237 McWhinney Blvd,https://www.loopnet.com/Listing/4237-McWhinney-Blvd-Loveland-CO/23974785/,"Loveland, CO 80538",0.65,871347.9,40.408208389025,-105.017378025231,252.96,1000,XS,25.30%,109,LOVELAND MUNICIPALITY (109 trucks),115000,12627,10499344.06,"$871,347.90"
Sol_035,7300 W Jefferson Ave,https://www.loopnet.com/Listing/7300-W-Jefferson-Ave-Lakewood-CO/38419312/,"Lakewood, CO 80235",0.66,379999.0,39.649773884125,-105.079540805378,10536.92,20000,XL,52.68%,1415,QUALITY LOGISTICS INC (135 trucks) | KEESEN ENTERPRISES INC (263 trucks) | PROCAM SERVICES  (101 trucks) | JEFFCO SCHOOLS (274 trucks) | JEFFERSON COUNTY (120 trucks) | HOLCIM WCR INC (298 trucks) | PACIFIC SHIPPING & TRUCKING CO INC (109 trucks) | ENIVIRONMENTAL LANDWORKS COMPANY INC (115 trucks),115000,12627,10499344.06,"$379,999.00"
Sol_035,9190 W 84th Ave,https://www.loopnet.com/Listing/9190-W-84th-Ave-Arvada-CO/38160305/,"Arvada, CO 80005",0.67,499000.0,39.849854027782,-105.100317795342,7872.180000000001,10000,L,78.72%,1547,ALPINE MILLWORK COMPANY DBA ROCKY MOUNTAIN RELOAD (141 trucks) | CITY OF ARVADA (100 trucks) | GEOSTABILIZATION INTERNATIONAL LLC (155 trucks) | COLD FRONT (121 trucks) | SITEWISE LLC (145 trucks) | CITY OF THORNTON (208 trucks) | CITY OF THORNTON (174 trucks) | TRI-STATE GENERATION & TRANSMISSION ASSOCIATION INC (321 trucks) | ADAMS 12 FIVE STAR SCHOOLS (182 trucks),115000,12627,10499344.06,"$499,000.00"
Sol_035,NEC N Fairgrounds Ave,https://www.loopnet.com/Listing/NEC-N-Fairgrounds-Ave-Windsor-CO/29890025/,"Windsor, CO 80528",0.74,483449.0,40.437732372143,-104.982630626628,304.01,1000,XS,30.40%,131,LARIMER COUNTY (131 trucks),115000,12627,10499344.06,"$483,449.00"
Sol_035,11958 Lincoln Ave,https://www.loopnet.com/Listing/Lincoln-Ave-Parker-CO/39741118/,"Parker, CO 80138",0.86,495000.0,39.536519536914,-104.76116705724,18264.289999999997,20000,XL,91.32%,2581,ACCELERATED SERVICES LLC (373 trucks) | AMERICAN FURNITURE WAREHOUSE CO (340 trucks) | TERRACARE ASSOCIATES LLC (156 trucks) | IHC SCOTT INC (214 trucks) | BUCKLEY POWDER CO (217 trucks) | CH2M OMI CH2MHILL JACOBS (183 trucks) | ORICA USA INC (215 trucks) | CHERRY CREEK SCHOOLS (352 trucks) | HBSCO DANS TRASH AT YOUR DISPOSAL (110 trucks) | ENTERPRISE RENT-A-CAR NATIONAL RENT A CAR ALAMO RENT A CAR (421 trucks),115000,12627,10499344.06,"$495,000.00"
Sol_035,NWQ Highway 119 and I-25,https://www.loopnet.com/Listing/NWQ-Highway-119-and-I-25-Firestone-CO/31431092/,"Firestone, CO 80504",1.28,949000.0,40.160746988915,-104.978709958949,3529.55,5000,M,70.59%,606,WARD ELECTRIC COMPANY INC (222 trucks) | HEAT WAVES HOT OIL SERVICE LLC (201 trucks) | SUPREME TRANSPORT INC (183 trucks),115000,12627,10499344.06,"$949,000.00"
Sol_035,13987 Foster ct,https://www.loopnet.com/Listing/13987-Foster-ct-Longmont-CO/34579366/,"Longmont, CO 80504",1.42,1370019.92,40.140476603851,-105.119700024426,1399.2,2000,S,69.96%,385,CITY OF LONGMONT (211 trucks) | ST VRAIN VALLEY SCHOOL DISTRICT (174 trucks),115000,12627,10499344.06,"$1,370,019.92"
Sol_035,765 Aspen Ridge Drive Dr,https://www.loopnet.com/Listing/765-Aspen-Ridge-Drive-Dr-Lafayette-CO/32931931/,"Lafayette, CO 80026",1.43,556000.0,40.006898203868,-105.107210150504,4585.06,5000,M,91.70%,619,BOULDER VALLEY SCHOOL DISTRICT RE-2 (134 trucks) | VIA MOBILITY SERVICES (196 trucks) | VIA MOBILITY SERVICES (116 trucks) | CU (173 trucks),115000,12627,10499344.06,"$556,000.00"
Sol_035,E Harmony & Lady Moon Dr,https://www.loopnet.com/Listing/E-Harmony-Lady-Moon-Dr-Fort-Collins-CO/11217719/,"Fort Collins, CO 80528",2.2,1054007.0,40.523221679275,-105.010799488523,5618.16,10000,L,56.18%,972,NOVUS AG LLC (444 trucks) | CITY OF FORT COLLINS (285 trucks) | Poudre School District  (243 trucks),115000,12627,10499344.06,"$1,054,007.00"
Sol_036,2544 11th Ave,https://www.loopnet.com/Listing/2544-11th-Ave-Greeley-CO/35100267/,"Greeley, CO 80631",0.15,350000.0,40.395690645275,-104.69657283495,336.5,1000,XS,33.65%,145,WELD COUNTY PUBLIC WORKS DEPARTMENT (145 trucks),155000,16838,13104344.06,"$350,000.00"
Sol_036,831 N Clarkson St,https://www.loopnet.com/Listing/831-N-Clarkson-St-Denver-CO/38142797/,"Denver, CO 80218",0.18,899000.0,39.729919009716,-104.977904960968,3413.46,5000,M,68.27%,396,FARMERS ALL NATURAL (121 trucks) | CO TRAN LLC (275 trucks),155000,16838,13104344.06,"$899,000.00"
Sol_036,422 Perry St,https://www.loopnet.com/Listing/422-Perry-St-Castle-Rock-CO/38421711/,"Castle Rock, CO 80104",0.24,605821.24,39.374148794158,-104.858322527659,2577.81,5000,M,51.56%,389,GREAT SOUTHWESTERN CONSTRUCTION INC (280 trucks) | TOWN OF CASTLE ROCK  (109 trucks),155000,16838,13104344.06,"$605,821.24"
Sol_036,239 S Main St,https://www.loopnet.com/Listing/239-S-Main-St-Brighton-CO/27424620/,"Brighton, CO 80601",0.31,250000.0,39.982905257485,-104.822555605705,5864.05,10000,L,58.64%,829,G&Z TRANSPORT LLC (147 trucks) | SIM TRUCKING INC (120 trucks) | ENVIRONMENTAL DESIGNS LLC (156 trucks) | BALIC TRANSPORT INC (120 trucks) | BURNCO COLORADO LLC (146 trucks) | WEST DIRECT OIL (140 trucks),155000,16838,13104344.06,"$250,000.00"
Sol_036,20th & Blake St,https://www.loopnet.com/Listing/20th-Blake-St-Land-Denver-CO/26158810/,"Denver, CO 80205",0.32,1320000.0,39.754299409573,-104.994304825083,7770.22,10000,L,77.70%,1005,RES (149 trucks) | MPLX G&P (144 trucks) | CONCRETE EXPRESS INC (128 trucks) | COORS DISTRIBUTING COMPANY MILLER COORS LLC (105 trucks) | NAVAJO EXPRESS INC (309 trucks) | COMPASS VEHICLE RENTAL INC (170 trucks),155000,16838,13104344.06,"$1,320,000.00"
Sol_036,1560 N Academy Blvd,https://www.loopnet.com/Listing/1560-N-Academy-Blvd-Colorado-Springs-CO/3886433/,"Colorado Springs, CO 80909",0.64,416700.0,38.854776988204,-104.75774002483,5689.619999999999,10000,L,56.90%,1031,COLORADO SPRINGS SCHOOL DISTRICT 11 (130 trucks) | MOUNTAIN METROPOLITAN TRANSIT (144 trucks) | CITY OF COLORADO SPRINGS (326 trucks) | El PASO COUNTY (112 trucks) | GOODWILL OF COLORADO (134 trucks) | VECTRUS SYSTEMS CORPORATION (185 trucks),155000,16838,13104344.06,"$416,700.00"
Sol_036,3401 S Yosemite St,https://www.loopnet.com/Listing/3401-S-Yosemite-St-Denver-CO/39837277/,"Denver, CO 80231",0.64,675000.0,39.654049416843,-104.88550562639,19524.48,20000,XL,97.62%,2867,COMCAST (194 trucks) | SWINGLE TREE & LANDSCAPE CARE (135 trucks) | CITY LIGHT AND POWER INC (121 trucks) | WHEEL PROS LLC (182 trucks) | GLOBAL TRANSPORTATION LLC (442 trucks) | HBSCO DANS TRASH AT YOUR DISPOSAL (110 trucks) | CITY OF AURORA (271 trucks) | ORICA USA INC (215 trucks) | ENTERPRISE RENT-A-CAR NATIONAL RENT A CAR ALAMO RENT A CAR (421 trucks) | AURORA PUBLIC SCHOOLS (127 trucks) | METCO LANDSCAPING INC (226 trucks) | WAGNER EQUIPMENT CO (423 trucks),155000,16838,13104344.06,"$675,000.00"
Sol_036,4237 McWhinney Blvd,https://www.loopnet.com/Listing/4237-McWhinney-Blvd-Loveland-CO/23974785/,"Loveland, CO 80538",0.65,871347.9,40.408208389025,-105.017378025231,252.96,1000,XS,25.30%,109,LOVELAND MUNICIPALITY (109 trucks),155000,16838,13104344.06,"$871,347.90"
Sol_036,7300 W Jefferson Ave,https://www.loopnet.com/Listing/7300-W-Jefferson-Ave-Lakewood-CO/38419312/,"Lakewood, CO 80235",0.66,379999.0,39.649773884125,-105.079540805378,10536.92,20000,XL,52.68%,1415,QUALITY LOGISTICS INC (135 trucks) | KEESEN ENTERPRISES INC (263 trucks) | PROCAM SERVICES  (101 trucks) | JEFFCO SCHOOLS (274 trucks) | JEFFERSON COUNTY (120 trucks) | HOLCIM WCR INC (298 trucks) | PACIFIC SHIPPING & TRUCKING CO INC (109 trucks) | ENIVIRONMENTAL LANDWORKS COMPANY INC (115 trucks),155000,16838,13104344.06,"$379,999.00"
Sol_036,9190 W 84th Ave,https://www.loopnet.com/Listing/9190-W-84th-Ave-Arvada-CO/38160305/,"Arvada, CO 80005",0.67,499000.0,39.849854027782,-105.100317795342,7872.180000000001,10000,L,78.72%,1547,ALPINE MILLWORK COMPANY DBA ROCKY MOUNTAIN RELOAD (141 trucks) | CITY OF ARVADA (100 trucks) | GEOSTABILIZATION INTERNATIONAL LLC (155 trucks) | COLD FRONT (121 trucks) | SITEWISE LLC (145 trucks) | CITY OF THORNTON (208 trucks) | CITY OF THORNTON (174 trucks) | TRI-STATE GENERATION & TRANSMISSION ASSOCIATION INC (321 trucks) | ADAMS 12 FIVE STAR SCHOOLS (182 trucks),155000,16838,13104344.06,"$499,000.00"
Sol_036,NEC N Fairgrounds Ave,https://www.loopnet.com/Listing/NEC-N-Fairgrounds-Ave-Windsor-CO/29890025/,"Windsor, CO 80528",0.74,483449.0,40.437732372143,-104.982630626628,304.01,1000,XS,30.40%,131,LARIMER COUNTY (131 trucks),155000,16838,13104344.06,"$483,449.00"
Sol_036,11958 Lincoln Ave,https://www.loopnet.com/Listing/Lincoln-Ave-Parker-CO/39741118/,"Parker, CO 80138",0.86,495000.0,39.536519536914,-104.76116705724,13220.13,20000,XL,66.10%,1835,ACCELERATED SERVICES LLC (373 trucks) | AMERICAN FURNITURE WAREHOUSE CO (340 trucks) | TERRACARE ASSOCIATES LLC (156 trucks) | IHC SCOTT INC (214 trucks) | BUCKLEY POWDER CO (217 trucks) | CH2M OMI CH2MHILL JACOBS (183 trucks) | CHERRY CREEK SCHOOLS (352 trucks),155000,16838,13104344.06,"$495,000.00"
Sol_036,2450 Curtis St,https://www.loopnet.com/Listing/2450-Curtis-St-Denver-CO/34878162/,"Denver, CO 80205",0.93,1930000.0,39.755035173034,-104.984190298703,19295.64,20000,XL,96.48%,2557,WASTE CONNECTIONS OF COLORADO INC (486 trucks) | U S TRANSPORT INC (200 trucks) | SURESHOT DRILLING LLC ATOZ FIELD SERVICES LLC DRILL TECH LLC PINNACLE DEVELOPMENT INC HDD SPECIALISTS LLC (135 trucks) | EAGLE ROCK DISTRIBUTING COMPANY OF COLORADO LLC (148 trucks) | RMS CRANES (139 trucks) | WESTERN DISTRIBUTING TRANSPORTATION CORP (155 trucks) | SUPERSHUTTLE DENVER (125 trucks) | UNITED SITE SERVICES OF NEVADA INC (409 trucks) | UNITED SITE SERVICES OF COLORADO INC (147 trucks) | READY MIX CONCRETE COMPANY (191 trucks) | COCAL LANDSCAPE SERVICES INC (153 trucks) | OFFEN PETROLEUM LLC (269 trucks),155000,16838,13104344.06,"$1,930,000.00"
Sol_036,NWQ Highway 119 and I-25,https://www.loopnet.com/Listing/NWQ-Highway-119-and-I-25-Firestone-CO/31431092/,"Firestone, CO 80504",1.28,949000.0,40.160746988915,-104.978709958949,3529.55,5000,M,70.59%,606,WARD ELECTRIC COMPANY INC (222 trucks) | HEAT WAVES HOT OIL SERVICE LLC (201 trucks) | SUPREME TRANSPORT INC (183 trucks),155000,16838,13104344.06,"$949,000.00"
Sol_036,13987 Foster ct,https://www.loopnet.com/Listing/13987-Foster-ct-Longmont-CO/34579366/,"Longmont, CO 80504",1.42,1370019.92,40.140476603851,-105.119700024426,1399.2,2000,S,69.96%,385,CITY OF LONGMONT (211 trucks) | ST VRAIN VALLEY SCHOOL DISTRICT (174 trucks),155000,16838,13104344.06,"$1,370,019.92"
Sol_036,765 Aspen Ridge Drive Dr,https://www.loopnet.com/Listing/765-Aspen-Ridge-Drive-Dr-Lafayette-CO/32931931/,"Lafayette, CO 80026",1.43,556000.0,40.006898203868,-105.107210150504,4585.06,5000,M,91.70%,619,BOULDER VALLEY SCHOOL DISTRICT RE-2 (134 trucks) | VIA MOBILITY SERVICES (196 trucks) | VIA MOBILITY SERVICES (116 trucks) | CU (173 trucks),155000,16838,13104344.06,"$556,000.00"
Sol_036,E Harmony & Lady Moon Dr,https://www.loopnet.com/Listing/E-Harmony-Lady-Moon-Dr-Fort-Collins-CO/11217719/,"Fort Collins, CO 80528",2.2,1054007.0,40.523221679275,-105.010799488523,5618.16,10000,L,56.18%,972,NOVUS AG LLC (444 trucks) | CITY OF FORT COLLINS (285 trucks) | Poudre School District  (243 trucks),155000,16838,13104344.06,"$1,054,007.00"
Sol_037,2544 11th Ave,https://www.loopnet.com/Listing/2544-11th-Ave-Greeley-CO/35100267/,"Greeley, CO 80631",0.15,350000.0,40.395690645275,-104.69657283495,336.5,1000,XS,33.65%,145,WELD COUNTY PUBLIC WORKS DEPARTMENT (145 trucks),135000,14748,11174344.06,"$350,000.00"
Sol_037,831 N Clarkson St,https://www.loopnet.com/Listing/831-N-Clarkson-St-Denver-CO/38142797/,"Denver, CO 80218",0.18,899000.0,39.729919009716,-104.977904960968,4580.9400000000005,5000,M,91.62%,521,FARMERS ALL NATURAL (121 trucks) | CO TRAN LLC (275 trucks) | SUPERSHUTTLE DENVER (125 trucks),135000,14748,11174344.06,"$899,000.00"
Sol_037,422 Perry St,https://www.loopnet.com/Listing/422-Perry-St-Castle-Rock-CO/38421711/,"Castle Rock, CO 80104",0.24,605821.24,39.374148794158,-104.858322527659,2577.81,5000,M,51.56%,389,GREAT SOUTHWESTERN CONSTRUCTION INC (280 trucks) | TOWN OF CASTLE ROCK  (109 trucks),135000,14748,11174344.06,"$605,821.24"
Sol_037,239 S Main St,https://www.loopnet.com/Listing/239-S-Main-St-Brighton-CO/27424620/,"Brighton, CO 80601",0.31,250000.0,39.982905257485,-104.822555605705,5864.05,10000,L,58.64%,829,G&Z TRANSPORT LLC (147 trucks) | SIM TRUCKING INC (120 trucks) | ENVIRONMENTAL DESIGNS LLC (156 trucks) | BALIC TRANSPORT INC (120 trucks) | BURNCO COLORADO LLC (146 trucks) | WEST DIRECT OIL (140 trucks),135000,14748,11174344.06,"$250,000.00"
Sol_037,20th & Blake St,https://www.loopnet.com/Listing/20th-Blake-St-Land-Denver-CO/26158810/,"Denver, CO 80205",0.32,1320000.0,39.754299409573,-104.994304825083,9307.460000000001,10000,L,93.07%,1347,RES (149 trucks) | MPLX G&P (144 trucks) | CONCRETE EXPRESS INC (128 trucks) | COORS DISTRIBUTING COMPANY MILLER COORS LLC (105 trucks) | U S TRANSPORT INC (200 trucks) | WASTE CONNECTIONS OF COLORADO INC (486 trucks) | SURESHOT DRILLING LLC ATOZ FIELD SERVICES LLC DRILL TECH LLC PINNACLE DEVELOPMENT INC HDD SPECIALISTS LLC (135 trucks),135000,14748,11174344.06,"$1,320,000.00"
Sol_037,1560 N Academy Blvd,https://www.loopnet.com/Listing/1560-N-Academy-Blvd-Colorado-Springs-CO/3886433/,"Colorado Springs, CO 80909",0.64,416700.0,38.854776988204,-104.75774002483,5689.619999999999,10000,L,56.90%,1031,COLORADO SPRINGS SCHOOL DISTRICT 11 (130 trucks) | MOUNTAIN METROPOLITAN TRANSIT (144 trucks) | CITY OF COLORADO SPRINGS (326 trucks) | El PASO COUNTY (112 trucks) | GOODWILL OF COLORADO (134 trucks) | VECTRUS SYSTEMS CORPORATION (185 trucks),135000,14748,11174344.06,"$416,700.00"
Sol_037,3401 S Yosemite St,https://www.loopnet.com/Listing/3401-S-Yosemite-St-Denver-CO/39837277/,"Denver, CO 80231",0.64,675000.0,39.654049416843,-104.88550562639,19524.48,20000,XL,97.62%,2867,COMCAST (194 trucks) | SWINGLE TREE & LANDSCAPE CARE (135 trucks) | CITY LIGHT AND POWER INC (121 trucks) | WHEEL PROS LLC (182 trucks) | GLOBAL TRANSPORTATION LLC (442 trucks) | HBSCO DANS TRASH AT YOUR DISPOSAL (110 trucks) | CITY OF AURORA (271 trucks) | ORICA USA INC (215 trucks) | ENTERPRISE RENT-A-CAR NATIONAL RENT A CAR ALAMO RENT A CAR (421 trucks) | AURORA PUBLIC SCHOOLS (127 trucks) | METCO LANDSCAPING INC (226 trucks) | WAGNER EQUIPMENT CO (423 trucks),135000,14748,11174344.06,"$675,000.00"
Sol_037,4237 McWhinney Blvd,https://www.loopnet.com/Listing/4237-McWhinney-Blvd-Loveland-CO/23974785/,"Loveland, CO 80538",0.65,871347.9,40.408208389025,-105.017378025231,252.96,1000,XS,25.30%,109,LOVELAND MUNICIPALITY (109 trucks),135000,14748,11174344.06,"$871,347.90"
Sol_037,7300 W Jefferson Ave,https://www.loopnet.com/Listing/7300-W-Jefferson-Ave-Lakewood-CO/38419312/,"Lakewood, CO 80235",0.66,379999.0,39.649773884125,-105.079540805378,10536.92,20000,XL,52.68%,1415,QUALITY LOGISTICS INC (135 trucks) | KEESEN ENTERPRISES INC (263 trucks) | PROCAM SERVICES  (101 trucks) | JEFFCO SCHOOLS (274 trucks) | JEFFERSON COUNTY (120 trucks) | HOLCIM WCR INC (298 trucks) | PACIFIC SHIPPING & TRUCKING CO INC (109 trucks) | ENIVIRONMENTAL LANDWORKS COMPANY INC (115 trucks),135000,14748,11174344.06,"$379,999.00"
Sol_037,9190 W 84th Ave,https://www.loopnet.com/Listing/9190-W-84th-Ave-Arvada-CO/38160305/,"Arvada, CO 80005",0.67,499000.0,39.849854027782,-105.100317795342,7872.180000000001,10000,L,78.72%,1547,ALPINE MILLWORK COMPANY DBA ROCKY MOUNTAIN RELOAD (141 trucks) | CITY OF ARVADA (100 trucks) | GEOSTABILIZATION INTERNATIONAL LLC (155 trucks) | COLD FRONT (121 trucks) | SITEWISE LLC (145 trucks) | CITY OF THORNTON (208 trucks) | CITY OF THORNTON (174 trucks) | TRI-STATE GENERATION & TRANSMISSION ASSOCIATION INC (321 trucks) | ADAMS 12 FIVE STAR SCHOOLS (182 trucks),135000,14748,11174344.06,"$499,000.00"
Sol_037,NEC N Fairgrounds Ave,https://www.loopnet.com/Listing/NEC-N-Fairgrounds-Ave-Windsor-CO/29890025/,"Windsor, CO 80528",0.74,483449.0,40.437732372143,-104.982630626628,304.01,1000,XS,30.40%,131,LARIMER COUNTY (131 trucks),135000,14748,11174344.06,"$483,449.00"
Sol_037,11958 Lincoln Ave,https://www.loopnet.com/Listing/Lincoln-Ave-Parker-CO/39741118/,"Parker, CO 80138",0.86,495000.0,39.536519536914,-104.76116705724,13220.13,20000,XL,66.10%,1835,ACCELERATED SERVICES LLC (373 trucks) | AMERICAN FURNITURE WAREHOUSE CO (340 trucks) | TERRACARE ASSOCIATES LLC (156 trucks) | IHC SCOTT INC (214 trucks) | BUCKLEY POWDER CO (217 trucks) | CH2M OMI CH2MHILL JACOBS (183 trucks) | CHERRY CREEK SCHOOLS (352 trucks),135000,14748,11174344.06,"$495,000.00"
Sol_037,NWQ Highway 119 and I-25,https://www.loopnet.com/Listing/NWQ-Highway-119-and-I-25-Firestone-CO/31431092/,"Firestone, CO 80504",1.28,949000.0,40.160746988915,-104.978709958949,3529.55,5000,M,70.59%,606,WARD ELECTRIC COMPANY INC (222 trucks) | HEAT WAVES HOT OIL SERVICE LLC (201 trucks) | SUPREME TRANSPORT INC (183 trucks),135000,14748,11174344.06,"$949,000.00"
Sol_037,13987 Foster ct,https://www.loopnet.com/Listing/13987-Foster-ct-Longmont-CO/34579366/,"Longmont, CO 80504",1.42,1370019.92,40.140476603851,-105.119700024426,1399.2,2000,S,69.96%,385,CITY OF LONGMONT (211 trucks) | ST VRAIN VALLEY SCHOOL DISTRICT (174 trucks),135000,14748,11174344.06,"$1,370,019.92"
Sol_037,765 Aspen Ridge Drive Dr,https://www.loopnet.com/Listing/765-Aspen-Ridge-Drive-Dr-Lafayette-CO/32931931/,"Lafayette, CO 80026",1.43,556000.0,40.006898203868,-105.107210150504,4585.06,5000,M,91.70%,619,BOULDER VALLEY SCHOOL DISTRICT RE-2 (134 trucks) | VIA MOBILITY SERVICES (196 trucks) | VIA MOBILITY SERVICES (116 trucks) | CU (173 trucks),135000,14748,11174344.06,"$556,000.00"
Sol_037,E Harmony & Lady Moon Dr,https://www.loopnet.com/Listing/E-Harmony-Lady-Moon-Dr-Fort-Collins-CO/11217719/,"Fort Collins, CO 80528",2.2,1054007.0,40.523221679275,-105.010799488523,5618.16,10000,L,56.18%,972,NOVUS AG LLC (444 trucks) | CITY OF FORT COLLINS (285 trucks) | Poudre School District  (243 trucks),135000,14748,11174344.06,"$1,054,007.00"
Sol_038,2544 11th Ave,https://www.loopnet.com/Listing/2544-11th-Ave-Greeley-CO/35100267/,"Greeley, CO 80631",0.15,350000.0,40.395690645275,-104.69657283495,336.5,1000,XS,33.65%,145,WELD COUNTY PUBLIC WORKS DEPARTMENT (145 trucks),145000,16282,11523344.06,"$350,000.00"
Sol_038,831 N Clarkson St,https://www.loopnet.com/Listing/831-N-Clarkson-St-Denver-CO/38142797/,"Denver, CO 80218",0.18,899000.0,39.729919009716,-104.977904960968,4580.9400000000005,5000,M,91.62%,521,FARMERS ALL NATURAL (121 trucks) | CO TRAN LLC (275 trucks) | SUPERSHUTTLE DENVER (125 trucks),145000,16282,11523344.06,"$899,000.00"
Sol_038,422 Perry St,https://www.loopnet.com/Listing/422-Perry-St-Castle-Rock-CO/38421711/,"Castle Rock, CO 80104",0.24,605821.24,39.374148794158,-104.858322527659,2577.81,5000,M,51.56%,389,GREAT SOUTHWESTERN CONSTRUCTION INC (280 trucks) | TOWN OF CASTLE ROCK  (109 trucks),145000,16282,11523344.06,"$605,821.24"
Sol_038,239 S Main St,https://www.loopnet.com/Listing/239-S-Main-St-Brighton-CO/27424620/,"Brighton, CO 80601",0.31,250000.0,39.982905257485,-104.822555605705,3986.53,5000,M,79.73%,543,G&Z TRANSPORT LLC (147 trucks) | SIM TRUCKING INC (120 trucks) | ENVIRONMENTAL DESIGNS LLC (156 trucks) | BALIC TRANSPORT INC (120 trucks),145000,16282,11523344.06,"$250,000.00"
Sol_038,20th & Blake St,https://www.loopnet.com/Listing/20th-Blake-St-Land-Denver-CO/26158810/,"Denver, CO 80205",0.32,1320000.0,39.754299409573,-104.994304825083,9694.1,10000,L,96.94%,1382,RES (149 trucks) | MPLX G&P (144 trucks) | CONCRETE EXPRESS INC (128 trucks) | COORS DISTRIBUTING COMPANY MILLER COORS LLC (105 trucks) | U S TRANSPORT INC (200 trucks) | WASTE CONNECTIONS OF COLORADO INC (486 trucks) | COMPASS VEHICLE RENTAL INC (170 trucks),145000,16282,11523344.06,"$1,320,000.00"
Sol_038,1560 N Academy Blvd,https://www.loopnet.com/Listing/1560-N-Academy-Blvd-Colorado-Springs-CO/3886433/,"Colorado Springs, CO 80909",0.64,416700.0,38.854776988204,-104.75774002483,5689.619999999999,10000,L,56.90%,1031,COLORADO SPRINGS SCHOOL DISTRICT 11 (130 trucks) | MOUNTAIN METROPOLITAN TRANSIT (144 trucks) | CITY OF COLORADO SPRINGS (326 trucks) | El PASO COUNTY (112 trucks) | GOODWILL OF COLORADO (134 trucks) | VECTRUS SYSTEMS CORPORATION (185 trucks),145000,16282,11523344.06,"$416,700.00"
Sol_038,3401 S Yosemite St,https://www.loopnet.com/Listing/3401-S-Yosemite-St-Denver-CO/39837277/,"Denver, CO 80231",0.64,675000.0,39.654049416843,-104.88550562639,19524.48,20000,XL,97.62%,2867,COMCAST (194 trucks) | SWINGLE TREE & LANDSCAPE CARE (135 trucks) | CITY LIGHT AND POWER INC (121 trucks) | WHEEL PROS LLC (182 trucks) | GLOBAL TRANSPORTATION LLC (442 trucks) | HBSCO DANS TRASH AT YOUR DISPOSAL (110 trucks) | CITY OF AURORA (271 trucks) | ORICA USA INC (215 trucks) | ENTERPRISE RENT-A-CAR NATIONAL RENT A CAR ALAMO RENT A CAR (421 trucks) | AURORA PUBLIC SCHOOLS (127 trucks) | METCO LANDSCAPING INC (226 trucks) | WAGNER EQUIPMENT CO (423 trucks),145000,16282,11523344.06,"$675,000.00"
Sol_038,4237 McWhinney Blvd,https://www.loopnet.com/Listing/4237-McWhinney-Blvd-Loveland-CO/23974785/,"Loveland, CO 80538",0.65,871347.9,40.408208389025,-105.017378025231,252.96,1000,XS,25.30%,109,LOVELAND MUNICIPALITY (109 trucks),145000,16282,11523344.06,"$871,347.90"
Sol_038,7300 W Jefferson Ave,https://www.loopnet.com/Listing/7300-W-Jefferson-Ave-Lakewood-CO/38419312/,"Lakewood, CO 80235",0.66,379999.0,39.649773884125,-105.079540805378,10536.92,20000,XL,52.68%,1415,QUALITY LOGISTICS INC (135 trucks) | KEESEN ENTERPRISES INC (263 trucks) | PROCAM SERVICES  (101 trucks) | JEFFCO SCHOOLS (274 trucks) | JEFFERSON COUNTY (120 trucks) | HOLCIM WCR INC (298 trucks) | PACIFIC SHIPPING & TRUCKING CO INC (109 trucks) | ENIVIRONMENTAL LANDWORKS COMPANY INC (115 trucks),145000,16282,11523344.06,"$379,999.00"
Sol_038,9190 W 84th Ave,https://www.loopnet.com/Listing/9190-W-84th-Ave-Arvada-CO/38160305/,"Arvada, CO 80005",0.67,499000.0,39.849854027782,-105.100317795342,3378.81,5000,M,67.58%,541,ALPINE MILLWORK COMPANY DBA ROCKY MOUNTAIN RELOAD (141 trucks) | CITY OF ARVADA (100 trucks) | GEOSTABILIZATION INTERNATIONAL LLC (155 trucks) | SITEWISE LLC (145 trucks),145000,16282,11523344.06,"$499,000.00"
Sol_038,NEC N Fairgrounds Ave,https://www.loopnet.com/Listing/NEC-N-Fairgrounds-Ave-Windsor-CO/29890025/,"Windsor, CO 80528",0.74,483449.0,40.437732372143,-104.982630626628,304.01,1000,XS,30.40%,131,LARIMER COUNTY (131 trucks),145000,16282,11523344.06,"$483,449.00"
Sol_038,11958 Lincoln Ave,https://www.loopnet.com/Listing/Lincoln-Ave-Parker-CO/39741118/,"Parker, CO 80138",0.86,495000.0,39.536519536914,-104.76116705724,13220.13,20000,XL,66.10%,1835,ACCELERATED SERVICES LLC (373 trucks) | AMERICAN FURNITURE WAREHOUSE CO (340 trucks) | TERRACARE ASSOCIATES LLC (156 trucks) | IHC SCOTT INC (214 trucks) | BUCKLEY POWDER CO (217 trucks) | CH2M OMI CH2MHILL JACOBS (183 trucks) | CHERRY CREEK SCHOOLS (352 trucks),145000,16282,11523344.06,"$495,000.00"
Sol_038,8850 Huron St,https://www.loopnet.com/Listing/8850-Huron-St-Thornton-CO/33061072/,"Thornton, CO 80260",1.26,349000.0,39.858426283979,-104.995662022846,18972.29,20000,XL,94.86%,2791,CITY OF THORNTON (208 trucks) | CITY OF THORNTON (174 trucks) | COCAL LANDSCAPE SERVICES INC (153 trucks) | COLD FRONT (121 trucks) | READY MIX CONCRETE COMPANY (191 trucks) | NAVAJO EXPRESS INC (309 trucks) | TRI-STATE GENERATION & TRANSMISSION ASSOCIATION INC (321 trucks) | WESTERN DISTRIBUTING TRANSPORTATION CORP (155 trucks) | RMS CRANES (139 trucks) | SURESHOT DRILLING LLC ATOZ FIELD SERVICES LLC DRILL TECH LLC PINNACLE DEVELOPMENT INC HDD SPECIALISTS LLC (135 trucks) | EAGLE ROCK DISTRIBUTING COMPANY OF COLORADO LLC (148 trucks) | OFFEN PETROLEUM LLC (269 trucks) | ADAMS 12 FIVE STAR SCHOOLS (182 trucks) | WEST DIRECT OIL (140 trucks) | BURNCO COLORADO LLC (146 trucks),145000,16282,11523344.06,"$349,000.00"
Sol_038,NWQ Highway 119 and I-25,https://www.loopnet.com/Listing/NWQ-Highway-119-and-I-25-Firestone-CO/31431092/,"Firestone, CO 80504",1.28,949000.0,40.160746988915,-104.978709958949,3529.55,5000,M,70.59%,606,WARD ELECTRIC COMPANY INC (222 trucks) | HEAT WAVES HOT OIL SERVICE LLC (201 trucks) | SUPREME TRANSPORT INC (183 trucks),145000,16282,11523344.06,"$949,000.00"
Sol_038,13987 Foster ct,https://www.loopnet.com/Listing/13987-Foster-ct-Longmont-CO/34579366/,"Longmont, CO 80504",1.42,1370019.92,40.140476603851,-105.119700024426,1399.2,2000,S,69.96%,385,CITY OF LONGMONT (211 trucks) | ST VRAIN VALLEY SCHOOL DISTRICT (174 trucks),145000,16282,11523344.06,"$1,370,019.92"
Sol_038,765 Aspen Ridge Drive Dr,https://www.loopnet.com/Listing/765-Aspen-Ridge-Drive-Dr-Lafayette-CO/32931931/,"Lafayette, CO 80026",1.43,556000.0,40.006898203868,-105.107210150504,4585.06,5000,M,91.70%,619,BOULDER VALLEY SCHOOL DISTRICT RE-2 (134 trucks) | VIA MOBILITY SERVICES (196 trucks) | VIA MOBILITY SERVICES (116 trucks) | CU (173 trucks),145000,16282,11523344.06,"$556,000.00"
Sol_038,E Harmony & Lady Moon Dr,https://www.loopnet.com/Listing/E-Harmony-Lady-Moon-Dr-Fort-Collins-CO/11217719/,"Fort Collins, CO 80528",2.2,1054007.0,40.523221679275,-105.010799488523,5618.16,10000,L,56.18%,972,NOVUS AG LLC (444 trucks) | CITY OF FORT COLLINS (285 trucks) | Poudre School District  (243 trucks),145000,16282,11523344.06,"$1,054,007.00"
Sol_039,2544 11th Ave,https://www.loopnet.com/Listing/2544-11th-Ave-Greeley-CO/35100267/,"Greeley, CO 80631",0.15,350000.0,40.395690645275,-104.69657283495,336.5,1000,XS,33.65%,145,WELD COUNTY PUBLIC WORKS DEPARTMENT (145 trucks),127000,13545,10769344.06,"$350,000.00"
Sol_039,831 N Clarkson St,https://www.loopnet.com/Listing/831-N-Clarkson-St-Denver-CO/38142797/,"Denver, CO 80218",0.18,899000.0,39.729919009716,-104.977904960968,4580.9400000000005,5000,M,91.62%,521,FARMERS ALL NATURAL (121 trucks) | CO TRAN LLC (275 trucks) | SUPERSHUTTLE DENVER (125 trucks),127000,13545,10769344.06,"$899,000.00"
Sol_039,422 Perry St,https://www.loopnet.com/Listing/422-Perry-St-Castle-Rock-CO/38421711/,"Castle Rock, CO 80104",0.24,605821.24,39.374148794158,-104.858322527659,2577.81,5000,M,51.56%,389,GREAT SOUTHWESTERN CONSTRUCTION INC (280 trucks) | TOWN OF CASTLE ROCK  (109 trucks),127000,13545,10769344.06,"$605,821.24"
Sol_039,239 S Main St,https://www.loopnet.com/Listing/239-S-Main-St-Brighton-CO/27424620/,"Brighton, CO 80601",0.31,250000.0,39.982905257485,-104.822555605705,1694.9,2000,S,84.75%,267,G&Z TRANSPORT LLC (147 trucks) | SIM TRUCKING INC (120 trucks),127000,13545,10769344.06,"$250,000.00"
Sol_039,20th & Blake St,https://www.loopnet.com/Listing/20th-Blake-St-Land-Denver-CO/26158810/,"Denver, CO 80205",0.32,1320000.0,39.754299409573,-104.994304825083,9307.460000000001,10000,L,93.07%,1347,RES (149 trucks) | MPLX G&P (144 trucks) | CONCRETE EXPRESS INC (128 trucks) | COORS DISTRIBUTING COMPANY MILLER COORS LLC (105 trucks) | U S TRANSPORT INC (200 trucks) | WASTE CONNECTIONS OF COLORADO INC (486 trucks) | SURESHOT DRILLING LLC ATOZ FIELD SERVICES LLC DRILL TECH LLC PINNACLE DEVELOPMENT INC HDD SPECIALISTS LLC (135 trucks),127000,13545,10769344.06,"$1,320,000.00"
Sol_039,1560 N Academy Blvd,https://www.loopnet.com/Listing/1560-N-Academy-Blvd-Colorado-Springs-CO/3886433/,"Colorado Springs, CO 80909",0.64,416700.0,38.854776988204,-104.75774002483,5689.619999999999,10000,L,56.90%,1031,COLORADO SPRINGS SCHOOL DISTRICT 11 (130 trucks) | MOUNTAIN METROPOLITAN TRANSIT (144 trucks) | CITY OF COLORADO SPRINGS (326 trucks) | El PASO COUNTY (112 trucks) | GOODWILL OF COLORADO (134 trucks) | VECTRUS SYSTEMS CORPORATION (185 trucks),127000,13545,10769344.06,"$416,700.00"
Sol_039,4237 McWhinney Blvd,https://www.loopnet.com/Listing/4237-McWhinney-Blvd-Loveland-CO/23974785/,"Loveland, CO 80538",0.65,871347.9,40.408208389025,-105.017378025231,252.96,1000,XS,25.30%,109,LOVELAND MUNICIPALITY (109 trucks),127000,13545,10769344.06,"$871,347.90"
Sol_039,7300 W Jefferson Ave,https://www.loopnet.com/Listing/7300-W-Jefferson-Ave-Lakewood-CO/38419312/,"Lakewood, CO 80235",0.66,379999.0,39.649773884125,-105.079540805378,10536.92,20000,XL,52.68%,1415,QUALITY LOGISTICS INC (135 trucks) | KEESEN ENTERPRISES INC (263 trucks) | PROCAM SERVICES  (101 trucks) | JEFFCO SCHOOLS (274 trucks) | JEFFERSON COUNTY (120 trucks) | HOLCIM WCR INC (298 trucks) | PACIFIC SHIPPING & TRUCKING CO INC (109 trucks) | ENIVIRONMENTAL LANDWORKS COMPANY INC (115 trucks),127000,13545,10769344.06,"$379,999.00"
Sol_039,9190 W 84th Ave,https://www.loopnet.com/Listing/9190-W-84th-Ave-Arvada-CO/38160305/,"Arvada, CO 80005",0.67,499000.0,39.849854027782,-105.100317795342,6920.830000000001,10000,L,69.21%,1365,ALPINE MILLWORK COMPANY DBA ROCKY MOUNTAIN RELOAD (141 trucks) | CITY OF ARVADA (100 trucks) | GEOSTABILIZATION INTERNATIONAL LLC (155 trucks) | COLD FRONT (121 trucks) | SITEWISE LLC (145 trucks) | CITY OF THORNTON (208 trucks) | CITY OF THORNTON (174 trucks) | TRI-STATE GENERATION & TRANSMISSION ASSOCIATION INC (321 trucks),127000,13545,10769344.06,"$499,000.00"
Sol_039,10431 Quari St,https://www.loopnet.com/Listing/10431-Quari-St-Commerce-City-CO/29119294/,"Commerce City, CO 80022",0.72,270000.0,39.886267655476,-104.844980046547,12742.7,20000,XL,63.71%,1662,ENVIRONMENTAL DESIGNS LLC (156 trucks) | BALIC TRANSPORT INC (120 trucks) | BURNCO COLORADO LLC (146 trucks) | WEST DIRECT OIL (140 trucks) | OFFEN PETROLEUM LLC (269 trucks) | ADAMS 12 FIVE STAR SCHOOLS (182 trucks) | WAGNER EQUIPMENT CO (423 trucks) | METCO LANDSCAPING INC (226 trucks),127000,13545,10769344.06,"$270,000.00"
Sol_039,NEC N Fairgrounds Ave,https://www.loopnet.com/Listing/NEC-N-Fairgrounds-Ave-Windsor-CO/29890025/,"Windsor, CO 80528",0.74,483449.0,40.437732372143,-104.982630626628,304.01,1000,XS,30.40%,131,LARIMER COUNTY (131 trucks),127000,13545,10769344.06,"$483,449.00"
Sol_039,11958 Lincoln Ave,https://www.loopnet.com/Listing/Lincoln-Ave-Parker-CO/39741118/,"Parker, CO 80138",0.86,495000.0,39.536519536914,-104.76116705724,18264.289999999997,20000,XL,91.32%,2581,ACCELERATED SERVICES LLC (373 trucks) | AMERICAN FURNITURE WAREHOUSE CO (340 trucks) | TERRACARE ASSOCIATES LLC (156 trucks) | IHC SCOTT INC (214 trucks) | BUCKLEY POWDER CO (217 trucks) | CH2M OMI CH2MHILL JACOBS (183 trucks) | ORICA USA INC (215 trucks) | CHERRY CREEK SCHOOLS (352 trucks) | HBSCO DANS TRASH AT YOUR DISPOSAL (110 trucks) | ENTERPRISE RENT-A-CAR NATIONAL RENT A CAR ALAMO RENT A CAR (421 trucks),127000,13545,10769344.06,"$495,000.00"
Sol_039,NWQ Highway 119 and I-25,https://www.loopnet.com/Listing/NWQ-Highway-119-and-I-25-Firestone-CO/31431092/,"Firestone, CO 80504",1.28,949000.0,40.160746988915,-104.978709958949,3529.55,5000,M,70.59%,606,WARD ELECTRIC COMPANY INC (222 trucks) | HEAT WAVES HOT OIL SERVICE LLC (201 trucks) | SUPREME TRANSPORT INC (183 trucks),127000,13545,10769344.06,"$949,000.00"
Sol_039,13987 Foster ct,https://www.loopnet.com/Listing/13987-Foster-ct-Longmont-CO/34579366/,"Longmont, CO 80504",1.42,1370019.92,40.140476603851,-105.119700024426,1399.2,2000,S,69.96%,385,CITY OF LONGMONT (211 trucks) | ST VRAIN VALLEY SCHOOL DISTRICT (174 trucks),127000,13545,10769344.06,"$1,370,019.92"
Sol_039,765 Aspen Ridge Drive Dr,https://www.loopnet.com/Listing/765-Aspen-Ridge-Drive-Dr-Lafayette-CO/32931931/,"Lafayette, CO 80026",1.43,556000.0,40.006898203868,-105.107210150504,4585.06,5000,M,91.70%,619,BOULDER VALLEY SCHOOL DISTRICT RE-2 (134 trucks) | VIA MOBILITY SERVICES (196 trucks) | VIA MOBILITY SERVICES (116 trucks) | CU (173 trucks),127000,13545,10769344.06,"$556,000.00"
Sol_039,E Harmony & Lady Moon Dr,https://www.loopnet.com/Listing/E-Harmony-Lady-Moon-Dr-Fort-Collins-CO/11217719/,"Fort Collins, CO 80528",2.2,1054007.0,40.523221679275,-105.010799488523,5618.16,10000,L,56.18%,972,NOVUS AG LLC (444 trucks) | CITY OF FORT COLLINS (285 trucks) | Poudre School District  (243 trucks),127000,13545,10769344.06,"$1,054,007.00"
Sol_040,2544 11th Ave,https://www.loopnet.com/Listing/2544-11th-Ave-Greeley-CO/35100267/,"Greeley, CO 80631",0.15,350000.0,40.395690645275,-104.69657283495,336.5,1000,XS,33.65%,145,WELD COUNTY PUBLIC WORKS DEPARTMENT (145 trucks),127000,13545,10769344.06,"$350,000.00"
Sol_040,831 N Clarkson St,https://www.loopnet.com/Listing/831-N-Clarkson-St-Denver-CO/38142797/,"Denver, CO 80218",0.18,899000.0,39.729919009716,-104.977904960968,4580.9400000000005,5000,M,91.62%,521,FARMERS ALL NATURAL (121 trucks) | CO TRAN LLC (275 trucks) | SUPERSHUTTLE DENVER (125 trucks),127000,13545,10769344.06,"$899,000.00"
Sol_040,422 Perry St,https://www.loopnet.com/Listing/422-Perry-St-Castle-Rock-CO/38421711/,"Castle Rock, CO 80104",0.24,605821.24,39.374148794158,-104.858322527659,2577.81,5000,M,51.56%,389,GREAT SOUTHWESTERN CONSTRUCTION INC (280 trucks) | TOWN OF CASTLE ROCK  (109 trucks),127000,13545,10769344.06,"$605,821.24"
Sol_040,239 S Main St,https://www.loopnet.com/Listing/239-S-Main-St-Brighton-CO/27424620/,"Brighton, CO 80601",0.31,250000.0,39.982905257485,-104.822555605705,1694.9,2000,S,84.75%,267,G&Z TRANSPORT LLC (147 trucks) | SIM TRUCKING INC (120 trucks),127000,13545,10769344.06,"$250,000.00"
Sol_040,20th & Blake St,https://www.loopnet.com/Listing/20th-Blake-St-Land-Denver-CO/26158810/,"Denver, CO 80205",0.32,1320000.0,39.754299409573,-104.994304825083,9307.460000000001,10000,L,93.07%,1347,RES (149 trucks) | MPLX G&P (144 trucks) | CONCRETE EXPRESS INC (128 trucks) | COORS DISTRIBUTING COMPANY MILLER COORS LLC (105 trucks) | U S TRANSPORT INC (200 trucks) | WASTE CONNECTIONS OF COLORADO INC (486 trucks) | SURESHOT DRILLING LLC ATOZ FIELD SERVICES LLC DRILL TECH LLC PINNACLE DEVELOPMENT INC HDD SPECIALISTS LLC (135 trucks),127000,13545,10769344.06,"$1,320,000.00"
Sol_040,1560 N Academy Blvd,https://www.loopnet.com/Listing/1560-N-Academy-Blvd-Colorado-Springs-CO/3886433/,"Colorado Springs, CO 80909",0.64,416700.0,38.854776988204,-104.75774002483,5689.619999999999,10000,L,56.90%,1031,COLORADO SPRINGS SCHOOL DISTRICT 11 (130 trucks) | MOUNTAIN METROPOLITAN TRANSIT (144 trucks) | CITY OF COLORADO SPRINGS (326 trucks) | El PASO COUNTY (112 trucks) | GOODWILL OF COLORADO (134 trucks) | VECTRUS SYSTEMS CORPORATION (185 trucks),127000,13545,10769344.06,"$416,700.00"
Sol_040,4237 McWhinney Blvd,https://www.loopnet.com/Listing/4237-McWhinney-Blvd-Loveland-CO/23974785/,"Loveland, CO 80538",0.65,871347.9,40.408208389025,-105.017378025231,252.96,1000,XS,25.30%,109,LOVELAND MUNICIPALITY (109 trucks),127000,13545,10769344.06,"$871,347.90"
Sol_040,7300 W Jefferson Ave,https://www.loopnet.com/Listing/7300-W-Jefferson-Ave-Lakewood-CO/38419312/,"Lakewood, CO 80235",0.66,379999.0,39.649773884125,-105.079540805378,10536.92,20000,XL,52.68%,1415,QUALITY LOGISTICS INC (135 trucks) | KEESEN ENTERPRISES INC (263 trucks) | PROCAM SERVICES  (101 trucks) | JEFFCO SCHOOLS (274 trucks) | JEFFERSON COUNTY (120 trucks) | HOLCIM WCR INC (298 trucks) | PACIFIC SHIPPING & TRUCKING CO INC (109 trucks) | ENIVIRONMENTAL LANDWORKS COMPANY INC (115 trucks),127000,13545,10769344.06,"$379,999.00"
Sol_040,9190 W 84th Ave,https://www.loopnet.com/Listing/9190-W-84th-Ave-Arvada-CO/38160305/,"Arvada, CO 80005",0.67,499000.0,39.849854027782,-105.100317795342,6920.830000000001,10000,L,69.21%,1365,ALPINE MILLWORK COMPANY DBA ROCKY MOUNTAIN RELOAD (141 trucks) | CITY OF ARVADA (100 trucks) | GEOSTABILIZATION INTERNATIONAL LLC (155 trucks) | COLD FRONT (121 trucks) | SITEWISE LLC (145 trucks) | CITY OF THORNTON (208 trucks) | CITY OF THORNTON (174 trucks) | TRI-STATE GENERATION & TRANSMISSION ASSOCIATION INC (321 trucks),127000,13545,10769344.06,"$499,000.00"
Sol_040,10431 Quari St,https://www.loopnet.com/Listing/10431-Quari-St-Commerce-City-CO/29119294/,"Commerce City, CO 80022",0.72,270000.0,39.886267655476,-104.844980046547,12742.7,20000,XL,63.71%,1662,ENVIRONMENTAL DESIGNS LLC (156 trucks) | BALIC TRANSPORT INC (120 trucks) | BURNCO COLORADO LLC (146 trucks) | WEST DIRECT OIL (140 trucks) | OFFEN PETROLEUM LLC (269 trucks) | ADAMS 12 FIVE STAR SCHOOLS (182 trucks) | WAGNER EQUIPMENT CO (423 trucks) | METCO LANDSCAPING INC (226 trucks),127000,13545,10769344.06,"$270,000.00"
Sol_040,NEC N Fairgrounds Ave,https://www.loopnet.com/Listing/NEC-N-Fairgrounds-Ave-Windsor-CO/29890025/,"Windsor, CO 80528",0.74,483449.0,40.437732372143,-104.982630626628,304.01,1000,XS,30.40%,131,LARIMER COUNTY (131 trucks),127000,13545,10769344.06,"$483,449.00"
Sol_040,11958 Lincoln Ave,https://www.loopnet.com/Listing/Lincoln-Ave-Parker-CO/39741118/,"Parker, CO 80138",0.86,495000.0,39.536519536914,-104.76116705724,18264.289999999997,20000,XL,91.32%,2581,ACCELERATED SERVICES LLC (373 trucks) | AMERICAN FURNITURE WAREHOUSE CO (340 trucks) | TERRACARE ASSOCIATES LLC (156 trucks) | IHC SCOTT INC (214 trucks) | BUCKLEY POWDER CO (217 trucks) | CH2M OMI CH2MHILL JACOBS (183 trucks) | ORICA USA INC (215 trucks) | CHERRY CREEK SCHOOLS (352 trucks) | HBSCO DANS TRASH AT YOUR DISPOSAL (110 trucks) | ENTERPRISE RENT-A-CAR NATIONAL RENT A CAR ALAMO RENT A CAR (421 trucks),127000,13545,10769344.06,"$495,000.00"
Sol_040,NWQ Highway 119 and I-25,https://www.loopnet.com/Listing/NWQ-Highway-119-and-I-25-Firestone-CO/31431092/,"Firestone, CO 80504",1.28,949000.0,40.160746988915,-104.978709958949,3529.55,5000,M,70.59%,606,WARD ELECTRIC COMPANY INC (222 trucks) | HEAT WAVES HOT OIL SERVICE LLC (201 trucks) | SUPREME TRANSPORT INC (183 trucks),127000,13545,10769344.06,"$949,000.00"
Sol_040,13987 Foster ct,https://www.loopnet.com/Listing/13987-Foster-ct-Longmont-CO/34579366/,"Longmont, CO 80504",1.42,1370019.92,40.140476603851,-105.119700024426,1399.2,2000,S,69.96%,385,CITY OF LONGMONT (211 trucks) | ST VRAIN VALLEY SCHOOL DISTRICT (174 trucks),127000,13545,10769344.06,"$1,370,019.92"
Sol_040,765 Aspen Ridge Drive Dr,https://www.loopnet.com/Listing/765-Aspen-Ridge-Drive-Dr-Lafayette-CO/32931931/,"Lafayette, CO 80026",1.43,556000.0,40.006898203868,-105.107210150504,4585.06,5000,M,91.70%,619,BOULDER VALLEY SCHOOL DISTRICT RE-2 (134 trucks) | VIA MOBILITY SERVICES (196 trucks) | VIA MOBILITY SERVICES (116 trucks) | CU (173 trucks),127000,13545,10769344.06,"$556,000.00"
Sol_040,E Harmony & Lady Moon Dr,https://www.loopnet.com/Listing/E-Harmony-Lady-Moon-Dr-Fort-Collins-CO/11217719/,"Fort Collins, CO 80528",2.2,1054007.0,40.523221679275,-105.010799488523,5618.16,10000,L,56.18%,972,NOVUS AG LLC (444 trucks) | CITY OF FORT COLLINS (285 trucks) | Poudre School District  (243 trucks),127000,13545,10769344.06,"$1,054,007.00"
Sol_041,2544 11th Ave,https://www.loopnet.com/Listing/2544-11th-Ave-Greeley-CO/35100267/,"Greeley, CO 80631",0.15,350000.0,40.395690645275,-104.69657283495,336.5,1000,XS,33.65%,145,WELD COUNTY PUBLIC WORKS DEPARTMENT (145 trucks),135000,14748,11174344.06,"$350,000.00"
Sol_041,831 N Clarkson St,https://www.loopnet.com/Listing/831-N-Clarkson-St-Denver-CO/38142797/,"Denver, CO 80218",0.18,899000.0,39.729919009716,-104.977904960968,4580.9400000000005,5000,M,91.62%,521,FARMERS ALL NATURAL (121 trucks) | CO TRAN LLC (275 trucks) | SUPERSHUTTLE DENVER (125 trucks),135000,14748,11174344.06,"$899,000.00"
Sol_041,422 Perry St,https://www.loopnet.com/Listing/422-Perry-St-Castle-Rock-CO/38421711/,"Castle Rock, CO 80104",0.24,605821.24,39.374148794158,-104.858322527659,2577.81,5000,M,51.56%,389,GREAT SOUTHWESTERN CONSTRUCTION INC (280 trucks) | TOWN OF CASTLE ROCK  (109 trucks),135000,14748,11174344.06,"$605,821.24"
Sol_041,239 S Main St,https://www.loopnet.com/Listing/239-S-Main-St-Brighton-CO/27424620/,"Brighton, CO 80601",0.31,250000.0,39.982905257485,-104.822555605705,5864.05,10000,L,58.64%,829,G&Z TRANSPORT LLC (147 trucks) | SIM TRUCKING INC (120 trucks) | ENVIRONMENTAL DESIGNS LLC (156 trucks) | BALIC TRANSPORT INC (120 trucks) | BURNCO COLORADO LLC (146 trucks) | WEST DIRECT OIL (140 trucks),135000,14748,11174344.06,"$250,000.00"
Sol_041,20th & Blake St,https://www.loopnet.com/Listing/20th-Blake-St-Land-Denver-CO/26158810/,"Denver, CO 80205",0.32,1320000.0,39.754299409573,-104.994304825083,9307.460000000001,10000,L,93.07%,1347,RES (149 trucks) | MPLX G&P (144 trucks) | CONCRETE EXPRESS INC (128 trucks) | COORS DISTRIBUTING COMPANY MILLER COORS LLC (105 trucks) | U S TRANSPORT INC (200 trucks) | WASTE CONNECTIONS OF COLORADO INC (486 trucks) | SURESHOT DRILLING LLC ATOZ FIELD SERVICES LLC DRILL TECH LLC PINNACLE DEVELOPMENT INC HDD SPECIALISTS LLC (135 trucks),135000,14748,11174344.06,"$1,320,000.00"
Sol_041,1560 N Academy Blvd,https://www.loopnet.com/Listing/1560-N-Academy-Blvd-Colorado-Springs-CO/3886433/,"Colorado Springs, CO 80909",0.64,416700.0,38.854776988204,-104.75774002483,5689.619999999999,10000,L,56.90%,1031,COLORADO SPRINGS SCHOOL DISTRICT 11 (130 trucks) | MOUNTAIN METROPOLITAN TRANSIT (144 trucks) | CITY OF COLORADO SPRINGS (326 trucks) | El PASO COUNTY (112 trucks) | GOODWILL OF COLORADO (134 trucks) | VECTRUS SYSTEMS CORPORATION (185 trucks),135000,14748,11174344.06,"$416,700.00"
Sol_041,3401 S Yosemite St,https://www.loopnet.com/Listing/3401-S-Yosemite-St-Denver-CO/39837277/,"Denver, CO 80231",0.64,675000.0,39.654049416843,-104.88550562639,19524.48,20000,XL,97.62%,2867,COMCAST (194 trucks) | SWINGLE TREE & LANDSCAPE CARE (135 trucks) | CITY LIGHT AND POWER INC (121 trucks) | WHEEL PROS LLC (182 trucks) | GLOBAL TRANSPORTATION LLC (442 trucks) | HBSCO DANS TRASH AT YOUR DISPOSAL (110 trucks) | CITY OF AURORA (271 trucks) | ORICA USA INC (215 trucks) | ENTERPRISE RENT-A-CAR NATIONAL RENT A CAR ALAMO RENT A CAR (421 trucks) | AURORA PUBLIC SCHOOLS (127 trucks) | METCO LANDSCAPING INC (226 trucks) | WAGNER EQUIPMENT CO (423 trucks),135000,14748,11174344.06,"$675,000.00"
Sol_041,4237 McWhinney Blvd,https://www.loopnet.com/Listing/4237-McWhinney-Blvd-Loveland-CO/23974785/,"Loveland, CO 80538",0.65,871347.9,40.408208389025,-105.017378025231,252.96,1000,XS,25.30%,109,LOVELAND MUNICIPALITY (109 trucks),135000,14748,11174344.06,"$871,347.90"
Sol_041,7300 W Jefferson Ave,https://www.loopnet.com/Listing/7300-W-Jefferson-Ave-Lakewood-CO/38419312/,"Lakewood, CO 80235",0.66,379999.0,39.649773884125,-105.079540805378,10536.92,20000,XL,52.68%,1415,QUALITY LOGISTICS INC (135 trucks) | KEESEN ENTERPRISES INC (263 trucks) | PROCAM SERVICES  (101 trucks) | JEFFCO SCHOOLS (274 trucks) | JEFFERSON COUNTY (120 trucks) | HOLCIM WCR INC (298 trucks) | PACIFIC SHIPPING & TRUCKING CO INC (109 trucks) | ENIVIRONMENTAL LANDWORKS COMPANY INC (115 trucks),135000,14748,11174344.06,"$379,999.00"
Sol_041,9190 W 84th Ave,https://www.loopnet.com/Listing/9190-W-84th-Ave-Arvada-CO/38160305/,"Arvada, CO 80005",0.67,499000.0,39.849854027782,-105.100317795342,7872.180000000001,10000,L,78.72%,1547,ALPINE MILLWORK COMPANY DBA ROCKY MOUNTAIN RELOAD (141 trucks) | CITY OF ARVADA (100 trucks) | GEOSTABILIZATION INTERNATIONAL LLC (155 trucks) | COLD FRONT (121 trucks) | SITEWISE LLC (145 trucks) | CITY OF THORNTON (208 trucks) | CITY OF THORNTON (174 trucks) | TRI-STATE GENERATION & TRANSMISSION ASSOCIATION INC (321 trucks) | ADAMS 12 FIVE STAR SCHOOLS (182 trucks),135000,14748,11174344.06,"$499,000.00"
Sol_041,NEC N Fairgrounds Ave,https://www.loopnet.com/Listing/NEC-N-Fairgrounds-Ave-Windsor-CO/29890025/,"Windsor, CO 80528",0.74,483449.0,40.437732372143,-104.982630626628,304.01,1000,XS,30.40%,131,LARIMER COUNTY (131 trucks),135000,14748,11174344.06,"$483,449.00"
Sol_041,11958 Lincoln Ave,https://www.loopnet.com/Listing/Lincoln-Ave-Parker-CO/39741118/,"Parker, CO 80138",0.86,495000.0,39.536519536914,-104.76116705724,13220.13,20000,XL,66.10%,1835,ACCELERATED SERVICES LLC (373 trucks) | AMERICAN FURNITURE WAREHOUSE CO (340 trucks) | TERRACARE ASSOCIATES LLC (156 trucks) | IHC SCOTT INC (214 trucks) | BUCKLEY POWDER CO (217 trucks) | CH2M OMI CH2MHILL JACOBS (183 trucks) | CHERRY CREEK SCHOOLS (352 trucks),135000,14748,11174344.06,"$495,000.00"
Sol_041,NWQ Highway 119 and I-25,https://www.loopnet.com/Listing/NWQ-Highway-119-and-I-25-Firestone-CO/31431092/,"Firestone, CO 80504",1.28,949000.0,40.160746988915,-104.978709958949,3529.55,5000,M,70.59%,606,WARD ELECTRIC COMPANY INC (222 trucks) | HEAT WAVES HOT OIL SERVICE LLC (201 trucks) | SUPREME TRANSPORT INC (183 trucks),135000,14748,11174344.06,"$949,000.00"
Sol_041,13987 Foster ct,https://www.loopnet.com/Listing/13987-Foster-ct-Longmont-CO/34579366/,"Longmont, CO 80504",1.42,1370019.92,40.140476603851,-105.119700024426,1399.2,2000,S,69.96%,385,CITY OF LONGMONT (211 trucks) | ST VRAIN VALLEY SCHOOL DISTRICT (174 trucks),135000,14748,11174344.06,"$1,370,019.92"
Sol_041,765 Aspen Ridge Drive Dr,https://www.loopnet.com/Listing/765-Aspen-Ridge-Drive-Dr-Lafayette-CO/32931931/,"Lafayette, CO 80026",1.43,556000.0,40.006898203868,-105.107210150504,4585.06,5000,M,91.70%,619,BOULDER VALLEY SCHOOL DISTRICT RE-2 (134 trucks) | VIA MOBILITY SERVICES (196 trucks) | VIA MOBILITY SERVICES (116 trucks) | CU (173 trucks),135000,14748,11174344.06,"$556,000.00"
Sol_041,E Harmony & Lady Moon Dr,https://www.loopnet.com/Listing/E-Harmony-Lady-Moon-Dr-Fort-Collins-CO/11217719/,"Fort Collins, CO 80528",2.2,1054007.0,40.523221679275,-105.010799488523,5618.16,10000,L,56.18%,972,NOVUS AG LLC (444 trucks) | CITY OF FORT COLLINS (285 trucks) | Poudre School District  (243 trucks),135000,14748,11174344.06,"$1,054,007.00"
Sol_042,2544 11th Ave,https://www.loopnet.com/Listing/2544-11th-Ave-Greeley-CO/35100267/,"Greeley, CO 80631",0.15,350000.0,40.395690645275,-104.69657283495,336.5,1000,XS,33.65%,145,WELD COUNTY PUBLIC WORKS DEPARTMENT (145 trucks),115000,12627,10499344.06,"$350,000.00"
Sol_042,831 N Clarkson St,https://www.loopnet.com/Listing/831-N-Clarkson-St-Denver-CO/38142797/,"Denver, CO 80218",0.18,899000.0,39.729919009716,-104.977904960968,4580.9400000000005,5000,M,91.62%,521,FARMERS ALL NATURAL (121 trucks) | CO TRAN LLC (275 trucks) | SUPERSHUTTLE DENVER (125 trucks),115000,12627,10499344.06,"$899,000.00"
Sol_042,422 Perry St,https://www.loopnet.com/Listing/422-Perry-St-Castle-Rock-CO/38421711/,"Castle Rock, CO 80104",0.24,605821.24,39.374148794158,-104.858322527659,2577.81,5000,M,51.56%,389,GREAT SOUTHWESTERN CONSTRUCTION INC (280 trucks) | TOWN OF CASTLE ROCK  (109 trucks),115000,12627,10499344.06,"$605,821.24"
Sol_042,239 S Main St,https://www.loopnet.com/Listing/239-S-Main-St-Brighton-CO/27424620/,"Brighton, CO 80601",0.31,250000.0,39.982905257485,-104.822555605705,5864.05,10000,L,58.64%,829,G&Z TRANSPORT LLC (147 trucks) | SIM TRUCKING INC (120 trucks) | ENVIRONMENTAL DESIGNS LLC (156 trucks) | BALIC TRANSPORT INC (120 trucks) | BURNCO COLORADO LLC (146 trucks) | WEST DIRECT OIL (140 trucks),115000,12627,10499344.06,"$250,000.00"
Sol_042,20th & Blake St,https://www.loopnet.com/Listing/20th-Blake-St-Land-Denver-CO/26158810/,"Denver, CO 80205",0.32,1320000.0,39.754299409573,-104.994304825083,9307.460000000001,10000,L,93.07%,1347,RES (149 trucks) | MPLX G&P (144 trucks) | CONCRETE EXPRESS INC (128 trucks) | COORS DISTRIBUTING COMPANY MILLER COORS LLC (105 trucks) | U S TRANSPORT INC (200 trucks) | WASTE CONNECTIONS OF COLORADO INC (486 trucks) | SURESHOT DRILLING LLC ATOZ FIELD SERVICES LLC DRILL TECH LLC PINNACLE DEVELOPMENT INC HDD SPECIALISTS LLC (135 trucks),115000,12627,10499344.06,"$1,320,000.00"
Sol_042,1560 N Academy Blvd,https://www.loopnet.com/Listing/1560-N-Academy-Blvd-Colorado-Springs-CO/3886433/,"Colorado Springs, CO 80909",0.64,416700.0,38.854776988204,-104.75774002483,5689.619999999999,10000,L,56.90%,1031,COLORADO SPRINGS SCHOOL DISTRICT 11 (130 trucks) | MOUNTAIN METROPOLITAN TRANSIT (144 trucks) | CITY OF COLORADO SPRINGS (326 trucks) | El PASO COUNTY (112 trucks) | GOODWILL OF COLORADO (134 trucks) | VECTRUS SYSTEMS CORPORATION (185 trucks),115000,12627,10499344.06,"$416,700.00"
Sol_042,4237 McWhinney Blvd,https://www.loopnet.com/Listing/4237-McWhinney-Blvd-Loveland-CO/23974785/,"Loveland, CO 80538",0.65,871347.9,40.408208389025,-105.017378025231,252.96,1000,XS,25.30%,109,LOVELAND MUNICIPALITY (109 trucks),115000,12627,10499344.06,"$871,347.90"
Sol_042,7300 W Jefferson Ave,https://www.loopnet.com/Listing/7300-W-Jefferson-Ave-Lakewood-CO/38419312/,"Lakewood, CO 80235",0.66,379999.0,39.649773884125,-105.079540805378,10536.92,20000,XL,52.68%,1415,QUALITY LOGISTICS INC (135 trucks) | KEESEN ENTERPRISES INC (263 trucks) | PROCAM SERVICES  (101 trucks) | JEFFCO SCHOOLS (274 trucks) | JEFFERSON COUNTY (120 trucks) | HOLCIM WCR INC (298 trucks) | PACIFIC SHIPPING & TRUCKING CO INC (109 trucks) | ENIVIRONMENTAL LANDWORKS COMPANY INC (115 trucks),115000,12627,10499344.06,"$379,999.00"
Sol_042,9190 W 84th Ave,https://www.loopnet.com/Listing/9190-W-84th-Ave-Arvada-CO/38160305/,"Arvada, CO 80005",0.67,499000.0,39.849854027782,-105.100317795342,7872.180000000001,10000,L,78.72%,1547,ALPINE MILLWORK COMPANY DBA ROCKY MOUNTAIN RELOAD (141 trucks) | CITY OF ARVADA (100 trucks) | GEOSTABILIZATION INTERNATIONAL LLC (155 trucks) | COLD FRONT (121 trucks) | SITEWISE LLC (145 trucks) | CITY OF THORNTON (208 trucks) | CITY OF THORNTON (174 trucks) | TRI-STATE GENERATION & TRANSMISSION ASSOCIATION INC (321 trucks) | ADAMS 12 FIVE STAR SCHOOLS (182 trucks),115000,12627,10499344.06,"$499,000.00"
Sol_042,NEC N Fairgrounds Ave,https://www.loopnet.com/Listing/NEC-N-Fairgrounds-Ave-Windsor-CO/29890025/,"Windsor, CO 80528",0.74,483449.0,40.437732372143,-104.982630626628,304.01,1000,XS,30.40%,131,LARIMER COUNTY (131 trucks),115000,12627,10499344.06,"$483,449.00"
Sol_042,11958 Lincoln Ave,https://www.loopnet.com/Listing/Lincoln-Ave-Parker-CO/39741118/,"Parker, CO 80138",0.86,495000.0,39.536519536914,-104.76116705724,18264.289999999997,20000,XL,91.32%,2581,ACCELERATED SERVICES LLC (373 trucks) | AMERICAN FURNITURE WAREHOUSE CO (340 trucks) | TERRACARE ASSOCIATES LLC (156 trucks) | IHC SCOTT INC (214 trucks) | BUCKLEY POWDER CO (217 trucks) | CH2M OMI CH2MHILL JACOBS (183 trucks) | ORICA USA INC (215 trucks) | CHERRY CREEK SCHOOLS (352 trucks) | HBSCO DANS TRASH AT YOUR DISPOSAL (110 trucks) | ENTERPRISE RENT-A-CAR NATIONAL RENT A CAR ALAMO RENT A CAR (421 trucks),115000,12627,10499344.06,"$495,000.00"
Sol_042,NWQ Highway 119 and I-25,https://www.loopnet.com/Listing/NWQ-Highway-119-and-I-25-Firestone-CO/31431092/,"Firestone, CO 80504",1.28,949000.0,40.160746988915,-104.978709958949,3529.55,5000,M,70.59%,606,WARD ELECTRIC COMPANY INC (222 trucks) | HEAT WAVES HOT OIL SERVICE LLC (201 trucks) | SUPREME TRANSPORT INC (183 trucks),115000,12627,10499344.06,"$949,000.00"
Sol_042,13987 Foster ct,https://www.loopnet.com/Listing/13987-Foster-ct-Longmont-CO/34579366/,"Longmont, CO 80504",1.42,1370019.92,40.140476603851,-105.119700024426,1399.2,2000,S,69.96%,385,CITY OF LONGMONT (211 trucks) | ST VRAIN VALLEY SCHOOL DISTRICT (174 trucks),115000,12627,10499344.06,"$1,370,019.92"
Sol_042,765 Aspen Ridge Drive Dr,https://www.loopnet.com/Listing/765-Aspen-Ridge-Drive-Dr-Lafayette-CO/32931931/,"Lafayette, CO 80026",1.43,556000.0,40.006898203868,-105.107210150504,4585.06,5000,M,91.70%,619,BOULDER VALLEY SCHOOL DISTRICT RE-2 (134 trucks) | VIA MOBILITY SERVICES (196 trucks) | VIA MOBILITY SERVICES (116 trucks) | CU (173 trucks),115000,12627,10499344.06,"$556,000.00"
Sol_042,E Harmony & Lady Moon Dr,https://www.loopnet.com/Listing/E-Harmony-Lady-Moon-Dr-Fort-Collins-CO/11217719/,"Fort Collins, CO 80528",2.2,1054007.0,40.523221679275,-105.010799488523,5618.16,10000,L,56.18%,972,NOVUS AG LLC (444 trucks) | CITY OF FORT COLLINS (285 trucks) | Poudre School District  (243 trucks),115000,12627,10499344.06,"$1,054,007.00"
Sol_043,2544 11th Ave,https://www.loopnet.com/Listing/2544-11th-Ave-Greeley-CO/35100267/,"Greeley, CO 80631",0.15,350000.0,40.395690645275,-104.69657283495,336.5,1000,XS,33.65%,145,WELD COUNTY PUBLIC WORKS DEPARTMENT (145 trucks),157000,17052,13796853.06,"$350,000.00"
Sol_043,831 N Clarkson St,https://www.loopnet.com/Listing/831-N-Clarkson-St-Denver-CO/38142797/,"Denver, CO 80218",0.18,899000.0,39.729919009716,-104.977904960968,3413.46,5000,M,68.27%,396,FARMERS ALL NATURAL (121 trucks) | CO TRAN LLC (275 trucks),157000,17052,13796853.06,"$899,000.00"
Sol_043,422 Perry St,https://www.loopnet.com/Listing/422-Perry-St-Castle-Rock-CO/38421711/,"Castle Rock, CO 80104",0.24,605821.24,39.374148794158,-104.858322527659,2577.81,5000,M,51.56%,389,GREAT SOUTHWESTERN CONSTRUCTION INC (280 trucks) | TOWN OF CASTLE ROCK  (109 trucks),157000,17052,13796853.06,"$605,821.24"
Sol_043,239 S Main St,https://www.loopnet.com/Listing/239-S-Main-St-Brighton-CO/27424620/,"Brighton, CO 80601",0.31,250000.0,39.982905257485,-104.822555605705,5864.05,10000,L,58.64%,829,G&Z TRANSPORT LLC (147 trucks) | SIM TRUCKING INC (120 trucks) | ENVIRONMENTAL DESIGNS LLC (156 trucks) | BALIC TRANSPORT INC (120 trucks) | BURNCO COLORADO LLC (146 trucks) | WEST DIRECT OIL (140 trucks),157000,17052,13796853.06,"$250,000.00"
Sol_043,20th & Blake St,https://www.loopnet.com/Listing/20th-Blake-St-Land-Denver-CO/26158810/,"Denver, CO 80205",0.32,1320000.0,39.754299409573,-104.994304825083,7770.22,10000,L,77.70%,1005,RES (149 trucks) | MPLX G&P (144 trucks) | CONCRETE EXPRESS INC (128 trucks) | COORS DISTRIBUTING COMPANY MILLER COORS LLC (105 trucks) | NAVAJO EXPRESS INC (309 trucks) | COMPASS VEHICLE RENTAL INC (170 trucks),157000,17052,13796853.06,"$1,320,000.00"
Sol_043,1560 N Academy Blvd,https://www.loopnet.com/Listing/1560-N-Academy-Blvd-Colorado-Springs-CO/3886433/,"Colorado Springs, CO 80909",0.64,416700.0,38.854776988204,-104.75774002483,5689.619999999999,10000,L,56.90%,1031,COLORADO SPRINGS SCHOOL DISTRICT 11 (130 trucks) | MOUNTAIN METROPOLITAN TRANSIT (144 trucks) | CITY OF COLORADO SPRINGS (326 trucks) | El PASO COUNTY (112 trucks) | GOODWILL OF COLORADO (134 trucks) | VECTRUS SYSTEMS CORPORATION (185 trucks),157000,17052,13796853.06,"$416,700.00"
Sol_043,3401 S Yosemite St,https://www.loopnet.com/Listing/3401-S-Yosemite-St-Denver-CO/39837277/,"Denver, CO 80231",0.64,675000.0,39.654049416843,-104.88550562639,19524.48,20000,XL,97.62%,2867,COMCAST (194 trucks) | SWINGLE TREE & LANDSCAPE CARE (135 trucks) | CITY LIGHT AND POWER INC (121 trucks) | WHEEL PROS LLC (182 trucks) | GLOBAL TRANSPORTATION LLC (442 trucks) | HBSCO DANS TRASH AT YOUR DISPOSAL (110 trucks) | CITY OF AURORA (271 trucks) | ORICA USA INC (215 trucks) | ENTERPRISE RENT-A-CAR NATIONAL RENT A CAR ALAMO RENT A CAR (421 trucks) | AURORA PUBLIC SCHOOLS (127 trucks) | METCO LANDSCAPING INC (226 trucks) | WAGNER EQUIPMENT CO (423 trucks),157000,17052,13796853.06,"$675,000.00"
Sol_043,4237 McWhinney Blvd,https://www.loopnet.com/Listing/4237-McWhinney-Blvd-Loveland-CO/23974785/,"Loveland, CO 80538",0.65,871347.9,40.408208389025,-105.017378025231,252.96,1000,XS,25.30%,109,LOVELAND MUNICIPALITY (109 trucks),157000,17052,13796853.06,"$871,347.90"
Sol_043,7300 W Jefferson Ave,https://www.loopnet.com/Listing/7300-W-Jefferson-Ave-Lakewood-CO/38419312/,"Lakewood, CO 80235",0.66,379999.0,39.649773884125,-105.079540805378,10536.92,20000,XL,52.68%,1415,QUALITY LOGISTICS INC (135 trucks) | KEESEN ENTERPRISES INC (263 trucks) | PROCAM SERVICES  (101 trucks) | JEFFCO SCHOOLS (274 trucks) | JEFFERSON COUNTY (120 trucks) | HOLCIM WCR INC (298 trucks) | PACIFIC SHIPPING & TRUCKING CO INC (109 trucks) | ENIVIRONMENTAL LANDWORKS COMPANY INC (115 trucks),157000,17052,13796853.06,"$379,999.00"
Sol_043,9190 W 84th Ave,https://www.loopnet.com/Listing/9190-W-84th-Ave-Arvada-CO/38160305/,"Arvada, CO 80005",0.67,499000.0,39.849854027782,-105.100317795342,7872.180000000001,10000,L,78.72%,1547,ALPINE MILLWORK COMPANY DBA ROCKY MOUNTAIN RELOAD (141 trucks) | CITY OF ARVADA (100 trucks) | GEOSTABILIZATION INTERNATIONAL LLC (155 trucks) | COLD FRONT (121 trucks) | SITEWISE LLC (145 trucks) | CITY OF THORNTON (208 trucks) | CITY OF THORNTON (174 trucks) | TRI-STATE GENERATION & TRANSMISSION ASSOCIATION INC (321 trucks) | ADAMS 12 FIVE STAR SCHOOLS (182 trucks),157000,17052,13796853.06,"$499,000.00"
Sol_043,NEC N Fairgrounds Ave,https://www.loopnet.com/Listing/NEC-N-Fairgrounds-Ave-Windsor-CO/29890025/,"Windsor, CO 80528",0.74,483449.0,40.437732372143,-104.982630626628,304.01,1000,XS,30.40%,131,LARIMER COUNTY (131 trucks),157000,17052,13796853.06,"$483,449.00"
Sol_043,11958 Lincoln Ave,https://www.loopnet.com/Listing/Lincoln-Ave-Parker-CO/39741118/,"Parker, CO 80138",0.86,495000.0,39.536519536914,-104.76116705724,13220.13,20000,XL,66.10%,1835,ACCELERATED SERVICES LLC (373 trucks) | AMERICAN FURNITURE WAREHOUSE CO (340 trucks) | TERRACARE ASSOCIATES LLC (156 trucks) | IHC SCOTT INC (214 trucks) | BUCKLEY POWDER CO (217 trucks) | CH2M OMI CH2MHILL JACOBS (183 trucks) | CHERRY CREEK SCHOOLS (352 trucks),157000,17052,13796853.06,"$495,000.00"
Sol_043,2450 Curtis St,https://www.loopnet.com/Listing/2450-Curtis-St-Denver-CO/34878162/,"Denver, CO 80205",0.93,1930000.0,39.755035173034,-104.984190298703,19295.64,20000,XL,96.48%,2557,WASTE CONNECTIONS OF COLORADO INC (486 trucks) | U S TRANSPORT INC (200 trucks) | SURESHOT DRILLING LLC ATOZ FIELD SERVICES LLC DRILL TECH LLC PINNACLE DEVELOPMENT INC HDD SPECIALISTS LLC (135 trucks) | EAGLE ROCK DISTRIBUTING COMPANY OF COLORADO LLC (148 trucks) | RMS CRANES (139 trucks) | WESTERN DISTRIBUTING TRANSPORTATION CORP (155 trucks) | SUPERSHUTTLE DENVER (125 trucks) | UNITED SITE SERVICES OF NEVADA INC (409 trucks) | UNITED SITE SERVICES OF COLORADO INC (147 trucks) | READY MIX CONCRETE COMPANY (191 trucks) | COCAL LANDSCAPE SERVICES INC (153 trucks) | OFFEN PETROLEUM LLC (269 trucks),157000,17052,13796853.06,"$1,930,000.00"
Sol_043,104th Ave,https://www.loopnet.com/Listing/104th-Ave-Commerce-City-CO/24131525/,"Commerce City, CO 80022",1.06,692509.0,39.88539386175,-104.707921614396,1998.73,2000,S,99.94%,214,SHAMROCK FOODS COMPANY (214 trucks),157000,17052,13796853.06,"$692,509.00"
Sol_043,NWQ Highway 119 and I-25,https://www.loopnet.com/Listing/NWQ-Highway-119-and-I-25-Firestone-CO/31431092/,"Firestone, CO 80504",1.28,949000.0,40.160746988915,-104.978709958949,3529.55,5000,M,70.59%,606,WARD ELECTRIC COMPANY INC (222 trucks) | HEAT WAVES HOT OIL SERVICE LLC (201 trucks) | SUPREME TRANSPORT INC (183 trucks),157000,17052,13796853.06,"$949,000.00"
Sol_043,13987 Foster ct,https://www.loopnet.com/Listing/13987-Foster-ct-Longmont-CO/34579366/,"Longmont, CO 80504",1.42,1370019.92,40.140476603851,-105.119700024426,1399.2,2000,S,69.96%,385,CITY OF LONGMONT (211 trucks) | ST VRAIN VALLEY SCHOOL DISTRICT (174 trucks),157000,17052,13796853.06,"$1,370,019.92"
Sol_043,765 Aspen Ridge Drive Dr,https://www.loopnet.com/Listing/765-Aspen-Ridge-Drive-Dr-Lafayette-CO/32931931/,"Lafayette, CO 80026",1.43,556000.0,40.006898203868,-105.107210150504,4585.06,5000,M,91.70%,619,BOULDER VALLEY SCHOOL DISTRICT RE-2 (134 trucks) | VIA MOBILITY SERVICES (196 trucks) | VIA MOBILITY SERVICES (116 trucks) | CU (173 trucks),157000,17052,13796853.06,"$556,000.00"
Sol_043,E Harmony & Lady Moon Dr,https://www.loopnet.com/Listing/E-Harmony-Lady-Moon-Dr-Fort-Collins-CO/11217719/,"Fort Collins, CO 80528",2.2,1054007.0,40.523221679275,-105.010799488523,5618.16,10000,L,56.18%,972,NOVUS AG LLC (444 trucks) | CITY OF FORT COLLINS (285 trucks) | Poudre School District  (243 trucks),157000,17052,13796853.06,"$1,054,007.00"
Sol_044,2544 11th Ave,https://www.loopnet.com/Listing/2544-11th-Ave-Greeley-CO/35100267/,"Greeley, CO 80631",0.15,350000.0,40.395690645275,-104.69657283495,336.5,1000,XS,33.65%,145,WELD COUNTY PUBLIC WORKS DEPARTMENT (145 trucks),137000,15017,11444344.06,"$350,000.00"
Sol_044,831 N Clarkson St,https://www.loopnet.com/Listing/831-N-Clarkson-St-Denver-CO/38142797/,"Denver, CO 80218",0.18,899000.0,39.729919009716,-104.977904960968,4580.9400000000005,5000,M,91.62%,521,FARMERS ALL NATURAL (121 trucks) | CO TRAN LLC (275 trucks) | SUPERSHUTTLE DENVER (125 trucks),137000,15017,11444344.06,"$899,000.00"
Sol_044,422 Perry St,https://www.loopnet.com/Listing/422-Perry-St-Castle-Rock-CO/38421711/,"Castle Rock, CO 80104",0.24,605821.24,39.374148794158,-104.858322527659,2577.81,5000,M,51.56%,389,GREAT SOUTHWESTERN CONSTRUCTION INC (280 trucks) | TOWN OF CASTLE ROCK  (109 trucks),137000,15017,11444344.06,"$605,821.24"
Sol_044,239 S Main St,https://www.loopnet.com/Listing/239-S-Main-St-Brighton-CO/27424620/,"Brighton, CO 80601",0.31,250000.0,39.982905257485,-104.822555605705,1694.9,2000,S,84.75%,267,G&Z TRANSPORT LLC (147 trucks) | SIM TRUCKING INC (120 trucks),137000,15017,11444344.06,"$250,000.00"
Sol_044,20th & Blake St,https://www.loopnet.com/Listing/20th-Blake-St-Land-Denver-CO/26158810/,"Denver, CO 80205",0.32,1320000.0,39.754299409573,-104.994304825083,9307.460000000001,10000,L,93.07%,1347,RES (149 trucks) | MPLX G&P (144 trucks) | CONCRETE EXPRESS INC (128 trucks) | COORS DISTRIBUTING COMPANY MILLER COORS LLC (105 trucks) | U S TRANSPORT INC (200 trucks) | WASTE CONNECTIONS OF COLORADO INC (486 trucks) | SURESHOT DRILLING LLC ATOZ FIELD SERVICES LLC DRILL TECH LLC PINNACLE DEVELOPMENT INC HDD SPECIALISTS LLC (135 trucks),137000,15017,11444344.06,"$1,320,000.00"
Sol_044,1560 N Academy Blvd,https://www.loopnet.com/Listing/1560-N-Academy-Blvd-Colorado-Springs-CO/3886433/,"Colorado Springs, CO 80909",0.64,416700.0,38.854776988204,-104.75774002483,5689.619999999999,10000,L,56.90%,1031,COLORADO SPRINGS SCHOOL DISTRICT 11 (130 trucks) | MOUNTAIN METROPOLITAN TRANSIT (144 trucks) | CITY OF COLORADO SPRINGS (326 trucks) | El PASO COUNTY (112 trucks) | GOODWILL OF COLORADO (134 trucks) | VECTRUS SYSTEMS CORPORATION (185 trucks),137000,15017,11444344.06,"$416,700.00"
Sol_044,3401 S Yosemite St,https://www.loopnet.com/Listing/3401-S-Yosemite-St-Denver-CO/39837277/,"Denver, CO 80231",0.64,675000.0,39.654049416843,-104.88550562639,19524.48,20000,XL,97.62%,2867,COMCAST (194 trucks) | SWINGLE TREE & LANDSCAPE CARE (135 trucks) | CITY LIGHT AND POWER INC (121 trucks) | WHEEL PROS LLC (182 trucks) | GLOBAL TRANSPORTATION LLC (442 trucks) | HBSCO DANS TRASH AT YOUR DISPOSAL (110 trucks) | CITY OF AURORA (271 trucks) | ORICA USA INC (215 trucks) | ENTERPRISE RENT-A-CAR NATIONAL RENT A CAR ALAMO RENT A CAR (421 trucks) | AURORA PUBLIC SCHOOLS (127 trucks) | METCO LANDSCAPING INC (226 trucks) | WAGNER EQUIPMENT CO (423 trucks),137000,15017,11444344.06,"$675,000.00"
Sol_044,4237 McWhinney Blvd,https://www.loopnet.com/Listing/4237-McWhinney-Blvd-Loveland-CO/23974785/,"Loveland, CO 80538",0.65,871347.9,40.408208389025,-105.017378025231,252.96,1000,XS,25.30%,109,LOVELAND MUNICIPALITY (109 trucks),137000,15017,11444344.06,"$871,347.90"
Sol_044,7300 W Jefferson Ave,https://www.loopnet.com/Listing/7300-W-Jefferson-Ave-Lakewood-CO/38419312/,"Lakewood, CO 80235",0.66,379999.0,39.649773884125,-105.079540805378,10536.92,20000,XL,52.68%,1415,QUALITY LOGISTICS INC (135 trucks) | KEESEN ENTERPRISES INC (263 trucks) | PROCAM SERVICES  (101 trucks) | JEFFCO SCHOOLS (274 trucks) | JEFFERSON COUNTY (120 trucks) | HOLCIM WCR INC (298 trucks) | PACIFIC SHIPPING & TRUCKING CO INC (109 trucks) | ENIVIRONMENTAL LANDWORKS COMPANY INC (115 trucks),137000,15017,11444344.06,"$379,999.00"
Sol_044,9190 W 84th Ave,https://www.loopnet.com/Listing/9190-W-84th-Ave-Arvada-CO/38160305/,"Arvada, CO 80005",0.67,499000.0,39.849854027782,-105.100317795342,6920.830000000001,10000,L,69.21%,1365,ALPINE MILLWORK COMPANY DBA ROCKY MOUNTAIN RELOAD (141 trucks) | CITY OF ARVADA (100 trucks) | GEOSTABILIZATION INTERNATIONAL LLC (155 trucks) | COLD FRONT (121 trucks) | SITEWISE LLC (145 trucks) | CITY OF THORNTON (208 trucks) | CITY OF THORNTON (174 trucks) | TRI-STATE GENERATION & TRANSMISSION ASSOCIATION INC (321 trucks),137000,15017,11444344.06,"$499,000.00"
Sol_044,10431 Quari St,https://www.loopnet.com/Listing/10431-Quari-St-Commerce-City-CO/29119294/,"Commerce City, CO 80022",0.72,270000.0,39.886267655476,-104.844980046547,7354.02,10000,L,73.54%,1013,ENVIRONMENTAL DESIGNS LLC (156 trucks) | BALIC TRANSPORT INC (120 trucks) | BURNCO COLORADO LLC (146 trucks) | WEST DIRECT OIL (140 trucks) | OFFEN PETROLEUM LLC (269 trucks) | ADAMS 12 FIVE STAR SCHOOLS (182 trucks),137000,15017,11444344.06,"$270,000.00"
Sol_044,NEC N Fairgrounds Ave,https://www.loopnet.com/Listing/NEC-N-Fairgrounds-Ave-Windsor-CO/29890025/,"Windsor, CO 80528",0.74,483449.0,40.437732372143,-104.982630626628,304.01,1000,XS,30.40%,131,LARIMER COUNTY (131 trucks),137000,15017,11444344.06,"$483,449.00"
Sol_044,11958 Lincoln Ave,https://www.loopnet.com/Listing/Lincoln-Ave-Parker-CO/39741118/,"Parker, CO 80138",0.86,495000.0,39.536519536914,-104.76116705724,13220.13,20000,XL,66.10%,1835,ACCELERATED SERVICES LLC (373 trucks) | AMERICAN FURNITURE WAREHOUSE CO (340 trucks) | TERRACARE ASSOCIATES LLC (156 trucks) | IHC SCOTT INC (214 trucks) | BUCKLEY POWDER CO (217 trucks) | CH2M OMI CH2MHILL JACOBS (183 trucks) | CHERRY CREEK SCHOOLS (352 trucks),137000,15017,11444344.06,"$495,000.00"
Sol_044,NWQ Highway 119 and I-25,https://www.loopnet.com/Listing/NWQ-Highway-119-and-I-25-Firestone-CO/31431092/,"Firestone, CO 80504",1.28,949000.0,40.160746988915,-104.978709958949,3529.55,5000,M,70.59%,606,WARD ELECTRIC COMPANY INC (222 trucks) | HEAT WAVES HOT OIL SERVICE LLC (201 trucks) | SUPREME TRANSPORT INC (183 trucks),137000,15017,11444344.06,"$949,000.00"
Sol_044,13987 Foster ct,https://www.loopnet.com/Listing/13987-Foster-ct-Longmont-CO/34579366/,"Longmont, CO 80504",1.42,1370019.92,40.140476603851,-105.119700024426,1399.2,2000,S,69.96%,385,CITY OF LONGMONT (211 trucks) | ST VRAIN VALLEY SCHOOL DISTRICT (174 trucks),137000,15017,11444344.06,"$1,370,019.92"
Sol_044,765 Aspen Ridge Drive Dr,https://www.loopnet.com/Listing/765-Aspen-Ridge-Drive-Dr-Lafayette-CO/32931931/,"Lafayette, CO 80026",1.43,556000.0,40.006898203868,-105.107210150504,4585.06,5000,M,91.70%,619,BOULDER VALLEY SCHOOL DISTRICT RE-2 (134 trucks) | VIA MOBILITY SERVICES (196 trucks) | VIA MOBILITY SERVICES (116 trucks) | CU (173 trucks),137000,15017,11444344.06,"$556,000.00"
Sol_044,E Harmony & Lady Moon Dr,https://www.loopnet.com/Listing/E-Harmony-Lady-Moon-Dr-Fort-Collins-CO/11217719/,"Fort Collins, CO 80528",2.2,1054007.0,40.523221679275,-105.010799488523,5618.16,10000,L,56.18%,972,NOVUS AG LLC (444 trucks) | CITY OF FORT COLLINS (285 trucks) | Poudre School District  (243 trucks),137000,15017,11444344.06,"$1,054,007.00"
Sol_045,2544 11th Ave,https://www.loopnet.com/Listing/2544-11th-Ave-Greeley-CO/35100267/,"Greeley, CO 80631",0.15,350000.0,40.395690645275,-104.69657283495,336.5,1000,XS,33.65%,145,WELD COUNTY PUBLIC WORKS DEPARTMENT (145 trucks),145000,16282,11523344.06,"$350,000.00"
Sol_045,831 N Clarkson St,https://www.loopnet.com/Listing/831-N-Clarkson-St-Denver-CO/38142797/,"Denver, CO 80218",0.18,899000.0,39.729919009716,-104.977904960968,4580.9400000000005,5000,M,91.62%,521,FARMERS ALL NATURAL (121 trucks) | CO TRAN LLC (275 trucks) | SUPERSHUTTLE DENVER (125 trucks),145000,16282,11523344.06,"$899,000.00"
Sol_045,422 Perry St,https://www.loopnet.com/Listing/422-Perry-St-Castle-Rock-CO/38421711/,"Castle Rock, CO 80104",0.24,605821.24,39.374148794158,-104.858322527659,2577.81,5000,M,51.56%,389,GREAT SOUTHWESTERN CONSTRUCTION INC (280 trucks) | TOWN OF CASTLE ROCK  (109 trucks),145000,16282,11523344.06,"$605,821.24"
Sol_045,239 S Main St,https://www.loopnet.com/Listing/239-S-Main-St-Brighton-CO/27424620/,"Brighton, CO 80601",0.31,250000.0,39.982905257485,-104.822555605705,3986.53,5000,M,79.73%,543,G&Z TRANSPORT LLC (147 trucks) | SIM TRUCKING INC (120 trucks) | ENVIRONMENTAL DESIGNS LLC (156 trucks) | BALIC TRANSPORT INC (120 trucks),145000,16282,11523344.06,"$250,000.00"
Sol_045,20th & Blake St,https://www.loopnet.com/Listing/20th-Blake-St-Land-Denver-CO/26158810/,"Denver, CO 80205",0.32,1320000.0,39.754299409573,-104.994304825083,9694.1,10000,L,96.94%,1382,RES (149 trucks) | MPLX G&P (144 trucks) | CONCRETE EXPRESS INC (128 trucks) | COORS DISTRIBUTING COMPANY MILLER COORS LLC (105 trucks) | U S TRANSPORT INC (200 trucks) | WASTE CONNECTIONS OF COLORADO INC (486 trucks) | COMPASS VEHICLE RENTAL INC (170 trucks),145000,16282,11523344.06,"$1,320,000.00"
Sol_045,1560 N Academy Blvd,https://www.loopnet.com/Listing/1560-N-Academy-Blvd-Colorado-Springs-CO/3886433/,"Colorado Springs, CO 80909",0.64,416700.0,38.854776988204,-104.75774002483,5689.619999999999,10000,L,56.90%,1031,COLORADO SPRINGS SCHOOL DISTRICT 11 (130 trucks) | MOUNTAIN METROPOLITAN TRANSIT (144 trucks) | CITY OF COLORADO SPRINGS (326 trucks) | El PASO COUNTY (112 trucks) | GOODWILL OF COLORADO (134 trucks) | VECTRUS SYSTEMS CORPORATION (185 trucks),145000,16282,11523344.06,"$416,700.00"
Sol_045,3401 S Yosemite St,https://www.loopnet.com/Listing/3401-S-Yosemite-St-Denver-CO/39837277/,"Denver, CO 80231",0.64,675000.0,39.654049416843,-104.88550562639,19524.48,20000,XL,97.62%,2867,COMCAST (194 trucks) | SWINGLE TREE & LANDSCAPE CARE (135 trucks) | CITY LIGHT AND POWER INC (121 trucks) | WHEEL PROS LLC (182 trucks) | GLOBAL TRANSPORTATION LLC (442 trucks) | HBSCO DANS TRASH AT YOUR DISPOSAL (110 trucks) | CITY OF AURORA (271 trucks) | ORICA USA INC (215 trucks) | ENTERPRISE RENT-A-CAR NATIONAL RENT A CAR ALAMO RENT A CAR (421 trucks) | AURORA PUBLIC SCHOOLS (127 trucks) | METCO LANDSCAPING INC (226 trucks) | WAGNER EQUIPMENT CO (423 trucks),145000,16282,11523344.06,"$675,000.00"
Sol_045,4237 McWhinney Blvd,https://www.loopnet.com/Listing/4237-McWhinney-Blvd-Loveland-CO/23974785/,"Loveland, CO 80538",0.65,871347.9,40.408208389025,-105.017378025231,252.96,1000,XS,25.30%,109,LOVELAND MUNICIPALITY (109 trucks),145000,16282,11523344.06,"$871,347.90"
Sol_045,7300 W Jefferson Ave,https://www.loopnet.com/Listing/7300-W-Jefferson-Ave-Lakewood-CO/38419312/,"Lakewood, CO 80235",0.66,379999.0,39.649773884125,-105.079540805378,10536.92,20000,XL,52.68%,1415,QUALITY LOGISTICS INC (135 trucks) | KEESEN ENTERPRISES INC (263 trucks) | PROCAM SERVICES  (101 trucks) | JEFFCO SCHOOLS (274 trucks) | JEFFERSON COUNTY (120 trucks) | HOLCIM WCR INC (298 trucks) | PACIFIC SHIPPING & TRUCKING CO INC (109 trucks) | ENIVIRONMENTAL LANDWORKS COMPANY INC (115 trucks),145000,16282,11523344.06,"$379,999.00"
Sol_045,9190 W 84th Ave,https://www.loopnet.com/Listing/9190-W-84th-Ave-Arvada-CO/38160305/,"Arvada, CO 80005",0.67,499000.0,39.849854027782,-105.100317795342,3378.81,5000,M,67.58%,541,ALPINE MILLWORK COMPANY DBA ROCKY MOUNTAIN RELOAD (141 trucks) | CITY OF ARVADA (100 trucks) | GEOSTABILIZATION INTERNATIONAL LLC (155 trucks) | SITEWISE LLC (145 trucks),145000,16282,11523344.06,"$499,000.00"
Sol_045,NEC N Fairgrounds Ave,https://www.loopnet.com/Listing/NEC-N-Fairgrounds-Ave-Windsor-CO/29890025/,"Windsor, CO 80528",0.74,483449.0,40.437732372143,-104.982630626628,304.01,1000,XS,30.40%,131,LARIMER COUNTY (131 trucks),145000,16282,11523344.06,"$483,449.00"
Sol_045,11958 Lincoln Ave,https://www.loopnet.com/Listing/Lincoln-Ave-Parker-CO/39741118/,"Parker, CO 80138",0.86,495000.0,39.536519536914,-104.76116705724,13220.13,20000,XL,66.10%,1835,ACCELERATED SERVICES LLC (373 trucks) | AMERICAN FURNITURE WAREHOUSE CO (340 trucks) | TERRACARE ASSOCIATES LLC (156 trucks) | IHC SCOTT INC (214 trucks) | BUCKLEY POWDER CO (217 trucks) | CH2M OMI CH2MHILL JACOBS (183 trucks) | CHERRY CREEK SCHOOLS (352 trucks),145000,16282,11523344.06,"$495,000.00"
Sol_045,8850 Huron St,https://www.loopnet.com/Listing/8850-Huron-St-Thornton-CO/33061072/,"Thornton, CO 80260",1.26,349000.0,39.858426283979,-104.995662022846,18972.29,20000,XL,94.86%,2791,CITY OF THORNTON (208 trucks) | CITY OF THORNTON (174 trucks) | COCAL LANDSCAPE SERVICES INC (153 trucks) | COLD FRONT (121 trucks) | READY MIX CONCRETE COMPANY (191 trucks) | NAVAJO EXPRESS INC (309 trucks) | TRI-STATE GENERATION & TRANSMISSION ASSOCIATION INC (321 trucks) | WESTERN DISTRIBUTING TRANSPORTATION CORP (155 trucks) | RMS CRANES (139 trucks) | SURESHOT DRILLING LLC ATOZ FIELD SERVICES LLC DRILL TECH LLC PINNACLE DEVELOPMENT INC HDD SPECIALISTS LLC (135 trucks) | EAGLE ROCK DISTRIBUTING COMPANY OF COLORADO LLC (148 trucks) | OFFEN PETROLEUM LLC (269 trucks) | ADAMS 12 FIVE STAR SCHOOLS (182 trucks) | WEST DIRECT OIL (140 trucks) | BURNCO COLORADO LLC (146 trucks),145000,16282,11523344.06,"$349,000.00"
Sol_045,NWQ Highway 119 and I-25,https://www.loopnet.com/Listing/NWQ-Highway-119-and-I-25-Firestone-CO/31431092/,"Firestone, CO 80504",1.28,949000.0,40.160746988915,-104.978709958949,3529.55,5000,M,70.59%,606,WARD ELECTRIC COMPANY INC (222 trucks) | HEAT WAVES HOT OIL SERVICE LLC (201 trucks) | SUPREME TRANSPORT INC (183 trucks),145000,16282,11523344.06,"$949,000.00"
Sol_045,13987 Foster ct,https://www.loopnet.com/Listing/13987-Foster-ct-Longmont-CO/34579366/,"Longmont, CO 80504",1.42,1370019.92,40.140476603851,-105.119700024426,1399.2,2000,S,69.96%,385,CITY OF LONGMONT (211 trucks) | ST VRAIN VALLEY SCHOOL DISTRICT (174 trucks),145000,16282,11523344.06,"$1,370,019.92"
Sol_045,765 Aspen Ridge Drive Dr,https://www.loopnet.com/Listing/765-Aspen-Ridge-Drive-Dr-Lafayette-CO/32931931/,"Lafayette, CO 80026",1.43,556000.0,40.006898203868,-105.107210150504,4585.06,5000,M,91.70%,619,BOULDER VALLEY SCHOOL DISTRICT RE-2 (134 trucks) | VIA MOBILITY SERVICES (196 trucks) | VIA MOBILITY SERVICES (116 trucks) | CU (173 trucks),145000,16282,11523344.06,"$556,000.00"
Sol_045,E Harmony & Lady Moon Dr,https://www.loopnet.com/Listing/E-Harmony-Lady-Moon-Dr-Fort-Collins-CO/11217719/,"Fort Collins, CO 80528",2.2,1054007.0,40.523221679275,-105.010799488523,5618.16,10000,L,56.18%,972,NOVUS AG LLC (444 trucks) | CITY OF FORT COLLINS (285 trucks) | Poudre School District  (243 trucks),145000,16282,11523344.06,"$1,054,007.00"
Sol_046,2544 11th Ave,https://www.loopnet.com/Listing/2544-11th-Ave-Greeley-CO/35100267/,"Greeley, CO 80631",0.15,350000.0,40.395690645275,-104.69657283495,336.5,1000,XS,33.65%,145,WELD COUNTY PUBLIC WORKS DEPARTMENT (145 trucks),137000,15017,11444344.06,"$350,000.00"
Sol_046,831 N Clarkson St,https://www.loopnet.com/Listing/831-N-Clarkson-St-Denver-CO/38142797/,"Denver, CO 80218",0.18,899000.0,39.729919009716,-104.977904960968,4580.9400000000005,5000,M,91.62%,521,FARMERS ALL NATURAL (121 trucks) | CO TRAN LLC (275 trucks) | SUPERSHUTTLE DENVER (125 trucks),137000,15017,11444344.06,"$899,000.00"
Sol_046,422 Perry St,https://www.loopnet.com/Listing/422-Perry-St-Castle-Rock-CO/38421711/,"Castle Rock, CO 80104",0.24,605821.24,39.374148794158,-104.858322527659,2577.81,5000,M,51.56%,389,GREAT SOUTHWESTERN CONSTRUCTION INC (280 trucks) | TOWN OF CASTLE ROCK  (109 trucks),137000,15017,11444344.06,"$605,821.24"
Sol_046,239 S Main St,https://www.loopnet.com/Listing/239-S-Main-St-Brighton-CO/27424620/,"Brighton, CO 80601",0.31,250000.0,39.982905257485,-104.822555605705,1694.9,2000,S,84.75%,267,G&Z TRANSPORT LLC (147 trucks) | SIM TRUCKING INC (120 trucks),137000,15017,11444344.06,"$250,000.00"
Sol_046,20th & Blake St,https://www.loopnet.com/Listing/20th-Blake-St-Land-Denver-CO/26158810/,"Denver, CO 80205",0.32,1320000.0,39.754299409573,-104.994304825083,9307.460000000001,10000,L,93.07%,1347,RES (149 trucks) | MPLX G&P (144 trucks) | CONCRETE EXPRESS INC (128 trucks) | COORS DISTRIBUTING COMPANY MILLER COORS LLC (105 trucks) | U S TRANSPORT INC (200 trucks) | WASTE CONNECTIONS OF COLORADO INC (486 trucks) | SURESHOT DRILLING LLC ATOZ FIELD SERVICES LLC DRILL TECH LLC PINNACLE DEVELOPMENT INC HDD SPECIALISTS LLC (135 trucks),137000,15017,11444344.06,"$1,320,000.00"
Sol_046,1560 N Academy Blvd,https://www.loopnet.com/Listing/1560-N-Academy-Blvd-Colorado-Springs-CO/3886433/,"Colorado Springs, CO 80909",0.64,416700.0,38.854776988204,-104.75774002483,5689.619999999999,10000,L,56.90%,1031,COLORADO SPRINGS SCHOOL DISTRICT 11 (130 trucks) | MOUNTAIN METROPOLITAN TRANSIT (144 trucks) | CITY OF COLORADO SPRINGS (326 trucks) | El PASO COUNTY (112 trucks) | GOODWILL OF COLORADO (134 trucks) | VECTRUS SYSTEMS CORPORATION (185 trucks),137000,15017,11444344.06,"$416,700.00"
Sol_046,3401 S Yosemite St,https://www.loopnet.com/Listing/3401-S-Yosemite-St-Denver-CO/39837277/,"Denver, CO 80231",0.64,675000.0,39.654049416843,-104.88550562639,19524.48,20000,XL,97.62%,2867,COMCAST (194 trucks) | SWINGLE TREE & LANDSCAPE CARE (135 trucks) | CITY LIGHT AND POWER INC (121 trucks) | WHEEL PROS LLC (182 trucks) | GLOBAL TRANSPORTATION LLC (442 trucks) | HBSCO DANS TRASH AT YOUR DISPOSAL (110 trucks) | CITY OF AURORA (271 trucks) | ORICA USA INC (215 trucks) | ENTERPRISE RENT-A-CAR NATIONAL RENT A CAR ALAMO RENT A CAR (421 trucks) | AURORA PUBLIC SCHOOLS (127 trucks) | METCO LANDSCAPING INC (226 trucks) | WAGNER EQUIPMENT CO (423 trucks),137000,15017,11444344.06,"$675,000.00"
Sol_046,4237 McWhinney Blvd,https://www.loopnet.com/Listing/4237-McWhinney-Blvd-Loveland-CO/23974785/,"Loveland, CO 80538",0.65,871347.9,40.408208389025,-105.017378025231,252.96,1000,XS,25.30%,109,LOVELAND MUNICIPALITY (109 trucks),137000,15017,11444344.06,"$871,347.90"
Sol_046,7300 W Jefferson Ave,https://www.loopnet.com/Listing/7300-W-Jefferson-Ave-Lakewood-CO/38419312/,"Lakewood, CO 80235",0.66,379999.0,39.649773884125,-105.079540805378,10536.92,20000,XL,52.68%,1415,QUALITY LOGISTICS INC (135 trucks) | KEESEN ENTERPRISES INC (263 trucks) | PROCAM SERVICES  (101 trucks) | JEFFCO SCHOOLS (274 trucks) | JEFFERSON COUNTY (120 trucks) | HOLCIM WCR INC (298 trucks) | PACIFIC SHIPPING & TRUCKING CO INC (109 trucks) | ENIVIRONMENTAL LANDWORKS COMPANY INC (115 trucks),137000,15017,11444344.06,"$379,999.00"
Sol_046,9190 W 84th Ave,https://www.loopnet.com/Listing/9190-W-84th-Ave-Arvada-CO/38160305/,"Arvada, CO 80005",0.67,499000.0,39.849854027782,-105.100317795342,6920.830000000001,10000,L,69.21%,1365,ALPINE MILLWORK COMPANY DBA ROCKY MOUNTAIN RELOAD (141 trucks) | CITY OF ARVADA (100 trucks) | GEOSTABILIZATION INTERNATIONAL LLC (155 trucks) | COLD FRONT (121 trucks) | SITEWISE LLC (145 trucks) | CITY OF THORNTON (208 trucks) | CITY OF THORNTON (174 trucks) | TRI-STATE GENERATION & TRANSMISSION ASSOCIATION INC (321 trucks),137000,15017,11444344.06,"$499,000.00"
Sol_046,10431 Quari St,https://www.loopnet.com/Listing/10431-Quari-St-Commerce-City-CO/29119294/,"Commerce City, CO 80022",0.72,270000.0,39.886267655476,-104.844980046547,7354.02,10000,L,73.54%,1013,ENVIRONMENTAL DESIGNS LLC (156 trucks) | BALIC TRANSPORT INC (120 trucks) | BURNCO COLORADO LLC (146 trucks) | WEST DIRECT OIL (140 trucks) | OFFEN PETROLEUM LLC (269 trucks) | ADAMS 12 FIVE STAR SCHOOLS (182 trucks),137000,15017,11444344.06,"$270,000.00"
Sol_046,NEC N Fairgrounds Ave,https://www.loopnet.com/Listing/NEC-N-Fairgrounds-Ave-Windsor-CO/29890025/,"Windsor, CO 80528",0.74,483449.0,40.437732372143,-104.982630626628,304.01,1000,XS,30.40%,131,LARIMER COUNTY (131 trucks),137000,15017,11444344.06,"$483,449.00"
Sol_046,11958 Lincoln Ave,https://www.loopnet.com/Listing/Lincoln-Ave-Parker-CO/39741118/,"Parker, CO 80138",0.86,495000.0,39.536519536914,-104.76116705724,13220.13,20000,XL,66.10%,1835,ACCELERATED SERVICES LLC (373 trucks) | AMERICAN FURNITURE WAREHOUSE CO (340 trucks) | TERRACARE ASSOCIATES LLC (156 trucks) | IHC SCOTT INC (214 trucks) | BUCKLEY POWDER CO (217 trucks) | CH2M OMI CH2MHILL JACOBS (183 trucks) | CHERRY CREEK SCHOOLS (352 trucks),137000,15017,11444344.06,"$495,000.00"
Sol_046,NWQ Highway 119 and I-25,https://www.loopnet.com/Listing/NWQ-Highway-119-and-I-25-Firestone-CO/31431092/,"Firestone, CO 80504",1.28,949000.0,40.160746988915,-104.978709958949,3529.55,5000,M,70.59%,606,WARD ELECTRIC COMPANY INC (222 trucks) | HEAT WAVES HOT OIL SERVICE LLC (201 trucks) | SUPREME TRANSPORT INC (183 trucks),137000,15017,11444344.06,"$949,000.00"
Sol_046,13987 Foster ct,https://www.loopnet.com/Listing/13987-Foster-ct-Longmont-CO/34579366/,"Longmont, CO 80504",1.42,1370019.92,40.140476603851,-105.119700024426,1399.2,2000,S,69.96%,385,CITY OF LONGMONT (211 trucks) | ST VRAIN VALLEY SCHOOL DISTRICT (174 trucks),137000,15017,11444344.06,"$1,370,019.92"
Sol_046,765 Aspen Ridge Drive Dr,https://www.loopnet.com/Listing/765-Aspen-Ridge-Drive-Dr-Lafayette-CO/32931931/,"Lafayette, CO 80026",1.43,556000.0,40.006898203868,-105.107210150504,4585.06,5000,M,91.70%,619,BOULDER VALLEY SCHOOL DISTRICT RE-2 (134 trucks) | VIA MOBILITY SERVICES (196 trucks) | VIA MOBILITY SERVICES (116 trucks) | CU (173 trucks),137000,15017,11444344.06,"$556,000.00"
Sol_046,E Harmony & Lady Moon Dr,https://www.loopnet.com/Listing/E-Harmony-Lady-Moon-Dr-Fort-Collins-CO/11217719/,"Fort Collins, CO 80528",2.2,1054007.0,40.523221679275,-105.010799488523,5618.16,10000,L,56.18%,972,NOVUS AG LLC (444 trucks) | CITY OF FORT COLLINS (285 trucks) | Poudre School District  (243 trucks),137000,15017,11444344.06,"$1,054,007.00"
Sol_047,2544 11th Ave,https://www.loopnet.com/Listing/2544-11th-Ave-Greeley-CO/35100267/,"Greeley, CO 80631",0.15,350000.0,40.395690645275,-104.69657283495,336.5,1000,XS,33.65%,145,WELD COUNTY PUBLIC WORKS DEPARTMENT (145 trucks),135000,14748,11174344.06,"$350,000.00"
Sol_047,831 N Clarkson St,https://www.loopnet.com/Listing/831-N-Clarkson-St-Denver-CO/38142797/,"Denver, CO 80218",0.18,899000.0,39.729919009716,-104.977904960968,4580.9400000000005,5000,M,91.62%,521,FARMERS ALL NATURAL (121 trucks) | CO TRAN LLC (275 trucks) | SUPERSHUTTLE DENVER (125 trucks),135000,14748,11174344.06,"$899,000.00"
Sol_047,422 Perry St,https://www.loopnet.com/Listing/422-Perry-St-Castle-Rock-CO/38421711/,"Castle Rock, CO 80104",0.24,605821.24,39.374148794158,-104.858322527659,2577.81,5000,M,51.56%,389,GREAT SOUTHWESTERN CONSTRUCTION INC (280 trucks) | TOWN OF CASTLE ROCK  (109 trucks),135000,14748,11174344.06,"$605,821.24"
Sol_047,239 S Main St,https://www.loopnet.com/Listing/239-S-Main-St-Brighton-CO/27424620/,"Brighton, CO 80601",0.31,250000.0,39.982905257485,-104.822555605705,5864.05,10000,L,58.64%,829,G&Z TRANSPORT LLC (147 trucks) | SIM TRUCKING INC (120 trucks) | ENVIRONMENTAL DESIGNS LLC (156 trucks) | BALIC TRANSPORT INC (120 trucks) | BURNCO COLORADO LLC (146 trucks) | WEST DIRECT OIL (140 trucks),135000,14748,11174344.06,"$250,000.00"
Sol_047,20th & Blake St,https://www.loopnet.com/Listing/20th-Blake-St-Land-Denver-CO/26158810/,"Denver, CO 80205",0.32,1320000.0,39.754299409573,-104.994304825083,9307.460000000001,10000,L,93.07%,1347,RES (149 trucks) | MPLX G&P (144 trucks) | CONCRETE EXPRESS INC (128 trucks) | COORS DISTRIBUTING COMPANY MILLER COORS LLC (105 trucks) | U S TRANSPORT INC (200 trucks) | WASTE CONNECTIONS OF COLORADO INC (486 trucks) | SURESHOT DRILLING LLC ATOZ FIELD SERVICES LLC DRILL TECH LLC PINNACLE DEVELOPMENT INC HDD SPECIALISTS LLC (135 trucks),135000,14748,11174344.06,"$1,320,000.00"
Sol_047,1560 N Academy Blvd,https://www.loopnet.com/Listing/1560-N-Academy-Blvd-Colorado-Springs-CO/3886433/,"Colorado Springs, CO 80909",0.64,416700.0,38.854776988204,-104.75774002483,5689.619999999999,10000,L,56.90%,1031,COLORADO SPRINGS SCHOOL DISTRICT 11 (130 trucks) | MOUNTAIN METROPOLITAN TRANSIT (144 trucks) | CITY OF COLORADO SPRINGS (326 trucks) | El PASO COUNTY (112 trucks) | GOODWILL OF COLORADO (134 trucks) | VECTRUS SYSTEMS CORPORATION (185 trucks),135000,14748,11174344.06,"$416,700.00"
Sol_047,3401 S Yosemite St,https://www.loopnet.com/Listing/3401-S-Yosemite-St-Denver-CO/39837277/,"Denver, CO 80231",0.64,675000.0,39.654049416843,-104.88550562639,19524.48,20000,XL,97.62%,2867,COMCAST (194 trucks) | SWINGLE TREE & LANDSCAPE CARE (135 trucks) | CITY LIGHT AND POWER INC (121 trucks) | WHEEL PROS LLC (182 trucks) | GLOBAL TRANSPORTATION LLC (442 trucks) | HBSCO DANS TRASH AT YOUR DISPOSAL (110 trucks) | CITY OF AURORA (271 trucks) | ORICA USA INC (215 trucks) | ENTERPRISE RENT-A-CAR NATIONAL RENT A CAR ALAMO RENT A CAR (421 trucks) | AURORA PUBLIC SCHOOLS (127 trucks) | METCO LANDSCAPING INC (226 trucks) | WAGNER EQUIPMENT CO (423 trucks),135000,14748,11174344.06,"$675,000.00"
Sol_047,4237 McWhinney Blvd,https://www.loopnet.com/Listing/4237-McWhinney-Blvd-Loveland-CO/23974785/,"Loveland, CO 80538",0.65,871347.9,40.408208389025,-105.017378025231,252.96,1000,XS,25.30%,109,LOVELAND MUNICIPALITY (109 trucks),135000,14748,11174344.06,"$871,347.90"
Sol_047,7300 W Jefferson Ave,https://www.loopnet.com/Listing/7300-W-Jefferson-Ave-Lakewood-CO/38419312/,"Lakewood, CO 80235",0.66,379999.0,39.649773884125,-105.079540805378,10536.92,20000,XL,52.68%,1415,QUALITY LOGISTICS INC (135 trucks) | KEESEN ENTERPRISES INC (263 trucks) | PROCAM SERVICES  (101 trucks) | JEFFCO SCHOOLS (274 trucks) | JEFFERSON COUNTY (120 trucks) | HOLCIM WCR INC (298 trucks) | PACIFIC SHIPPING & TRUCKING CO INC (109 trucks) | ENIVIRONMENTAL LANDWORKS COMPANY INC (115 trucks),135000,14748,11174344.06,"$379,999.00"
Sol_047,9190 W 84th Ave,https://www.loopnet.com/Listing/9190-W-84th-Ave-Arvada-CO/38160305/,"Arvada, CO 80005",0.67,499000.0,39.849854027782,-105.100317795342,7872.180000000001,10000,L,78.72%,1547,ALPINE MILLWORK COMPANY DBA ROCKY MOUNTAIN RELOAD (141 trucks) | CITY OF ARVADA (100 trucks) | GEOSTABILIZATION INTERNATIONAL LLC (155 trucks) | COLD FRONT (121 trucks) | SITEWISE LLC (145 trucks) | CITY OF THORNTON (208 trucks) | CITY OF THORNTON (174 trucks) | TRI-STATE GENERATION & TRANSMISSION ASSOCIATION INC (321 trucks) | ADAMS 12 FIVE STAR SCHOOLS (182 trucks),135000,14748,11174344.06,"$499,000.00"
Sol_047,NEC N Fairgrounds Ave,https://www.loopnet.com/Listing/NEC-N-Fairgrounds-Ave-Windsor-CO/29890025/,"Windsor, CO 80528",0.74,483449.0,40.437732372143,-104.982630626628,304.01,1000,XS,30.40%,131,LARIMER COUNTY (131 trucks),135000,14748,11174344.06,"$483,449.00"
Sol_047,11958 Lincoln Ave,https://www.loopnet.com/Listing/Lincoln-Ave-Parker-CO/39741118/,"Parker, CO 80138",0.86,495000.0,39.536519536914,-104.76116705724,13220.13,20000,XL,66.10%,1835,ACCELERATED SERVICES LLC (373 trucks) | AMERICAN FURNITURE WAREHOUSE CO (340 trucks) | TERRACARE ASSOCIATES LLC (156 trucks) | IHC SCOTT INC (214 trucks) | BUCKLEY POWDER CO (217 trucks) | CH2M OMI CH2MHILL JACOBS (183 trucks) | CHERRY CREEK SCHOOLS (352 trucks),135000,14748,11174344.06,"$495,000.00"
Sol_047,NWQ Highway 119 and I-25,https://www.loopnet.com/Listing/NWQ-Highway-119-and-I-25-Firestone-CO/31431092/,"Firestone, CO 80504",1.28,949000.0,40.160746988915,-104.978709958949,3529.55,5000,M,70.59%,606,WARD ELECTRIC COMPANY INC (222 trucks) | HEAT WAVES HOT OIL SERVICE LLC (201 trucks) | SUPREME TRANSPORT INC (183 trucks),135000,14748,11174344.06,"$949,000.00"
Sol_047,13987 Foster ct,https://www.loopnet.com/Listing/13987-Foster-ct-Longmont-CO/34579366/,"Longmont, CO 80504",1.42,1370019.92,40.140476603851,-105.119700024426,1399.2,2000,S,69.96%,385,CITY OF LONGMONT (211 trucks) | ST VRAIN VALLEY SCHOOL DISTRICT (174 trucks),135000,14748,11174344.06,"$1,370,019.92"
Sol_047,765 Aspen Ridge Drive Dr,https://www.loopnet.com/Listing/765-Aspen-Ridge-Drive-Dr-Lafayette-CO/32931931/,"Lafayette, CO 80026",1.43,556000.0,40.006898203868,-105.107210150504,4585.06,5000,M,91.70%,619,BOULDER VALLEY SCHOOL DISTRICT RE-2 (134 trucks) | VIA MOBILITY SERVICES (196 trucks) | VIA MOBILITY SERVICES (116 trucks) | CU (173 trucks),135000,14748,11174344.06,"$556,000.00"
Sol_047,E Harmony & Lady Moon Dr,https://www.loopnet.com/Listing/E-Harmony-Lady-Moon-Dr-Fort-Collins-CO/11217719/,"Fort Collins, CO 80528",2.2,1054007.0,40.523221679275,-105.010799488523,5618.16,10000,L,56.18%,972,NOVUS AG LLC (444 trucks) | CITY OF FORT COLLINS (285 trucks) | Poudre School District  (243 trucks),135000,14748,11174344.06,"$1,054,007.00"
Sol_048,2544 11th Ave,https://www.loopnet.com/Listing/2544-11th-Ave-Greeley-CO/35100267/,"Greeley, CO 80631",0.15,350000.0,40.395690645275,-104.69657283495,336.5,1000,XS,33.65%,145,WELD COUNTY PUBLIC WORKS DEPARTMENT (145 trucks),115000,12627,10499344.06,"$350,000.00"
Sol_048,831 N Clarkson St,https://www.loopnet.com/Listing/831-N-Clarkson-St-Denver-CO/38142797/,"Denver, CO 80218",0.18,899000.0,39.729919009716,-104.977904960968,4580.9400000000005,5000,M,91.62%,521,FARMERS ALL NATURAL (121 trucks) | CO TRAN LLC (275 trucks) | SUPERSHUTTLE DENVER (125 trucks),115000,12627,10499344.06,"$899,000.00"
Sol_048,422 Perry St,https://www.loopnet.com/Listing/422-Perry-St-Castle-Rock-CO/38421711/,"Castle Rock, CO 80104",0.24,605821.24,39.374148794158,-104.858322527659,2577.81,5000,M,51.56%,389,GREAT SOUTHWESTERN CONSTRUCTION INC (280 trucks) | TOWN OF CASTLE ROCK  (109 trucks),115000,12627,10499344.06,"$605,821.24"
Sol_048,239 S Main St,https://www.loopnet.com/Listing/239-S-Main-St-Brighton-CO/27424620/,"Brighton, CO 80601",0.31,250000.0,39.982905257485,-104.822555605705,5864.05,10000,L,58.64%,829,G&Z TRANSPORT LLC (147 trucks) | SIM TRUCKING INC (120 trucks) | ENVIRONMENTAL DESIGNS LLC (156 trucks) | BALIC TRANSPORT INC (120 trucks) | BURNCO COLORADO LLC (146 trucks) | WEST DIRECT OIL (140 trucks),115000,12627,10499344.06,"$250,000.00"
Sol_048,20th & Blake St,https://www.loopnet.com/Listing/20th-Blake-St-Land-Denver-CO/26158810/,"Denver, CO 80205",0.32,1320000.0,39.754299409573,-104.994304825083,9307.460000000001,10000,L,93.07%,1347,RES (149 trucks) | MPLX G&P (144 trucks) | CONCRETE EXPRESS INC (128 trucks) | COORS DISTRIBUTING COMPANY MILLER COORS LLC (105 trucks) | U S TRANSPORT INC (200 trucks) | WASTE CONNECTIONS OF COLORADO INC (486 trucks) | SURESHOT DRILLING LLC ATOZ FIELD SERVICES LLC DRILL TECH LLC PINNACLE DEVELOPMENT INC HDD SPECIALISTS LLC (135 trucks),115000,12627,10499344.06,"$1,320,000.00"
Sol_048,1560 N Academy Blvd,https://www.loopnet.com/Listing/1560-N-Academy-Blvd-Colorado-Springs-CO/3886433/,"Colorado Springs, CO 80909",0.64,416700.0,38.854776988204,-104.75774002483,5689.619999999999,10000,L,56.90%,1031,COLORADO SPRINGS SCHOOL DISTRICT 11 (130 trucks) | MOUNTAIN METROPOLITAN TRANSIT (144 trucks) | CITY OF COLORADO SPRINGS (326 trucks) | El PASO COUNTY (112 trucks) | GOODWILL OF COLORADO (134 trucks) | VECTRUS SYSTEMS CORPORATION (185 trucks),115000,12627,10499344.06,"$416,700.00"
Sol_048,4237 McWhinney Blvd,https://www.loopnet.com/Listing/4237-McWhinney-Blvd-Loveland-CO/23974785/,"Loveland, CO 80538",0.65,871347.9,40.408208389025,-105.017378025231,252.96,1000,XS,25.30%,109,LOVELAND MUNICIPALITY (109 trucks),115000,12627,10499344.06,"$871,347.90"
Sol_048,7300 W Jefferson Ave,https://www.loopnet.com/Listing/7300-W-Jefferson-Ave-Lakewood-CO/38419312/,"Lakewood, CO 80235",0.66,379999.0,39.649773884125,-105.079540805378,10536.92,20000,XL,52.68%,1415,QUALITY LOGISTICS INC (135 trucks) | KEESEN ENTERPRISES INC (263 trucks) | PROCAM SERVICES  (101 trucks) | JEFFCO SCHOOLS (274 trucks) | JEFFERSON COUNTY (120 trucks) | HOLCIM WCR INC (298 trucks) | PACIFIC SHIPPING & TRUCKING CO INC (109 trucks) | ENIVIRONMENTAL LANDWORKS COMPANY INC (115 trucks),115000,12627,10499344.06,"$379,999.00"
Sol_048,9190 W 84th Ave,https://www.loopnet.com/Listing/9190-W-84th-Ave-Arvada-CO/38160305/,"Arvada, CO 80005",0.67,499000.0,39.849854027782,-105.100317795342,7872.180000000001,10000,L,78.72%,1547,ALPINE MILLWORK COMPANY DBA ROCKY MOUNTAIN RELOAD (141 trucks) | CITY OF ARVADA (100 trucks) | GEOSTABILIZATION INTERNATIONAL LLC (155 trucks) | COLD FRONT (121 trucks) | SITEWISE LLC (145 trucks) | CITY OF THORNTON (208 trucks) | CITY OF THORNTON (174 trucks) | TRI-STATE GENERATION & TRANSMISSION ASSOCIATION INC (321 trucks) | ADAMS 12 FIVE STAR SCHOOLS (182 trucks),115000,12627,10499344.06,"$499,000.00"
Sol_048,NEC N Fairgrounds Ave,https://www.loopnet.com/Listing/NEC-N-Fairgrounds-Ave-Windsor-CO/29890025/,"Windsor, CO 80528",0.74,483449.0,40.437732372143,-104.982630626628,304.01,1000,XS,30.40%,131,LARIMER COUNTY (131 trucks),115000,12627,10499344.06,"$483,449.00"
Sol_048,11958 Lincoln Ave,https://www.loopnet.com/Listing/Lincoln-Ave-Parker-CO/39741118/,"Parker, CO 80138",0.86,495000.0,39.536519536914,-104.76116705724,18264.289999999997,20000,XL,91.32%,2581,ACCELERATED SERVICES LLC (373 trucks) | AMERICAN FURNITURE WAREHOUSE CO (340 trucks) | TERRACARE ASSOCIATES LLC (156 trucks) | IHC SCOTT INC (214 trucks) | BUCKLEY POWDER CO (217 trucks) | CH2M OMI CH2MHILL JACOBS (183 trucks) | ORICA USA INC (215 trucks) | CHERRY CREEK SCHOOLS (352 trucks) | HBSCO DANS TRASH AT YOUR DISPOSAL (110 trucks) | ENTERPRISE RENT-A-CAR NATIONAL RENT A CAR ALAMO RENT A CAR (421 trucks),115000,12627,10499344.06,"$495,000.00"
Sol_048,NWQ Highway 119 and I-25,https://www.loopnet.com/Listing/NWQ-Highway-119-and-I-25-Firestone-CO/31431092/,"Firestone, CO 80504",1.28,949000.0,40.160746988915,-104.978709958949,3529.55,5000,M,70.59%,606,WARD ELECTRIC COMPANY INC (222 trucks) | HEAT WAVES HOT OIL SERVICE LLC (201 trucks) | SUPREME TRANSPORT INC (183 trucks),115000,12627,10499344.06,"$949,000.00"
Sol_048,13987 Foster ct,https://www.loopnet.com/Listing/13987-Foster-ct-Longmont-CO/34579366/,"Longmont, CO 80504",1.42,1370019.92,40.140476603851,-105.119700024426,1399.2,2000,S,69.96%,385,CITY OF LONGMONT (211 trucks) | ST VRAIN VALLEY SCHOOL DISTRICT (174 trucks),115000,12627,10499344.06,"$1,370,019.92"
Sol_048,765 Aspen Ridge Drive Dr,https://www.loopnet.com/Listing/765-Aspen-Ridge-Drive-Dr-Lafayette-CO/32931931/,"Lafayette, CO 80026",1.43,556000.0,40.006898203868,-105.107210150504,4585.06,5000,M,91.70%,619,BOULDER VALLEY SCHOOL DISTRICT RE-2 (134 trucks) | VIA MOBILITY SERVICES (196 trucks) | VIA MOBILITY SERVICES (116 trucks) | CU (173 trucks),115000,12627,10499344.06,"$556,000.00"
Sol_048,E Harmony & Lady Moon Dr,https://www.loopnet.com/Listing/E-Harmony-Lady-Moon-Dr-Fort-Collins-CO/11217719/,"Fort Collins, CO 80528",2.2,1054007.0,40.523221679275,-105.010799488523,5618.16,10000,L,56.18%,972,NOVUS AG LLC (444 trucks) | CITY OF FORT COLLINS (285 trucks) | Poudre School District  (243 trucks),115000,12627,10499344.06,"$1,054,007.00"
Sol_049,2544 11th Ave,https://www.loopnet.com/Listing/2544-11th-Ave-Greeley-CO/35100267/,"Greeley, CO 80631",0.15,350000.0,40.395690645275,-104.69657283495,336.5,1000,XS,33.65%,145,WELD COUNTY PUBLIC WORKS DEPARTMENT (145 trucks),152000,16569,12344344.06,"$350,000.00"
Sol_049,831 N Clarkson St,https://www.loopnet.com/Listing/831-N-Clarkson-St-Denver-CO/38142797/,"Denver, CO 80218",0.18,899000.0,39.729919009716,-104.977904960968,4580.9400000000005,5000,M,91.62%,521,FARMERS ALL NATURAL (121 trucks) | CO TRAN LLC (275 trucks) | SUPERSHUTTLE DENVER (125 trucks),152000,16569,12344344.06,"$899,000.00"
Sol_049,422 Perry St,https://www.loopnet.com/Listing/422-Perry-St-Castle-Rock-CO/38421711/,"Castle Rock, CO 80104",0.24,605821.24,39.374148794158,-104.858322527659,2577.81,5000,M,51.56%,389,GREAT SOUTHWESTERN CONSTRUCTION INC (280 trucks) | TOWN OF CASTLE ROCK  (109 trucks),152000,16569,12344344.06,"$605,821.24"
Sol_049,239 S Main St,https://www.loopnet.com/Listing/239-S-Main-St-Brighton-CO/27424620/,"Brighton, CO 80601",0.31,250000.0,39.982905257485,-104.822555605705,1694.9,2000,S,84.75%,267,G&Z TRANSPORT LLC (147 trucks) | SIM TRUCKING INC (120 trucks),152000,16569,12344344.06,"$250,000.00"
Sol_049,20th & Blake St,https://www.loopnet.com/Listing/20th-Blake-St-Land-Denver-CO/26158810/,"Denver, CO 80205",0.32,1320000.0,39.754299409573,-104.994304825083,7615.27,10000,L,76.15%,1147,RES (149 trucks) | MPLX G&P (144 trucks) | CONCRETE EXPRESS INC (128 trucks) | COMPASS VEHICLE RENTAL INC (170 trucks) | UNITED SITE SERVICES OF NEVADA INC (409 trucks) | UNITED SITE SERVICES OF COLORADO INC (147 trucks),152000,16569,12344344.06,"$1,320,000.00"
Sol_049,1560 N Academy Blvd,https://www.loopnet.com/Listing/1560-N-Academy-Blvd-Colorado-Springs-CO/3886433/,"Colorado Springs, CO 80909",0.64,416700.0,38.854776988204,-104.75774002483,5689.619999999999,10000,L,56.90%,1031,COLORADO SPRINGS SCHOOL DISTRICT 11 (130 trucks) | MOUNTAIN METROPOLITAN TRANSIT (144 trucks) | CITY OF COLORADO SPRINGS (326 trucks) | El PASO COUNTY (112 trucks) | GOODWILL OF COLORADO (134 trucks) | VECTRUS SYSTEMS CORPORATION (185 trucks),152000,16569,12344344.06,"$416,700.00"
Sol_049,3401 S Yosemite St,https://www.loopnet.com/Listing/3401-S-Yosemite-St-Denver-CO/39837277/,"Denver, CO 80231",0.64,675000.0,39.654049416843,-104.88550562639,19524.48,20000,XL,97.62%,2867,COMCAST (194 trucks) | SWINGLE TREE & LANDSCAPE CARE (135 trucks) | CITY LIGHT AND POWER INC (121 trucks) | WHEEL PROS LLC (182 trucks) | GLOBAL TRANSPORTATION LLC (442 trucks) | HBSCO DANS TRASH AT YOUR DISPOSAL (110 trucks) | CITY OF AURORA (271 trucks) | ORICA USA INC (215 trucks) | ENTERPRISE RENT-A-CAR NATIONAL RENT A CAR ALAMO RENT A CAR (421 trucks) | AURORA PUBLIC SCHOOLS (127 trucks) | METCO LANDSCAPING INC (226 trucks) | WAGNER EQUIPMENT CO (423 trucks),152000,16569,12344344.06,"$675,000.00"
Sol_049,4237 McWhinney Blvd,https://www.loopnet.com/Listing/4237-McWhinney-Blvd-Loveland-CO/23974785/,"Loveland, CO 80538",0.65,871347.9,40.408208389025,-105.017378025231,252.96,1000,XS,25.30%,109,LOVELAND MUNICIPALITY (109 trucks),152000,16569,12344344.06,"$871,347.90"
Sol_049,7300 W Jefferson Ave,https://www.loopnet.com/Listing/7300-W-Jefferson-Ave-Lakewood-CO/38419312/,"Lakewood, CO 80235",0.66,379999.0,39.649773884125,-105.079540805378,10536.92,20000,XL,52.68%,1415,QUALITY LOGISTICS INC (135 trucks) | KEESEN ENTERPRISES INC (263 trucks) | PROCAM SERVICES  (101 trucks) | JEFFCO SCHOOLS (274 trucks) | JEFFERSON COUNTY (120 trucks) | HOLCIM WCR INC (298 trucks) | PACIFIC SHIPPING & TRUCKING CO INC (109 trucks) | ENIVIRONMENTAL LANDWORKS COMPANY INC (115 trucks),152000,16569,12344344.06,"$379,999.00"
Sol_049,9190 W 84th Ave,https://www.loopnet.com/Listing/9190-W-84th-Ave-Arvada-CO/38160305/,"Arvada, CO 80005",0.67,499000.0,39.849854027782,-105.100317795342,4904.2,5000,M,98.08%,862,ALPINE MILLWORK COMPANY DBA ROCKY MOUNTAIN RELOAD (141 trucks) | CITY OF ARVADA (100 trucks) | GEOSTABILIZATION INTERNATIONAL LLC (155 trucks) | SITEWISE LLC (145 trucks) | TRI-STATE GENERATION & TRANSMISSION ASSOCIATION INC (321 trucks),152000,16569,12344344.06,"$499,000.00"
Sol_049,10431 Quari St,https://www.loopnet.com/Listing/10431-Quari-St-Commerce-City-CO/29119294/,"Commerce City, CO 80022",0.72,270000.0,39.886267655476,-104.844980046547,5120.5,10000,L,51.20%,744,ENVIRONMENTAL DESIGNS LLC (156 trucks) | BALIC TRANSPORT INC (120 trucks) | BURNCO COLORADO LLC (146 trucks) | WEST DIRECT OIL (140 trucks) | ADAMS 12 FIVE STAR SCHOOLS (182 trucks),152000,16569,12344344.06,"$270,000.00"
Sol_049,NEC N Fairgrounds Ave,https://www.loopnet.com/Listing/NEC-N-Fairgrounds-Ave-Windsor-CO/29890025/,"Windsor, CO 80528",0.74,483449.0,40.437732372143,-104.982630626628,304.01,1000,XS,30.40%,131,LARIMER COUNTY (131 trucks),152000,16569,12344344.06,"$483,449.00"
Sol_049,11958 Lincoln Ave,https://www.loopnet.com/Listing/Lincoln-Ave-Parker-CO/39741118/,"Parker, CO 80138",0.86,495000.0,39.536519536914,-104.76116705724,13220.13,20000,XL,66.10%,1835,ACCELERATED SERVICES LLC (373 trucks) | AMERICAN FURNITURE WAREHOUSE CO (340 trucks) | TERRACARE ASSOCIATES LLC (156 trucks) | IHC SCOTT INC (214 trucks) | BUCKLEY POWDER CO (217 trucks) | CH2M OMI CH2MHILL JACOBS (183 trucks) | CHERRY CREEK SCHOOLS (352 trucks),152000,16569,12344344.06,"$495,000.00"
Sol_049,2980 W 60th Ave,https://www.loopnet.com/Listing/2980-W-60th-Ave-Denver-CO/12107088/,"Denver, CO 80221",1.14,900000.0,39.805386957185,-105.022150208489,18066.22,20000,XL,90.33%,2524,NAVAJO EXPRESS INC (309 trucks) | COORS DISTRIBUTING COMPANY MILLER COORS LLC (105 trucks) | COLD FRONT (121 trucks) | U S TRANSPORT INC (200 trucks) | SURESHOT DRILLING LLC ATOZ FIELD SERVICES LLC DRILL TECH LLC PINNACLE DEVELOPMENT INC HDD SPECIALISTS LLC (135 trucks) | EAGLE ROCK DISTRIBUTING COMPANY OF COLORADO LLC (148 trucks) | COCAL LANDSCAPE SERVICES INC (153 trucks) | WASTE CONNECTIONS OF COLORADO INC (486 trucks) | RMS CRANES (139 trucks) | WESTERN DISTRIBUTING TRANSPORTATION CORP (155 trucks) | READY MIX CONCRETE COMPANY (191 trucks) | CITY OF THORNTON (208 trucks) | CITY OF THORNTON (174 trucks),152000,16569,12344344.06,"$900,000.00"
Sol_049,NWQ Highway 119 and I-25,https://www.loopnet.com/Listing/NWQ-Highway-119-and-I-25-Firestone-CO/31431092/,"Firestone, CO 80504",1.28,949000.0,40.160746988915,-104.978709958949,3529.55,5000,M,70.59%,606,WARD ELECTRIC COMPANY INC (222 trucks) | HEAT WAVES HOT OIL SERVICE LLC (201 trucks) | SUPREME TRANSPORT INC (183 trucks),152000,16569,12344344.06,"$949,000.00"
Sol_049,13987 Foster ct,https://www.loopnet.com/Listing/13987-Foster-ct-Longmont-CO/34579366/,"Longmont, CO 80504",1.42,1370019.92,40.140476603851,-105.119700024426,1399.2,2000,S,69.96%,385,CITY OF LONGMONT (211 trucks) | ST VRAIN VALLEY SCHOOL DISTRICT (174 trucks),152000,16569,12344344.06,"$1,370,019.92"
Sol_049,765 Aspen Ridge Drive Dr,https://www.loopnet.com/Listing/765-Aspen-Ridge-Drive-Dr-Lafayette-CO/32931931/,"Lafayette, CO 80026",1.43,556000.0,40.006898203868,-105.107210150504,4585.06,5000,M,91.70%,619,BOULDER VALLEY SCHOOL DISTRICT RE-2 (134 trucks) | VIA MOBILITY SERVICES (196 trucks) | VIA MOBILITY SERVICES (116 trucks) | CU (173 trucks),152000,16569,12344344.06,"$556,000.00"
Sol_049,E Harmony & Lady Moon Dr,https://www.loopnet.com/Listing/E-Harmony-Lady-Moon-Dr-Fort-Collins-CO/11217719/,"Fort Collins, CO 80528",2.2,1054007.0,40.523221679275,-105.010799488523,5618.16,10000,L,56.18%,972,NOVUS AG LLC (444 trucks) | CITY OF FORT COLLINS (285 trucks) | Poudre School District  (243 trucks),152000,16569,12344344.06,"$1,054,007.00"
Sol_050,2544 11th Ave,https://www.loopnet.com/Listing/2544-11th-Ave-Greeley-CO/35100267/,"Greeley, CO 80631",0.15,350000.0,40.395690645275,-104.69657283495,336.5,1000,XS,33.65%,145,WELD COUNTY PUBLIC WORKS DEPARTMENT (145 trucks),137000,15017,11444344.06,"$350,000.00"
Sol_050,831 N Clarkson St,https://www.loopnet.com/Listing/831-N-Clarkson-St-Denver-CO/38142797/,"Denver, CO 80218",0.18,899000.0,39.729919009716,-104.977904960968,4580.9400000000005,5000,M,91.62%,521,FARMERS ALL NATURAL (121 trucks) | CO TRAN LLC (275 trucks) | SUPERSHUTTLE DENVER (125 trucks),137000,15017,11444344.06,"$899,000.00"
Sol_050,422 Perry St,https://www.loopnet.com/Listing/422-Perry-St-Castle-Rock-CO/38421711/,"Castle Rock, CO 80104",0.24,605821.24,39.374148794158,-104.858322527659,2577.81,5000,M,51.56%,389,GREAT SOUTHWESTERN CONSTRUCTION INC (280 trucks) | TOWN OF CASTLE ROCK  (109 trucks),137000,15017,11444344.06,"$605,821.24"
Sol_050,239 S Main St,https://www.loopnet.com/Listing/239-S-Main-St-Brighton-CO/27424620/,"Brighton, CO 80601",0.31,250000.0,39.982905257485,-104.822555605705,1694.9,2000,S,84.75%,267,G&Z TRANSPORT LLC (147 trucks) | SIM TRUCKING INC (120 trucks),137000,15017,11444344.06,"$250,000.00"
Sol_050,20th & Blake St,https://www.loopnet.com/Listing/20th-Blake-St-Land-Denver-CO/26158810/,"Denver, CO 80205",0.32,1320000.0,39.754299409573,-104.994304825083,9307.460000000001,10000,L,93.07%,1347,RES (149 trucks) | MPLX G&P (144 trucks) | CONCRETE EXPRESS INC (128 trucks) | COORS DISTRIBUTING COMPANY MILLER COORS LLC (105 trucks) | U S TRANSPORT INC (200 trucks) | WASTE CONNECTIONS OF COLORADO INC (486 trucks) | SURESHOT DRILLING LLC ATOZ FIELD SERVICES LLC DRILL TECH LLC PINNACLE DEVELOPMENT INC HDD SPECIALISTS LLC (135 trucks),137000,15017,11444344.06,"$1,320,000.00"
Sol_050,1560 N Academy Blvd,https://www.loopnet.com/Listing/1560-N-Academy-Blvd-Colorado-Springs-CO/3886433/,"Colorado Springs, CO 80909",0.64,416700.0,38.854776988204,-104.75774002483,5689.619999999999,10000,L,56.90%,1031,COLORADO SPRINGS SCHOOL DISTRICT 11 (130 trucks) | MOUNTAIN METROPOLITAN TRANSIT (144 trucks) | CITY OF COLORADO SPRINGS (326 trucks) | El PASO COUNTY (112 trucks) | GOODWILL OF COLORADO (134 trucks) | VECTRUS SYSTEMS CORPORATION (185 trucks),137000,15017,11444344.06,"$416,700.00"
Sol_050,3401 S Yosemite St,https://www.loopnet.com/Listing/3401-S-Yosemite-St-Denver-CO/39837277/,"Denver, CO 80231",0.64,675000.0,39.654049416843,-104.88550562639,19524.48,20000,XL,97.62%,2867,COMCAST (194 trucks) | SWINGLE TREE & LANDSCAPE CARE (135 trucks) | CITY LIGHT AND POWER INC (121 trucks) | WHEEL PROS LLC (182 trucks) | GLOBAL TRANSPORTATION LLC (442 trucks) | HBSCO DANS TRASH AT YOUR DISPOSAL (110 trucks) | CITY OF AURORA (271 trucks) | ORICA USA INC (215 trucks) | ENTERPRISE RENT-A-CAR NATIONAL RENT A CAR ALAMO RENT A CAR (421 trucks) | AURORA PUBLIC SCHOOLS (127 trucks) | METCO LANDSCAPING INC (226 trucks) | WAGNER EQUIPMENT CO (423 trucks),137000,15017,11444344.06,"$675,000.00"
Sol_050,4237 McWhinney Blvd,https://www.loopnet.com/Listing/4237-McWhinney-Blvd-Loveland-CO/23974785/,"Loveland, CO 80538",0.65,871347.9,40.408208389025,-105.017378025231,252.96,1000,XS,25.30%,109,LOVELAND MUNICIPALITY (109 trucks),137000,15017,11444344.06,"$871,347.90"
Sol_050,7300 W Jefferson Ave,https://www.loopnet.com/Listing/7300-W-Jefferson-Ave-Lakewood-CO/38419312/,"Lakewood, CO 80235",0.66,379999.0,39.649773884125,-105.079540805378,10536.92,20000,XL,52.68%,1415,QUALITY LOGISTICS INC (135 trucks) | KEESEN ENTERPRISES INC (263 trucks) | PROCAM SERVICES  (101 trucks) | JEFFCO SCHOOLS (274 trucks) | JEFFERSON COUNTY (120 trucks) | HOLCIM WCR INC (298 trucks) | PACIFIC SHIPPING & TRUCKING CO INC (109 trucks) | ENIVIRONMENTAL LANDWORKS COMPANY INC (115 trucks),137000,15017,11444344.06,"$379,999.00"
Sol_050,9190 W 84th Ave,https://www.loopnet.com/Listing/9190-W-84th-Ave-Arvada-CO/38160305/,"Arvada, CO 80005",0.67,499000.0,39.849854027782,-105.100317795342,6920.830000000001,10000,L,69.21%,1365,ALPINE MILLWORK COMPANY DBA ROCKY MOUNTAIN RELOAD (141 trucks) | CITY OF ARVADA (100 trucks) | GEOSTABILIZATION INTERNATIONAL LLC (155 trucks) | COLD FRONT (121 trucks) | SITEWISE LLC (145 trucks) | CITY OF THORNTON (208 trucks) | CITY OF THORNTON (174 trucks) | TRI-STATE GENERATION & TRANSMISSION ASSOCIATION INC (321 trucks),137000,15017,11444344.06,"$499,000.00"
Sol_050,10431 Quari St,https://www.loopnet.com/Listing/10431-Quari-St-Commerce-City-CO/29119294/,"Commerce City, CO 80022",0.72,270000.0,39.886267655476,-104.844980046547,7354.02,10000,L,73.54%,1013,ENVIRONMENTAL DESIGNS LLC (156 trucks) | BALIC TRANSPORT INC (120 trucks) | BURNCO COLORADO LLC (146 trucks) | WEST DIRECT OIL (140 trucks) | OFFEN PETROLEUM LLC (269 trucks) | ADAMS 12 FIVE STAR SCHOOLS (182 trucks),137000,15017,11444344.06,"$270,000.00"
Sol_050,NEC N Fairgrounds Ave,https://www.loopnet.com/Listing/NEC-N-Fairgrounds-Ave-Windsor-CO/29890025/,"Windsor, CO 80528",0.74,483449.0,40.437732372143,-104.982630626628,304.01,1000,XS,30.40%,131,LARIMER COUNTY (131 trucks),137000,15017,11444344.06,"$483,449.00"
Sol_050,11958 Lincoln Ave,https://www.loopnet.com/Listing/Lincoln-Ave-Parker-CO/39741118/,"Parker, CO 80138",0.86,495000.0,39.536519536914,-104.76116705724,13220.13,20000,XL,66.10%,1835,ACCELERATED SERVICES LLC (373 trucks) | AMERICAN FURNITURE WAREHOUSE CO (340 trucks) | TERRACARE ASSOCIATES LLC (156 trucks) | IHC SCOTT INC (214 trucks) | BUCKLEY POWDER CO (217 trucks) | CH2M OMI CH2MHILL JACOBS (183 trucks) | CHERRY CREEK SCHOOLS (352 trucks),137000,15017,11444344.06,"$495,000.00"
Sol_050,NWQ Highway 119 and I-25,https://www.loopnet.com/Listing/NWQ-Highway-119-and-I-25-Firestone-CO/31431092/,"Firestone, CO 80504",1.28,949000.0,40.160746988915,-104.978709958949,3529.55,5000,M,70.59%,606,WARD ELECTRIC COMPANY INC (222 trucks) | HEAT WAVES HOT OIL SERVICE LLC (201 trucks) | SUPREME TRANSPORT INC (183 trucks),137000,15017,11444344.06,"$949,000.00"
Sol_050,13987 Foster ct,https://www.loopnet.com/Listing/13987-Foster-ct-Longmont-CO/34579366/,"Longmont, CO 80504",1.42,1370019.92,40.140476603851,-105.119700024426,1399.2,2000,S,69.96%,385,CITY OF LONGMONT (211 trucks) | ST VRAIN VALLEY SCHOOL DISTRICT (174 trucks),137000,15017,11444344.06,"$1,370,019.92"
Sol_050,765 Aspen Ridge Drive Dr,https://www.loopnet.com/Listing/765-Aspen-Ridge-Drive-Dr-Lafayette-CO/32931931/,"Lafayette, CO 80026",1.43,556000.0,40.006898203868,-105.107210150504,4585.06,5000,M,91.70%,619,BOULDER VALLEY SCHOOL DISTRICT RE-2 (134 trucks) | VIA MOBILITY SERVICES (196 trucks) | VIA MOBILITY SERVICES (116 trucks) | CU (173 trucks),137000,15017,11444344.06,"$556,000.00"
Sol_050,E Harmony & Lady Moon Dr,https://www.loopnet.com/Listing/E-Harmony-Lady-Moon-Dr-Fort-Collins-CO/11217719/,"Fort Collins, CO 80528",2.2,1054007.0,40.523221679275,-105.010799488523,5618.16,10000,L,56.18%,972,NOVUS AG LLC (444 trucks) | CITY OF FORT COLLINS (285 trucks) | Poudre School District  (243 trucks),137000,15017,11444344.06,"$1,054,007.00"
Sol_051,2544 11th Ave,https://www.loopnet.com/Listing/2544-11th-Ave-Greeley-CO/35100267/,"Greeley, CO 80631",0.15,350000.0,40.395690645275,-104.69657283495,336.5,1000,XS,33.65%,145,WELD COUNTY PUBLIC WORKS DEPARTMENT (145 trucks),135000,14748,11174344.06,"$350,000.00"
Sol_051,831 N Clarkson St,https://www.loopnet.com/Listing/831-N-Clarkson-St-Denver-CO/38142797/,"Denver, CO 80218",0.18,899000.0,39.729919009716,-104.977904960968,4580.9400000000005,5000,M,91.62%,521,FARMERS ALL NATURAL (121 trucks) | CO TRAN LLC (275 trucks) | SUPERSHUTTLE DENVER (125 trucks),135000,14748,11174344.06,"$899,000.00"
Sol_051,422 Perry St,https://www.loopnet.com/Listing/422-Perry-St-Castle-Rock-CO/38421711/,"Castle Rock, CO 80104",0.24,605821.24,39.374148794158,-104.858322527659,2577.81,5000,M,51.56%,389,GREAT SOUTHWESTERN CONSTRUCTION INC (280 trucks) | TOWN OF CASTLE ROCK  (109 trucks),135000,14748,11174344.06,"$605,821.24"
Sol_051,239 S Main St,https://www.loopnet.com/Listing/239-S-Main-St-Brighton-CO/27424620/,"Brighton, CO 80601",0.31,250000.0,39.982905257485,-104.822555605705,5864.05,10000,L,58.64%,829,G&Z TRANSPORT LLC (147 trucks) | SIM TRUCKING INC (120 trucks) | ENVIRONMENTAL DESIGNS LLC (156 trucks) | BALIC TRANSPORT INC (120 trucks) | BURNCO COLORADO LLC (146 trucks) | WEST DIRECT OIL (140 trucks),135000,14748,11174344.06,"$250,000.00"
Sol_051,20th & Blake St,https://www.loopnet.com/Listing/20th-Blake-St-Land-Denver-CO/26158810/,"Denver, CO 80205",0.32,1320000.0,39.754299409573,-104.994304825083,9307.460000000001,10000,L,93.07%,1347,RES (149 trucks) | MPLX G&P (144 trucks) | CONCRETE EXPRESS INC (128 trucks) | COORS DISTRIBUTING COMPANY MILLER COORS LLC (105 trucks) | U S TRANSPORT INC (200 trucks) | WASTE CONNECTIONS OF COLORADO INC (486 trucks) | SURESHOT DRILLING LLC ATOZ FIELD SERVICES LLC DRILL TECH LLC PINNACLE DEVELOPMENT INC HDD SPECIALISTS LLC (135 trucks),135000,14748,11174344.06,"$1,320,000.00"
Sol_051,1560 N Academy Blvd,https://www.loopnet.com/Listing/1560-N-Academy-Blvd-Colorado-Springs-CO/3886433/,"Colorado Springs, CO 80909",0.64,416700.0,38.854776988204,-104.75774002483,5689.619999999999,10000,L,56.90%,1031,COLORADO SPRINGS SCHOOL DISTRICT 11 (130 trucks) | MOUNTAIN METROPOLITAN TRANSIT (144 trucks) | CITY OF COLORADO SPRINGS (326 trucks) | El PASO COUNTY (112 trucks) | GOODWILL OF COLORADO (134 trucks) | VECTRUS SYSTEMS CORPORATION (185 trucks),135000,14748,11174344.06,"$416,700.00"
Sol_051,3401 S Yosemite St,https://www.loopnet.com/Listing/3401-S-Yosemite-St-Denver-CO/39837277/,"Denver, CO 80231",0.64,675000.0,39.654049416843,-104.88550562639,19524.48,20000,XL,97.62%,2867,COMCAST (194 trucks) | SWINGLE TREE & LANDSCAPE CARE (135 trucks) | CITY LIGHT AND POWER INC (121 trucks) | WHEEL PROS LLC (182 trucks) | GLOBAL TRANSPORTATION LLC (442 trucks) | HBSCO DANS TRASH AT YOUR DISPOSAL (110 trucks) | CITY OF AURORA (271 trucks) | ORICA USA INC (215 trucks) | ENTERPRISE RENT-A-CAR NATIONAL RENT A CAR ALAMO RENT A CAR (421 trucks) | AURORA PUBLIC SCHOOLS (127 trucks) | METCO LANDSCAPING INC (226 trucks) | WAGNER EQUIPMENT CO (423 trucks),135000,14748,11174344.06,"$675,000.00"
Sol_051,4237 McWhinney Blvd,https://www.loopnet.com/Listing/4237-McWhinney-Blvd-Loveland-CO/23974785/,"Loveland, CO 80538",0.65,871347.9,40.408208389025,-105.017378025231,252.96,1000,XS,25.30%,109,LOVELAND MUNICIPALITY (109 trucks),135000,14748,11174344.06,"$871,347.90"
Sol_051,7300 W Jefferson Ave,https://www.loopnet.com/Listing/7300-W-Jefferson-Ave-Lakewood-CO/38419312/,"Lakewood, CO 80235",0.66,379999.0,39.649773884125,-105.079540805378,10536.92,20000,XL,52.68%,1415,QUALITY LOGISTICS INC (135 trucks) | KEESEN ENTERPRISES INC (263 trucks) | PROCAM SERVICES  (101 trucks) | JEFFCO SCHOOLS (274 trucks) | JEFFERSON COUNTY (120 trucks) | HOLCIM WCR INC (298 trucks) | PACIFIC SHIPPING & TRUCKING CO INC (109 trucks) | ENIVIRONMENTAL LANDWORKS COMPANY INC (115 trucks),135000,14748,11174344.06,"$379,999.00"
Sol_051,9190 W 84th Ave,https://www.loopnet.com/Listing/9190-W-84th-Ave-Arvada-CO/38160305/,"Arvada, CO 80005",0.67,499000.0,39.849854027782,-105.100317795342,7872.180000000001,10000,L,78.72%,1547,ALPINE MILLWORK COMPANY DBA ROCKY MOUNTAIN RELOAD (141 trucks) | CITY OF ARVADA (100 trucks) | GEOSTABILIZATION INTERNATIONAL LLC (155 trucks) | COLD FRONT (121 trucks) | SITEWISE LLC (145 trucks) | CITY OF THORNTON (208 trucks) | CITY OF THORNTON (174 trucks) | TRI-STATE GENERATION & TRANSMISSION ASSOCIATION INC (321 trucks) | ADAMS 12 FIVE STAR SCHOOLS (182 trucks),135000,14748,11174344.06,"$499,000.00"
Sol_051,NEC N Fairgrounds Ave,https://www.loopnet.com/Listing/NEC-N-Fairgrounds-Ave-Windsor-CO/29890025/,"Windsor, CO 80528",0.74,483449.0,40.437732372143,-104.982630626628,304.01,1000,XS,30.40%,131,LARIMER COUNTY (131 trucks),135000,14748,11174344.06,"$483,449.00"
Sol_051,11958 Lincoln Ave,https://www.loopnet.com/Listing/Lincoln-Ave-Parker-CO/39741118/,"Parker, CO 80138",0.86,495000.0,39.536519536914,-104.76116705724,13220.13,20000,XL,66.10%,1835,ACCELERATED SERVICES LLC (373 trucks) | AMERICAN FURNITURE WAREHOUSE CO (340 trucks) | TERRACARE ASSOCIATES LLC (156 trucks) | IHC SCOTT INC (214 trucks) | BUCKLEY POWDER CO (217 trucks) | CH2M OMI CH2MHILL JACOBS (183 trucks) | CHERRY CREEK SCHOOLS (352 trucks),135000,14748,11174344.06,"$495,000.00"
Sol_051,NWQ Highway 119 and I-25,https://www.loopnet.com/Listing/NWQ-Highway-119-and-I-25-Firestone-CO/31431092/,"Firestone, CO 80504",1.28,949000.0,40.160746988915,-104.978709958949,3529.55,5000,M,70.59%,606,WARD ELECTRIC COMPANY INC (222 trucks) | HEAT WAVES HOT OIL SERVICE LLC (201 trucks) | SUPREME TRANSPORT INC (183 trucks),135000,14748,11174344.06,"$949,000.00"
Sol_051,13987 Foster ct,https://www.loopnet.com/Listing/13987-Foster-ct-Longmont-CO/34579366/,"Longmont, CO 80504",1.42,1370019.92,40.140476603851,-105.119700024426,1399.2,2000,S,69.96%,385,CITY OF LONGMONT (211 trucks) | ST VRAIN VALLEY SCHOOL DISTRICT (174 trucks),135000,14748,11174344.06,"$1,370,019.92"
Sol_051,765 Aspen Ridge Drive Dr,https://www.loopnet.com/Listing/765-Aspen-Ridge-Drive-Dr-Lafayette-CO/32931931/,"Lafayette, CO 80026",1.43,556000.0,40.006898203868,-105.107210150504,4585.06,5000,M,91.70%,619,BOULDER VALLEY SCHOOL DISTRICT RE-2 (134 trucks) | VIA MOBILITY SERVICES (196 trucks) | VIA MOBILITY SERVICES (116 trucks) | CU (173 trucks),135000,14748,11174344.06,"$556,000.00"
Sol_051,E Harmony & Lady Moon Dr,https://www.loopnet.com/Listing/E-Harmony-Lady-Moon-Dr-Fort-Collins-CO/11217719/,"Fort Collins, CO 80528",2.2,1054007.0,40.523221679275,-105.010799488523,5618.16,10000,L,56.18%,972,NOVUS AG LLC (444 trucks) | CITY OF FORT COLLINS (285 trucks) | Poudre School District  (243 trucks),135000,14748,11174344.06,"$1,054,007.00"
Sol_052,2544 11th Ave,https://www.loopnet.com/Listing/2544-11th-Ave-Greeley-CO/35100267/,"Greeley, CO 80631",0.15,350000.0,40.395690645275,-104.69657283495,336.5,1000,XS,33.65%,145,WELD COUNTY PUBLIC WORKS DEPARTMENT (145 trucks),115000,12627,10499344.06,"$350,000.00"
Sol_052,831 N Clarkson St,https://www.loopnet.com/Listing/831-N-Clarkson-St-Denver-CO/38142797/,"Denver, CO 80218",0.18,899000.0,39.729919009716,-104.977904960968,4580.9400000000005,5000,M,91.62%,521,FARMERS ALL NATURAL (121 trucks) | CO TRAN LLC (275 trucks) | SUPERSHUTTLE DENVER (125 trucks),115000,12627,10499344.06,"$899,000.00"
Sol_052,422 Perry St,https://www.loopnet.com/Listing/422-Perry-St-Castle-Rock-CO/38421711/,"Castle Rock, CO 80104",0.24,605821.24,39.374148794158,-104.858322527659,2577.81,5000,M,51.56%,389,GREAT SOUTHWESTERN CONSTRUCTION INC (280 trucks) | TOWN OF CASTLE ROCK  (109 trucks),115000,12627,10499344.06,"$605,821.24"
Sol_052,239 S Main St,https://www.loopnet.com/Listing/239-S-Main-St-Brighton-CO/27424620/,"Brighton, CO 80601",0.31,250000.0,39.982905257485,-104.822555605705,5864.05,10000,L,58.64%,829,G&Z TRANSPORT LLC (147 trucks) | SIM TRUCKING INC (120 trucks) | ENVIRONMENTAL DESIGNS LLC (156 trucks) | BALIC TRANSPORT INC (120 trucks) | BURNCO COLORADO LLC (146 trucks) | WEST DIRECT OIL (140 trucks),115000,12627,10499344.06,"$250,000.00"
Sol_052,20th & Blake St,https://www.loopnet.com/Listing/20th-Blake-St-Land-Denver-CO/26158810/,"Denver, CO 80205",0.32,1320000.0,39.754299409573,-104.994304825083,9307.460000000001,10000,L,93.07%,1347,RES (149 trucks) | MPLX G&P (144 trucks) | CONCRETE EXPRESS INC (128 trucks) | COORS DISTRIBUTING COMPANY MILLER COORS LLC (105 trucks) | U S TRANSPORT INC (200 trucks) | WASTE CONNECTIONS OF COLORADO INC (486 trucks) | SURESHOT DRILLING LLC ATOZ FIELD SERVICES LLC DRILL TECH LLC PINNACLE DEVELOPMENT INC HDD SPECIALISTS LLC (135 trucks),115000,12627,10499344.06,"$1,320,000.00"
Sol_052,1560 N Academy Blvd,https://www.loopnet.com/Listing/1560-N-Academy-Blvd-Colorado-Springs-CO/3886433/,"Colorado Springs, CO 80909",0.64,416700.0,38.854776988204,-104.75774002483,5689.619999999999,10000,L,56.90%,1031,COLORADO SPRINGS SCHOOL DISTRICT 11 (130 trucks) | MOUNTAIN METROPOLITAN TRANSIT (144 trucks) | CITY OF COLORADO SPRINGS (326 trucks) | El PASO COUNTY (112 trucks) | GOODWILL OF COLORADO (134 trucks) | VECTRUS SYSTEMS CORPORATION (185 trucks),115000,12627,10499344.06,"$416,700.00"
Sol_052,4237 McWhinney Blvd,https://www.loopnet.com/Listing/4237-McWhinney-Blvd-Loveland-CO/23974785/,"Loveland, CO 80538",0.65,871347.9,40.408208389025,-105.017378025231,252.96,1000,XS,25.30%,109,LOVELAND MUNICIPALITY (109 trucks),115000,12627,10499344.06,"$871,347.90"
Sol_052,7300 W Jefferson Ave,https://www.loopnet.com/Listing/7300-W-Jefferson-Ave-Lakewood-CO/38419312/,"Lakewood, CO 80235",0.66,379999.0,39.649773884125,-105.079540805378,10536.92,20000,XL,52.68%,1415,QUALITY LOGISTICS INC (135 trucks) | KEESEN ENTERPRISES INC (263 trucks) | PROCAM SERVICES  (101 trucks) | JEFFCO SCHOOLS (274 trucks) | JEFFERSON COUNTY (120 trucks) | HOLCIM WCR INC (298 trucks) | PACIFIC SHIPPING & TRUCKING CO INC (109 trucks) | ENIVIRONMENTAL LANDWORKS COMPANY INC (115 trucks),115000,12627,10499344.06,"$379,999.00"
Sol_052,9190 W 84th Ave,https://www.loopnet.com/Listing/9190-W-84th-Ave-Arvada-CO/38160305/,"Arvada, CO 80005",0.67,499000.0,39.849854027782,-105.100317795342,7872.180000000001,10000,L,78.72%,1547,ALPINE MILLWORK COMPANY DBA ROCKY MOUNTAIN RELOAD (141 trucks) | CITY OF ARVADA (100 trucks) | GEOSTABILIZATION INTERNATIONAL LLC (155 trucks) | COLD FRONT (121 trucks) | SITEWISE LLC (145 trucks) | CITY OF THORNTON (208 trucks) | CITY OF THORNTON (174 trucks) | TRI-STATE GENERATION & TRANSMISSION ASSOCIATION INC (321 trucks) | ADAMS 12 FIVE STAR SCHOOLS (182 trucks),115000,12627,10499344.06,"$499,000.00"
Sol_052,NEC N Fairgrounds Ave,https://www.loopnet.com/Listing/NEC-N-Fairgrounds-Ave-Windsor-CO/29890025/,"Windsor, CO 80528",0.74,483449.0,40.437732372143,-104.982630626628,304.01,1000,XS,30.40%,131,LARIMER COUNTY (131 trucks),115000,12627,10499344.06,"$483,449.00"
Sol_052,11958 Lincoln Ave,https://www.loopnet.com/Listing/Lincoln-Ave-Parker-CO/39741118/,"Parker, CO 80138",0.86,495000.0,39.536519536914,-104.76116705724,18264.289999999997,20000,XL,91.32%,2581,ACCELERATED SERVICES LLC (373 trucks) | AMERICAN FURNITURE WAREHOUSE CO (340 trucks) | TERRACARE ASSOCIATES LLC (156 trucks) | IHC SCOTT INC (214 trucks) | BUCKLEY POWDER CO (217 trucks) | CH2M OMI CH2MHILL JACOBS (183 trucks) | ORICA USA INC (215 trucks) | CHERRY CREEK SCHOOLS (352 trucks) | HBSCO DANS TRASH AT YOUR DISPOSAL (110 trucks) | ENTERPRISE RENT-A-CAR NATIONAL RENT A CAR ALAMO RENT A CAR (421 trucks),115000,12627,10499344.06,"$495,000.00"
Sol_052,NWQ Highway 119 and I-25,https://www.loopnet.com/Listing/NWQ-Highway-119-and-I-25-Firestone-CO/31431092/,"Firestone, CO 80504",1.28,949000.0,40.160746988915,-104.978709958949,3529.55,5000,M,70.59%,606,WARD ELECTRIC COMPANY INC (222 trucks) | HEAT WAVES HOT OIL SERVICE LLC (201 trucks) | SUPREME TRANSPORT INC (183 trucks),115000,12627,10499344.06,"$949,000.00"
Sol_052,13987 Foster ct,https://www.loopnet.com/Listing/13987-Foster-ct-Longmont-CO/34579366/,"Longmont, CO 80504",1.42,1370019.92,40.140476603851,-105.119700024426,1399.2,2000,S,69.96%,385,CITY OF LONGMONT (211 trucks) | ST VRAIN VALLEY SCHOOL DISTRICT (174 trucks),115000,12627,10499344.06,"$1,370,019.92"
Sol_052,765 Aspen Ridge Drive Dr,https://www.loopnet.com/Listing/765-Aspen-Ridge-Drive-Dr-Lafayette-CO/32931931/,"Lafayette, CO 80026",1.43,556000.0,40.006898203868,-105.107210150504,4585.06,5000,M,91.70%,619,BOULDER VALLEY SCHOOL DISTRICT RE-2 (134 trucks) | VIA MOBILITY SERVICES (196 trucks) | VIA MOBILITY SERVICES (116 trucks) | CU (173 trucks),115000,12627,10499344.06,"$556,000.00"
Sol_052,E Harmony & Lady Moon Dr,https://www.loopnet.com/Listing/E-Harmony-Lady-Moon-Dr-Fort-Collins-CO/11217719/,"Fort Collins, CO 80528",2.2,1054007.0,40.523221679275,-105.010799488523,5618.16,10000,L,56.18%,972,NOVUS AG LLC (444 trucks) | CITY OF FORT COLLINS (285 trucks) | Poudre School District  (243 trucks),115000,12627,10499344.06,"$1,054,007.00"
Sol_053,2544 11th Ave,https://www.loopnet.com/Listing/2544-11th-Ave-Greeley-CO/35100267/,"Greeley, CO 80631",0.15,350000.0,40.395690645275,-104.69657283495,336.5,1000,XS,33.65%,145,WELD COUNTY PUBLIC WORKS DEPARTMENT (145 trucks),135000,14748,11174344.06,"$350,000.00"
Sol_053,831 N Clarkson St,https://www.loopnet.com/Listing/831-N-Clarkson-St-Denver-CO/38142797/,"Denver, CO 80218",0.18,899000.0,39.729919009716,-104.977904960968,4580.9400000000005,5000,M,91.62%,521,FARMERS ALL NATURAL (121 trucks) | CO TRAN LLC (275 trucks) | SUPERSHUTTLE DENVER (125 trucks),135000,14748,11174344.06,"$899,000.00"
Sol_053,422 Perry St,https://www.loopnet.com/Listing/422-Perry-St-Castle-Rock-CO/38421711/,"Castle Rock, CO 80104",0.24,605821.24,39.374148794158,-104.858322527659,2577.81,5000,M,51.56%,389,GREAT SOUTHWESTERN CONSTRUCTION INC (280 trucks) | TOWN OF CASTLE ROCK  (109 trucks),135000,14748,11174344.06,"$605,821.24"
Sol_053,239 S Main St,https://www.loopnet.com/Listing/239-S-Main-St-Brighton-CO/27424620/,"Brighton, CO 80601",0.31,250000.0,39.982905257485,-104.822555605705,5864.05,10000,L,58.64%,829,G&Z TRANSPORT LLC (147 trucks) | SIM TRUCKING INC (120 trucks) | ENVIRONMENTAL DESIGNS LLC (156 trucks) | BALIC TRANSPORT INC (120 trucks) | BURNCO COLORADO LLC (146 trucks) | WEST DIRECT OIL (140 trucks),135000,14748,11174344.06,"$250,000.00"
Sol_053,20th & Blake St,https://www.loopnet.com/Listing/20th-Blake-St-Land-Denver-CO/26158810/,"Denver, CO 80205",0.32,1320000.0,39.754299409573,-104.994304825083,9307.460000000001,10000,L,93.07%,1347,RES (149 trucks) | MPLX G&P (144 trucks) | CONCRETE EXPRESS INC (128 trucks) | COORS DISTRIBUTING COMPANY MILLER COORS LLC (105 trucks) | U S TRANSPORT INC (200 trucks) | WASTE CONNECTIONS OF COLORADO INC (486 trucks) | SURESHOT DRILLING LLC ATOZ FIELD SERVICES LLC DRILL TECH LLC PINNACLE DEVELOPMENT INC HDD SPECIALISTS LLC (135 trucks),135000,14748,11174344.06,"$1,320,000.00"
Sol_053,1560 N Academy Blvd,https://www.loopnet.com/Listing/1560-N-Academy-Blvd-Colorado-Springs-CO/3886433/,"Colorado Springs, CO 80909",0.64,416700.0,38.854776988204,-104.75774002483,5689.619999999999,10000,L,56.90%,1031,COLORADO SPRINGS SCHOOL DISTRICT 11 (130 trucks) | MOUNTAIN METROPOLITAN TRANSIT (144 trucks) | CITY OF COLORADO SPRINGS (326 trucks) | El PASO COUNTY (112 trucks) | GOODWILL OF COLORADO (134 trucks) | VECTRUS SYSTEMS CORPORATION (185 trucks),135000,14748,11174344.06,"$416,700.00"
Sol_053,3401 S Yosemite St,https://www.loopnet.com/Listing/3401-S-Yosemite-St-Denver-CO/39837277/,"Denver, CO 80231",0.64,675000.0,39.654049416843,-104.88550562639,19524.48,20000,XL,97.62%,2867,COMCAST (194 trucks) | SWINGLE TREE & LANDSCAPE CARE (135 trucks) | CITY LIGHT AND POWER INC (121 trucks) | WHEEL PROS LLC (182 trucks) | GLOBAL TRANSPORTATION LLC (442 trucks) | HBSCO DANS TRASH AT YOUR DISPOSAL (110 trucks) | CITY OF AURORA (271 trucks) | ORICA USA INC (215 trucks) | ENTERPRISE RENT-A-CAR NATIONAL RENT A CAR ALAMO RENT A CAR (421 trucks) | AURORA PUBLIC SCHOOLS (127 trucks) | METCO LANDSCAPING INC (226 trucks) | WAGNER EQUIPMENT CO (423 trucks),135000,14748,11174344.06,"$675,000.00"
Sol_053,4237 McWhinney Blvd,https://www.loopnet.com/Listing/4237-McWhinney-Blvd-Loveland-CO/23974785/,"Loveland, CO 80538",0.65,871347.9,40.408208389025,-105.017378025231,252.96,1000,XS,25.30%,109,LOVELAND MUNICIPALITY (109 trucks),135000,14748,11174344.06,"$871,347.90"
Sol_053,7300 W Jefferson Ave,https://www.loopnet.com/Listing/7300-W-Jefferson-Ave-Lakewood-CO/38419312/,"Lakewood, CO 80235",0.66,379999.0,39.649773884125,-105.079540805378,10536.92,20000,XL,52.68%,1415,QUALITY LOGISTICS INC (135 trucks) | KEESEN ENTERPRISES INC (263 trucks) | PROCAM SERVICES  (101 trucks) | JEFFCO SCHOOLS (274 trucks) | JEFFERSON COUNTY (120 trucks) | HOLCIM WCR INC (298 trucks) | PACIFIC SHIPPING & TRUCKING CO INC (109 trucks) | ENIVIRONMENTAL LANDWORKS COMPANY INC (115 trucks),135000,14748,11174344.06,"$379,999.00"
Sol_053,9190 W 84th Ave,https://www.loopnet.com/Listing/9190-W-84th-Ave-Arvada-CO/38160305/,"Arvada, CO 80005",0.67,499000.0,39.849854027782,-105.100317795342,7872.180000000001,10000,L,78.72%,1547,ALPINE MILLWORK COMPANY DBA ROCKY MOUNTAIN RELOAD (141 trucks) | CITY OF ARVADA (100 trucks) | GEOSTABILIZATION INTERNATIONAL LLC (155 trucks) | COLD FRONT (121 trucks) | SITEWISE LLC (145 trucks) | CITY OF THORNTON (208 trucks) | CITY OF THORNTON (174 trucks) | TRI-STATE GENERATION & TRANSMISSION ASSOCIATION INC (321 trucks) | ADAMS 12 FIVE STAR SCHOOLS (182 trucks),135000,14748,11174344.06,"$499,000.00"
Sol_053,NEC N Fairgrounds Ave,https://www.loopnet.com/Listing/NEC-N-Fairgrounds-Ave-Windsor-CO/29890025/,"Windsor, CO 80528",0.74,483449.0,40.437732372143,-104.982630626628,304.01,1000,XS,30.40%,131,LARIMER COUNTY (131 trucks),135000,14748,11174344.06,"$483,449.00"
Sol_053,11958 Lincoln Ave,https://www.loopnet.com/Listing/Lincoln-Ave-Parker-CO/39741118/,"Parker, CO 80138",0.86,495000.0,39.536519536914,-104.76116705724,13220.13,20000,XL,66.10%,1835,ACCELERATED SERVICES LLC (373 trucks) | AMERICAN FURNITURE WAREHOUSE CO (340 trucks) | TERRACARE ASSOCIATES LLC (156 trucks) | IHC SCOTT INC (214 trucks) | BUCKLEY POWDER CO (217 trucks) | CH2M OMI CH2MHILL JACOBS (183 trucks) | CHERRY CREEK SCHOOLS (352 trucks),135000,14748,11174344.06,"$495,000.00"
Sol_053,NWQ Highway 119 and I-25,https://www.loopnet.com/Listing/NWQ-Highway-119-and-I-25-Firestone-CO/31431092/,"Firestone, CO 80504",1.28,949000.0,40.160746988915,-104.978709958949,3529.55,5000,M,70.59%,606,WARD ELECTRIC COMPANY INC (222 trucks) | HEAT WAVES HOT OIL SERVICE LLC (201 trucks) | SUPREME TRANSPORT INC (183 trucks),135000,14748,11174344.06,"$949,000.00"
Sol_053,13987 Foster ct,https://www.loopnet.com/Listing/13987-Foster-ct-Longmont-CO/34579366/,"Longmont, CO 80504",1.42,1370019.92,40.140476603851,-105.119700024426,1399.2,2000,S,69.96%,385,CITY OF LONGMONT (211 trucks) | ST VRAIN VALLEY SCHOOL DISTRICT (174 trucks),135000,14748,11174344.06,"$1,370,019.92"
Sol_053,765 Aspen Ridge Drive Dr,https://www.loopnet.com/Listing/765-Aspen-Ridge-Drive-Dr-Lafayette-CO/32931931/,"Lafayette, CO 80026",1.43,556000.0,40.006898203868,-105.107210150504,4585.06,5000,M,91.70%,619,BOULDER VALLEY SCHOOL DISTRICT RE-2 (134 trucks) | VIA MOBILITY SERVICES (196 trucks) | VIA MOBILITY SERVICES (116 trucks) | CU (173 trucks),135000,14748,11174344.06,"$556,000.00"
Sol_053,E Harmony & Lady Moon Dr,https://www.loopnet.com/Listing/E-Harmony-Lady-Moon-Dr-Fort-Collins-CO/11217719/,"Fort Collins, CO 80528",2.2,1054007.0,40.523221679275,-105.010799488523,5618.16,10000,L,56.18%,972,NOVUS AG LLC (444 trucks) | CITY OF FORT COLLINS (285 trucks) | Poudre School District  (243 trucks),135000,14748,11174344.06,"$1,054,007.00"
Sol_054,2544 11th Ave,https://www.loopnet.com/Listing/2544-11th-Ave-Greeley-CO/35100267/,"Greeley, CO 80631",0.15,350000.0,40.395690645275,-104.69657283495,336.5,1000,XS,33.65%,145,WELD COUNTY PUBLIC WORKS DEPARTMENT (145 trucks),115000,12627,10499344.06,"$350,000.00"
Sol_054,831 N Clarkson St,https://www.loopnet.com/Listing/831-N-Clarkson-St-Denver-CO/38142797/,"Denver, CO 80218",0.18,899000.0,39.729919009716,-104.977904960968,4580.9400000000005,5000,M,91.62%,521,FARMERS ALL NATURAL (121 trucks) | CO TRAN LLC (275 trucks) | SUPERSHUTTLE DENVER (125 trucks),115000,12627,10499344.06,"$899,000.00"
Sol_054,422 Perry St,https://www.loopnet.com/Listing/422-Perry-St-Castle-Rock-CO/38421711/,"Castle Rock, CO 80104",0.24,605821.24,39.374148794158,-104.858322527659,2577.81,5000,M,51.56%,389,GREAT SOUTHWESTERN CONSTRUCTION INC (280 trucks) | TOWN OF CASTLE ROCK  (109 trucks),115000,12627,10499344.06,"$605,821.24"
Sol_054,239 S Main St,https://www.loopnet.com/Listing/239-S-Main-St-Brighton-CO/27424620/,"Brighton, CO 80601",0.31,250000.0,39.982905257485,-104.822555605705,5864.05,10000,L,58.64%,829,G&Z TRANSPORT LLC (147 trucks) | SIM TRUCKING INC (120 trucks) | ENVIRONMENTAL DESIGNS LLC (156 trucks) | BALIC TRANSPORT INC (120 trucks) | BURNCO COLORADO LLC (146 trucks) | WEST DIRECT OIL (140 trucks),115000,12627,10499344.06,"$250,000.00"
Sol_054,20th & Blake St,https://www.loopnet.com/Listing/20th-Blake-St-Land-Denver-CO/26158810/,"Denver, CO 80205",0.32,1320000.0,39.754299409573,-104.994304825083,9307.460000000001,10000,L,93.07%,1347,RES (149 trucks) | MPLX G&P (144 trucks) | CONCRETE EXPRESS INC (128 trucks) | COORS DISTRIBUTING COMPANY MILLER COORS LLC (105 trucks) | U S TRANSPORT INC (200 trucks) | WASTE CONNECTIONS OF COLORADO INC (486 trucks) | SURESHOT DRILLING LLC ATOZ FIELD SERVICES LLC DRILL TECH LLC PINNACLE DEVELOPMENT INC HDD SPECIALISTS LLC (135 trucks),115000,12627,10499344.06,"$1,320,000.00"
Sol_054,1560 N Academy Blvd,https://www.loopnet.com/Listing/1560-N-Academy-Blvd-Colorado-Springs-CO/3886433/,"Colorado Springs, CO 80909",0.64,416700.0,38.854776988204,-104.75774002483,5689.619999999999,10000,L,56.90%,1031,COLORADO SPRINGS SCHOOL DISTRICT 11 (130 trucks) | MOUNTAIN METROPOLITAN TRANSIT (144 trucks) | CITY OF COLORADO SPRINGS (326 trucks) | El PASO COUNTY (112 trucks) | GOODWILL OF COLORADO (134 trucks) | VECTRUS SYSTEMS CORPORATION (185 trucks),115000,12627,10499344.06,"$416,700.00"
Sol_054,4237 McWhinney Blvd,https://www.loopnet.com/Listing/4237-McWhinney-Blvd-Loveland-CO/23974785/,"Loveland, CO 80538",0.65,871347.9,40.408208389025,-105.017378025231,252.96,1000,XS,25.30%,109,LOVELAND MUNICIPALITY (109 trucks),115000,12627,10499344.06,"$871,347.90"
Sol_054,7300 W Jefferson Ave,https://www.loopnet.com/Listing/7300-W-Jefferson-Ave-Lakewood-CO/38419312/,"Lakewood, CO 80235",0.66,379999.0,39.649773884125,-105.079540805378,10536.92,20000,XL,52.68%,1415,QUALITY LOGISTICS INC (135 trucks) | KEESEN ENTERPRISES INC (263 trucks) | PROCAM SERVICES  (101 trucks) | JEFFCO SCHOOLS (274 trucks) | JEFFERSON COUNTY (120 trucks) | HOLCIM WCR INC (298 trucks) | PACIFIC SHIPPING & TRUCKING CO INC (109 trucks) | ENIVIRONMENTAL LANDWORKS COMPANY INC (115 trucks),115000,12627,10499344.06,"$379,999.00"
Sol_054,9190 W 84th Ave,https://www.loopnet.com/Listing/9190-W-84th-Ave-Arvada-CO/38160305/,"Arvada, CO 80005",0.67,499000.0,39.849854027782,-105.100317795342,7872.180000000001,10000,L,78.72%,1547,ALPINE MILLWORK COMPANY DBA ROCKY MOUNTAIN RELOAD (141 trucks) | CITY OF ARVADA (100 trucks) | GEOSTABILIZATION INTERNATIONAL LLC (155 trucks) | COLD FRONT (121 trucks) | SITEWISE LLC (145 trucks) | CITY OF THORNTON (208 trucks) | CITY OF THORNTON (174 trucks) | TRI-STATE GENERATION & TRANSMISSION ASSOCIATION INC (321 trucks) | ADAMS 12 FIVE STAR SCHOOLS (182 trucks),115000,12627,10499344.06,"$499,000.00"
Sol_054,NEC N Fairgrounds Ave,https://www.loopnet.com/Listing/NEC-N-Fairgrounds-Ave-Windsor-CO/29890025/,"Windsor, CO 80528",0.74,483449.0,40.437732372143,-104.982630626628,304.01,1000,XS,30.40%,131,LARIMER COUNTY (131 trucks),115000,12627,10499344.06,"$483,449.00"
Sol_054,11958 Lincoln Ave,https://www.loopnet.com/Listing/Lincoln-Ave-Parker-CO/39741118/,"Parker, CO 80138",0.86,495000.0,39.536519536914,-104.76116705724,18264.289999999997,20000,XL,91.32%,2581,ACCELERATED SERVICES LLC (373 trucks) | AMERICAN FURNITURE WAREHOUSE CO (340 trucks) | TERRACARE ASSOCIATES LLC (156 trucks) | IHC SCOTT INC (214 trucks) | BUCKLEY POWDER CO (217 trucks) | CH2M OMI CH2MHILL JACOBS (183 trucks) | ORICA USA INC (215 trucks) | CHERRY CREEK SCHOOLS (352 trucks) | HBSCO DANS TRASH AT YOUR DISPOSAL (110 trucks) | ENTERPRISE RENT-A-CAR NATIONAL RENT A CAR ALAMO RENT A CAR (421 trucks),115000,12627,10499344.06,"$495,000.00"
Sol_054,NWQ Highway 119 and I-25,https://www.loopnet.com/Listing/NWQ-Highway-119-and-I-25-Firestone-CO/31431092/,"Firestone, CO 80504",1.28,949000.0,40.160746988915,-104.978709958949,3529.55,5000,M,70.59%,606,WARD ELECTRIC COMPANY INC (222 trucks) | HEAT WAVES HOT OIL SERVICE LLC (201 trucks) | SUPREME TRANSPORT INC (183 trucks),115000,12627,10499344.06,"$949,000.00"
Sol_054,13987 Foster ct,https://www.loopnet.com/Listing/13987-Foster-ct-Longmont-CO/34579366/,"Longmont, CO 80504",1.42,1370019.92,40.140476603851,-105.119700024426,1399.2,2000,S,69.96%,385,CITY OF LONGMONT (211 trucks) | ST VRAIN VALLEY SCHOOL DISTRICT (174 trucks),115000,12627,10499344.06,"$1,370,019.92"
Sol_054,765 Aspen Ridge Drive Dr,https://www.loopnet.com/Listing/765-Aspen-Ridge-Drive-Dr-Lafayette-CO/32931931/,"Lafayette, CO 80026",1.43,556000.0,40.006898203868,-105.107210150504,4585.06,5000,M,91.70%,619,BOULDER VALLEY SCHOOL DISTRICT RE-2 (134 trucks) | VIA MOBILITY SERVICES (196 trucks) | VIA MOBILITY SERVICES (116 trucks) | CU (173 trucks),115000,12627,10499344.06,"$556,000.00"
Sol_054,E Harmony & Lady Moon Dr,https://www.loopnet.com/Listing/E-Harmony-Lady-Moon-Dr-Fort-Collins-CO/11217719/,"Fort Collins, CO 80528",2.2,1054007.0,40.523221679275,-105.010799488523,5618.16,10000,L,56.18%,972,NOVUS AG LLC (444 trucks) | CITY OF FORT COLLINS (285 trucks) | Poudre School District  (243 trucks),115000,12627,10499344.06,"$1,054,007.00"
Sol_055,2544 11th Ave,https://www.loopnet.com/Listing/2544-11th-Ave-Greeley-CO/35100267/,"Greeley, CO 80631",0.15,350000.0,40.395690645275,-104.69657283495,336.5,1000,XS,33.65%,145,WELD COUNTY PUBLIC WORKS DEPARTMENT (145 trucks),152000,16569,12344344.06,"$350,000.00"
Sol_055,831 N Clarkson St,https://www.loopnet.com/Listing/831-N-Clarkson-St-Denver-CO/38142797/,"Denver, CO 80218",0.18,899000.0,39.729919009716,-104.977904960968,4580.9400000000005,5000,M,91.62%,521,FARMERS ALL NATURAL (121 trucks) | CO TRAN LLC (275 trucks) | SUPERSHUTTLE DENVER (125 trucks),152000,16569,12344344.06,"$899,000.00"
Sol_055,422 Perry St,https://www.loopnet.com/Listing/422-Perry-St-Castle-Rock-CO/38421711/,"Castle Rock, CO 80104",0.24,605821.24,39.374148794158,-104.858322527659,2577.81,5000,M,51.56%,389,GREAT SOUTHWESTERN CONSTRUCTION INC (280 trucks) | TOWN OF CASTLE ROCK  (109 trucks),152000,16569,12344344.06,"$605,821.24"
Sol_055,239 S Main St,https://www.loopnet.com/Listing/239-S-Main-St-Brighton-CO/27424620/,"Brighton, CO 80601",0.31,250000.0,39.982905257485,-104.822555605705,1694.9,2000,S,84.75%,267,G&Z TRANSPORT LLC (147 trucks) | SIM TRUCKING INC (120 trucks),152000,16569,12344344.06,"$250,000.00"
Sol_055,20th & Blake St,https://www.loopnet.com/Listing/20th-Blake-St-Land-Denver-CO/26158810/,"Denver, CO 80205",0.32,1320000.0,39.754299409573,-104.994304825083,7615.27,10000,L,76.15%,1147,RES (149 trucks) | MPLX G&P (144 trucks) | CONCRETE EXPRESS INC (128 trucks) | COMPASS VEHICLE RENTAL INC (170 trucks) | UNITED SITE SERVICES OF NEVADA INC (409 trucks) | UNITED SITE SERVICES OF COLORADO INC (147 trucks),152000,16569,12344344.06,"$1,320,000.00"
Sol_055,1560 N Academy Blvd,https://www.loopnet.com/Listing/1560-N-Academy-Blvd-Colorado-Springs-CO/3886433/,"Colorado Springs, CO 80909",0.64,416700.0,38.854776988204,-104.75774002483,5689.619999999999,10000,L,56.90%,1031,COLORADO SPRINGS SCHOOL DISTRICT 11 (130 trucks) | MOUNTAIN METROPOLITAN TRANSIT (144 trucks) | CITY OF COLORADO SPRINGS (326 trucks) | El PASO COUNTY (112 trucks) | GOODWILL OF COLORADO (134 trucks) | VECTRUS SYSTEMS CORPORATION (185 trucks),152000,16569,12344344.06,"$416,700.00"
Sol_055,3401 S Yosemite St,https://www.loopnet.com/Listing/3401-S-Yosemite-St-Denver-CO/39837277/,"Denver, CO 80231",0.64,675000.0,39.654049416843,-104.88550562639,19524.48,20000,XL,97.62%,2867,COMCAST (194 trucks) | SWINGLE TREE & LANDSCAPE CARE (135 trucks) | CITY LIGHT AND POWER INC (121 trucks) | WHEEL PROS LLC (182 trucks) | GLOBAL TRANSPORTATION LLC (442 trucks) | HBSCO DANS TRASH AT YOUR DISPOSAL (110 trucks) | CITY OF AURORA (271 trucks) | ORICA USA INC (215 trucks) | ENTERPRISE RENT-A-CAR NATIONAL RENT A CAR ALAMO RENT A CAR (421 trucks) | AURORA PUBLIC SCHOOLS (127 trucks) | METCO LANDSCAPING INC (226 trucks) | WAGNER EQUIPMENT CO (423 trucks),152000,16569,12344344.06,"$675,000.00"
Sol_055,4237 McWhinney Blvd,https://www.loopnet.com/Listing/4237-McWhinney-Blvd-Loveland-CO/23974785/,"Loveland, CO 80538",0.65,871347.9,40.408208389025,-105.017378025231,252.96,1000,XS,25.30%,109,LOVELAND MUNICIPALITY (109 trucks),152000,16569,12344344.06,"$871,347.90"
Sol_055,7300 W Jefferson Ave,https://www.loopnet.com/Listing/7300-W-Jefferson-Ave-Lakewood-CO/38419312/,"Lakewood, CO 80235",0.66,379999.0,39.649773884125,-105.079540805378,10536.92,20000,XL,52.68%,1415,QUALITY LOGISTICS INC (135 trucks) | KEESEN ENTERPRISES INC (263 trucks) | PROCAM SERVICES  (101 trucks) | JEFFCO SCHOOLS (274 trucks) | JEFFERSON COUNTY (120 trucks) | HOLCIM WCR INC (298 trucks) | PACIFIC SHIPPING & TRUCKING CO INC (109 trucks) | ENIVIRONMENTAL LANDWORKS COMPANY INC (115 trucks),152000,16569,12344344.06,"$379,999.00"
Sol_055,9190 W 84th Ave,https://www.loopnet.com/Listing/9190-W-84th-Ave-Arvada-CO/38160305/,"Arvada, CO 80005",0.67,499000.0,39.849854027782,-105.100317795342,4904.2,5000,M,98.08%,862,ALPINE MILLWORK COMPANY DBA ROCKY MOUNTAIN RELOAD (141 trucks) | CITY OF ARVADA (100 trucks) | GEOSTABILIZATION INTERNATIONAL LLC (155 trucks) | SITEWISE LLC (145 trucks) | TRI-STATE GENERATION & TRANSMISSION ASSOCIATION INC (321 trucks),152000,16569,12344344.06,"$499,000.00"
Sol_055,10431 Quari St,https://www.loopnet.com/Listing/10431-Quari-St-Commerce-City-CO/29119294/,"Commerce City, CO 80022",0.72,270000.0,39.886267655476,-104.844980046547,5120.5,10000,L,51.20%,744,ENVIRONMENTAL DESIGNS LLC (156 trucks) | BALIC TRANSPORT INC (120 trucks) | BURNCO COLORADO LLC (146 trucks) | WEST DIRECT OIL (140 trucks) | ADAMS 12 FIVE STAR SCHOOLS (182 trucks),152000,16569,12344344.06,"$270,000.00"
Sol_055,NEC N Fairgrounds Ave,https://www.loopnet.com/Listing/NEC-N-Fairgrounds-Ave-Windsor-CO/29890025/,"Windsor, CO 80528",0.74,483449.0,40.437732372143,-104.982630626628,304.01,1000,XS,30.40%,131,LARIMER COUNTY (131 trucks),152000,16569,12344344.06,"$483,449.00"
Sol_055,11958 Lincoln Ave,https://www.loopnet.com/Listing/Lincoln-Ave-Parker-CO/39741118/,"Parker, CO 80138",0.86,495000.0,39.536519536914,-104.76116705724,13220.13,20000,XL,66.10%,1835,ACCELERATED SERVICES LLC (373 trucks) | AMERICAN FURNITURE WAREHOUSE CO (340 trucks) | TERRACARE ASSOCIATES LLC (156 trucks) | IHC SCOTT INC (214 trucks) | BUCKLEY POWDER CO (217 trucks) | CH2M OMI CH2MHILL JACOBS (183 trucks) | CHERRY CREEK SCHOOLS (352 trucks),152000,16569,12344344.06,"$495,000.00"
Sol_055,2980 W 60th Ave,https://www.loopnet.com/Listing/2980-W-60th-Ave-Denver-CO/12107088/,"Denver, CO 80221",1.14,900000.0,39.805386957185,-105.022150208489,18066.22,20000,XL,90.33%,2524,NAVAJO EXPRESS INC (309 trucks) | COORS DISTRIBUTING COMPANY MILLER COORS LLC (105 trucks) | COLD FRONT (121 trucks) | U S TRANSPORT INC (200 trucks) | SURESHOT DRILLING LLC ATOZ FIELD SERVICES LLC DRILL TECH LLC PINNACLE DEVELOPMENT INC HDD SPECIALISTS LLC (135 trucks) | EAGLE ROCK DISTRIBUTING COMPANY OF COLORADO LLC (148 trucks) | COCAL LANDSCAPE SERVICES INC (153 trucks) | WASTE CONNECTIONS OF COLORADO INC (486 trucks) | RMS CRANES (139 trucks) | WESTERN DISTRIBUTING TRANSPORTATION CORP (155 trucks) | READY MIX CONCRETE COMPANY (191 trucks) | CITY OF THORNTON (208 trucks) | CITY OF THORNTON (174 trucks),152000,16569,12344344.06,"$900,000.00"
Sol_055,NWQ Highway 119 and I-25,https://www.loopnet.com/Listing/NWQ-Highway-119-and-I-25-Firestone-CO/31431092/,"Firestone, CO 80504",1.28,949000.0,40.160746988915,-104.978709958949,3529.55,5000,M,70.59%,606,WARD ELECTRIC COMPANY INC (222 trucks) | HEAT WAVES HOT OIL SERVICE LLC (201 trucks) | SUPREME TRANSPORT INC (183 trucks),152000,16569,12344344.06,"$949,000.00"
Sol_055,13987 Foster ct,https://www.loopnet.com/Listing/13987-Foster-ct-Longmont-CO/34579366/,"Longmont, CO 80504",1.42,1370019.92,40.140476603851,-105.119700024426,1399.2,2000,S,69.96%,385,CITY OF LONGMONT (211 trucks) | ST VRAIN VALLEY SCHOOL DISTRICT (174 trucks),152000,16569,12344344.06,"$1,370,019.92"
Sol_055,765 Aspen Ridge Drive Dr,https://www.loopnet.com/Listing/765-Aspen-Ridge-Drive-Dr-Lafayette-CO/32931931/,"Lafayette, CO 80026",1.43,556000.0,40.006898203868,-105.107210150504,4585.06,5000,M,91.70%,619,BOULDER VALLEY SCHOOL DISTRICT RE-2 (134 trucks) | VIA MOBILITY SERVICES (196 trucks) | VIA MOBILITY SERVICES (116 trucks) | CU (173 trucks),152000,16569,12344344.06,"$556,000.00"
Sol_055,E Harmony & Lady Moon Dr,https://www.loopnet.com/Listing/E-Harmony-Lady-Moon-Dr-Fort-Collins-CO/11217719/,"Fort Collins, CO 80528",2.2,1054007.0,40.523221679275,-105.010799488523,5618.16,10000,L,56.18%,972,NOVUS AG LLC (444 trucks) | CITY OF FORT COLLINS (285 trucks) | Poudre School District  (243 trucks),152000,16569,12344344.06,"$1,054,007.00"
Sol_056,2544 11th Ave,https://www.loopnet.com/Listing/2544-11th-Ave-Greeley-CO/35100267/,"Greeley, CO 80631",0.15,350000.0,40.395690645275,-104.69657283495,336.5,1000,XS,33.65%,145,WELD COUNTY PUBLIC WORKS DEPARTMENT (145 trucks),115000,12627,10499344.06,"$350,000.00"
Sol_056,831 N Clarkson St,https://www.loopnet.com/Listing/831-N-Clarkson-St-Denver-CO/38142797/,"Denver, CO 80218",0.18,899000.0,39.729919009716,-104.977904960968,4580.9400000000005,5000,M,91.62%,521,FARMERS ALL NATURAL (121 trucks) | CO TRAN LLC (275 trucks) | SUPERSHUTTLE DENVER (125 trucks),115000,12627,10499344.06,"$899,000.00"
Sol_056,422 Perry St,https://www.loopnet.com/Listing/422-Perry-St-Castle-Rock-CO/38421711/,"Castle Rock, CO 80104",0.24,605821.24,39.374148794158,-104.858322527659,2577.81,5000,M,51.56%,389,GREAT SOUTHWESTERN CONSTRUCTION INC (280 trucks) | TOWN OF CASTLE ROCK  (109 trucks),115000,12627,10499344.06,"$605,821.24"
Sol_056,239 S Main St,https://www.loopnet.com/Listing/239-S-Main-St-Brighton-CO/27424620/,"Brighton, CO 80601",0.31,250000.0,39.982905257485,-104.822555605705,5864.05,10000,L,58.64%,829,G&Z TRANSPORT LLC (147 trucks) | SIM TRUCKING INC (120 trucks) | ENVIRONMENTAL DESIGNS LLC (156 trucks) | BALIC TRANSPORT INC (120 trucks) | BURNCO COLORADO LLC (146 trucks) | WEST DIRECT OIL (140 trucks),115000,12627,10499344.06,"$250,000.00"
Sol_056,20th & Blake St,https://www.loopnet.com/Listing/20th-Blake-St-Land-Denver-CO/26158810/,"Denver, CO 80205",0.32,1320000.0,39.754299409573,-104.994304825083,9307.460000000001,10000,L,93.07%,1347,RES (149 trucks) | MPLX G&P (144 trucks) | CONCRETE EXPRESS INC (128 trucks) | COORS DISTRIBUTING COMPANY MILLER COORS LLC (105 trucks) | U S TRANSPORT INC (200 trucks) | WASTE CONNECTIONS OF COLORADO INC (486 trucks) | SURESHOT DRILLING LLC ATOZ FIELD SERVICES LLC DRILL TECH LLC PINNACLE DEVELOPMENT INC HDD SPECIALISTS LLC (135 trucks),115000,12627,10499344.06,"$1,320,000.00"
Sol_056,1560 N Academy Blvd,https://www.loopnet.com/Listing/1560-N-Academy-Blvd-Colorado-Springs-CO/3886433/,"Colorado Springs, CO 80909",0.64,416700.0,38.854776988204,-104.75774002483,5689.619999999999,10000,L,56.90%,1031,COLORADO SPRINGS SCHOOL DISTRICT 11 (130 trucks) | MOUNTAIN METROPOLITAN TRANSIT (144 trucks) | CITY OF COLORADO SPRINGS (326 trucks) | El PASO COUNTY (112 trucks) | GOODWILL OF COLORADO (134 trucks) | VECTRUS SYSTEMS CORPORATION (185 trucks),115000,12627,10499344.06,"$416,700.00"
Sol_056,4237 McWhinney Blvd,https://www.loopnet.com/Listing/4237-McWhinney-Blvd-Loveland-CO/23974785/,"Loveland, CO 80538",0.65,871347.9,40.408208389025,-105.017378025231,252.96,1000,XS,25.30%,109,LOVELAND MUNICIPALITY (109 trucks),115000,12627,10499344.06,"$871,347.90"
Sol_056,7300 W Jefferson Ave,https://www.loopnet.com/Listing/7300-W-Jefferson-Ave-Lakewood-CO/38419312/,"Lakewood, CO 80235",0.66,379999.0,39.649773884125,-105.079540805378,10536.92,20000,XL,52.68%,1415,QUALITY LOGISTICS INC (135 trucks) | KEESEN ENTERPRISES INC (263 trucks) | PROCAM SERVICES  (101 trucks) | JEFFCO SCHOOLS (274 trucks) | JEFFERSON COUNTY (120 trucks) | HOLCIM WCR INC (298 trucks) | PACIFIC SHIPPING & TRUCKING CO INC (109 trucks) | ENIVIRONMENTAL LANDWORKS COMPANY INC (115 trucks),115000,12627,10499344.06,"$379,999.00"
Sol_056,9190 W 84th Ave,https://www.loopnet.com/Listing/9190-W-84th-Ave-Arvada-CO/38160305/,"Arvada, CO 80005",0.67,499000.0,39.849854027782,-105.100317795342,7872.180000000001,10000,L,78.72%,1547,ALPINE MILLWORK COMPANY DBA ROCKY MOUNTAIN RELOAD (141 trucks) | CITY OF ARVADA (100 trucks) | GEOSTABILIZATION INTERNATIONAL LLC (155 trucks) | COLD FRONT (121 trucks) | SITEWISE LLC (145 trucks) | CITY OF THORNTON (208 trucks) | CITY OF THORNTON (174 trucks) | TRI-STATE GENERATION & TRANSMISSION ASSOCIATION INC (321 trucks) | ADAMS 12 FIVE STAR SCHOOLS (182 trucks),115000,12627,10499344.06,"$499,000.00"
Sol_056,NEC N Fairgrounds Ave,https://www.loopnet.com/Listing/NEC-N-Fairgrounds-Ave-Windsor-CO/29890025/,"Windsor, CO 80528",0.74,483449.0,40.437732372143,-104.982630626628,304.01,1000,XS,30.40%,131,LARIMER COUNTY (131 trucks),115000,12627,10499344.06,"$483,449.00"
Sol_056,11958 Lincoln Ave,https://www.loopnet.com/Listing/Lincoln-Ave-Parker-CO/39741118/,"Parker, CO 80138",0.86,495000.0,39.536519536914,-104.76116705724,18264.289999999997,20000,XL,91.32%,2581,ACCELERATED SERVICES LLC (373 trucks) | AMERICAN FURNITURE WAREHOUSE CO (340 trucks) | TERRACARE ASSOCIATES LLC (156 trucks) | IHC SCOTT INC (214 trucks) | BUCKLEY POWDER CO (217 trucks) | CH2M OMI CH2MHILL JACOBS (183 trucks) | ORICA USA INC (215 trucks) | CHERRY CREEK SCHOOLS (352 trucks) | HBSCO DANS TRASH AT YOUR DISPOSAL (110 trucks) | ENTERPRISE RENT-A-CAR NATIONAL RENT A CAR ALAMO RENT A CAR (421 trucks),115000,12627,10499344.06,"$495,000.00"
Sol_056,NWQ Highway 119 and I-25,https://www.loopnet.com/Listing/NWQ-Highway-119-and-I-25-Firestone-CO/31431092/,"Firestone, CO 80504",1.28,949000.0,40.160746988915,-104.978709958949,3529.55,5000,M,70.59%,606,WARD ELECTRIC COMPANY INC (222 trucks) | HEAT WAVES HOT OIL SERVICE LLC (201 trucks) | SUPREME TRANSPORT INC (183 trucks),115000,12627,10499344.06,"$949,000.00"
Sol_056,13987 Foster ct,https://www.loopnet.com/Listing/13987-Foster-ct-Longmont-CO/34579366/,"Longmont, CO 80504",1.42,1370019.92,40.140476603851,-105.119700024426,1399.2,2000,S,69.96%,385,CITY OF LONGMONT (211 trucks) | ST VRAIN VALLEY SCHOOL DISTRICT (174 trucks),115000,12627,10499344.06,"$1,370,019.92"
Sol_056,765 Aspen Ridge Drive Dr,https://www.loopnet.com/Listing/765-Aspen-Ridge-Drive-Dr-Lafayette-CO/32931931/,"Lafayette, CO 80026",1.43,556000.0,40.006898203868,-105.107210150504,4585.06,5000,M,91.70%,619,BOULDER VALLEY SCHOOL DISTRICT RE-2 (134 trucks) | VIA MOBILITY SERVICES (196 trucks) | VIA MOBILITY SERVICES (116 trucks) | CU (173 trucks),115000,12627,10499344.06,"$556,000.00"
Sol_056,E Harmony & Lady Moon Dr,https://www.loopnet.com/Listing/E-Harmony-Lady-Moon-Dr-Fort-Collins-CO/11217719/,"Fort Collins, CO 80528",2.2,1054007.0,40.523221679275,-105.010799488523,5618.16,10000,L,56.18%,972,NOVUS AG LLC (444 trucks) | CITY OF FORT COLLINS (285 trucks) | Poudre School District  (243 trucks),115000,12627,10499344.06,"$1,054,007.00"
Sol_057,2544 11th Ave,https://www.loopnet.com/Listing/2544-11th-Ave-Greeley-CO/35100267/,"Greeley, CO 80631",0.15,350000.0,40.395690645275,-104.69657283495,336.5,1000,XS,33.65%,145,WELD COUNTY PUBLIC WORKS DEPARTMENT (145 trucks),115000,12627,10499344.06,"$350,000.00"
Sol_057,831 N Clarkson St,https://www.loopnet.com/Listing/831-N-Clarkson-St-Denver-CO/38142797/,"Denver, CO 80218",0.18,899000.0,39.729919009716,-104.977904960968,4580.9400000000005,5000,M,91.62%,521,FARMERS ALL NATURAL (121 trucks) | CO TRAN LLC (275 trucks) | SUPERSHUTTLE DENVER (125 trucks),115000,12627,10499344.06,"$899,000.00"
Sol_057,422 Perry St,https://www.loopnet.com/Listing/422-Perry-St-Castle-Rock-CO/38421711/,"Castle Rock, CO 80104",0.24,605821.24,39.374148794158,-104.858322527659,2577.81,5000,M,51.56%,389,GREAT SOUTHWESTERN CONSTRUCTION INC (280 trucks) | TOWN OF CASTLE ROCK  (109 trucks),115000,12627,10499344.06,"$605,821.24"
Sol_057,239 S Main St,https://www.loopnet.com/Listing/239-S-Main-St-Brighton-CO/27424620/,"Brighton, CO 80601",0.31,250000.0,39.982905257485,-104.822555605705,5864.05,10000,L,58.64%,829,G&Z TRANSPORT LLC (147 trucks) | SIM TRUCKING INC (120 trucks) | ENVIRONMENTAL DESIGNS LLC (156 trucks) | BALIC TRANSPORT INC (120 trucks) | BURNCO COLORADO LLC (146 trucks) | WEST DIRECT OIL (140 trucks),115000,12627,10499344.06,"$250,000.00"
Sol_057,20th & Blake St,https://www.loopnet.com/Listing/20th-Blake-St-Land-Denver-CO/26158810/,"Denver, CO 80205",0.32,1320000.0,39.754299409573,-104.994304825083,9307.460000000001,10000,L,93.07%,1347,RES (149 trucks) | MPLX G&P (144 trucks) | CONCRETE EXPRESS INC (128 trucks) | COORS DISTRIBUTING COMPANY MILLER COORS LLC (105 trucks) | U S TRANSPORT INC (200 trucks) | WASTE CONNECTIONS OF COLORADO INC (486 trucks) | SURESHOT DRILLING LLC ATOZ FIELD SERVICES LLC DRILL TECH LLC PINNACLE DEVELOPMENT INC HDD SPECIALISTS LLC (135 trucks),115000,12627,10499344.06,"$1,320,000.00"
Sol_057,1560 N Academy Blvd,https://www.loopnet.com/Listing/1560-N-Academy-Blvd-Colorado-Springs-CO/3886433/,"Colorado Springs, CO 80909",0.64,416700.0,38.854776988204,-104.75774002483,5689.619999999999,10000,L,56.90%,1031,COLORADO SPRINGS SCHOOL DISTRICT 11 (130 trucks) | MOUNTAIN METROPOLITAN TRANSIT (144 trucks) | CITY OF COLORADO SPRINGS (326 trucks) | El PASO COUNTY (112 trucks) | GOODWILL OF COLORADO (134 trucks) | VECTRUS SYSTEMS CORPORATION (185 trucks),115000,12627,10499344.06,"$416,700.00"
Sol_057,4237 McWhinney Blvd,https://www.loopnet.com/Listing/4237-McWhinney-Blvd-Loveland-CO/23974785/,"Loveland, CO 80538",0.65,871347.9,40.408208389025,-105.017378025231,252.96,1000,XS,25.30%,109,LOVELAND MUNICIPALITY (109 trucks),115000,12627,10499344.06,"$871,347.90"
Sol_057,7300 W Jefferson Ave,https://www.loopnet.com/Listing/7300-W-Jefferson-Ave-Lakewood-CO/38419312/,"Lakewood, CO 80235",0.66,379999.0,39.649773884125,-105.079540805378,10536.92,20000,XL,52.68%,1415,QUALITY LOGISTICS INC (135 trucks) | KEESEN ENTERPRISES INC (263 trucks) | PROCAM SERVICES  (101 trucks) | JEFFCO SCHOOLS (274 trucks) | JEFFERSON COUNTY (120 trucks) | HOLCIM WCR INC (298 trucks) | PACIFIC SHIPPING & TRUCKING CO INC (109 trucks) | ENIVIRONMENTAL LANDWORKS COMPANY INC (115 trucks),115000,12627,10499344.06,"$379,999.00"
Sol_057,9190 W 84th Ave,https://www.loopnet.com/Listing/9190-W-84th-Ave-Arvada-CO/38160305/,"Arvada, CO 80005",0.67,499000.0,39.849854027782,-105.100317795342,7872.180000000001,10000,L,78.72%,1547,ALPINE MILLWORK COMPANY DBA ROCKY MOUNTAIN RELOAD (141 trucks) | CITY OF ARVADA (100 trucks) | GEOSTABILIZATION INTERNATIONAL LLC (155 trucks) | COLD FRONT (121 trucks) | SITEWISE LLC (145 trucks) | CITY OF THORNTON (208 trucks) | CITY OF THORNTON (174 trucks) | TRI-STATE GENERATION & TRANSMISSION ASSOCIATION INC (321 trucks) | ADAMS 12 FIVE STAR SCHOOLS (182 trucks),115000,12627,10499344.06,"$499,000.00"
Sol_057,NEC N Fairgrounds Ave,https://www.loopnet.com/Listing/NEC-N-Fairgrounds-Ave-Windsor-CO/29890025/,"Windsor, CO 80528",0.74,483449.0,40.437732372143,-104.982630626628,304.01,1000,XS,30.40%,131,LARIMER COUNTY (131 trucks),115000,12627,10499344.06,"$483,449.00"
Sol_057,11958 Lincoln Ave,https://www.loopnet.com/Listing/Lincoln-Ave-Parker-CO/39741118/,"Parker, CO 80138",0.86,495000.0,39.536519536914,-104.76116705724,18264.289999999997,20000,XL,91.32%,2581,ACCELERATED SERVICES LLC (373 trucks) | AMERICAN FURNITURE WAREHOUSE CO (340 trucks) | TERRACARE ASSOCIATES LLC (156 trucks) | IHC SCOTT INC (214 trucks) | BUCKLEY POWDER CO (217 trucks) | CH2M OMI CH2MHILL JACOBS (183 trucks) | ORICA USA INC (215 trucks) | CHERRY CREEK SCHOOLS (352 trucks) | HBSCO DANS TRASH AT YOUR DISPOSAL (110 trucks) | ENTERPRISE RENT-A-CAR NATIONAL RENT A CAR ALAMO RENT A CAR (421 trucks),115000,12627,10499344.06,"$495,000.00"
Sol_057,NWQ Highway 119 and I-25,https://www.loopnet.com/Listing/NWQ-Highway-119-and-I-25-Firestone-CO/31431092/,"Firestone, CO 80504",1.28,949000.0,40.160746988915,-104.978709958949,3529.55,5000,M,70.59%,606,WARD ELECTRIC COMPANY INC (222 trucks) | HEAT WAVES HOT OIL SERVICE LLC (201 trucks) | SUPREME TRANSPORT INC (183 trucks),115000,12627,10499344.06,"$949,000.00"
Sol_057,13987 Foster ct,https://www.loopnet.com/Listing/13987-Foster-ct-Longmont-CO/34579366/,"Longmont, CO 80504",1.42,1370019.92,40.140476603851,-105.119700024426,1399.2,2000,S,69.96%,385,CITY OF LONGMONT (211 trucks) | ST VRAIN VALLEY SCHOOL DISTRICT (174 trucks),115000,12627,10499344.06,"$1,370,019.92"
Sol_057,765 Aspen Ridge Drive Dr,https://www.loopnet.com/Listing/765-Aspen-Ridge-Drive-Dr-Lafayette-CO/32931931/,"Lafayette, CO 80026",1.43,556000.0,40.006898203868,-105.107210150504,4585.06,5000,M,91.70%,619,BOULDER VALLEY SCHOOL DISTRICT RE-2 (134 trucks) | VIA MOBILITY SERVICES (196 trucks) | VIA MOBILITY SERVICES (116 trucks) | CU (173 trucks),115000,12627,10499344.06,"$556,000.00"
Sol_057,E Harmony & Lady Moon Dr,https://www.loopnet.com/Listing/E-Harmony-Lady-Moon-Dr-Fort-Collins-CO/11217719/,"Fort Collins, CO 80528",2.2,1054007.0,40.523221679275,-105.010799488523,5618.16,10000,L,56.18%,972,NOVUS AG LLC (444 trucks) | CITY OF FORT COLLINS (285 trucks) | Poudre School District  (243 trucks),115000,12627,10499344.06,"$1,054,007.00"
Sol_058,2544 11th Ave,https://www.loopnet.com/Listing/2544-11th-Ave-Greeley-CO/35100267/,"Greeley, CO 80631",0.15,350000.0,40.395690645275,-104.69657283495,336.5,1000,XS,33.65%,145,WELD COUNTY PUBLIC WORKS DEPARTMENT (145 trucks),135000,14748,11174344.06,"$350,000.00"
Sol_058,831 N Clarkson St,https://www.loopnet.com/Listing/831-N-Clarkson-St-Denver-CO/38142797/,"Denver, CO 80218",0.18,899000.0,39.729919009716,-104.977904960968,4580.9400000000005,5000,M,91.62%,521,FARMERS ALL NATURAL (121 trucks) | CO TRAN LLC (275 trucks) | SUPERSHUTTLE DENVER (125 trucks),135000,14748,11174344.06,"$899,000.00"
Sol_058,422 Perry St,https://www.loopnet.com/Listing/422-Perry-St-Castle-Rock-CO/38421711/,"Castle Rock, CO 80104",0.24,605821.24,39.374148794158,-104.858322527659,2577.81,5000,M,51.56%,389,GREAT SOUTHWESTERN CONSTRUCTION INC (280 trucks) | TOWN OF CASTLE ROCK  (109 trucks),135000,14748,11174344.06,"$605,821.24"
Sol_058,239 S Main St,https://www.loopnet.com/Listing/239-S-Main-St-Brighton-CO/27424620/,"Brighton, CO 80601",0.31,250000.0,39.982905257485,-104.822555605705,5864.05,10000,L,58.64%,829,G&Z TRANSPORT LLC (147 trucks) | SIM TRUCKING INC (120 trucks) | ENVIRONMENTAL DESIGNS LLC (156 trucks) | BALIC TRANSPORT INC (120 trucks) | BURNCO COLORADO LLC (146 trucks) | WEST DIRECT OIL (140 trucks),135000,14748,11174344.06,"$250,000.00"
Sol_058,20th & Blake St,https://www.loopnet.com/Listing/20th-Blake-St-Land-Denver-CO/26158810/,"Denver, CO 80205",0.32,1320000.0,39.754299409573,-104.994304825083,9307.460000000001,10000,L,93.07%,1347,RES (149 trucks) | MPLX G&P (144 trucks) | CONCRETE EXPRESS INC (128 trucks) | COORS DISTRIBUTING COMPANY MILLER COORS LLC (105 trucks) | U S TRANSPORT INC (200 trucks) | WASTE CONNECTIONS OF COLORADO INC (486 trucks) | SURESHOT DRILLING LLC ATOZ FIELD SERVICES LLC DRILL TECH LLC PINNACLE DEVELOPMENT INC HDD SPECIALISTS LLC (135 trucks),135000,14748,11174344.06,"$1,320,000.00"
Sol_058,1560 N Academy Blvd,https://www.loopnet.com/Listing/1560-N-Academy-Blvd-Colorado-Springs-CO/3886433/,"Colorado Springs, CO 80909",0.64,416700.0,38.854776988204,-104.75774002483,5689.619999999999,10000,L,56.90%,1031,COLORADO SPRINGS SCHOOL DISTRICT 11 (130 trucks) | MOUNTAIN METROPOLITAN TRANSIT (144 trucks) | CITY OF COLORADO SPRINGS (326 trucks) | El PASO COUNTY (112 trucks) | GOODWILL OF COLORADO (134 trucks) | VECTRUS SYSTEMS CORPORATION (185 trucks),135000,14748,11174344.06,"$416,700.00"
Sol_058,3401 S Yosemite St,https://www.loopnet.com/Listing/3401-S-Yosemite-St-Denver-CO/39837277/,"Denver, CO 80231",0.64,675000.0,39.654049416843,-104.88550562639,19524.48,20000,XL,97.62%,2867,COMCAST (194 trucks) | SWINGLE TREE & LANDSCAPE CARE (135 trucks) | CITY LIGHT AND POWER INC (121 trucks) | WHEEL PROS LLC (182 trucks) | GLOBAL TRANSPORTATION LLC (442 trucks) | HBSCO DANS TRASH AT YOUR DISPOSAL (110 trucks) | CITY OF AURORA (271 trucks) | ORICA USA INC (215 trucks) | ENTERPRISE RENT-A-CAR NATIONAL RENT A CAR ALAMO RENT A CAR (421 trucks) | AURORA PUBLIC SCHOOLS (127 trucks) | METCO LANDSCAPING INC (226 trucks) | WAGNER EQUIPMENT CO (423 trucks),135000,14748,11174344.06,"$675,000.00"
Sol_058,4237 McWhinney Blvd,https://www.loopnet.com/Listing/4237-McWhinney-Blvd-Loveland-CO/23974785/,"Loveland, CO 80538",0.65,871347.9,40.408208389025,-105.017378025231,252.96,1000,XS,25.30%,109,LOVELAND MUNICIPALITY (109 trucks),135000,14748,11174344.06,"$871,347.90"
Sol_058,7300 W Jefferson Ave,https://www.loopnet.com/Listing/7300-W-Jefferson-Ave-Lakewood-CO/38419312/,"Lakewood, CO 80235",0.66,379999.0,39.649773884125,-105.079540805378,10536.92,20000,XL,52.68%,1415,QUALITY LOGISTICS INC (135 trucks) | KEESEN ENTERPRISES INC (263 trucks) | PROCAM SERVICES  (101 trucks) | JEFFCO SCHOOLS (274 trucks) | JEFFERSON COUNTY (120 trucks) | HOLCIM WCR INC (298 trucks) | PACIFIC SHIPPING & TRUCKING CO INC (109 trucks) | ENIVIRONMENTAL LANDWORKS COMPANY INC (115 trucks),135000,14748,11174344.06,"$379,999.00"
Sol_058,9190 W 84th Ave,https://www.loopnet.com/Listing/9190-W-84th-Ave-Arvada-CO/38160305/,"Arvada, CO 80005",0.67,499000.0,39.849854027782,-105.100317795342,7872.180000000001,10000,L,78.72%,1547,ALPINE MILLWORK COMPANY DBA ROCKY MOUNTAIN RELOAD (141 trucks) | CITY OF ARVADA (100 trucks) | GEOSTABILIZATION INTERNATIONAL LLC (155 trucks) | COLD FRONT (121 trucks) | SITEWISE LLC (145 trucks) | CITY OF THORNTON (208 trucks) | CITY OF THORNTON (174 trucks) | TRI-STATE GENERATION & TRANSMISSION ASSOCIATION INC (321 trucks) | ADAMS 12 FIVE STAR SCHOOLS (182 trucks),135000,14748,11174344.06,"$499,000.00"
Sol_058,NEC N Fairgrounds Ave,https://www.loopnet.com/Listing/NEC-N-Fairgrounds-Ave-Windsor-CO/29890025/,"Windsor, CO 80528",0.74,483449.0,40.437732372143,-104.982630626628,304.01,1000,XS,30.40%,131,LARIMER COUNTY (131 trucks),135000,14748,11174344.06,"$483,449.00"
Sol_058,11958 Lincoln Ave,https://www.loopnet.com/Listing/Lincoln-Ave-Parker-CO/39741118/,"Parker, CO 80138",0.86,495000.0,39.536519536914,-104.76116705724,13220.13,20000,XL,66.10%,1835,ACCELERATED SERVICES LLC (373 trucks) | AMERICAN FURNITURE WAREHOUSE CO (340 trucks) | TERRACARE ASSOCIATES LLC (156 trucks) | IHC SCOTT INC (214 trucks) | BUCKLEY POWDER CO (217 trucks) | CH2M OMI CH2MHILL JACOBS (183 trucks) | CHERRY CREEK SCHOOLS (352 trucks),135000,14748,11174344.06,"$495,000.00"
Sol_058,NWQ Highway 119 and I-25,https://www.loopnet.com/Listing/NWQ-Highway-119-and-I-25-Firestone-CO/31431092/,"Firestone, CO 80504",1.28,949000.0,40.160746988915,-104.978709958949,3529.55,5000,M,70.59%,606,WARD ELECTRIC COMPANY INC (222 trucks) | HEAT WAVES HOT OIL SERVICE LLC (201 trucks) | SUPREME TRANSPORT INC (183 trucks),135000,14748,11174344.06,"$949,000.00"
Sol_058,13987 Foster ct,https://www.loopnet.com/Listing/13987-Foster-ct-Longmont-CO/34579366/,"Longmont, CO 80504",1.42,1370019.92,40.140476603851,-105.119700024426,1399.2,2000,S,69.96%,385,CITY OF LONGMONT (211 trucks) | ST VRAIN VALLEY SCHOOL DISTRICT (174 trucks),135000,14748,11174344.06,"$1,370,019.92"
Sol_058,765 Aspen Ridge Drive Dr,https://www.loopnet.com/Listing/765-Aspen-Ridge-Drive-Dr-Lafayette-CO/32931931/,"Lafayette, CO 80026",1.43,556000.0,40.006898203868,-105.107210150504,4585.06,5000,M,91.70%,619,BOULDER VALLEY SCHOOL DISTRICT RE-2 (134 trucks) | VIA MOBILITY SERVICES (196 trucks) | VIA MOBILITY SERVICES (116 trucks) | CU (173 trucks),135000,14748,11174344.06,"$556,000.00"
Sol_058,E Harmony & Lady Moon Dr,https://www.loopnet.com/Listing/E-Harmony-Lady-Moon-Dr-Fort-Collins-CO/11217719/,"Fort Collins, CO 80528",2.2,1054007.0,40.523221679275,-105.010799488523,5618.16,10000,L,56.18%,972,NOVUS AG LLC (444 trucks) | CITY OF FORT COLLINS (285 trucks) | Poudre School District  (243 trucks),135000,14748,11174344.06,"$1,054,007.00"
Sol_059,2544 11th Ave,https://www.loopnet.com/Listing/2544-11th-Ave-Greeley-CO/35100267/,"Greeley, CO 80631",0.15,350000.0,40.395690645275,-104.69657283495,336.5,1000,XS,33.65%,145,WELD COUNTY PUBLIC WORKS DEPARTMENT (145 trucks),115000,12627,10499344.06,"$350,000.00"
Sol_059,831 N Clarkson St,https://www.loopnet.com/Listing/831-N-Clarkson-St-Denver-CO/38142797/,"Denver, CO 80218",0.18,899000.0,39.729919009716,-104.977904960968,4580.9400000000005,5000,M,91.62%,521,FARMERS ALL NATURAL (121 trucks) | CO TRAN LLC (275 trucks) | SUPERSHUTTLE DENVER (125 trucks),115000,12627,10499344.06,"$899,000.00"
Sol_059,422 Perry St,https://www.loopnet.com/Listing/422-Perry-St-Castle-Rock-CO/38421711/,"Castle Rock, CO 80104",0.24,605821.24,39.374148794158,-104.858322527659,2577.81,5000,M,51.56%,389,GREAT SOUTHWESTERN CONSTRUCTION INC (280 trucks) | TOWN OF CASTLE ROCK  (109 trucks),115000,12627,10499344.06,"$605,821.24"
Sol_059,239 S Main St,https://www.loopnet.com/Listing/239-S-Main-St-Brighton-CO/27424620/,"Brighton, CO 80601",0.31,250000.0,39.982905257485,-104.822555605705,5864.05,10000,L,58.64%,829,G&Z TRANSPORT LLC (147 trucks) | SIM TRUCKING INC (120 trucks) | ENVIRONMENTAL DESIGNS LLC (156 trucks) | BALIC TRANSPORT INC (120 trucks) | BURNCO COLORADO LLC (146 trucks) | WEST DIRECT OIL (140 trucks),115000,12627,10499344.06,"$250,000.00"
Sol_059,20th & Blake St,https://www.loopnet.com/Listing/20th-Blake-St-Land-Denver-CO/26158810/,"Denver, CO 80205",0.32,1320000.0,39.754299409573,-104.994304825083,9307.460000000001,10000,L,93.07%,1347,RES (149 trucks) | MPLX G&P (144 trucks) | CONCRETE EXPRESS INC (128 trucks) | COORS DISTRIBUTING COMPANY MILLER COORS LLC (105 trucks) | U S TRANSPORT INC (200 trucks) | WASTE CONNECTIONS OF COLORADO INC (486 trucks) | SURESHOT DRILLING LLC ATOZ FIELD SERVICES LLC DRILL TECH LLC PINNACLE DEVELOPMENT INC HDD SPECIALISTS LLC (135 trucks),115000,12627,10499344.06,"$1,320,000.00"
Sol_059,1560 N Academy Blvd,https://www.loopnet.com/Listing/1560-N-Academy-Blvd-Colorado-Springs-CO/3886433/,"Colorado Springs, CO 80909",0.64,416700.0,38.854776988204,-104.75774002483,5689.619999999999,10000,L,56.90%,1031,COLORADO SPRINGS SCHOOL DISTRICT 11 (130 trucks) | MOUNTAIN METROPOLITAN TRANSIT (144 trucks) | CITY OF COLORADO SPRINGS (326 trucks) | El PASO COUNTY (112 trucks) | GOODWILL OF COLORADO (134 trucks) | VECTRUS SYSTEMS CORPORATION (185 trucks),115000,12627,10499344.06,"$416,700.00"
Sol_059,4237 McWhinney Blvd,https://www.loopnet.com/Listing/4237-McWhinney-Blvd-Loveland-CO/23974785/,"Loveland, CO 80538",0.65,871347.9,40.408208389025,-105.017378025231,252.96,1000,XS,25.30%,109,LOVELAND MUNICIPALITY (109 trucks),115000,12627,10499344.06,"$871,347.90"
Sol_059,7300 W Jefferson Ave,https://www.loopnet.com/Listing/7300-W-Jefferson-Ave-Lakewood-CO/38419312/,"Lakewood, CO 80235",0.66,379999.0,39.649773884125,-105.079540805378,10536.92,20000,XL,52.68%,1415,QUALITY LOGISTICS INC (135 trucks) | KEESEN ENTERPRISES INC (263 trucks) | PROCAM SERVICES  (101 trucks) | JEFFCO SCHOOLS (274 trucks) | JEFFERSON COUNTY (120 trucks) | HOLCIM WCR INC (298 trucks) | PACIFIC SHIPPING & TRUCKING CO INC (109 trucks) | ENIVIRONMENTAL LANDWORKS COMPANY INC (115 trucks),115000,12627,10499344.06,"$379,999.00"
Sol_059,9190 W 84th Ave,https://www.loopnet.com/Listing/9190-W-84th-Ave-Arvada-CO/38160305/,"Arvada, CO 80005",0.67,499000.0,39.849854027782,-105.100317795342,7872.180000000001,10000,L,78.72%,1547,ALPINE MILLWORK COMPANY DBA ROCKY MOUNTAIN RELOAD (141 trucks) | CITY OF ARVADA (100 trucks) | GEOSTABILIZATION INTERNATIONAL LLC (155 trucks) | COLD FRONT (121 trucks) | SITEWISE LLC (145 trucks) | CITY OF THORNTON (208 trucks) | CITY OF THORNTON (174 trucks) | TRI-STATE GENERATION & TRANSMISSION ASSOCIATION INC (321 trucks) | ADAMS 12 FIVE STAR SCHOOLS (182 trucks),115000,12627,10499344.06,"$499,000.00"
Sol_059,NEC N Fairgrounds Ave,https://www.loopnet.com/Listing/NEC-N-Fairgrounds-Ave-Windsor-CO/29890025/,"Windsor, CO 80528",0.74,483449.0,40.437732372143,-104.982630626628,304.01,1000,XS,30.40%,131,LARIMER COUNTY (131 trucks),115000,12627,10499344.06,"$483,449.00"
Sol_059,11958 Lincoln Ave,https://www.loopnet.com/Listing/Lincoln-Ave-Parker-CO/39741118/,"Parker, CO 80138",0.86,495000.0,39.536519536914,-104.76116705724,18264.289999999997,20000,XL,91.32%,2581,ACCELERATED SERVICES LLC (373 trucks) | AMERICAN FURNITURE WAREHOUSE CO (340 trucks) | TERRACARE ASSOCIATES LLC (156 trucks) | IHC SCOTT INC (214 trucks) | BUCKLEY POWDER CO (217 trucks) | CH2M OMI CH2MHILL JACOBS (183 trucks) | ORICA USA INC (215 trucks) | CHERRY CREEK SCHOOLS (352 trucks) | HBSCO DANS TRASH AT YOUR DISPOSAL (110 trucks) | ENTERPRISE RENT-A-CAR NATIONAL RENT A CAR ALAMO RENT A CAR (421 trucks),115000,12627,10499344.06,"$495,000.00"
Sol_059,NWQ Highway 119 and I-25,https://www.loopnet.com/Listing/NWQ-Highway-119-and-I-25-Firestone-CO/31431092/,"Firestone, CO 80504",1.28,949000.0,40.160746988915,-104.978709958949,3529.55,5000,M,70.59%,606,WARD ELECTRIC COMPANY INC (222 trucks) | HEAT WAVES HOT OIL SERVICE LLC (201 trucks) | SUPREME TRANSPORT INC (183 trucks),115000,12627,10499344.06,"$949,000.00"
Sol_059,13987 Foster ct,https://www.loopnet.com/Listing/13987-Foster-ct-Longmont-CO/34579366/,"Longmont, CO 80504",1.42,1370019.92,40.140476603851,-105.119700024426,1399.2,2000,S,69.96%,385,CITY OF LONGMONT (211 trucks) | ST VRAIN VALLEY SCHOOL DISTRICT (174 trucks),115000,12627,10499344.06,"$1,370,019.92"
Sol_059,765 Aspen Ridge Drive Dr,https://www.loopnet.com/Listing/765-Aspen-Ridge-Drive-Dr-Lafayette-CO/32931931/,"Lafayette, CO 80026",1.43,556000.0,40.006898203868,-105.107210150504,4585.06,5000,M,91.70%,619,BOULDER VALLEY SCHOOL DISTRICT RE-2 (134 trucks) | VIA MOBILITY SERVICES (196 trucks) | VIA MOBILITY SERVICES (116 trucks) | CU (173 trucks),115000,12627,10499344.06,"$556,000.00"
Sol_059,E Harmony & Lady Moon Dr,https://www.loopnet.com/Listing/E-Harmony-Lady-Moon-Dr-Fort-Collins-CO/11217719/,"Fort Collins, CO 80528",2.2,1054007.0,40.523221679275,-105.010799488523,5618.16,10000,L,56.18%,972,NOVUS AG LLC (444 trucks) | CITY OF FORT COLLINS (285 trucks) | Poudre School District  (243 trucks),115000,12627,10499344.06,"$1,054,007.00"
Sol_060,2544 11th Ave,https://www.loopnet.com/Listing/2544-11th-Ave-Greeley-CO/35100267/,"Greeley, CO 80631",0.15,350000.0,40.395690645275,-104.69657283495,336.5,1000,XS,33.65%,145,WELD COUNTY PUBLIC WORKS DEPARTMENT (145 trucks),135000,14748,11174344.06,"$350,000.00"
Sol_060,831 N Clarkson St,https://www.loopnet.com/Listing/831-N-Clarkson-St-Denver-CO/38142797/,"Denver, CO 80218",0.18,899000.0,39.729919009716,-104.977904960968,4580.9400000000005,5000,M,91.62%,521,FARMERS ALL NATURAL (121 trucks) | CO TRAN LLC (275 trucks) | SUPERSHUTTLE DENVER (125 trucks),135000,14748,11174344.06,"$899,000.00"
Sol_060,422 Perry St,https://www.loopnet.com/Listing/422-Perry-St-Castle-Rock-CO/38421711/,"Castle Rock, CO 80104",0.24,605821.24,39.374148794158,-104.858322527659,2577.81,5000,M,51.56%,389,GREAT SOUTHWESTERN CONSTRUCTION INC (280 trucks) | TOWN OF CASTLE ROCK  (109 trucks),135000,14748,11174344.06,"$605,821.24"
Sol_060,239 S Main St,https://www.loopnet.com/Listing/239-S-Main-St-Brighton-CO/27424620/,"Brighton, CO 80601",0.31,250000.0,39.982905257485,-104.822555605705,5864.05,10000,L,58.64%,829,G&Z TRANSPORT LLC (147 trucks) | SIM TRUCKING INC (120 trucks) | ENVIRONMENTAL DESIGNS LLC (156 trucks) | BALIC TRANSPORT INC (120 trucks) | BURNCO COLORADO LLC (146 trucks) | WEST DIRECT OIL (140 trucks),135000,14748,11174344.06,"$250,000.00"
Sol_060,20th & Blake St,https://www.loopnet.com/Listing/20th-Blake-St-Land-Denver-CO/26158810/,"Denver, CO 80205",0.32,1320000.0,39.754299409573,-104.994304825083,9307.460000000001,10000,L,93.07%,1347,RES (149 trucks) | MPLX G&P (144 trucks) | CONCRETE EXPRESS INC (128 trucks) | COORS DISTRIBUTING COMPANY MILLER COORS LLC (105 trucks) | U S TRANSPORT INC (200 trucks) | WASTE CONNECTIONS OF COLORADO INC (486 trucks) | SURESHOT DRILLING LLC ATOZ FIELD SERVICES LLC DRILL TECH LLC PINNACLE DEVELOPMENT INC HDD SPECIALISTS LLC (135 trucks),135000,14748,11174344.06,"$1,320,000.00"
Sol_060,1560 N Academy Blvd,https://www.loopnet.com/Listing/1560-N-Academy-Blvd-Colorado-Springs-CO/3886433/,"Colorado Springs, CO 80909",0.64,416700.0,38.854776988204,-104.75774002483,5689.619999999999,10000,L,56.90%,1031,COLORADO SPRINGS SCHOOL DISTRICT 11 (130 trucks) | MOUNTAIN METROPOLITAN TRANSIT (144 trucks) | CITY OF COLORADO SPRINGS (326 trucks) | El PASO COUNTY (112 trucks) | GOODWILL OF COLORADO (134 trucks) | VECTRUS SYSTEMS CORPORATION (185 trucks),135000,14748,11174344.06,"$416,700.00"
Sol_060,3401 S Yosemite St,https://www.loopnet.com/Listing/3401-S-Yosemite-St-Denver-CO/39837277/,"Denver, CO 80231",0.64,675000.0,39.654049416843,-104.88550562639,19524.48,20000,XL,97.62%,2867,COMCAST (194 trucks) | SWINGLE TREE & LANDSCAPE CARE (135 trucks) | CITY LIGHT AND POWER INC (121 trucks) | WHEEL PROS LLC (182 trucks) | GLOBAL TRANSPORTATION LLC (442 trucks) | HBSCO DANS TRASH AT YOUR DISPOSAL (110 trucks) | CITY OF AURORA (271 trucks) | ORICA USA INC (215 trucks) | ENTERPRISE RENT-A-CAR NATIONAL RENT A CAR ALAMO RENT A CAR (421 trucks) | AURORA PUBLIC SCHOOLS (127 trucks) | METCO LANDSCAPING INC (226 trucks) | WAGNER EQUIPMENT CO (423 trucks),135000,14748,11174344.06,"$675,000.00"
Sol_060,4237 McWhinney Blvd,https://www.loopnet.com/Listing/4237-McWhinney-Blvd-Loveland-CO/23974785/,"Loveland, CO 80538",0.65,871347.9,40.408208389025,-105.017378025231,252.96,1000,XS,25.30%,109,LOVELAND MUNICIPALITY (109 trucks),135000,14748,11174344.06,"$871,347.90"
Sol_060,7300 W Jefferson Ave,https://www.loopnet.com/Listing/7300-W-Jefferson-Ave-Lakewood-CO/38419312/,"Lakewood, CO 80235",0.66,379999.0,39.649773884125,-105.079540805378,10536.92,20000,XL,52.68%,1415,QUALITY LOGISTICS INC (135 trucks) | KEESEN ENTERPRISES INC (263 trucks) | PROCAM SERVICES  (101 trucks) | JEFFCO SCHOOLS (274 trucks) | JEFFERSON COUNTY (120 trucks) | HOLCIM WCR INC (298 trucks) | PACIFIC SHIPPING & TRUCKING CO INC (109 trucks) | ENIVIRONMENTAL LANDWORKS COMPANY INC (115 trucks),135000,14748,11174344.06,"$379,999.00"
Sol_060,9190 W 84th Ave,https://www.loopnet.com/Listing/9190-W-84th-Ave-Arvada-CO/38160305/,"Arvada, CO 80005",0.67,499000.0,39.849854027782,-105.100317795342,7872.180000000001,10000,L,78.72%,1547,ALPINE MILLWORK COMPANY DBA ROCKY MOUNTAIN RELOAD (141 trucks) | CITY OF ARVADA (100 trucks) | GEOSTABILIZATION INTERNATIONAL LLC (155 trucks) | COLD FRONT (121 trucks) | SITEWISE LLC (145 trucks) | CITY OF THORNTON (208 trucks) | CITY OF THORNTON (174 trucks) | TRI-STATE GENERATION & TRANSMISSION ASSOCIATION INC (321 trucks) | ADAMS 12 FIVE STAR SCHOOLS (182 trucks),135000,14748,11174344.06,"$499,000.00"
Sol_060,NEC N Fairgrounds Ave,https://www.loopnet.com/Listing/NEC-N-Fairgrounds-Ave-Windsor-CO/29890025/,"Windsor, CO 80528",0.74,483449.0,40.437732372143,-104.982630626628,304.01,1000,XS,30.40%,131,LARIMER COUNTY (131 trucks),135000,14748,11174344.06,"$483,449.00"
Sol_060,11958 Lincoln Ave,https://www.loopnet.com/Listing/Lincoln-Ave-Parker-CO/39741118/,"Parker, CO 80138",0.86,495000.0,39.536519536914,-104.76116705724,13220.13,20000,XL,66.10%,1835,ACCELERATED SERVICES LLC (373 trucks) | AMERICAN FURNITURE WAREHOUSE CO (340 trucks) | TERRACARE ASSOCIATES LLC (156 trucks) | IHC SCOTT INC (214 trucks) | BUCKLEY POWDER CO (217 trucks) | CH2M OMI CH2MHILL JACOBS (183 trucks) | CHERRY CREEK SCHOOLS (352 trucks),135000,14748,11174344.06,"$495,000.00"
Sol_060,NWQ Highway 119 and I-25,https://www.loopnet.com/Listing/NWQ-Highway-119-and-I-25-Firestone-CO/31431092/,"Firestone, CO 80504",1.28,949000.0,40.160746988915,-104.978709958949,3529.55,5000,M,70.59%,606,WARD ELECTRIC COMPANY INC (222 trucks) | HEAT WAVES HOT OIL SERVICE LLC (201 trucks) | SUPREME TRANSPORT INC (183 trucks),135000,14748,11174344.06,"$949,000.00"
Sol_060,13987 Foster ct,https://www.loopnet.com/Listing/13987-Foster-ct-Longmont-CO/34579366/,"Longmont, CO 80504",1.42,1370019.92,40.140476603851,-105.119700024426,1399.2,2000,S,69.96%,385,CITY OF LONGMONT (211 trucks) | ST VRAIN VALLEY SCHOOL DISTRICT (174 trucks),135000,14748,11174344.06,"$1,370,019.92"
Sol_060,765 Aspen Ridge Drive Dr,https://www.loopnet.com/Listing/765-Aspen-Ridge-Drive-Dr-Lafayette-CO/32931931/,"Lafayette, CO 80026",1.43,556000.0,40.006898203868,-105.107210150504,4585.06,5000,M,91.70%,619,BOULDER VALLEY SCHOOL DISTRICT RE-2 (134 trucks) | VIA MOBILITY SERVICES (196 trucks) | VIA MOBILITY SERVICES (116 trucks) | CU (173 trucks),135000,14748,11174344.06,"$556,000.00"
Sol_060,E Harmony & Lady Moon Dr,https://www.loopnet.com/Listing/E-Harmony-Lady-Moon-Dr-Fort-Collins-CO/11217719/,"Fort Collins, CO 80528",2.2,1054007.0,40.523221679275,-105.010799488523,5618.16,10000,L,56.18%,972,NOVUS AG LLC (444 trucks) | CITY OF FORT COLLINS (285 trucks) | Poudre School District  (243 trucks),135000,14748,11174344.06,"$1,054,007.00"
Sol_061,2544 11th Ave,https://www.loopnet.com/Listing/2544-11th-Ave-Greeley-CO/35100267/,"Greeley, CO 80631",0.15,350000.0,40.395690645275,-104.69657283495,336.5,1000,XS,33.65%,145,WELD COUNTY PUBLIC WORKS DEPARTMENT (145 trucks),125000,14161,10848344.06,"$350,000.00"
Sol_061,831 N Clarkson St,https://www.loopnet.com/Listing/831-N-Clarkson-St-Denver-CO/38142797/,"Denver, CO 80218",0.18,899000.0,39.729919009716,-104.977904960968,4580.9400000000005,5000,M,91.62%,521,FARMERS ALL NATURAL (121 trucks) | CO TRAN LLC (275 trucks) | SUPERSHUTTLE DENVER (125 trucks),125000,14161,10848344.06,"$899,000.00"
Sol_061,422 Perry St,https://www.loopnet.com/Listing/422-Perry-St-Castle-Rock-CO/38421711/,"Castle Rock, CO 80104",0.24,605821.24,39.374148794158,-104.858322527659,2577.81,5000,M,51.56%,389,GREAT SOUTHWESTERN CONSTRUCTION INC (280 trucks) | TOWN OF CASTLE ROCK  (109 trucks),125000,14161,10848344.06,"$605,821.24"
Sol_061,239 S Main St,https://www.loopnet.com/Listing/239-S-Main-St-Brighton-CO/27424620/,"Brighton, CO 80601",0.31,250000.0,39.982905257485,-104.822555605705,3986.53,5000,M,79.73%,543,G&Z TRANSPORT LLC (147 trucks) | SIM TRUCKING INC (120 trucks) | ENVIRONMENTAL DESIGNS LLC (156 trucks) | BALIC TRANSPORT INC (120 trucks),125000,14161,10848344.06,"$250,000.00"
Sol_061,20th & Blake St,https://www.loopnet.com/Listing/20th-Blake-St-Land-Denver-CO/26158810/,"Denver, CO 80205",0.32,1320000.0,39.754299409573,-104.994304825083,9694.1,10000,L,96.94%,1382,RES (149 trucks) | MPLX G&P (144 trucks) | CONCRETE EXPRESS INC (128 trucks) | COORS DISTRIBUTING COMPANY MILLER COORS LLC (105 trucks) | U S TRANSPORT INC (200 trucks) | WASTE CONNECTIONS OF COLORADO INC (486 trucks) | COMPASS VEHICLE RENTAL INC (170 trucks),125000,14161,10848344.06,"$1,320,000.00"
Sol_061,1560 N Academy Blvd,https://www.loopnet.com/Listing/1560-N-Academy-Blvd-Colorado-Springs-CO/3886433/,"Colorado Springs, CO 80909",0.64,416700.0,38.854776988204,-104.75774002483,5689.619999999999,10000,L,56.90%,1031,COLORADO SPRINGS SCHOOL DISTRICT 11 (130 trucks) | MOUNTAIN METROPOLITAN TRANSIT (144 trucks) | CITY OF COLORADO SPRINGS (326 trucks) | El PASO COUNTY (112 trucks) | GOODWILL OF COLORADO (134 trucks) | VECTRUS SYSTEMS CORPORATION (185 trucks),125000,14161,10848344.06,"$416,700.00"
Sol_061,4237 McWhinney Blvd,https://www.loopnet.com/Listing/4237-McWhinney-Blvd-Loveland-CO/23974785/,"Loveland, CO 80538",0.65,871347.9,40.408208389025,-105.017378025231,252.96,1000,XS,25.30%,109,LOVELAND MUNICIPALITY (109 trucks),125000,14161,10848344.06,"$871,347.90"
Sol_061,7300 W Jefferson Ave,https://www.loopnet.com/Listing/7300-W-Jefferson-Ave-Lakewood-CO/38419312/,"Lakewood, CO 80235",0.66,379999.0,39.649773884125,-105.079540805378,10536.92,20000,XL,52.68%,1415,QUALITY LOGISTICS INC (135 trucks) | KEESEN ENTERPRISES INC (263 trucks) | PROCAM SERVICES  (101 trucks) | JEFFCO SCHOOLS (274 trucks) | JEFFERSON COUNTY (120 trucks) | HOLCIM WCR INC (298 trucks) | PACIFIC SHIPPING & TRUCKING CO INC (109 trucks) | ENIVIRONMENTAL LANDWORKS COMPANY INC (115 trucks),125000,14161,10848344.06,"$379,999.00"
Sol_061,9190 W 84th Ave,https://www.loopnet.com/Listing/9190-W-84th-Ave-Arvada-CO/38160305/,"Arvada, CO 80005",0.67,499000.0,39.849854027782,-105.100317795342,3378.81,5000,M,67.58%,541,ALPINE MILLWORK COMPANY DBA ROCKY MOUNTAIN RELOAD (141 trucks) | CITY OF ARVADA (100 trucks) | GEOSTABILIZATION INTERNATIONAL LLC (155 trucks) | SITEWISE LLC (145 trucks),125000,14161,10848344.06,"$499,000.00"
Sol_061,NEC N Fairgrounds Ave,https://www.loopnet.com/Listing/NEC-N-Fairgrounds-Ave-Windsor-CO/29890025/,"Windsor, CO 80528",0.74,483449.0,40.437732372143,-104.982630626628,304.01,1000,XS,30.40%,131,LARIMER COUNTY (131 trucks),125000,14161,10848344.06,"$483,449.00"
Sol_061,11958 Lincoln Ave,https://www.loopnet.com/Listing/Lincoln-Ave-Parker-CO/39741118/,"Parker, CO 80138",0.86,495000.0,39.536519536914,-104.76116705724,18264.289999999997,20000,XL,91.32%,2581,ACCELERATED SERVICES LLC (373 trucks) | AMERICAN FURNITURE WAREHOUSE CO (340 trucks) | TERRACARE ASSOCIATES LLC (156 trucks) | IHC SCOTT INC (214 trucks) | BUCKLEY POWDER CO (217 trucks) | CH2M OMI CH2MHILL JACOBS (183 trucks) | ORICA USA INC (215 trucks) | CHERRY CREEK SCHOOLS (352 trucks) | HBSCO DANS TRASH AT YOUR DISPOSAL (110 trucks) | ENTERPRISE RENT-A-CAR NATIONAL RENT A CAR ALAMO RENT A CAR (421 trucks),125000,14161,10848344.06,"$495,000.00"
Sol_061,8850 Huron St,https://www.loopnet.com/Listing/8850-Huron-St-Thornton-CO/33061072/,"Thornton, CO 80260",1.26,349000.0,39.858426283979,-104.995662022846,18972.29,20000,XL,94.86%,2791,CITY OF THORNTON (208 trucks) | CITY OF THORNTON (174 trucks) | COCAL LANDSCAPE SERVICES INC (153 trucks) | COLD FRONT (121 trucks) | READY MIX CONCRETE COMPANY (191 trucks) | NAVAJO EXPRESS INC (309 trucks) | TRI-STATE GENERATION & TRANSMISSION ASSOCIATION INC (321 trucks) | WESTERN DISTRIBUTING TRANSPORTATION CORP (155 trucks) | RMS CRANES (139 trucks) | SURESHOT DRILLING LLC ATOZ FIELD SERVICES LLC DRILL TECH LLC PINNACLE DEVELOPMENT INC HDD SPECIALISTS LLC (135 trucks) | EAGLE ROCK DISTRIBUTING COMPANY OF COLORADO LLC (148 trucks) | OFFEN PETROLEUM LLC (269 trucks) | ADAMS 12 FIVE STAR SCHOOLS (182 trucks) | WEST DIRECT OIL (140 trucks) | BURNCO COLORADO LLC (146 trucks),125000,14161,10848344.06,"$349,000.00"
Sol_061,NWQ Highway 119 and I-25,https://www.loopnet.com/Listing/NWQ-Highway-119-and-I-25-Firestone-CO/31431092/,"Firestone, CO 80504",1.28,949000.0,40.160746988915,-104.978709958949,3529.55,5000,M,70.59%,606,WARD ELECTRIC COMPANY INC (222 trucks) | HEAT WAVES HOT OIL SERVICE LLC (201 trucks) | SUPREME TRANSPORT INC (183 trucks),125000,14161,10848344.06,"$949,000.00"
Sol_061,13987 Foster ct,https://www.loopnet.com/Listing/13987-Foster-ct-Longmont-CO/34579366/,"Longmont, CO 80504",1.42,1370019.92,40.140476603851,-105.119700024426,1399.2,2000,S,69.96%,385,CITY OF LONGMONT (211 trucks) | ST VRAIN VALLEY SCHOOL DISTRICT (174 trucks),125000,14161,10848344.06,"$1,370,019.92"
Sol_061,765 Aspen Ridge Drive Dr,https://www.loopnet.com/Listing/765-Aspen-Ridge-Drive-Dr-Lafayette-CO/32931931/,"Lafayette, CO 80026",1.43,556000.0,40.006898203868,-105.107210150504,4585.06,5000,M,91.70%,619,BOULDER VALLEY SCHOOL DISTRICT RE-2 (134 trucks) | VIA MOBILITY SERVICES (196 trucks) | VIA MOBILITY SERVICES (116 trucks) | CU (173 trucks),125000,14161,10848344.06,"$556,000.00"
Sol_061,E Harmony & Lady Moon Dr,https://www.loopnet.com/Listing/E-Harmony-Lady-Moon-Dr-Fort-Collins-CO/11217719/,"Fort Collins, CO 80528",2.2,1054007.0,40.523221679275,-105.010799488523,5618.16,10000,L,56.18%,972,NOVUS AG LLC (444 trucks) | CITY OF FORT COLLINS (285 trucks) | Poudre School District  (243 trucks),125000,14161,10848344.06,"$1,054,007.00"
Sol_062,2544 11th Ave,https://www.loopnet.com/Listing/2544-11th-Ave-Greeley-CO/35100267/,"Greeley, CO 80631",0.15,350000.0,40.395690645275,-104.69657283495,336.5,1000,XS,33.65%,145,WELD COUNTY PUBLIC WORKS DEPARTMENT (145 trucks),127000,13545,10769344.06,"$350,000.00"
Sol_062,831 N Clarkson St,https://www.loopnet.com/Listing/831-N-Clarkson-St-Denver-CO/38142797/,"Denver, CO 80218",0.18,899000.0,39.729919009716,-104.977904960968,4580.9400000000005,5000,M,91.62%,521,FARMERS ALL NATURAL (121 trucks) | CO TRAN LLC (275 trucks) | SUPERSHUTTLE DENVER (125 trucks),127000,13545,10769344.06,"$899,000.00"
Sol_062,422 Perry St,https://www.loopnet.com/Listing/422-Perry-St-Castle-Rock-CO/38421711/,"Castle Rock, CO 80104",0.24,605821.24,39.374148794158,-104.858322527659,2577.81,5000,M,51.56%,389,GREAT SOUTHWESTERN CONSTRUCTION INC (280 trucks) | TOWN OF CASTLE ROCK  (109 trucks),127000,13545,10769344.06,"$605,821.24"
Sol_062,239 S Main St,https://www.loopnet.com/Listing/239-S-Main-St-Brighton-CO/27424620/,"Brighton, CO 80601",0.31,250000.0,39.982905257485,-104.822555605705,1694.9,2000,S,84.75%,267,G&Z TRANSPORT LLC (147 trucks) | SIM TRUCKING INC (120 trucks),127000,13545,10769344.06,"$250,000.00"
Sol_062,20th & Blake St,https://www.loopnet.com/Listing/20th-Blake-St-Land-Denver-CO/26158810/,"Denver, CO 80205",0.32,1320000.0,39.754299409573,-104.994304825083,9307.460000000001,10000,L,93.07%,1347,RES (149 trucks) | MPLX G&P (144 trucks) | CONCRETE EXPRESS INC (128 trucks) | COORS DISTRIBUTING COMPANY MILLER COORS LLC (105 trucks) | U S TRANSPORT INC (200 trucks) | WASTE CONNECTIONS OF COLORADO INC (486 trucks) | SURESHOT DRILLING LLC ATOZ FIELD SERVICES LLC DRILL TECH LLC PINNACLE DEVELOPMENT INC HDD SPECIALISTS LLC (135 trucks),127000,13545,10769344.06,"$1,320,000.00"
Sol_062,1560 N Academy Blvd,https://www.loopnet.com/Listing/1560-N-Academy-Blvd-Colorado-Springs-CO/3886433/,"Colorado Springs, CO 80909",0.64,416700.0,38.854776988204,-104.75774002483,5689.619999999999,10000,L,56.90%,1031,COLORADO SPRINGS SCHOOL DISTRICT 11 (130 trucks) | MOUNTAIN METROPOLITAN TRANSIT (144 trucks) | CITY OF COLORADO SPRINGS (326 trucks) | El PASO COUNTY (112 trucks) | GOODWILL OF COLORADO (134 trucks) | VECTRUS SYSTEMS CORPORATION (185 trucks),127000,13545,10769344.06,"$416,700.00"
Sol_062,4237 McWhinney Blvd,https://www.loopnet.com/Listing/4237-McWhinney-Blvd-Loveland-CO/23974785/,"Loveland, CO 80538",0.65,871347.9,40.408208389025,-105.017378025231,252.96,1000,XS,25.30%,109,LOVELAND MUNICIPALITY (109 trucks),127000,13545,10769344.06,"$871,347.90"
Sol_062,7300 W Jefferson Ave,https://www.loopnet.com/Listing/7300-W-Jefferson-Ave-Lakewood-CO/38419312/,"Lakewood, CO 80235",0.66,379999.0,39.649773884125,-105.079540805378,10536.92,20000,XL,52.68%,1415,QUALITY LOGISTICS INC (135 trucks) | KEESEN ENTERPRISES INC (263 trucks) | PROCAM SERVICES  (101 trucks) | JEFFCO SCHOOLS (274 trucks) | JEFFERSON COUNTY (120 trucks) | HOLCIM WCR INC (298 trucks) | PACIFIC SHIPPING & TRUCKING CO INC (109 trucks) | ENIVIRONMENTAL LANDWORKS COMPANY INC (115 trucks),127000,13545,10769344.06,"$379,999.00"
Sol_062,9190 W 84th Ave,https://www.loopnet.com/Listing/9190-W-84th-Ave-Arvada-CO/38160305/,"Arvada, CO 80005",0.67,499000.0,39.849854027782,-105.100317795342,6920.830000000001,10000,L,69.21%,1365,ALPINE MILLWORK COMPANY DBA ROCKY MOUNTAIN RELOAD (141 trucks) | CITY OF ARVADA (100 trucks) | GEOSTABILIZATION INTERNATIONAL LLC (155 trucks) | COLD FRONT (121 trucks) | SITEWISE LLC (145 trucks) | CITY OF THORNTON (208 trucks) | CITY OF THORNTON (174 trucks) | TRI-STATE GENERATION & TRANSMISSION ASSOCIATION INC (321 trucks),127000,13545,10769344.06,"$499,000.00"
Sol_062,10431 Quari St,https://www.loopnet.com/Listing/10431-Quari-St-Commerce-City-CO/29119294/,"Commerce City, CO 80022",0.72,270000.0,39.886267655476,-104.844980046547,12742.7,20000,XL,63.71%,1662,ENVIRONMENTAL DESIGNS LLC (156 trucks) | BALIC TRANSPORT INC (120 trucks) | BURNCO COLORADO LLC (146 trucks) | WEST DIRECT OIL (140 trucks) | OFFEN PETROLEUM LLC (269 trucks) | ADAMS 12 FIVE STAR SCHOOLS (182 trucks) | WAGNER EQUIPMENT CO (423 trucks) | METCO LANDSCAPING INC (226 trucks),127000,13545,10769344.06,"$270,000.00"
Sol_062,NEC N Fairgrounds Ave,https://www.loopnet.com/Listing/NEC-N-Fairgrounds-Ave-Windsor-CO/29890025/,"Windsor, CO 80528",0.74,483449.0,40.437732372143,-104.982630626628,304.01,1000,XS,30.40%,131,LARIMER COUNTY (131 trucks),127000,13545,10769344.06,"$483,449.00"
Sol_062,11958 Lincoln Ave,https://www.loopnet.com/Listing/Lincoln-Ave-Parker-CO/39741118/,"Parker, CO 80138",0.86,495000.0,39.536519536914,-104.76116705724,18264.289999999997,20000,XL,91.32%,2581,ACCELERATED SERVICES LLC (373 trucks) | AMERICAN FURNITURE WAREHOUSE CO (340 trucks) | TERRACARE ASSOCIATES LLC (156 trucks) | IHC SCOTT INC (214 trucks) | BUCKLEY POWDER CO (217 trucks) | CH2M OMI CH2MHILL JACOBS (183 trucks) | ORICA USA INC (215 trucks) | CHERRY CREEK SCHOOLS (352 trucks) | HBSCO DANS TRASH AT YOUR DISPOSAL (110 trucks) | ENTERPRISE RENT-A-CAR NATIONAL RENT A CAR ALAMO RENT A CAR (421 trucks),127000,13545,10769344.06,"$495,000.00"
Sol_062,NWQ Highway 119 and I-25,https://www.loopnet.com/Listing/NWQ-Highway-119-and-I-25-Firestone-CO/31431092/,"Firestone, CO 80504",1.28,949000.0,40.160746988915,-104.978709958949,3529.55,5000,M,70.59%,606,WARD ELECTRIC COMPANY INC (222 trucks) | HEAT WAVES HOT OIL SERVICE LLC (201 trucks) | SUPREME TRANSPORT INC (183 trucks),127000,13545,10769344.06,"$949,000.00"
Sol_062,13987 Foster ct,https://www.loopnet.com/Listing/13987-Foster-ct-Longmont-CO/34579366/,"Longmont, CO 80504",1.42,1370019.92,40.140476603851,-105.119700024426,1399.2,2000,S,69.96%,385,CITY OF LONGMONT (211 trucks) | ST VRAIN VALLEY SCHOOL DISTRICT (174 trucks),127000,13545,10769344.06,"$1,370,019.92"
Sol_062,765 Aspen Ridge Drive Dr,https://www.loopnet.com/Listing/765-Aspen-Ridge-Drive-Dr-Lafayette-CO/32931931/,"Lafayette, CO 80026",1.43,556000.0,40.006898203868,-105.107210150504,4585.06,5000,M,91.70%,619,BOULDER VALLEY SCHOOL DISTRICT RE-2 (134 trucks) | VIA MOBILITY SERVICES (196 trucks) | VIA MOBILITY SERVICES (116 trucks) | CU (173 trucks),127000,13545,10769344.06,"$556,000.00"
Sol_062,E Harmony & Lady Moon Dr,https://www.loopnet.com/Listing/E-Harmony-Lady-Moon-Dr-Fort-Collins-CO/11217719/,"Fort Collins, CO 80528",2.2,1054007.0,40.523221679275,-105.010799488523,5618.16,10000,L,56.18%,972,NOVUS AG LLC (444 trucks) | CITY OF FORT COLLINS (285 trucks) | Poudre School District  (243 trucks),127000,13545,10769344.06,"$1,054,007.00"
Sol_063,2544 11th Ave,https://www.loopnet.com/Listing/2544-11th-Ave-Greeley-CO/35100267/,"Greeley, CO 80631",0.15,350000.0,40.395690645275,-104.69657283495,336.5,1000,XS,33.65%,145,WELD COUNTY PUBLIC WORKS DEPARTMENT (145 trucks),125000,14161,10848344.06,"$350,000.00"
Sol_063,831 N Clarkson St,https://www.loopnet.com/Listing/831-N-Clarkson-St-Denver-CO/38142797/,"Denver, CO 80218",0.18,899000.0,39.729919009716,-104.977904960968,4580.9400000000005,5000,M,91.62%,521,FARMERS ALL NATURAL (121 trucks) | CO TRAN LLC (275 trucks) | SUPERSHUTTLE DENVER (125 trucks),125000,14161,10848344.06,"$899,000.00"
Sol_063,422 Perry St,https://www.loopnet.com/Listing/422-Perry-St-Castle-Rock-CO/38421711/,"Castle Rock, CO 80104",0.24,605821.24,39.374148794158,-104.858322527659,2577.81,5000,M,51.56%,389,GREAT SOUTHWESTERN CONSTRUCTION INC (280 trucks) | TOWN OF CASTLE ROCK  (109 trucks),125000,14161,10848344.06,"$605,821.24"
Sol_063,239 S Main St,https://www.loopnet.com/Listing/239-S-Main-St-Brighton-CO/27424620/,"Brighton, CO 80601",0.31,250000.0,39.982905257485,-104.822555605705,3986.53,5000,M,79.73%,543,G&Z TRANSPORT LLC (147 trucks) | SIM TRUCKING INC (120 trucks) | ENVIRONMENTAL DESIGNS LLC (156 trucks) | BALIC TRANSPORT INC (120 trucks),125000,14161,10848344.06,"$250,000.00"
Sol_063,20th & Blake St,https://www.loopnet.com/Listing/20th-Blake-St-Land-Denver-CO/26158810/,"Denver, CO 80205",0.32,1320000.0,39.754299409573,-104.994304825083,9694.1,10000,L,96.94%,1382,RES (149 trucks) | MPLX G&P (144 trucks) | CONCRETE EXPRESS INC (128 trucks) | COORS DISTRIBUTING COMPANY MILLER COORS LLC (105 trucks) | U S TRANSPORT INC (200 trucks) | WASTE CONNECTIONS OF COLORADO INC (486 trucks) | COMPASS VEHICLE RENTAL INC (170 trucks),125000,14161,10848344.06,"$1,320,000.00"
Sol_063,1560 N Academy Blvd,https://www.loopnet.com/Listing/1560-N-Academy-Blvd-Colorado-Springs-CO/3886433/,"Colorado Springs, CO 80909",0.64,416700.0,38.854776988204,-104.75774002483,5689.619999999999,10000,L,56.90%,1031,COLORADO SPRINGS SCHOOL DISTRICT 11 (130 trucks) | MOUNTAIN METROPOLITAN TRANSIT (144 trucks) | CITY OF COLORADO SPRINGS (326 trucks) | El PASO COUNTY (112 trucks) | GOODWILL OF COLORADO (134 trucks) | VECTRUS SYSTEMS CORPORATION (185 trucks),125000,14161,10848344.06,"$416,700.00"
Sol_063,4237 McWhinney Blvd,https://www.loopnet.com/Listing/4237-McWhinney-Blvd-Loveland-CO/23974785/,"Loveland, CO 80538",0.65,871347.9,40.408208389025,-105.017378025231,252.96,1000,XS,25.30%,109,LOVELAND MUNICIPALITY (109 trucks),125000,14161,10848344.06,"$871,347.90"
Sol_063,7300 W Jefferson Ave,https://www.loopnet.com/Listing/7300-W-Jefferson-Ave-Lakewood-CO/38419312/,"Lakewood, CO 80235",0.66,379999.0,39.649773884125,-105.079540805378,10536.92,20000,XL,52.68%,1415,QUALITY LOGISTICS INC (135 trucks) | KEESEN ENTERPRISES INC (263 trucks) | PROCAM SERVICES  (101 trucks) | JEFFCO SCHOOLS (274 trucks) | JEFFERSON COUNTY (120 trucks) | HOLCIM WCR INC (298 trucks) | PACIFIC SHIPPING & TRUCKING CO INC (109 trucks) | ENIVIRONMENTAL LANDWORKS COMPANY INC (115 trucks),125000,14161,10848344.06,"$379,999.00"
Sol_063,9190 W 84th Ave,https://www.loopnet.com/Listing/9190-W-84th-Ave-Arvada-CO/38160305/,"Arvada, CO 80005",0.67,499000.0,39.849854027782,-105.100317795342,3378.81,5000,M,67.58%,541,ALPINE MILLWORK COMPANY DBA ROCKY MOUNTAIN RELOAD (141 trucks) | CITY OF ARVADA (100 trucks) | GEOSTABILIZATION INTERNATIONAL LLC (155 trucks) | SITEWISE LLC (145 trucks),125000,14161,10848344.06,"$499,000.00"
Sol_063,NEC N Fairgrounds Ave,https://www.loopnet.com/Listing/NEC-N-Fairgrounds-Ave-Windsor-CO/29890025/,"Windsor, CO 80528",0.74,483449.0,40.437732372143,-104.982630626628,304.01,1000,XS,30.40%,131,LARIMER COUNTY (131 trucks),125000,14161,10848344.06,"$483,449.00"
Sol_063,11958 Lincoln Ave,https://www.loopnet.com/Listing/Lincoln-Ave-Parker-CO/39741118/,"Parker, CO 80138",0.86,495000.0,39.536519536914,-104.76116705724,18264.289999999997,20000,XL,91.32%,2581,ACCELERATED SERVICES LLC (373 trucks) | AMERICAN FURNITURE WAREHOUSE CO (340 trucks) | TERRACARE ASSOCIATES LLC (156 trucks) | IHC SCOTT INC (214 trucks) | BUCKLEY POWDER CO (217 trucks) | CH2M OMI CH2MHILL JACOBS (183 trucks) | ORICA USA INC (215 trucks) | CHERRY CREEK SCHOOLS (352 trucks) | HBSCO DANS TRASH AT YOUR DISPOSAL (110 trucks) | ENTERPRISE RENT-A-CAR NATIONAL RENT A CAR ALAMO RENT A CAR (421 trucks),125000,14161,10848344.06,"$495,000.00"
Sol_063,8850 Huron St,https://www.loopnet.com/Listing/8850-Huron-St-Thornton-CO/33061072/,"Thornton, CO 80260",1.26,349000.0,39.858426283979,-104.995662022846,18972.29,20000,XL,94.86%,2791,CITY OF THORNTON (208 trucks) | CITY OF THORNTON (174 trucks) | COCAL LANDSCAPE SERVICES INC (153 trucks) | COLD FRONT (121 trucks) | READY MIX CONCRETE COMPANY (191 trucks) | NAVAJO EXPRESS INC (309 trucks) | TRI-STATE GENERATION & TRANSMISSION ASSOCIATION INC (321 trucks) | WESTERN DISTRIBUTING TRANSPORTATION CORP (155 trucks) | RMS CRANES (139 trucks) | SURESHOT DRILLING LLC ATOZ FIELD SERVICES LLC DRILL TECH LLC PINNACLE DEVELOPMENT INC HDD SPECIALISTS LLC (135 trucks) | EAGLE ROCK DISTRIBUTING COMPANY OF COLORADO LLC (148 trucks) | OFFEN PETROLEUM LLC (269 trucks) | ADAMS 12 FIVE STAR SCHOOLS (182 trucks) | WEST DIRECT OIL (140 trucks) | BURNCO COLORADO LLC (146 trucks),125000,14161,10848344.06,"$349,000.00"
Sol_063,NWQ Highway 119 and I-25,https://www.loopnet.com/Listing/NWQ-Highway-119-and-I-25-Firestone-CO/31431092/,"Firestone, CO 80504",1.28,949000.0,40.160746988915,-104.978709958949,3529.55,5000,M,70.59%,606,WARD ELECTRIC COMPANY INC (222 trucks) | HEAT WAVES HOT OIL SERVICE LLC (201 trucks) | SUPREME TRANSPORT INC (183 trucks),125000,14161,10848344.06,"$949,000.00"
Sol_063,13987 Foster ct,https://www.loopnet.com/Listing/13987-Foster-ct-Longmont-CO/34579366/,"Longmont, CO 80504",1.42,1370019.92,40.140476603851,-105.119700024426,1399.2,2000,S,69.96%,385,CITY OF LONGMONT (211 trucks) | ST VRAIN VALLEY SCHOOL DISTRICT (174 trucks),125000,14161,10848344.06,"$1,370,019.92"
Sol_063,765 Aspen Ridge Drive Dr,https://www.loopnet.com/Listing/765-Aspen-Ridge-Drive-Dr-Lafayette-CO/32931931/,"Lafayette, CO 80026",1.43,556000.0,40.006898203868,-105.107210150504,4585.06,5000,M,91.70%,619,BOULDER VALLEY SCHOOL DISTRICT RE-2 (134 trucks) | VIA MOBILITY SERVICES (196 trucks) | VIA MOBILITY SERVICES (116 trucks) | CU (173 trucks),125000,14161,10848344.06,"$556,000.00"
Sol_063,E Harmony & Lady Moon Dr,https://www.loopnet.com/Listing/E-Harmony-Lady-Moon-Dr-Fort-Collins-CO/11217719/,"Fort Collins, CO 80528",2.2,1054007.0,40.523221679275,-105.010799488523,5618.16,10000,L,56.18%,972,NOVUS AG LLC (444 trucks) | CITY OF FORT COLLINS (285 trucks) | Poudre School District  (243 trucks),125000,14161,10848344.06,"$1,054,007.00"
Sol_064,2544 11th Ave,https://www.loopnet.com/Listing/2544-11th-Ave-Greeley-CO/35100267/,"Greeley, CO 80631",0.15,350000.0,40.395690645275,-104.69657283495,336.5,1000,XS,33.65%,145,WELD COUNTY PUBLIC WORKS DEPARTMENT (145 trucks),127000,13545,10769344.06,"$350,000.00"
Sol_064,831 N Clarkson St,https://www.loopnet.com/Listing/831-N-Clarkson-St-Denver-CO/38142797/,"Denver, CO 80218",0.18,899000.0,39.729919009716,-104.977904960968,4580.9400000000005,5000,M,91.62%,521,FARMERS ALL NATURAL (121 trucks) | CO TRAN LLC (275 trucks) | SUPERSHUTTLE DENVER (125 trucks),127000,13545,10769344.06,"$899,000.00"
Sol_064,422 Perry St,https://www.loopnet.com/Listing/422-Perry-St-Castle-Rock-CO/38421711/,"Castle Rock, CO 80104",0.24,605821.24,39.374148794158,-104.858322527659,2577.81,5000,M,51.56%,389,GREAT SOUTHWESTERN CONSTRUCTION INC (280 trucks) | TOWN OF CASTLE ROCK  (109 trucks),127000,13545,10769344.06,"$605,821.24"
Sol_064,239 S Main St,https://www.loopnet.com/Listing/239-S-Main-St-Brighton-CO/27424620/,"Brighton, CO 80601",0.31,250000.0,39.982905257485,-104.822555605705,1694.9,2000,S,84.75%,267,G&Z TRANSPORT LLC (147 trucks) | SIM TRUCKING INC (120 trucks),127000,13545,10769344.06,"$250,000.00"
Sol_064,20th & Blake St,https://www.loopnet.com/Listing/20th-Blake-St-Land-Denver-CO/26158810/,"Denver, CO 80205",0.32,1320000.0,39.754299409573,-104.994304825083,9307.460000000001,10000,L,93.07%,1347,RES (149 trucks) | MPLX G&P (144 trucks) | CONCRETE EXPRESS INC (128 trucks) | COORS DISTRIBUTING COMPANY MILLER COORS LLC (105 trucks) | U S TRANSPORT INC (200 trucks) | WASTE CONNECTIONS OF COLORADO INC (486 trucks) | SURESHOT DRILLING LLC ATOZ FIELD SERVICES LLC DRILL TECH LLC PINNACLE DEVELOPMENT INC HDD SPECIALISTS LLC (135 trucks),127000,13545,10769344.06,"$1,320,000.00"
Sol_064,1560 N Academy Blvd,https://www.loopnet.com/Listing/1560-N-Academy-Blvd-Colorado-Springs-CO/3886433/,"Colorado Springs, CO 80909",0.64,416700.0,38.854776988204,-104.75774002483,5689.619999999999,10000,L,56.90%,1031,COLORADO SPRINGS SCHOOL DISTRICT 11 (130 trucks) | MOUNTAIN METROPOLITAN TRANSIT (144 trucks) | CITY OF COLORADO SPRINGS (326 trucks) | El PASO COUNTY (112 trucks) | GOODWILL OF COLORADO (134 trucks) | VECTRUS SYSTEMS CORPORATION (185 trucks),127000,13545,10769344.06,"$416,700.00"
Sol_064,4237 McWhinney Blvd,https://www.loopnet.com/Listing/4237-McWhinney-Blvd-Loveland-CO/23974785/,"Loveland, CO 80538",0.65,871347.9,40.408208389025,-105.017378025231,252.96,1000,XS,25.30%,109,LOVELAND MUNICIPALITY (109 trucks),127000,13545,10769344.06,"$871,347.90"
Sol_064,7300 W Jefferson Ave,https://www.loopnet.com/Listing/7300-W-Jefferson-Ave-Lakewood-CO/38419312/,"Lakewood, CO 80235",0.66,379999.0,39.649773884125,-105.079540805378,10536.92,20000,XL,52.68%,1415,QUALITY LOGISTICS INC (135 trucks) | KEESEN ENTERPRISES INC (263 trucks) | PROCAM SERVICES  (101 trucks) | JEFFCO SCHOOLS (274 trucks) | JEFFERSON COUNTY (120 trucks) | HOLCIM WCR INC (298 trucks) | PACIFIC SHIPPING & TRUCKING CO INC (109 trucks) | ENIVIRONMENTAL LANDWORKS COMPANY INC (115 trucks),127000,13545,10769344.06,"$379,999.00"
Sol_064,9190 W 84th Ave,https://www.loopnet.com/Listing/9190-W-84th-Ave-Arvada-CO/38160305/,"Arvada, CO 80005",0.67,499000.0,39.849854027782,-105.100317795342,6920.830000000001,10000,L,69.21%,1365,ALPINE MILLWORK COMPANY DBA ROCKY MOUNTAIN RELOAD (141 trucks) | CITY OF ARVADA (100 trucks) | GEOSTABILIZATION INTERNATIONAL LLC (155 trucks) | COLD FRONT (121 trucks) | SITEWISE LLC (145 trucks) | CITY OF THORNTON (208 trucks) | CITY OF THORNTON (174 trucks) | TRI-STATE GENERATION & TRANSMISSION ASSOCIATION INC (321 trucks),127000,13545,10769344.06,"$499,000.00"
Sol_064,10431 Quari St,https://www.loopnet.com/Listing/10431-Quari-St-Commerce-City-CO/29119294/,"Commerce City, CO 80022",0.72,270000.0,39.886267655476,-104.844980046547,12742.7,20000,XL,63.71%,1662,ENVIRONMENTAL DESIGNS LLC (156 trucks) | BALIC TRANSPORT INC (120 trucks) | BURNCO COLORADO LLC (146 trucks) | WEST DIRECT OIL (140 trucks) | OFFEN PETROLEUM LLC (269 trucks) | ADAMS 12 FIVE STAR SCHOOLS (182 trucks) | WAGNER EQUIPMENT CO (423 trucks) | METCO LANDSCAPING INC (226 trucks),127000,13545,10769344.06,"$270,000.00"
Sol_064,NEC N Fairgrounds Ave,https://www.loopnet.com/Listing/NEC-N-Fairgrounds-Ave-Windsor-CO/29890025/,"Windsor, CO 80528",0.74,483449.0,40.437732372143,-104.982630626628,304.01,1000,XS,30.40%,131,LARIMER COUNTY (131 trucks),127000,13545,10769344.06,"$483,449.00"
Sol_064,11958 Lincoln Ave,https://www.loopnet.com/Listing/Lincoln-Ave-Parker-CO/39741118/,"Parker, CO 80138",0.86,495000.0,39.536519536914,-104.76116705724,18264.289999999997,20000,XL,91.32%,2581,ACCELERATED SERVICES LLC (373 trucks) | AMERICAN FURNITURE WAREHOUSE CO (340 trucks) | TERRACARE ASSOCIATES LLC (156 trucks) | IHC SCOTT INC (214 trucks) | BUCKLEY POWDER CO (217 trucks) | CH2M OMI CH2MHILL JACOBS (183 trucks) | ORICA USA INC (215 trucks) | CHERRY CREEK SCHOOLS (352 trucks) | HBSCO DANS TRASH AT YOUR DISPOSAL (110 trucks) | ENTERPRISE RENT-A-CAR NATIONAL RENT A CAR ALAMO RENT A CAR (421 trucks),127000,13545,10769344.06,"$495,000.00"
Sol_064,NWQ Highway 119 and I-25,https://www.loopnet.com/Listing/NWQ-Highway-119-and-I-25-Firestone-CO/31431092/,"Firestone, CO 80504",1.28,949000.0,40.160746988915,-104.978709958949,3529.55,5000,M,70.59%,606,WARD ELECTRIC COMPANY INC (222 trucks) | HEAT WAVES HOT OIL SERVICE LLC (201 trucks) | SUPREME TRANSPORT INC (183 trucks),127000,13545,10769344.06,"$949,000.00"
Sol_064,13987 Foster ct,https://www.loopnet.com/Listing/13987-Foster-ct-Longmont-CO/34579366/,"Longmont, CO 80504",1.42,1370019.92,40.140476603851,-105.119700024426,1399.2,2000,S,69.96%,385,CITY OF LONGMONT (211 trucks) | ST VRAIN VALLEY SCHOOL DISTRICT (174 trucks),127000,13545,10769344.06,"$1,370,019.92"
Sol_064,765 Aspen Ridge Drive Dr,https://www.loopnet.com/Listing/765-Aspen-Ridge-Drive-Dr-Lafayette-CO/32931931/,"Lafayette, CO 80026",1.43,556000.0,40.006898203868,-105.107210150504,4585.06,5000,M,91.70%,619,BOULDER VALLEY SCHOOL DISTRICT RE-2 (134 trucks) | VIA MOBILITY SERVICES (196 trucks) | VIA MOBILITY SERVICES (116 trucks) | CU (173 trucks),127000,13545,10769344.06,"$556,000.00"
Sol_064,E Harmony & Lady Moon Dr,https://www.loopnet.com/Listing/E-Harmony-Lady-Moon-Dr-Fort-Collins-CO/11217719/,"Fort Collins, CO 80528",2.2,1054007.0,40.523221679275,-105.010799488523,5618.16,10000,L,56.18%,972,NOVUS AG LLC (444 trucks) | CITY OF FORT COLLINS (285 trucks) | Poudre School District  (243 trucks),127000,13545,10769344.06,"$1,054,007.00"
Sol_065,2544 11th Ave,https://www.loopnet.com/Listing/2544-11th-Ave-Greeley-CO/35100267/,"Greeley, CO 80631",0.15,350000.0,40.395690645275,-104.69657283495,336.5,1000,XS,33.65%,145,WELD COUNTY PUBLIC WORKS DEPARTMENT (145 trucks),132000,14810,11118344.06,"$350,000.00"
Sol_065,831 N Clarkson St,https://www.loopnet.com/Listing/831-N-Clarkson-St-Denver-CO/38142797/,"Denver, CO 80218",0.18,899000.0,39.729919009716,-104.977904960968,4580.9400000000005,5000,M,91.62%,521,FARMERS ALL NATURAL (121 trucks) | CO TRAN LLC (275 trucks) | SUPERSHUTTLE DENVER (125 trucks),132000,14810,11118344.06,"$899,000.00"
Sol_065,422 Perry St,https://www.loopnet.com/Listing/422-Perry-St-Castle-Rock-CO/38421711/,"Castle Rock, CO 80104",0.24,605821.24,39.374148794158,-104.858322527659,2577.81,5000,M,51.56%,389,GREAT SOUTHWESTERN CONSTRUCTION INC (280 trucks) | TOWN OF CASTLE ROCK  (109 trucks),132000,14810,11118344.06,"$605,821.24"
Sol_065,239 S Main St,https://www.loopnet.com/Listing/239-S-Main-St-Brighton-CO/27424620/,"Brighton, CO 80601",0.31,250000.0,39.982905257485,-104.822555605705,1694.9,2000,S,84.75%,267,G&Z TRANSPORT LLC (147 trucks) | SIM TRUCKING INC (120 trucks),132000,14810,11118344.06,"$250,000.00"
Sol_065,20th & Blake St,https://www.loopnet.com/Listing/20th-Blake-St-Land-Denver-CO/26158810/,"Denver, CO 80205",0.32,1320000.0,39.754299409573,-104.994304825083,9694.1,10000,L,96.94%,1382,RES (149 trucks) | MPLX G&P (144 trucks) | CONCRETE EXPRESS INC (128 trucks) | COORS DISTRIBUTING COMPANY MILLER COORS LLC (105 trucks) | U S TRANSPORT INC (200 trucks) | WASTE CONNECTIONS OF COLORADO INC (486 trucks) | COMPASS VEHICLE RENTAL INC (170 trucks),132000,14810,11118344.06,"$1,320,000.00"
Sol_065,1560 N Academy Blvd,https://www.loopnet.com/Listing/1560-N-Academy-Blvd-Colorado-Springs-CO/3886433/,"Colorado Springs, CO 80909",0.64,416700.0,38.854776988204,-104.75774002483,5689.619999999999,10000,L,56.90%,1031,COLORADO SPRINGS SCHOOL DISTRICT 11 (130 trucks) | MOUNTAIN METROPOLITAN TRANSIT (144 trucks) | CITY OF COLORADO SPRINGS (326 trucks) | El PASO COUNTY (112 trucks) | GOODWILL OF COLORADO (134 trucks) | VECTRUS SYSTEMS CORPORATION (185 trucks),132000,14810,11118344.06,"$416,700.00"
Sol_065,4237 McWhinney Blvd,https://www.loopnet.com/Listing/4237-McWhinney-Blvd-Loveland-CO/23974785/,"Loveland, CO 80538",0.65,871347.9,40.408208389025,-105.017378025231,252.96,1000,XS,25.30%,109,LOVELAND MUNICIPALITY (109 trucks),132000,14810,11118344.06,"$871,347.90"
Sol_065,7300 W Jefferson Ave,https://www.loopnet.com/Listing/7300-W-Jefferson-Ave-Lakewood-CO/38419312/,"Lakewood, CO 80235",0.66,379999.0,39.649773884125,-105.079540805378,10536.92,20000,XL,52.68%,1415,QUALITY LOGISTICS INC (135 trucks) | KEESEN ENTERPRISES INC (263 trucks) | PROCAM SERVICES  (101 trucks) | JEFFCO SCHOOLS (274 trucks) | JEFFERSON COUNTY (120 trucks) | HOLCIM WCR INC (298 trucks) | PACIFIC SHIPPING & TRUCKING CO INC (109 trucks) | ENIVIRONMENTAL LANDWORKS COMPANY INC (115 trucks),132000,14810,11118344.06,"$379,999.00"
Sol_065,9190 W 84th Ave,https://www.loopnet.com/Listing/9190-W-84th-Ave-Arvada-CO/38160305/,"Arvada, CO 80005",0.67,499000.0,39.849854027782,-105.100317795342,3378.81,5000,M,67.58%,541,ALPINE MILLWORK COMPANY DBA ROCKY MOUNTAIN RELOAD (141 trucks) | CITY OF ARVADA (100 trucks) | GEOSTABILIZATION INTERNATIONAL LLC (155 trucks) | SITEWISE LLC (145 trucks),132000,14810,11118344.06,"$499,000.00"
Sol_065,10431 Quari St,https://www.loopnet.com/Listing/10431-Quari-St-Commerce-City-CO/29119294/,"Commerce City, CO 80022",0.72,270000.0,39.886267655476,-104.844980046547,9557.83,10000,L,95.58%,1211,ENVIRONMENTAL DESIGNS LLC (156 trucks) | BALIC TRANSPORT INC (120 trucks) | BURNCO COLORADO LLC (146 trucks) | WEST DIRECT OIL (140 trucks) | WAGNER EQUIPMENT CO (423 trucks) | METCO LANDSCAPING INC (226 trucks),132000,14810,11118344.06,"$270,000.00"
Sol_065,NEC N Fairgrounds Ave,https://www.loopnet.com/Listing/NEC-N-Fairgrounds-Ave-Windsor-CO/29890025/,"Windsor, CO 80528",0.74,483449.0,40.437732372143,-104.982630626628,304.01,1000,XS,30.40%,131,LARIMER COUNTY (131 trucks),132000,14810,11118344.06,"$483,449.00"
Sol_065,11958 Lincoln Ave,https://www.loopnet.com/Listing/Lincoln-Ave-Parker-CO/39741118/,"Parker, CO 80138",0.86,495000.0,39.536519536914,-104.76116705724,18264.289999999997,20000,XL,91.32%,2581,ACCELERATED SERVICES LLC (373 trucks) | AMERICAN FURNITURE WAREHOUSE CO (340 trucks) | TERRACARE ASSOCIATES LLC (156 trucks) | IHC SCOTT INC (214 trucks) | BUCKLEY POWDER CO (217 trucks) | CH2M OMI CH2MHILL JACOBS (183 trucks) | ORICA USA INC (215 trucks) | CHERRY CREEK SCHOOLS (352 trucks) | HBSCO DANS TRASH AT YOUR DISPOSAL (110 trucks) | ENTERPRISE RENT-A-CAR NATIONAL RENT A CAR ALAMO RENT A CAR (421 trucks),132000,14810,11118344.06,"$495,000.00"
Sol_065,8850 Huron St,https://www.loopnet.com/Listing/8850-Huron-St-Thornton-CO/33061072/,"Thornton, CO 80260",1.26,349000.0,39.858426283979,-104.995662022846,17094.77,20000,XL,85.47%,2505,CITY OF THORNTON (208 trucks) | CITY OF THORNTON (174 trucks) | COCAL LANDSCAPE SERVICES INC (153 trucks) | COLD FRONT (121 trucks) | READY MIX CONCRETE COMPANY (191 trucks) | NAVAJO EXPRESS INC (309 trucks) | TRI-STATE GENERATION & TRANSMISSION ASSOCIATION INC (321 trucks) | WESTERN DISTRIBUTING TRANSPORTATION CORP (155 trucks) | RMS CRANES (139 trucks) | SURESHOT DRILLING LLC ATOZ FIELD SERVICES LLC DRILL TECH LLC PINNACLE DEVELOPMENT INC HDD SPECIALISTS LLC (135 trucks) | EAGLE ROCK DISTRIBUTING COMPANY OF COLORADO LLC (148 trucks) | OFFEN PETROLEUM LLC (269 trucks) | ADAMS 12 FIVE STAR SCHOOLS (182 trucks),132000,14810,11118344.06,"$349,000.00"
Sol_065,NWQ Highway 119 and I-25,https://www.loopnet.com/Listing/NWQ-Highway-119-and-I-25-Firestone-CO/31431092/,"Firestone, CO 80504",1.28,949000.0,40.160746988915,-104.978709958949,3529.55,5000,M,70.59%,606,WARD ELECTRIC COMPANY INC (222 trucks) | HEAT WAVES HOT OIL SERVICE LLC (201 trucks) | SUPREME TRANSPORT INC (183 trucks),132000,14810,11118344.06,"$949,000.00"
Sol_065,13987 Foster ct,https://www.loopnet.com/Listing/13987-Foster-ct-Longmont-CO/34579366/,"Longmont, CO 80504",1.42,1370019.92,40.140476603851,-105.119700024426,1399.2,2000,S,69.96%,385,CITY OF LONGMONT (211 trucks) | ST VRAIN VALLEY SCHOOL DISTRICT (174 trucks),132000,14810,11118344.06,"$1,370,019.92"
Sol_065,765 Aspen Ridge Drive Dr,https://www.loopnet.com/Listing/765-Aspen-Ridge-Drive-Dr-Lafayette-CO/32931931/,"Lafayette, CO 80026",1.43,556000.0,40.006898203868,-105.107210150504,4585.06,5000,M,91.70%,619,BOULDER VALLEY SCHOOL DISTRICT RE-2 (134 trucks) | VIA MOBILITY SERVICES (196 trucks) | VIA MOBILITY SERVICES (116 trucks) | CU (173 trucks),132000,14810,11118344.06,"$556,000.00"
Sol_065,E Harmony & Lady Moon Dr,https://www.loopnet.com/Listing/E-Harmony-Lady-Moon-Dr-Fort-Collins-CO/11217719/,"Fort Collins, CO 80528",2.2,1054007.0,40.523221679275,-105.010799488523,5618.16,10000,L,56.18%,972,NOVUS AG LLC (444 trucks) | CITY OF FORT COLLINS (285 trucks) | Poudre School District  (243 trucks),132000,14810,11118344.06,"$1,054,007.00"
Sol_066,2544 11th Ave,https://www.loopnet.com/Listing/2544-11th-Ave-Greeley-CO/35100267/,"Greeley, CO 80631",0.15,350000.0,40.395690645275,-104.69657283495,336.5,1000,XS,33.65%,145,WELD COUNTY PUBLIC WORKS DEPARTMENT (145 trucks),145000,16496,11970034.450000001,"$350,000.00"
Sol_066,831 N Clarkson St,https://www.loopnet.com/Listing/831-N-Clarkson-St-Denver-CO/38142797/,"Denver, CO 80218",0.18,899000.0,39.729919009716,-104.977904960968,4580.9400000000005,5000,M,91.62%,521,FARMERS ALL NATURAL (121 trucks) | CO TRAN LLC (275 trucks) | SUPERSHUTTLE DENVER (125 trucks),145000,16496,11970034.450000001,"$899,000.00"
Sol_066,422 Perry St,https://www.loopnet.com/Listing/422-Perry-St-Castle-Rock-CO/38421711/,"Castle Rock, CO 80104",0.24,605821.24,39.374148794158,-104.858322527659,2577.81,5000,M,51.56%,389,GREAT SOUTHWESTERN CONSTRUCTION INC (280 trucks) | TOWN OF CASTLE ROCK  (109 trucks),145000,16496,11970034.450000001,"$605,821.24"
Sol_066,239 S Main St,https://www.loopnet.com/Listing/239-S-Main-St-Brighton-CO/27424620/,"Brighton, CO 80601",0.31,250000.0,39.982905257485,-104.822555605705,3986.53,5000,M,79.73%,543,G&Z TRANSPORT LLC (147 trucks) | SIM TRUCKING INC (120 trucks) | ENVIRONMENTAL DESIGNS LLC (156 trucks) | BALIC TRANSPORT INC (120 trucks),145000,16496,11970034.450000001,"$250,000.00"
Sol_066,20th & Blake St,https://www.loopnet.com/Listing/20th-Blake-St-Land-Denver-CO/26158810/,"Denver, CO 80205",0.32,1320000.0,39.754299409573,-104.994304825083,9694.1,10000,L,96.94%,1382,RES (149 trucks) | MPLX G&P (144 trucks) | CONCRETE EXPRESS INC (128 trucks) | COORS DISTRIBUTING COMPANY MILLER COORS LLC (105 trucks) | U S TRANSPORT INC (200 trucks) | WASTE CONNECTIONS OF COLORADO INC (486 trucks) | COMPASS VEHICLE RENTAL INC (170 trucks),145000,16496,11970034.450000001,"$1,320,000.00"
Sol_066,1560 N Academy Blvd,https://www.loopnet.com/Listing/1560-N-Academy-Blvd-Colorado-Springs-CO/3886433/,"Colorado Springs, CO 80909",0.64,416700.0,38.854776988204,-104.75774002483,5689.619999999999,10000,L,56.90%,1031,COLORADO SPRINGS SCHOOL DISTRICT 11 (130 trucks) | MOUNTAIN METROPOLITAN TRANSIT (144 trucks) | CITY OF COLORADO SPRINGS (326 trucks) | El PASO COUNTY (112 trucks) | GOODWILL OF COLORADO (134 trucks) | VECTRUS SYSTEMS CORPORATION (185 trucks),145000,16496,11970034.450000001,"$416,700.00"
Sol_066,4237 McWhinney Blvd,https://www.loopnet.com/Listing/4237-McWhinney-Blvd-Loveland-CO/23974785/,"Loveland, CO 80538",0.65,871347.9,40.408208389025,-105.017378025231,252.96,1000,XS,25.30%,109,LOVELAND MUNICIPALITY (109 trucks),145000,16496,11970034.450000001,"$871,347.90"
Sol_066,7300 W Jefferson Ave,https://www.loopnet.com/Listing/7300-W-Jefferson-Ave-Lakewood-CO/38419312/,"Lakewood, CO 80235",0.66,379999.0,39.649773884125,-105.079540805378,10536.92,20000,XL,52.68%,1415,QUALITY LOGISTICS INC (135 trucks) | KEESEN ENTERPRISES INC (263 trucks) | PROCAM SERVICES  (101 trucks) | JEFFCO SCHOOLS (274 trucks) | JEFFERSON COUNTY (120 trucks) | HOLCIM WCR INC (298 trucks) | PACIFIC SHIPPING & TRUCKING CO INC (109 trucks) | ENIVIRONMENTAL LANDWORKS COMPANY INC (115 trucks),145000,16496,11970034.450000001,"$379,999.00"
Sol_066,9190 W 84th Ave,https://www.loopnet.com/Listing/9190-W-84th-Ave-Arvada-CO/38160305/,"Arvada, CO 80005",0.67,499000.0,39.849854027782,-105.100317795342,3378.81,5000,M,67.58%,541,ALPINE MILLWORK COMPANY DBA ROCKY MOUNTAIN RELOAD (141 trucks) | CITY OF ARVADA (100 trucks) | GEOSTABILIZATION INTERNATIONAL LLC (155 trucks) | SITEWISE LLC (145 trucks),145000,16496,11970034.450000001,"$499,000.00"
Sol_066,NEC N Fairgrounds Ave,https://www.loopnet.com/Listing/NEC-N-Fairgrounds-Ave-Windsor-CO/29890025/,"Windsor, CO 80528",0.74,483449.0,40.437732372143,-104.982630626628,304.01,1000,XS,30.40%,131,LARIMER COUNTY (131 trucks),145000,16496,11970034.450000001,"$483,449.00"
Sol_066,11958 Lincoln Ave,https://www.loopnet.com/Listing/Lincoln-Ave-Parker-CO/39741118/,"Parker, CO 80138",0.86,495000.0,39.536519536914,-104.76116705724,18264.289999999997,20000,XL,91.32%,2581,ACCELERATED SERVICES LLC (373 trucks) | AMERICAN FURNITURE WAREHOUSE CO (340 trucks) | TERRACARE ASSOCIATES LLC (156 trucks) | IHC SCOTT INC (214 trucks) | BUCKLEY POWDER CO (217 trucks) | CH2M OMI CH2MHILL JACOBS (183 trucks) | ORICA USA INC (215 trucks) | CHERRY CREEK SCHOOLS (352 trucks) | HBSCO DANS TRASH AT YOUR DISPOSAL (110 trucks) | ENTERPRISE RENT-A-CAR NATIONAL RENT A CAR ALAMO RENT A CAR (421 trucks),145000,16496,11970034.450000001,"$495,000.00"
Sol_066,8850 Huron St,https://www.loopnet.com/Listing/8850-Huron-St-Thornton-CO/33061072/,"Thornton, CO 80260",1.26,349000.0,39.858426283979,-104.995662022846,18972.29,20000,XL,94.86%,2791,CITY OF THORNTON (208 trucks) | CITY OF THORNTON (174 trucks) | COCAL LANDSCAPE SERVICES INC (153 trucks) | COLD FRONT (121 trucks) | READY MIX CONCRETE COMPANY (191 trucks) | NAVAJO EXPRESS INC (309 trucks) | TRI-STATE GENERATION & TRANSMISSION ASSOCIATION INC (321 trucks) | WESTERN DISTRIBUTING TRANSPORTATION CORP (155 trucks) | RMS CRANES (139 trucks) | SURESHOT DRILLING LLC ATOZ FIELD SERVICES LLC DRILL TECH LLC PINNACLE DEVELOPMENT INC HDD SPECIALISTS LLC (135 trucks) | EAGLE ROCK DISTRIBUTING COMPANY OF COLORADO LLC (148 trucks) | OFFEN PETROLEUM LLC (269 trucks) | ADAMS 12 FIVE STAR SCHOOLS (182 trucks) | WEST DIRECT OIL (140 trucks) | BURNCO COLORADO LLC (146 trucks),145000,16496,11970034.450000001,"$349,000.00"
Sol_066,NWQ Highway 119 and I-25,https://www.loopnet.com/Listing/NWQ-Highway-119-and-I-25-Firestone-CO/31431092/,"Firestone, CO 80504",1.28,949000.0,40.160746988915,-104.978709958949,3529.55,5000,M,70.59%,606,WARD ELECTRIC COMPANY INC (222 trucks) | HEAT WAVES HOT OIL SERVICE LLC (201 trucks) | SUPREME TRANSPORT INC (183 trucks),145000,16496,11970034.450000001,"$949,000.00"
Sol_066,13987 Foster ct,https://www.loopnet.com/Listing/13987-Foster-ct-Longmont-CO/34579366/,"Longmont, CO 80504",1.42,1370019.92,40.140476603851,-105.119700024426,1399.2,2000,S,69.96%,385,CITY OF LONGMONT (211 trucks) | ST VRAIN VALLEY SCHOOL DISTRICT (174 trucks),145000,16496,11970034.450000001,"$1,370,019.92"
Sol_066,765 Aspen Ridge Drive Dr,https://www.loopnet.com/Listing/765-Aspen-Ridge-Drive-Dr-Lafayette-CO/32931931/,"Lafayette, CO 80026",1.43,556000.0,40.006898203868,-105.107210150504,4585.06,5000,M,91.70%,619,BOULDER VALLEY SCHOOL DISTRICT RE-2 (134 trucks) | VIA MOBILITY SERVICES (196 trucks) | VIA MOBILITY SERVICES (116 trucks) | CU (173 trucks),145000,16496,11970034.450000001,"$556,000.00"
Sol_066,150 S Potomac St,https://www.loopnet.com/Listing/150-S-Potomac-St-Aurora-CO/31718288/,"Aurora, CO 80012",1.69,1121690.39,39.714059275442,-104.827803431464,16479.05,20000,XL,82.40%,2335,CITY OF AURORA (271 trucks) | AURORA PUBLIC SCHOOLS (127 trucks) | METCO LANDSCAPING INC (226 trucks) | WAGNER EQUIPMENT CO (423 trucks) | SWINGLE TREE & LANDSCAPE CARE (135 trucks) | COMCAST (194 trucks) | SHAMROCK FOODS COMPANY (214 trucks) | CITY LIGHT AND POWER INC (121 trucks) | WHEEL PROS LLC (182 trucks) | GLOBAL TRANSPORTATION LLC (442 trucks),145000,16496,11970034.450000001,"$1,121,690.39"
Sol_066,E Harmony & Lady Moon Dr,https://www.loopnet.com/Listing/E-Harmony-Lady-Moon-Dr-Fort-Collins-CO/11217719/,"Fort Collins, CO 80528",2.2,1054007.0,40.523221679275,-105.010799488523,5618.16,10000,L,56.18%,972,NOVUS AG LLC (444 trucks) | CITY OF FORT COLLINS (285 trucks) | Poudre School District  (243 trucks),145000,16496,11970034.450000001,"$1,054,007.00"
Sol_067,2544 11th Ave,https://www.loopnet.com/Listing/2544-11th-Ave-Greeley-CO/35100267/,"Greeley, CO 80631",0.15,350000.0,40.395690645275,-104.69657283495,336.5,1000,XS,33.65%,145,WELD COUNTY PUBLIC WORKS DEPARTMENT (145 trucks),125000,14161,10848344.06,"$350,000.00"
Sol_067,831 N Clarkson St,https://www.loopnet.com/Listing/831-N-Clarkson-St-Denver-CO/38142797/,"Denver, CO 80218",0.18,899000.0,39.729919009716,-104.977904960968,4580.9400000000005,5000,M,91.62%,521,FARMERS ALL NATURAL (121 trucks) | CO TRAN LLC (275 trucks) | SUPERSHUTTLE DENVER (125 trucks),125000,14161,10848344.06,"$899,000.00"
Sol_067,422 Perry St,https://www.loopnet.com/Listing/422-Perry-St-Castle-Rock-CO/38421711/,"Castle Rock, CO 80104",0.24,605821.24,39.374148794158,-104.858322527659,2577.81,5000,M,51.56%,389,GREAT SOUTHWESTERN CONSTRUCTION INC (280 trucks) | TOWN OF CASTLE ROCK  (109 trucks),125000,14161,10848344.06,"$605,821.24"
Sol_067,239 S Main St,https://www.loopnet.com/Listing/239-S-Main-St-Brighton-CO/27424620/,"Brighton, CO 80601",0.31,250000.0,39.982905257485,-104.822555605705,3986.53,5000,M,79.73%,543,G&Z TRANSPORT LLC (147 trucks) | SIM TRUCKING INC (120 trucks) | ENVIRONMENTAL DESIGNS LLC (156 trucks) | BALIC TRANSPORT INC (120 trucks),125000,14161,10848344.06,"$250,000.00"
Sol_067,20th & Blake St,https://www.loopnet.com/Listing/20th-Blake-St-Land-Denver-CO/26158810/,"Denver, CO 80205",0.32,1320000.0,39.754299409573,-104.994304825083,9694.1,10000,L,96.94%,1382,RES (149 trucks) | MPLX G&P (144 trucks) | CONCRETE EXPRESS INC (128 trucks) | COORS DISTRIBUTING COMPANY MILLER COORS LLC (105 trucks) | U S TRANSPORT INC (200 trucks) | WASTE CONNECTIONS OF COLORADO INC (486 trucks) | COMPASS VEHICLE RENTAL INC (170 trucks),125000,14161,10848344.06,"$1,320,000.00"
Sol_067,1560 N Academy Blvd,https://www.loopnet.com/Listing/1560-N-Academy-Blvd-Colorado-Springs-CO/3886433/,"Colorado Springs, CO 80909",0.64,416700.0,38.854776988204,-104.75774002483,5689.619999999999,10000,L,56.90%,1031,COLORADO SPRINGS SCHOOL DISTRICT 11 (130 trucks) | MOUNTAIN METROPOLITAN TRANSIT (144 trucks) | CITY OF COLORADO SPRINGS (326 trucks) | El PASO COUNTY (112 trucks) | GOODWILL OF COLORADO (134 trucks) | VECTRUS SYSTEMS CORPORATION (185 trucks),125000,14161,10848344.06,"$416,700.00"
Sol_067,4237 McWhinney Blvd,https://www.loopnet.com/Listing/4237-McWhinney-Blvd-Loveland-CO/23974785/,"Loveland, CO 80538",0.65,871347.9,40.408208389025,-105.017378025231,252.96,1000,XS,25.30%,109,LOVELAND MUNICIPALITY (109 trucks),125000,14161,10848344.06,"$871,347.90"
Sol_067,7300 W Jefferson Ave,https://www.loopnet.com/Listing/7300-W-Jefferson-Ave-Lakewood-CO/38419312/,"Lakewood, CO 80235",0.66,379999.0,39.649773884125,-105.079540805378,10536.92,20000,XL,52.68%,1415,QUALITY LOGISTICS INC (135 trucks) | KEESEN ENTERPRISES INC (263 trucks) | PROCAM SERVICES  (101 trucks) | JEFFCO SCHOOLS (274 trucks) | JEFFERSON COUNTY (120 trucks) | HOLCIM WCR INC (298 trucks) | PACIFIC SHIPPING & TRUCKING CO INC (109 trucks) | ENIVIRONMENTAL LANDWORKS COMPANY INC (115 trucks),125000,14161,10848344.06,"$379,999.00"
Sol_067,9190 W 84th Ave,https://www.loopnet.com/Listing/9190-W-84th-Ave-Arvada-CO/38160305/,"Arvada, CO 80005",0.67,499000.0,39.849854027782,-105.100317795342,3378.81,5000,M,67.58%,541,ALPINE MILLWORK COMPANY DBA ROCKY MOUNTAIN RELOAD (141 trucks) | CITY OF ARVADA (100 trucks) | GEOSTABILIZATION INTERNATIONAL LLC (155 trucks) | SITEWISE LLC (145 trucks),125000,14161,10848344.06,"$499,000.00"
Sol_067,NEC N Fairgrounds Ave,https://www.loopnet.com/Listing/NEC-N-Fairgrounds-Ave-Windsor-CO/29890025/,"Windsor, CO 80528",0.74,483449.0,40.437732372143,-104.982630626628,304.01,1000,XS,30.40%,131,LARIMER COUNTY (131 trucks),125000,14161,10848344.06,"$483,449.00"
Sol_067,11958 Lincoln Ave,https://www.loopnet.com/Listing/Lincoln-Ave-Parker-CO/39741118/,"Parker, CO 80138",0.86,495000.0,39.536519536914,-104.76116705724,18264.289999999997,20000,XL,91.32%,2581,ACCELERATED SERVICES LLC (373 trucks) | AMERICAN FURNITURE WAREHOUSE CO (340 trucks) | TERRACARE ASSOCIATES LLC (156 trucks) | IHC SCOTT INC (214 trucks) | BUCKLEY POWDER CO (217 trucks) | CH2M OMI CH2MHILL JACOBS (183 trucks) | ORICA USA INC (215 trucks) | CHERRY CREEK SCHOOLS (352 trucks) | HBSCO DANS TRASH AT YOUR DISPOSAL (110 trucks) | ENTERPRISE RENT-A-CAR NATIONAL RENT A CAR ALAMO RENT A CAR (421 trucks),125000,14161,10848344.06,"$495,000.00"
Sol_067,8850 Huron St,https://www.loopnet.com/Listing/8850-Huron-St-Thornton-CO/33061072/,"Thornton, CO 80260",1.26,349000.0,39.858426283979,-104.995662022846,18972.29,20000,XL,94.86%,2791,CITY OF THORNTON (208 trucks) | CITY OF THORNTON (174 trucks) | COCAL LANDSCAPE SERVICES INC (153 trucks) | COLD FRONT (121 trucks) | READY MIX CONCRETE COMPANY (191 trucks) | NAVAJO EXPRESS INC (309 trucks) | TRI-STATE GENERATION & TRANSMISSION ASSOCIATION INC (321 trucks) | WESTERN DISTRIBUTING TRANSPORTATION CORP (155 trucks) | RMS CRANES (139 trucks) | SURESHOT DRILLING LLC ATOZ FIELD SERVICES LLC DRILL TECH LLC PINNACLE DEVELOPMENT INC HDD SPECIALISTS LLC (135 trucks) | EAGLE ROCK DISTRIBUTING COMPANY OF COLORADO LLC (148 trucks) | OFFEN PETROLEUM LLC (269 trucks) | ADAMS 12 FIVE STAR SCHOOLS (182 trucks) | WEST DIRECT OIL (140 trucks) | BURNCO COLORADO LLC (146 trucks),125000,14161,10848344.06,"$349,000.00"
Sol_067,NWQ Highway 119 and I-25,https://www.loopnet.com/Listing/NWQ-Highway-119-and-I-25-Firestone-CO/31431092/,"Firestone, CO 80504",1.28,949000.0,40.160746988915,-104.978709958949,3529.55,5000,M,70.59%,606,WARD ELECTRIC COMPANY INC (222 trucks) | HEAT WAVES HOT OIL SERVICE LLC (201 trucks) | SUPREME TRANSPORT INC (183 trucks),125000,14161,10848344.06,"$949,000.00"
Sol_067,13987 Foster ct,https://www.loopnet.com/Listing/13987-Foster-ct-Longmont-CO/34579366/,"Longmont, CO 80504",1.42,1370019.92,40.140476603851,-105.119700024426,1399.2,2000,S,69.96%,385,CITY OF LONGMONT (211 trucks) | ST VRAIN VALLEY SCHOOL DISTRICT (174 trucks),125000,14161,10848344.06,"$1,370,019.92"
Sol_067,765 Aspen Ridge Drive Dr,https://www.loopnet.com/Listing/765-Aspen-Ridge-Drive-Dr-Lafayette-CO/32931931/,"Lafayette, CO 80026",1.43,556000.0,40.006898203868,-105.107210150504,4585.06,5000,M,91.70%,619,BOULDER VALLEY SCHOOL DISTRICT RE-2 (134 trucks) | VIA MOBILITY SERVICES (196 trucks) | VIA MOBILITY SERVICES (116 trucks) | CU (173 trucks),125000,14161,10848344.06,"$556,000.00"
Sol_067,E Harmony & Lady Moon Dr,https://www.loopnet.com/Listing/E-Harmony-Lady-Moon-Dr-Fort-Collins-CO/11217719/,"Fort Collins, CO 80528",2.2,1054007.0,40.523221679275,-105.010799488523,5618.16,10000,L,56.18%,972,NOVUS AG LLC (444 trucks) | CITY OF FORT COLLINS (285 trucks) | Poudre School District  (243 trucks),125000,14161,10848344.06,"$1,054,007.00"
Sol_068,2544 11th Ave,https://www.loopnet.com/Listing/2544-11th-Ave-Greeley-CO/35100267/,"Greeley, CO 80631",0.15,350000.0,40.395690645275,-104.69657283495,336.5,1000,XS,33.65%,145,WELD COUNTY PUBLIC WORKS DEPARTMENT (145 trucks),152000,16569,12344344.06,"$350,000.00"
Sol_068,831 N Clarkson St,https://www.loopnet.com/Listing/831-N-Clarkson-St-Denver-CO/38142797/,"Denver, CO 80218",0.18,899000.0,39.729919009716,-104.977904960968,4580.9400000000005,5000,M,91.62%,521,FARMERS ALL NATURAL (121 trucks) | CO TRAN LLC (275 trucks) | SUPERSHUTTLE DENVER (125 trucks),152000,16569,12344344.06,"$899,000.00"
Sol_068,422 Perry St,https://www.loopnet.com/Listing/422-Perry-St-Castle-Rock-CO/38421711/,"Castle Rock, CO 80104",0.24,605821.24,39.374148794158,-104.858322527659,2577.81,5000,M,51.56%,389,GREAT SOUTHWESTERN CONSTRUCTION INC (280 trucks) | TOWN OF CASTLE ROCK  (109 trucks),152000,16569,12344344.06,"$605,821.24"
Sol_068,239 S Main St,https://www.loopnet.com/Listing/239-S-Main-St-Brighton-CO/27424620/,"Brighton, CO 80601",0.31,250000.0,39.982905257485,-104.822555605705,1694.9,2000,S,84.75%,267,G&Z TRANSPORT LLC (147 trucks) | SIM TRUCKING INC (120 trucks),152000,16569,12344344.06,"$250,000.00"
Sol_068,20th & Blake St,https://www.loopnet.com/Listing/20th-Blake-St-Land-Denver-CO/26158810/,"Denver, CO 80205",0.32,1320000.0,39.754299409573,-104.994304825083,7615.27,10000,L,76.15%,1147,RES (149 trucks) | MPLX G&P (144 trucks) | CONCRETE EXPRESS INC (128 trucks) | COMPASS VEHICLE RENTAL INC (170 trucks) | UNITED SITE SERVICES OF NEVADA INC (409 trucks) | UNITED SITE SERVICES OF COLORADO INC (147 trucks),152000,16569,12344344.06,"$1,320,000.00"
Sol_068,1560 N Academy Blvd,https://www.loopnet.com/Listing/1560-N-Academy-Blvd-Colorado-Springs-CO/3886433/,"Colorado Springs, CO 80909",0.64,416700.0,38.854776988204,-104.75774002483,5689.619999999999,10000,L,56.90%,1031,COLORADO SPRINGS SCHOOL DISTRICT 11 (130 trucks) | MOUNTAIN METROPOLITAN TRANSIT (144 trucks) | CITY OF COLORADO SPRINGS (326 trucks) | El PASO COUNTY (112 trucks) | GOODWILL OF COLORADO (134 trucks) | VECTRUS SYSTEMS CORPORATION (185 trucks),152000,16569,12344344.06,"$416,700.00"
Sol_068,3401 S Yosemite St,https://www.loopnet.com/Listing/3401-S-Yosemite-St-Denver-CO/39837277/,"Denver, CO 80231",0.64,675000.0,39.654049416843,-104.88550562639,19524.48,20000,XL,97.62%,2867,COMCAST (194 trucks) | SWINGLE TREE & LANDSCAPE CARE (135 trucks) | CITY LIGHT AND POWER INC (121 trucks) | WHEEL PROS LLC (182 trucks) | GLOBAL TRANSPORTATION LLC (442 trucks) | HBSCO DANS TRASH AT YOUR DISPOSAL (110 trucks) | CITY OF AURORA (271 trucks) | ORICA USA INC (215 trucks) | ENTERPRISE RENT-A-CAR NATIONAL RENT A CAR ALAMO RENT A CAR (421 trucks) | AURORA PUBLIC SCHOOLS (127 trucks) | METCO LANDSCAPING INC (226 trucks) | WAGNER EQUIPMENT CO (423 trucks),152000,16569,12344344.06,"$675,000.00"
Sol_068,4237 McWhinney Blvd,https://www.loopnet.com/Listing/4237-McWhinney-Blvd-Loveland-CO/23974785/,"Loveland, CO 80538",0.65,871347.9,40.408208389025,-105.017378025231,252.96,1000,XS,25.30%,109,LOVELAND MUNICIPALITY (109 trucks),152000,16569,12344344.06,"$871,347.90"
Sol_068,7300 W Jefferson Ave,https://www.loopnet.com/Listing/7300-W-Jefferson-Ave-Lakewood-CO/38419312/,"Lakewood, CO 80235",0.66,379999.0,39.649773884125,-105.079540805378,10536.92,20000,XL,52.68%,1415,QUALITY LOGISTICS INC (135 trucks) | KEESEN ENTERPRISES INC (263 trucks) | PROCAM SERVICES  (101 trucks) | JEFFCO SCHOOLS (274 trucks) | JEFFERSON COUNTY (120 trucks) | HOLCIM WCR INC (298 trucks) | PACIFIC SHIPPING & TRUCKING CO INC (109 trucks) | ENIVIRONMENTAL LANDWORKS COMPANY INC (115 trucks),152000,16569,12344344.06,"$379,999.00"
Sol_068,9190 W 84th Ave,https://www.loopnet.com/Listing/9190-W-84th-Ave-Arvada-CO/38160305/,"Arvada, CO 80005",0.67,499000.0,39.849854027782,-105.100317795342,4904.2,5000,M,98.08%,862,ALPINE MILLWORK COMPANY DBA ROCKY MOUNTAIN RELOAD (141 trucks) | CITY OF ARVADA (100 trucks) | GEOSTABILIZATION INTERNATIONAL LLC (155 trucks) | SITEWISE LLC (145 trucks) | TRI-STATE GENERATION & TRANSMISSION ASSOCIATION INC (321 trucks),152000,16569,12344344.06,"$499,000.00"
Sol_068,10431 Quari St,https://www.loopnet.com/Listing/10431-Quari-St-Commerce-City-CO/29119294/,"Commerce City, CO 80022",0.72,270000.0,39.886267655476,-104.844980046547,5120.5,10000,L,51.20%,744,ENVIRONMENTAL DESIGNS LLC (156 trucks) | BALIC TRANSPORT INC (120 trucks) | BURNCO COLORADO LLC (146 trucks) | WEST DIRECT OIL (140 trucks) | ADAMS 12 FIVE STAR SCHOOLS (182 trucks),152000,16569,12344344.06,"$270,000.00"
Sol_068,NEC N Fairgrounds Ave,https://www.loopnet.com/Listing/NEC-N-Fairgrounds-Ave-Windsor-CO/29890025/,"Windsor, CO 80528",0.74,483449.0,40.437732372143,-104.982630626628,304.01,1000,XS,30.40%,131,LARIMER COUNTY (131 trucks),152000,16569,12344344.06,"$483,449.00"
Sol_068,11958 Lincoln Ave,https://www.loopnet.com/Listing/Lincoln-Ave-Parker-CO/39741118/,"Parker, CO 80138",0.86,495000.0,39.536519536914,-104.76116705724,13220.13,20000,XL,66.10%,1835,ACCELERATED SERVICES LLC (373 trucks) | AMERICAN FURNITURE WAREHOUSE CO (340 trucks) | TERRACARE ASSOCIATES LLC (156 trucks) | IHC SCOTT INC (214 trucks) | BUCKLEY POWDER CO (217 trucks) | CH2M OMI CH2MHILL JACOBS (183 trucks) | CHERRY CREEK SCHOOLS (352 trucks),152000,16569,12344344.06,"$495,000.00"
Sol_068,2980 W 60th Ave,https://www.loopnet.com/Listing/2980-W-60th-Ave-Denver-CO/12107088/,"Denver, CO 80221",1.14,900000.0,39.805386957185,-105.022150208489,18066.22,20000,XL,90.33%,2524,NAVAJO EXPRESS INC (309 trucks) | COORS DISTRIBUTING COMPANY MILLER COORS LLC (105 trucks) | COLD FRONT (121 trucks) | U S TRANSPORT INC (200 trucks) | SURESHOT DRILLING LLC ATOZ FIELD SERVICES LLC DRILL TECH LLC PINNACLE DEVELOPMENT INC HDD SPECIALISTS LLC (135 trucks) | EAGLE ROCK DISTRIBUTING COMPANY OF COLORADO LLC (148 trucks) | COCAL LANDSCAPE SERVICES INC (153 trucks) | WASTE CONNECTIONS OF COLORADO INC (486 trucks) | RMS CRANES (139 trucks) | WESTERN DISTRIBUTING TRANSPORTATION CORP (155 trucks) | READY MIX CONCRETE COMPANY (191 trucks) | CITY OF THORNTON (208 trucks) | CITY OF THORNTON (174 trucks),152000,16569,12344344.06,"$900,000.00"
Sol_068,NWQ Highway 119 and I-25,https://www.loopnet.com/Listing/NWQ-Highway-119-and-I-25-Firestone-CO/31431092/,"Firestone, CO 80504",1.28,949000.0,40.160746988915,-104.978709958949,3529.55,5000,M,70.59%,606,WARD ELECTRIC COMPANY INC (222 trucks) | HEAT WAVES HOT OIL SERVICE LLC (201 trucks) | SUPREME TRANSPORT INC (183 trucks),152000,16569,12344344.06,"$949,000.00"
Sol_068,13987 Foster ct,https://www.loopnet.com/Listing/13987-Foster-ct-Longmont-CO/34579366/,"Longmont, CO 80504",1.42,1370019.92,40.140476603851,-105.119700024426,1399.2,2000,S,69.96%,385,CITY OF LONGMONT (211 trucks) | ST VRAIN VALLEY SCHOOL DISTRICT (174 trucks),152000,16569,12344344.06,"$1,370,019.92"
Sol_068,765 Aspen Ridge Drive Dr,https://www.loopnet.com/Listing/765-Aspen-Ridge-Drive-Dr-Lafayette-CO/32931931/,"Lafayette, CO 80026",1.43,556000.0,40.006898203868,-105.107210150504,4585.06,5000,M,91.70%,619,BOULDER VALLEY SCHOOL DISTRICT RE-2 (134 trucks) | VIA MOBILITY SERVICES (196 trucks) | VIA MOBILITY SERVICES (116 trucks) | CU (173 trucks),152000,16569,12344344.06,"$556,000.00"
Sol_068,E Harmony & Lady Moon Dr,https://www.loopnet.com/Listing/E-Harmony-Lady-Moon-Dr-Fort-Collins-CO/11217719/,"Fort Collins, CO 80528",2.2,1054007.0,40.523221679275,-105.010799488523,5618.16,10000,L,56.18%,972,NOVUS AG LLC (444 trucks) | CITY OF FORT COLLINS (285 trucks) | Poudre School District  (243 trucks),152000,16569,12344344.06,"$1,054,007.00"
Sol_069,2544 11th Ave,https://www.loopnet.com/Listing/2544-11th-Ave-Greeley-CO/35100267/,"Greeley, CO 80631",0.15,350000.0,40.395690645275,-104.69657283495,336.5,1000,XS,33.65%,145,WELD COUNTY PUBLIC WORKS DEPARTMENT (145 trucks),145000,16282,11523344.06,"$350,000.00"
Sol_069,831 N Clarkson St,https://www.loopnet.com/Listing/831-N-Clarkson-St-Denver-CO/38142797/,"Denver, CO 80218",0.18,899000.0,39.729919009716,-104.977904960968,4580.9400000000005,5000,M,91.62%,521,FARMERS ALL NATURAL (121 trucks) | CO TRAN LLC (275 trucks) | SUPERSHUTTLE DENVER (125 trucks),145000,16282,11523344.06,"$899,000.00"
Sol_069,422 Perry St,https://www.loopnet.com/Listing/422-Perry-St-Castle-Rock-CO/38421711/,"Castle Rock, CO 80104",0.24,605821.24,39.374148794158,-104.858322527659,2577.81,5000,M,51.56%,389,GREAT SOUTHWESTERN CONSTRUCTION INC (280 trucks) | TOWN OF CASTLE ROCK  (109 trucks),145000,16282,11523344.06,"$605,821.24"
Sol_069,239 S Main St,https://www.loopnet.com/Listing/239-S-Main-St-Brighton-CO/27424620/,"Brighton, CO 80601",0.31,250000.0,39.982905257485,-104.822555605705,3986.53,5000,M,79.73%,543,G&Z TRANSPORT LLC (147 trucks) | SIM TRUCKING INC (120 trucks) | ENVIRONMENTAL DESIGNS LLC (156 trucks) | BALIC TRANSPORT INC (120 trucks),145000,16282,11523344.06,"$250,000.00"
Sol_069,20th & Blake St,https://www.loopnet.com/Listing/20th-Blake-St-Land-Denver-CO/26158810/,"Denver, CO 80205",0.32,1320000.0,39.754299409573,-104.994304825083,9694.1,10000,L,96.94%,1382,RES (149 trucks) | MPLX G&P (144 trucks) | CONCRETE EXPRESS INC (128 trucks) | COORS DISTRIBUTING COMPANY MILLER COORS LLC (105 trucks) | U S TRANSPORT INC (200 trucks) | WASTE CONNECTIONS OF COLORADO INC (486 trucks) | COMPASS VEHICLE RENTAL INC (170 trucks),145000,16282,11523344.06,"$1,320,000.00"
Sol_069,1560 N Academy Blvd,https://www.loopnet.com/Listing/1560-N-Academy-Blvd-Colorado-Springs-CO/3886433/,"Colorado Springs, CO 80909",0.64,416700.0,38.854776988204,-104.75774002483,5689.619999999999,10000,L,56.90%,1031,COLORADO SPRINGS SCHOOL DISTRICT 11 (130 trucks) | MOUNTAIN METROPOLITAN TRANSIT (144 trucks) | CITY OF COLORADO SPRINGS (326 trucks) | El PASO COUNTY (112 trucks) | GOODWILL OF COLORADO (134 trucks) | VECTRUS SYSTEMS CORPORATION (185 trucks),145000,16282,11523344.06,"$416,700.00"
Sol_069,3401 S Yosemite St,https://www.loopnet.com/Listing/3401-S-Yosemite-St-Denver-CO/39837277/,"Denver, CO 80231",0.64,675000.0,39.654049416843,-104.88550562639,19524.48,20000,XL,97.62%,2867,COMCAST (194 trucks) | SWINGLE TREE & LANDSCAPE CARE (135 trucks) | CITY LIGHT AND POWER INC (121 trucks) | WHEEL PROS LLC (182 trucks) | GLOBAL TRANSPORTATION LLC (442 trucks) | HBSCO DANS TRASH AT YOUR DISPOSAL (110 trucks) | CITY OF AURORA (271 trucks) | ORICA USA INC (215 trucks) | ENTERPRISE RENT-A-CAR NATIONAL RENT A CAR ALAMO RENT A CAR (421 trucks) | AURORA PUBLIC SCHOOLS (127 trucks) | METCO LANDSCAPING INC (226 trucks) | WAGNER EQUIPMENT CO (423 trucks),145000,16282,11523344.06,"$675,000.00"
Sol_069,4237 McWhinney Blvd,https://www.loopnet.com/Listing/4237-McWhinney-Blvd-Loveland-CO/23974785/,"Loveland, CO 80538",0.65,871347.9,40.408208389025,-105.017378025231,252.96,1000,XS,25.30%,109,LOVELAND MUNICIPALITY (109 trucks),145000,16282,11523344.06,"$871,347.90"
Sol_069,7300 W Jefferson Ave,https://www.loopnet.com/Listing/7300-W-Jefferson-Ave-Lakewood-CO/38419312/,"Lakewood, CO 80235",0.66,379999.0,39.649773884125,-105.079540805378,10536.92,20000,XL,52.68%,1415,QUALITY LOGISTICS INC (135 trucks) | KEESEN ENTERPRISES INC (263 trucks) | PROCAM SERVICES  (101 trucks) | JEFFCO SCHOOLS (274 trucks) | JEFFERSON COUNTY (120 trucks) | HOLCIM WCR INC (298 trucks) | PACIFIC SHIPPING & TRUCKING CO INC (109 trucks) | ENIVIRONMENTAL LANDWORKS COMPANY INC (115 trucks),145000,16282,11523344.06,"$379,999.00"
Sol_069,9190 W 84th Ave,https://www.loopnet.com/Listing/9190-W-84th-Ave-Arvada-CO/38160305/,"Arvada, CO 80005",0.67,499000.0,39.849854027782,-105.100317795342,3378.81,5000,M,67.58%,541,ALPINE MILLWORK COMPANY DBA ROCKY MOUNTAIN RELOAD (141 trucks) | CITY OF ARVADA (100 trucks) | GEOSTABILIZATION INTERNATIONAL LLC (155 trucks) | SITEWISE LLC (145 trucks),145000,16282,11523344.06,"$499,000.00"
Sol_069,NEC N Fairgrounds Ave,https://www.loopnet.com/Listing/NEC-N-Fairgrounds-Ave-Windsor-CO/29890025/,"Windsor, CO 80528",0.74,483449.0,40.437732372143,-104.982630626628,304.01,1000,XS,30.40%,131,LARIMER COUNTY (131 trucks),145000,16282,11523344.06,"$483,449.00"
Sol_069,11958 Lincoln Ave,https://www.loopnet.com/Listing/Lincoln-Ave-Parker-CO/39741118/,"Parker, CO 80138",0.86,495000.0,39.536519536914,-104.76116705724,13220.13,20000,XL,66.10%,1835,ACCELERATED SERVICES LLC (373 trucks) | AMERICAN FURNITURE WAREHOUSE CO (340 trucks) | TERRACARE ASSOCIATES LLC (156 trucks) | IHC SCOTT INC (214 trucks) | BUCKLEY POWDER CO (217 trucks) | CH2M OMI CH2MHILL JACOBS (183 trucks) | CHERRY CREEK SCHOOLS (352 trucks),145000,16282,11523344.06,"$495,000.00"
Sol_069,8850 Huron St,https://www.loopnet.com/Listing/8850-Huron-St-Thornton-CO/33061072/,"Thornton, CO 80260",1.26,349000.0,39.858426283979,-104.995662022846,18972.29,20000,XL,94.86%,2791,CITY OF THORNTON (208 trucks) | CITY OF THORNTON (174 trucks) | COCAL LANDSCAPE SERVICES INC (153 trucks) | COLD FRONT (121 trucks) | READY MIX CONCRETE COMPANY (191 trucks) | NAVAJO EXPRESS INC (309 trucks) | TRI-STATE GENERATION & TRANSMISSION ASSOCIATION INC (321 trucks) | WESTERN DISTRIBUTING TRANSPORTATION CORP (155 trucks) | RMS CRANES (139 trucks) | SURESHOT DRILLING LLC ATOZ FIELD SERVICES LLC DRILL TECH LLC PINNACLE DEVELOPMENT INC HDD SPECIALISTS LLC (135 trucks) | EAGLE ROCK DISTRIBUTING COMPANY OF COLORADO LLC (148 trucks) | OFFEN PETROLEUM LLC (269 trucks) | ADAMS 12 FIVE STAR SCHOOLS (182 trucks) | WEST DIRECT OIL (140 trucks) | BURNCO COLORADO LLC (146 trucks),145000,16282,11523344.06,"$349,000.00"
Sol_069,NWQ Highway 119 and I-25,https://www.loopnet.com/Listing/NWQ-Highway-119-and-I-25-Firestone-CO/31431092/,"Firestone, CO 80504",1.28,949000.0,40.160746988915,-104.978709958949,3529.55,5000,M,70.59%,606,WARD ELECTRIC COMPANY INC (222 trucks) | HEAT WAVES HOT OIL SERVICE LLC (201 trucks) | SUPREME TRANSPORT INC (183 trucks),145000,16282,11523344.06,"$949,000.00"
Sol_069,13987 Foster ct,https://www.loopnet.com/Listing/13987-Foster-ct-Longmont-CO/34579366/,"Longmont, CO 80504",1.42,1370019.92,40.140476603851,-105.119700024426,1399.2,2000,S,69.96%,385,CITY OF LONGMONT (211 trucks) | ST VRAIN VALLEY SCHOOL DISTRICT (174 trucks),145000,16282,11523344.06,"$1,370,019.92"
Sol_069,765 Aspen Ridge Drive Dr,https://www.loopnet.com/Listing/765-Aspen-Ridge-Drive-Dr-Lafayette-CO/32931931/,"Lafayette, CO 80026",1.43,556000.0,40.006898203868,-105.107210150504,4585.06,5000,M,91.70%,619,BOULDER VALLEY SCHOOL DISTRICT RE-2 (134 trucks) | VIA MOBILITY SERVICES (196 trucks) | VIA MOBILITY SERVICES (116 trucks) | CU (173 trucks),145000,16282,11523344.06,"$556,000.00"
Sol_069,E Harmony & Lady Moon Dr,https://www.loopnet.com/Listing/E-Harmony-Lady-Moon-Dr-Fort-Collins-CO/11217719/,"Fort Collins, CO 80528",2.2,1054007.0,40.523221679275,-105.010799488523,5618.16,10000,L,56.18%,972,NOVUS AG LLC (444 trucks) | CITY OF FORT COLLINS (285 trucks) | Poudre School District  (243 trucks),145000,16282,11523344.06,"$1,054,007.00"
Sol_070,2544 11th Ave,https://www.loopnet.com/Listing/2544-11th-Ave-Greeley-CO/35100267/,"Greeley, CO 80631",0.15,350000.0,40.395690645275,-104.69657283495,336.5,1000,XS,33.65%,145,WELD COUNTY PUBLIC WORKS DEPARTMENT (145 trucks),125000,14161,10848344.06,"$350,000.00"
Sol_070,831 N Clarkson St,https://www.loopnet.com/Listing/831-N-Clarkson-St-Denver-CO/38142797/,"Denver, CO 80218",0.18,899000.0,39.729919009716,-104.977904960968,4580.9400000000005,5000,M,91.62%,521,FARMERS ALL NATURAL (121 trucks) | CO TRAN LLC (275 trucks) | SUPERSHUTTLE DENVER (125 trucks),125000,14161,10848344.06,"$899,000.00"
Sol_070,422 Perry St,https://www.loopnet.com/Listing/422-Perry-St-Castle-Rock-CO/38421711/,"Castle Rock, CO 80104",0.24,605821.24,39.374148794158,-104.858322527659,2577.81,5000,M,51.56%,389,GREAT SOUTHWESTERN CONSTRUCTION INC (280 trucks) | TOWN OF CASTLE ROCK  (109 trucks),125000,14161,10848344.06,"$605,821.24"
Sol_070,239 S Main St,https://www.loopnet.com/Listing/239-S-Main-St-Brighton-CO/27424620/,"Brighton, CO 80601",0.31,250000.0,39.982905257485,-104.822555605705,3986.53,5000,M,79.73%,543,G&Z TRANSPORT LLC (147 trucks) | SIM TRUCKING INC (120 trucks) | ENVIRONMENTAL DESIGNS LLC (156 trucks) | BALIC TRANSPORT INC (120 trucks),125000,14161,10848344.06,"$250,000.00"
Sol_070,20th & Blake St,https://www.loopnet.com/Listing/20th-Blake-St-Land-Denver-CO/26158810/,"Denver, CO 80205",0.32,1320000.0,39.754299409573,-104.994304825083,9694.1,10000,L,96.94%,1382,RES (149 trucks) | MPLX G&P (144 trucks) | CONCRETE EXPRESS INC (128 trucks) | COORS DISTRIBUTING COMPANY MILLER COORS LLC (105 trucks) | U S TRANSPORT INC (200 trucks) | WASTE CONNECTIONS OF COLORADO INC (486 trucks) | COMPASS VEHICLE RENTAL INC (170 trucks),125000,14161,10848344.06,"$1,320,000.00"
Sol_070,1560 N Academy Blvd,https://www.loopnet.com/Listing/1560-N-Academy-Blvd-Colorado-Springs-CO/3886433/,"Colorado Springs, CO 80909",0.64,416700.0,38.854776988204,-104.75774002483,5689.619999999999,10000,L,56.90%,1031,COLORADO SPRINGS SCHOOL DISTRICT 11 (130 trucks) | MOUNTAIN METROPOLITAN TRANSIT (144 trucks) | CITY OF COLORADO SPRINGS (326 trucks) | El PASO COUNTY (112 trucks) | GOODWILL OF COLORADO (134 trucks) | VECTRUS SYSTEMS CORPORATION (185 trucks),125000,14161,10848344.06,"$416,700.00"
Sol_070,4237 McWhinney Blvd,https://www.loopnet.com/Listing/4237-McWhinney-Blvd-Loveland-CO/23974785/,"Loveland, CO 80538",0.65,871347.9,40.408208389025,-105.017378025231,252.96,1000,XS,25.30%,109,LOVELAND MUNICIPALITY (109 trucks),125000,14161,10848344.06,"$871,347.90"
Sol_070,7300 W Jefferson Ave,https://www.loopnet.com/Listing/7300-W-Jefferson-Ave-Lakewood-CO/38419312/,"Lakewood, CO 80235",0.66,379999.0,39.649773884125,-105.079540805378,10536.92,20000,XL,52.68%,1415,QUALITY LOGISTICS INC (135 trucks) | KEESEN ENTERPRISES INC (263 trucks) | PROCAM SERVICES  (101 trucks) | JEFFCO SCHOOLS (274 trucks) | JEFFERSON COUNTY (120 trucks) | HOLCIM WCR INC (298 trucks) | PACIFIC SHIPPING & TRUCKING CO INC (109 trucks) | ENIVIRONMENTAL LANDWORKS COMPANY INC (115 trucks),125000,14161,10848344.06,"$379,999.00"
Sol_070,9190 W 84th Ave,https://www.loopnet.com/Listing/9190-W-84th-Ave-Arvada-CO/38160305/,"Arvada, CO 80005",0.67,499000.0,39.849854027782,-105.100317795342,3378.81,5000,M,67.58%,541,ALPINE MILLWORK COMPANY DBA ROCKY MOUNTAIN RELOAD (141 trucks) | CITY OF ARVADA (100 trucks) | GEOSTABILIZATION INTERNATIONAL LLC (155 trucks) | SITEWISE LLC (145 trucks),125000,14161,10848344.06,"$499,000.00"
Sol_070,NEC N Fairgrounds Ave,https://www.loopnet.com/Listing/NEC-N-Fairgrounds-Ave-Windsor-CO/29890025/,"Windsor, CO 80528",0.74,483449.0,40.437732372143,-104.982630626628,304.01,1000,XS,30.40%,131,LARIMER COUNTY (131 trucks),125000,14161,10848344.06,"$483,449.00"
Sol_070,11958 Lincoln Ave,https://www.loopnet.com/Listing/Lincoln-Ave-Parker-CO/39741118/,"Parker, CO 80138",0.86,495000.0,39.536519536914,-104.76116705724,18264.289999999997,20000,XL,91.32%,2581,ACCELERATED SERVICES LLC (373 trucks) | AMERICAN FURNITURE WAREHOUSE CO (340 trucks) | TERRACARE ASSOCIATES LLC (156 trucks) | IHC SCOTT INC (214 trucks) | BUCKLEY POWDER CO (217 trucks) | CH2M OMI CH2MHILL JACOBS (183 trucks) | ORICA USA INC (215 trucks) | CHERRY CREEK SCHOOLS (352 trucks) | HBSCO DANS TRASH AT YOUR DISPOSAL (110 trucks) | ENTERPRISE RENT-A-CAR NATIONAL RENT A CAR ALAMO RENT A CAR (421 trucks),125000,14161,10848344.06,"$495,000.00"
Sol_070,8850 Huron St,https://www.loopnet.com/Listing/8850-Huron-St-Thornton-CO/33061072/,"Thornton, CO 80260",1.26,349000.0,39.858426283979,-104.995662022846,18972.29,20000,XL,94.86%,2791,CITY OF THORNTON (208 trucks) | CITY OF THORNTON (174 trucks) | COCAL LANDSCAPE SERVICES INC (153 trucks) | COLD FRONT (121 trucks) | READY MIX CONCRETE COMPANY (191 trucks) | NAVAJO EXPRESS INC (309 trucks) | TRI-STATE GENERATION & TRANSMISSION ASSOCIATION INC (321 trucks) | WESTERN DISTRIBUTING TRANSPORTATION CORP (155 trucks) | RMS CRANES (139 trucks) | SURESHOT DRILLING LLC ATOZ FIELD SERVICES LLC DRILL TECH LLC PINNACLE DEVELOPMENT INC HDD SPECIALISTS LLC (135 trucks) | EAGLE ROCK DISTRIBUTING COMPANY OF COLORADO LLC (148 trucks) | OFFEN PETROLEUM LLC (269 trucks) | ADAMS 12 FIVE STAR SCHOOLS (182 trucks) | WEST DIRECT OIL (140 trucks) | BURNCO COLORADO LLC (146 trucks),125000,14161,10848344.06,"$349,000.00"
Sol_070,NWQ Highway 119 and I-25,https://www.loopnet.com/Listing/NWQ-Highway-119-and-I-25-Firestone-CO/31431092/,"Firestone, CO 80504",1.28,949000.0,40.160746988915,-104.978709958949,3529.55,5000,M,70.59%,606,WARD ELECTRIC COMPANY INC (222 trucks) | HEAT WAVES HOT OIL SERVICE LLC (201 trucks) | SUPREME TRANSPORT INC (183 trucks),125000,14161,10848344.06,"$949,000.00"
Sol_070,13987 Foster ct,https://www.loopnet.com/Listing/13987-Foster-ct-Longmont-CO/34579366/,"Longmont, CO 80504",1.42,1370019.92,40.140476603851,-105.119700024426,1399.2,2000,S,69.96%,385,CITY OF LONGMONT (211 trucks) | ST VRAIN VALLEY SCHOOL DISTRICT (174 trucks),125000,14161,10848344.06,"$1,370,019.92"
Sol_070,765 Aspen Ridge Drive Dr,https://www.loopnet.com/Listing/765-Aspen-Ridge-Drive-Dr-Lafayette-CO/32931931/,"Lafayette, CO 80026",1.43,556000.0,40.006898203868,-105.107210150504,4585.06,5000,M,91.70%,619,BOULDER VALLEY SCHOOL DISTRICT RE-2 (134 trucks) | VIA MOBILITY SERVICES (196 trucks) | VIA MOBILITY SERVICES (116 trucks) | CU (173 trucks),125000,14161,10848344.06,"$556,000.00"
Sol_070,E Harmony & Lady Moon Dr,https://www.loopnet.com/Listing/E-Harmony-Lady-Moon-Dr-Fort-Collins-CO/11217719/,"Fort Collins, CO 80528",2.2,1054007.0,40.523221679275,-105.010799488523,5618.16,10000,L,56.18%,972,NOVUS AG LLC (444 trucks) | CITY OF FORT COLLINS (285 trucks) | Poudre School District  (243 trucks),125000,14161,10848344.06,"$1,054,007.00"
Sol_071,2544 11th Ave,https://www.loopnet.com/Listing/2544-11th-Ave-Greeley-CO/35100267/,"Greeley, CO 80631",0.15,350000.0,40.395690645275,-104.69657283495,336.5,1000,XS,33.65%,145,WELD COUNTY PUBLIC WORKS DEPARTMENT (145 trucks),115000,12627,10499344.06,"$350,000.00"
Sol_071,831 N Clarkson St,https://www.loopnet.com/Listing/831-N-Clarkson-St-Denver-CO/38142797/,"Denver, CO 80218",0.18,899000.0,39.729919009716,-104.977904960968,4580.9400000000005,5000,M,91.62%,521,FARMERS ALL NATURAL (121 trucks) | CO TRAN LLC (275 trucks) | SUPERSHUTTLE DENVER (125 trucks),115000,12627,10499344.06,"$899,000.00"
Sol_071,422 Perry St,https://www.loopnet.com/Listing/422-Perry-St-Castle-Rock-CO/38421711/,"Castle Rock, CO 80104",0.24,605821.24,39.374148794158,-104.858322527659,2577.81,5000,M,51.56%,389,GREAT SOUTHWESTERN CONSTRUCTION INC (280 trucks) | TOWN OF CASTLE ROCK  (109 trucks),115000,12627,10499344.06,"$605,821.24"
Sol_071,239 S Main St,https://www.loopnet.com/Listing/239-S-Main-St-Brighton-CO/27424620/,"Brighton, CO 80601",0.31,250000.0,39.982905257485,-104.822555605705,5864.05,10000,L,58.64%,829,G&Z TRANSPORT LLC (147 trucks) | SIM TRUCKING INC (120 trucks) | ENVIRONMENTAL DESIGNS LLC (156 trucks) | BALIC TRANSPORT INC (120 trucks) | BURNCO COLORADO LLC (146 trucks) | WEST DIRECT OIL (140 trucks),115000,12627,10499344.06,"$250,000.00"
Sol_071,20th & Blake St,https://www.loopnet.com/Listing/20th-Blake-St-Land-Denver-CO/26158810/,"Denver, CO 80205",0.32,1320000.0,39.754299409573,-104.994304825083,9307.460000000001,10000,L,93.07%,1347,RES (149 trucks) | MPLX G&P (144 trucks) | CONCRETE EXPRESS INC (128 trucks) | COORS DISTRIBUTING COMPANY MILLER COORS LLC (105 trucks) | U S TRANSPORT INC (200 trucks) | WASTE CONNECTIONS OF COLORADO INC (486 trucks) | SURESHOT DRILLING LLC ATOZ FIELD SERVICES LLC DRILL TECH LLC PINNACLE DEVELOPMENT INC HDD SPECIALISTS LLC (135 trucks),115000,12627,10499344.06,"$1,320,000.00"
Sol_071,1560 N Academy Blvd,https://www.loopnet.com/Listing/1560-N-Academy-Blvd-Colorado-Springs-CO/3886433/,"Colorado Springs, CO 80909",0.64,416700.0,38.854776988204,-104.75774002483,5689.619999999999,10000,L,56.90%,1031,COLORADO SPRINGS SCHOOL DISTRICT 11 (130 trucks) | MOUNTAIN METROPOLITAN TRANSIT (144 trucks) | CITY OF COLORADO SPRINGS (326 trucks) | El PASO COUNTY (112 trucks) | GOODWILL OF COLORADO (134 trucks) | VECTRUS SYSTEMS CORPORATION (185 trucks),115000,12627,10499344.06,"$416,700.00"
Sol_071,4237 McWhinney Blvd,https://www.loopnet.com/Listing/4237-McWhinney-Blvd-Loveland-CO/23974785/,"Loveland, CO 80538",0.65,871347.9,40.408208389025,-105.017378025231,252.96,1000,XS,25.30%,109,LOVELAND MUNICIPALITY (109 trucks),115000,12627,10499344.06,"$871,347.90"
Sol_071,7300 W Jefferson Ave,https://www.loopnet.com/Listing/7300-W-Jefferson-Ave-Lakewood-CO/38419312/,"Lakewood, CO 80235",0.66,379999.0,39.649773884125,-105.079540805378,10536.92,20000,XL,52.68%,1415,QUALITY LOGISTICS INC (135 trucks) | KEESEN ENTERPRISES INC (263 trucks) | PROCAM SERVICES  (101 trucks) | JEFFCO SCHOOLS (274 trucks) | JEFFERSON COUNTY (120 trucks) | HOLCIM WCR INC (298 trucks) | PACIFIC SHIPPING & TRUCKING CO INC (109 trucks) | ENIVIRONMENTAL LANDWORKS COMPANY INC (115 trucks),115000,12627,10499344.06,"$379,999.00"
Sol_071,9190 W 84th Ave,https://www.loopnet.com/Listing/9190-W-84th-Ave-Arvada-CO/38160305/,"Arvada, CO 80005",0.67,499000.0,39.849854027782,-105.100317795342,7872.180000000001,10000,L,78.72%,1547,ALPINE MILLWORK COMPANY DBA ROCKY MOUNTAIN RELOAD (141 trucks) | CITY OF ARVADA (100 trucks) | GEOSTABILIZATION INTERNATIONAL LLC (155 trucks) | COLD FRONT (121 trucks) | SITEWISE LLC (145 trucks) | CITY OF THORNTON (208 trucks) | CITY OF THORNTON (174 trucks) | TRI-STATE GENERATION & TRANSMISSION ASSOCIATION INC (321 trucks) | ADAMS 12 FIVE STAR SCHOOLS (182 trucks),115000,12627,10499344.06,"$499,000.00"
Sol_071,NEC N Fairgrounds Ave,https://www.loopnet.com/Listing/NEC-N-Fairgrounds-Ave-Windsor-CO/29890025/,"Windsor, CO 80528",0.74,483449.0,40.437732372143,-104.982630626628,304.01,1000,XS,30.40%,131,LARIMER COUNTY (131 trucks),115000,12627,10499344.06,"$483,449.00"
Sol_071,11958 Lincoln Ave,https://www.loopnet.com/Listing/Lincoln-Ave-Parker-CO/39741118/,"Parker, CO 80138",0.86,495000.0,39.536519536914,-104.76116705724,18264.289999999997,20000,XL,91.32%,2581,ACCELERATED SERVICES LLC (373 trucks) | AMERICAN FURNITURE WAREHOUSE CO (340 trucks) | TERRACARE ASSOCIATES LLC (156 trucks) | IHC SCOTT INC (214 trucks) | BUCKLEY POWDER CO (217 trucks) | CH2M OMI CH2MHILL JACOBS (183 trucks) | ORICA USA INC (215 trucks) | CHERRY CREEK SCHOOLS (352 trucks) | HBSCO DANS TRASH AT YOUR DISPOSAL (110 trucks) | ENTERPRISE RENT-A-CAR NATIONAL RENT A CAR ALAMO RENT A CAR (421 trucks),115000,12627,10499344.06,"$495,000.00"
Sol_071,NWQ Highway 119 and I-25,https://www.loopnet.com/Listing/NWQ-Highway-119-and-I-25-Firestone-CO/31431092/,"Firestone, CO 80504",1.28,949000.0,40.160746988915,-104.978709958949,3529.55,5000,M,70.59%,606,WARD ELECTRIC COMPANY INC (222 trucks) | HEAT WAVES HOT OIL SERVICE LLC (201 trucks) | SUPREME TRANSPORT INC (183 trucks),115000,12627,10499344.06,"$949,000.00"
Sol_071,13987 Foster ct,https://www.loopnet.com/Listing/13987-Foster-ct-Longmont-CO/34579366/,"Longmont, CO 80504",1.42,1370019.92,40.140476603851,-105.119700024426,1399.2,2000,S,69.96%,385,CITY OF LONGMONT (211 trucks) | ST VRAIN VALLEY SCHOOL DISTRICT (174 trucks),115000,12627,10499344.06,"$1,370,019.92"
Sol_071,765 Aspen Ridge Drive Dr,https://www.loopnet.com/Listing/765-Aspen-Ridge-Drive-Dr-Lafayette-CO/32931931/,"Lafayette, CO 80026",1.43,556000.0,40.006898203868,-105.107210150504,4585.06,5000,M,91.70%,619,BOULDER VALLEY SCHOOL DISTRICT RE-2 (134 trucks) | VIA MOBILITY SERVICES (196 trucks) | VIA MOBILITY SERVICES (116 trucks) | CU (173 trucks),115000,12627,10499344.06,"$556,000.00"
Sol_071,E Harmony & Lady Moon Dr,https://www.loopnet.com/Listing/E-Harmony-Lady-Moon-Dr-Fort-Collins-CO/11217719/,"Fort Collins, CO 80528",2.2,1054007.0,40.523221679275,-105.010799488523,5618.16,10000,L,56.18%,972,NOVUS AG LLC (444 trucks) | CITY OF FORT COLLINS (285 trucks) | Poudre School District  (243 trucks),115000,12627,10499344.06,"$1,054,007.00"
Sol_072,2544 11th Ave,https://www.loopnet.com/Listing/2544-11th-Ave-Greeley-CO/35100267/,"Greeley, CO 80631",0.15,350000.0,40.395690645275,-104.69657283495,336.5,1000,XS,33.65%,145,WELD COUNTY PUBLIC WORKS DEPARTMENT (145 trucks),165000,16838,12423344.06,"$350,000.00"
Sol_072,831 N Clarkson St,https://www.loopnet.com/Listing/831-N-Clarkson-St-Denver-CO/38142797/,"Denver, CO 80218",0.18,899000.0,39.729919009716,-104.977904960968,4580.9400000000005,5000,M,91.62%,521,FARMERS ALL NATURAL (121 trucks) | CO TRAN LLC (275 trucks) | SUPERSHUTTLE DENVER (125 trucks),165000,16838,12423344.06,"$899,000.00"
Sol_072,422 Perry St,https://www.loopnet.com/Listing/422-Perry-St-Castle-Rock-CO/38421711/,"Castle Rock, CO 80104",0.24,605821.24,39.374148794158,-104.858322527659,2577.81,5000,M,51.56%,389,GREAT SOUTHWESTERN CONSTRUCTION INC (280 trucks) | TOWN OF CASTLE ROCK  (109 trucks),165000,16838,12423344.06,"$605,821.24"
Sol_072,239 S Main St,https://www.loopnet.com/Listing/239-S-Main-St-Brighton-CO/27424620/,"Brighton, CO 80601",0.31,250000.0,39.982905257485,-104.822555605705,3986.53,5000,M,79.73%,543,G&Z TRANSPORT LLC (147 trucks) | SIM TRUCKING INC (120 trucks) | ENVIRONMENTAL DESIGNS LLC (156 trucks) | BALIC TRANSPORT INC (120 trucks),165000,16838,12423344.06,"$250,000.00"
Sol_072,20th & Blake St,https://www.loopnet.com/Listing/20th-Blake-St-Land-Denver-CO/26158810/,"Denver, CO 80205",0.32,1320000.0,39.754299409573,-104.994304825083,7615.27,10000,L,76.15%,1147,RES (149 trucks) | MPLX G&P (144 trucks) | CONCRETE EXPRESS INC (128 trucks) | COMPASS VEHICLE RENTAL INC (170 trucks) | UNITED SITE SERVICES OF NEVADA INC (409 trucks) | UNITED SITE SERVICES OF COLORADO INC (147 trucks),165000,16838,12423344.06,"$1,320,000.00"
Sol_072,1560 N Academy Blvd,https://www.loopnet.com/Listing/1560-N-Academy-Blvd-Colorado-Springs-CO/3886433/,"Colorado Springs, CO 80909",0.64,416700.0,38.854776988204,-104.75774002483,5689.619999999999,10000,L,56.90%,1031,COLORADO SPRINGS SCHOOL DISTRICT 11 (130 trucks) | MOUNTAIN METROPOLITAN TRANSIT (144 trucks) | CITY OF COLORADO SPRINGS (326 trucks) | El PASO COUNTY (112 trucks) | GOODWILL OF COLORADO (134 trucks) | VECTRUS SYSTEMS CORPORATION (185 trucks),165000,16838,12423344.06,"$416,700.00"
Sol_072,3401 S Yosemite St,https://www.loopnet.com/Listing/3401-S-Yosemite-St-Denver-CO/39837277/,"Denver, CO 80231",0.64,675000.0,39.654049416843,-104.88550562639,19524.48,20000,XL,97.62%,2867,COMCAST (194 trucks) | SWINGLE TREE & LANDSCAPE CARE (135 trucks) | CITY LIGHT AND POWER INC (121 trucks) | WHEEL PROS LLC (182 trucks) | GLOBAL TRANSPORTATION LLC (442 trucks) | HBSCO DANS TRASH AT YOUR DISPOSAL (110 trucks) | CITY OF AURORA (271 trucks) | ORICA USA INC (215 trucks) | ENTERPRISE RENT-A-CAR NATIONAL RENT A CAR ALAMO RENT A CAR (421 trucks) | AURORA PUBLIC SCHOOLS (127 trucks) | METCO LANDSCAPING INC (226 trucks) | WAGNER EQUIPMENT CO (423 trucks),165000,16838,12423344.06,"$675,000.00"
Sol_072,4237 McWhinney Blvd,https://www.loopnet.com/Listing/4237-McWhinney-Blvd-Loveland-CO/23974785/,"Loveland, CO 80538",0.65,871347.9,40.408208389025,-105.017378025231,252.96,1000,XS,25.30%,109,LOVELAND MUNICIPALITY (109 trucks),165000,16838,12423344.06,"$871,347.90"
Sol_072,7300 W Jefferson Ave,https://www.loopnet.com/Listing/7300-W-Jefferson-Ave-Lakewood-CO/38419312/,"Lakewood, CO 80235",0.66,379999.0,39.649773884125,-105.079540805378,10536.92,20000,XL,52.68%,1415,QUALITY LOGISTICS INC (135 trucks) | KEESEN ENTERPRISES INC (263 trucks) | PROCAM SERVICES  (101 trucks) | JEFFCO SCHOOLS (274 trucks) | JEFFERSON COUNTY (120 trucks) | HOLCIM WCR INC (298 trucks) | PACIFIC SHIPPING & TRUCKING CO INC (109 trucks) | ENIVIRONMENTAL LANDWORKS COMPANY INC (115 trucks),165000,16838,12423344.06,"$379,999.00"
Sol_072,9190 W 84th Ave,https://www.loopnet.com/Listing/9190-W-84th-Ave-Arvada-CO/38160305/,"Arvada, CO 80005",0.67,499000.0,39.849854027782,-105.100317795342,3378.81,5000,M,67.58%,541,ALPINE MILLWORK COMPANY DBA ROCKY MOUNTAIN RELOAD (141 trucks) | CITY OF ARVADA (100 trucks) | GEOSTABILIZATION INTERNATIONAL LLC (155 trucks) | SITEWISE LLC (145 trucks),165000,16838,12423344.06,"$499,000.00"
Sol_072,NEC N Fairgrounds Ave,https://www.loopnet.com/Listing/NEC-N-Fairgrounds-Ave-Windsor-CO/29890025/,"Windsor, CO 80528",0.74,483449.0,40.437732372143,-104.982630626628,304.01,1000,XS,30.40%,131,LARIMER COUNTY (131 trucks),165000,16838,12423344.06,"$483,449.00"
Sol_072,11958 Lincoln Ave,https://www.loopnet.com/Listing/Lincoln-Ave-Parker-CO/39741118/,"Parker, CO 80138",0.86,495000.0,39.536519536914,-104.76116705724,13220.13,20000,XL,66.10%,1835,ACCELERATED SERVICES LLC (373 trucks) | AMERICAN FURNITURE WAREHOUSE CO (340 trucks) | TERRACARE ASSOCIATES LLC (156 trucks) | IHC SCOTT INC (214 trucks) | BUCKLEY POWDER CO (217 trucks) | CH2M OMI CH2MHILL JACOBS (183 trucks) | CHERRY CREEK SCHOOLS (352 trucks),165000,16838,12423344.06,"$495,000.00"
Sol_072,2980 W 60th Ave,https://www.loopnet.com/Listing/2980-W-60th-Ave-Denver-CO/12107088/,"Denver, CO 80221",1.14,900000.0,39.805386957185,-105.022150208489,12875.779999999999,20000,XL,64.38%,1643,NAVAJO EXPRESS INC (309 trucks) | COORS DISTRIBUTING COMPANY MILLER COORS LLC (105 trucks) | COLD FRONT (121 trucks) | U S TRANSPORT INC (200 trucks) | SURESHOT DRILLING LLC ATOZ FIELD SERVICES LLC DRILL TECH LLC PINNACLE DEVELOPMENT INC HDD SPECIALISTS LLC (135 trucks) | EAGLE ROCK DISTRIBUTING COMPANY OF COLORADO LLC (148 trucks) | WASTE CONNECTIONS OF COLORADO INC (486 trucks) | RMS CRANES (139 trucks),165000,16838,12423344.06,"$900,000.00"
Sol_072,8850 Huron St,https://www.loopnet.com/Listing/8850-Huron-St-Thornton-CO/33061072/,"Thornton, CO 80260",1.26,349000.0,39.858426283979,-104.995662022846,11778.220000000001,20000,XL,58.89%,1939,CITY OF THORNTON (208 trucks) | CITY OF THORNTON (174 trucks) | COCAL LANDSCAPE SERVICES INC (153 trucks) | READY MIX CONCRETE COMPANY (191 trucks) | TRI-STATE GENERATION & TRANSMISSION ASSOCIATION INC (321 trucks) | WESTERN DISTRIBUTING TRANSPORTATION CORP (155 trucks) | OFFEN PETROLEUM LLC (269 trucks) | ADAMS 12 FIVE STAR SCHOOLS (182 trucks) | WEST DIRECT OIL (140 trucks) | BURNCO COLORADO LLC (146 trucks),165000,16838,12423344.06,"$349,000.00"
Sol_072,NWQ Highway 119 and I-25,https://www.loopnet.com/Listing/NWQ-Highway-119-and-I-25-Firestone-CO/31431092/,"Firestone, CO 80504",1.28,949000.0,40.160746988915,-104.978709958949,3529.55,5000,M,70.59%,606,WARD ELECTRIC COMPANY INC (222 trucks) | HEAT WAVES HOT OIL SERVICE LLC (201 trucks) | SUPREME TRANSPORT INC (183 trucks),165000,16838,12423344.06,"$949,000.00"
Sol_072,13987 Foster ct,https://www.loopnet.com/Listing/13987-Foster-ct-Longmont-CO/34579366/,"Longmont, CO 80504",1.42,1370019.92,40.140476603851,-105.119700024426,1399.2,2000,S,69.96%,385,CITY OF LONGMONT (211 trucks) | ST VRAIN VALLEY SCHOOL DISTRICT (174 trucks),165000,16838,12423344.06,"$1,370,019.92"
Sol_072,765 Aspen Ridge Drive Dr,https://www.loopnet.com/Listing/765-Aspen-Ridge-Drive-Dr-Lafayette-CO/32931931/,"Lafayette, CO 80026",1.43,556000.0,40.006898203868,-105.107210150504,4585.06,5000,M,91.70%,619,BOULDER VALLEY SCHOOL DISTRICT RE-2 (134 trucks) | VIA MOBILITY SERVICES (196 trucks) | VIA MOBILITY SERVICES (116 trucks) | CU (173 trucks),165000,16838,12423344.06,"$556,000.00"
Sol_072,E Harmony & Lady Moon Dr,https://www.loopnet.com/Listing/E-Harmony-Lady-Moon-Dr-Fort-Collins-CO/11217719/,"Fort Collins, CO 80528",2.2,1054007.0,40.523221679275,-105.010799488523,5618.16,10000,L,56.18%,972,NOVUS AG LLC (444 trucks) | CITY OF FORT COLLINS (285 trucks) | Poudre School District  (243 trucks),165000,16838,12423344.06,"$1,054,007.00"
Sol_073,2544 11th Ave,https://www.loopnet.com/Listing/2544-11th-Ave-Greeley-CO/35100267/,"Greeley, CO 80631",0.15,350000.0,40.395690645275,-104.69657283495,336.5,1000,XS,33.65%,145,WELD COUNTY PUBLIC WORKS DEPARTMENT (145 trucks),135000,14748,11174344.06,"$350,000.00"
Sol_073,831 N Clarkson St,https://www.loopnet.com/Listing/831-N-Clarkson-St-Denver-CO/38142797/,"Denver, CO 80218",0.18,899000.0,39.729919009716,-104.977904960968,4580.9400000000005,5000,M,91.62%,521,FARMERS ALL NATURAL (121 trucks) | CO TRAN LLC (275 trucks) | SUPERSHUTTLE DENVER (125 trucks),135000,14748,11174344.06,"$899,000.00"
Sol_073,422 Perry St,https://www.loopnet.com/Listing/422-Perry-St-Castle-Rock-CO/38421711/,"Castle Rock, CO 80104",0.24,605821.24,39.374148794158,-104.858322527659,2577.81,5000,M,51.56%,389,GREAT SOUTHWESTERN CONSTRUCTION INC (280 trucks) | TOWN OF CASTLE ROCK  (109 trucks),135000,14748,11174344.06,"$605,821.24"
Sol_073,239 S Main St,https://www.loopnet.com/Listing/239-S-Main-St-Brighton-CO/27424620/,"Brighton, CO 80601",0.31,250000.0,39.982905257485,-104.822555605705,5864.05,10000,L,58.64%,829,G&Z TRANSPORT LLC (147 trucks) | SIM TRUCKING INC (120 trucks) | ENVIRONMENTAL DESIGNS LLC (156 trucks) | BALIC TRANSPORT INC (120 trucks) | BURNCO COLORADO LLC (146 trucks) | WEST DIRECT OIL (140 trucks),135000,14748,11174344.06,"$250,000.00"
Sol_073,20th & Blake St,https://www.loopnet.com/Listing/20th-Blake-St-Land-Denver-CO/26158810/,"Denver, CO 80205",0.32,1320000.0,39.754299409573,-104.994304825083,9307.460000000001,10000,L,93.07%,1347,RES (149 trucks) | MPLX G&P (144 trucks) | CONCRETE EXPRESS INC (128 trucks) | COORS DISTRIBUTING COMPANY MILLER COORS LLC (105 trucks) | U S TRANSPORT INC (200 trucks) | WASTE CONNECTIONS OF COLORADO INC (486 trucks) | SURESHOT DRILLING LLC ATOZ FIELD SERVICES LLC DRILL TECH LLC PINNACLE DEVELOPMENT INC HDD SPECIALISTS LLC (135 trucks),135000,14748,11174344.06,"$1,320,000.00"
Sol_073,1560 N Academy Blvd,https://www.loopnet.com/Listing/1560-N-Academy-Blvd-Colorado-Springs-CO/3886433/,"Colorado Springs, CO 80909",0.64,416700.0,38.854776988204,-104.75774002483,5689.619999999999,10000,L,56.90%,1031,COLORADO SPRINGS SCHOOL DISTRICT 11 (130 trucks) | MOUNTAIN METROPOLITAN TRANSIT (144 trucks) | CITY OF COLORADO SPRINGS (326 trucks) | El PASO COUNTY (112 trucks) | GOODWILL OF COLORADO (134 trucks) | VECTRUS SYSTEMS CORPORATION (185 trucks),135000,14748,11174344.06,"$416,700.00"
Sol_073,3401 S Yosemite St,https://www.loopnet.com/Listing/3401-S-Yosemite-St-Denver-CO/39837277/,"Denver, CO 80231",0.64,675000.0,39.654049416843,-104.88550562639,19524.48,20000,XL,97.62%,2867,COMCAST (194 trucks) | SWINGLE TREE & LANDSCAPE CARE (135 trucks) | CITY LIGHT AND POWER INC (121 trucks) | WHEEL PROS LLC (182 trucks) | GLOBAL TRANSPORTATION LLC (442 trucks) | HBSCO DANS TRASH AT YOUR DISPOSAL (110 trucks) | CITY OF AURORA (271 trucks) | ORICA USA INC (215 trucks) | ENTERPRISE RENT-A-CAR NATIONAL RENT A CAR ALAMO RENT A CAR (421 trucks) | AURORA PUBLIC SCHOOLS (127 trucks) | METCO LANDSCAPING INC (226 trucks) | WAGNER EQUIPMENT CO (423 trucks),135000,14748,11174344.06,"$675,000.00"
Sol_073,4237 McWhinney Blvd,https://www.loopnet.com/Listing/4237-McWhinney-Blvd-Loveland-CO/23974785/,"Loveland, CO 80538",0.65,871347.9,40.408208389025,-105.017378025231,252.96,1000,XS,25.30%,109,LOVELAND MUNICIPALITY (109 trucks),135000,14748,11174344.06,"$871,347.90"
Sol_073,7300 W Jefferson Ave,https://www.loopnet.com/Listing/7300-W-Jefferson-Ave-Lakewood-CO/38419312/,"Lakewood, CO 80235",0.66,379999.0,39.649773884125,-105.079540805378,10536.92,20000,XL,52.68%,1415,QUALITY LOGISTICS INC (135 trucks) | KEESEN ENTERPRISES INC (263 trucks) | PROCAM SERVICES  (101 trucks) | JEFFCO SCHOOLS (274 trucks) | JEFFERSON COUNTY (120 trucks) | HOLCIM WCR INC (298 trucks) | PACIFIC SHIPPING & TRUCKING CO INC (109 trucks) | ENIVIRONMENTAL LANDWORKS COMPANY INC (115 trucks),135000,14748,11174344.06,"$379,999.00"
Sol_073,9190 W 84th Ave,https://www.loopnet.com/Listing/9190-W-84th-Ave-Arvada-CO/38160305/,"Arvada, CO 80005",0.67,499000.0,39.849854027782,-105.100317795342,7872.180000000001,10000,L,78.72%,1547,ALPINE MILLWORK COMPANY DBA ROCKY MOUNTAIN RELOAD (141 trucks) | CITY OF ARVADA (100 trucks) | GEOSTABILIZATION INTERNATIONAL LLC (155 trucks) | COLD FRONT (121 trucks) | SITEWISE LLC (145 trucks) | CITY OF THORNTON (208 trucks) | CITY OF THORNTON (174 trucks) | TRI-STATE GENERATION & TRANSMISSION ASSOCIATION INC (321 trucks) | ADAMS 12 FIVE STAR SCHOOLS (182 trucks),135000,14748,11174344.06,"$499,000.00"
Sol_073,NEC N Fairgrounds Ave,https://www.loopnet.com/Listing/NEC-N-Fairgrounds-Ave-Windsor-CO/29890025/,"Windsor, CO 80528",0.74,483449.0,40.437732372143,-104.982630626628,304.01,1000,XS,30.40%,131,LARIMER COUNTY (131 trucks),135000,14748,11174344.06,"$483,449.00"
Sol_073,11958 Lincoln Ave,https://www.loopnet.com/Listing/Lincoln-Ave-Parker-CO/39741118/,"Parker, CO 80138",0.86,495000.0,39.536519536914,-104.76116705724,13220.13,20000,XL,66.10%,1835,ACCELERATED SERVICES LLC (373 trucks) | AMERICAN FURNITURE WAREHOUSE CO (340 trucks) | TERRACARE ASSOCIATES LLC (156 trucks) | IHC SCOTT INC (214 trucks) | BUCKLEY POWDER CO (217 trucks) | CH2M OMI CH2MHILL JACOBS (183 trucks) | CHERRY CREEK SCHOOLS (352 trucks),135000,14748,11174344.06,"$495,000.00"
Sol_073,NWQ Highway 119 and I-25,https://www.loopnet.com/Listing/NWQ-Highway-119-and-I-25-Firestone-CO/31431092/,"Firestone, CO 80504",1.28,949000.0,40.160746988915,-104.978709958949,3529.55,5000,M,70.59%,606,WARD ELECTRIC COMPANY INC (222 trucks) | HEAT WAVES HOT OIL SERVICE LLC (201 trucks) | SUPREME TRANSPORT INC (183 trucks),135000,14748,11174344.06,"$949,000.00"
Sol_073,13987 Foster ct,https://www.loopnet.com/Listing/13987-Foster-ct-Longmont-CO/34579366/,"Longmont, CO 80504",1.42,1370019.92,40.140476603851,-105.119700024426,1399.2,2000,S,69.96%,385,CITY OF LONGMONT (211 trucks) | ST VRAIN VALLEY SCHOOL DISTRICT (174 trucks),135000,14748,11174344.06,"$1,370,019.92"
Sol_073,765 Aspen Ridge Drive Dr,https://www.loopnet.com/Listing/765-Aspen-Ridge-Drive-Dr-Lafayette-CO/32931931/,"Lafayette, CO 80026",1.43,556000.0,40.006898203868,-105.107210150504,4585.06,5000,M,91.70%,619,BOULDER VALLEY SCHOOL DISTRICT RE-2 (134 trucks) | VIA MOBILITY SERVICES (196 trucks) | VIA MOBILITY SERVICES (116 trucks) | CU (173 trucks),135000,14748,11174344.06,"$556,000.00"
Sol_073,E Harmony & Lady Moon Dr,https://www.loopnet.com/Listing/E-Harmony-Lady-Moon-Dr-Fort-Collins-CO/11217719/,"Fort Collins, CO 80528",2.2,1054007.0,40.523221679275,-105.010799488523,5618.16,10000,L,56.18%,972,NOVUS AG LLC (444 trucks) | CITY OF FORT COLLINS (285 trucks) | Poudre School District  (243 trucks),135000,14748,11174344.06,"$1,054,007.00"
Sol_074,2544 11th Ave,https://www.loopnet.com/Listing/2544-11th-Ave-Greeley-CO/35100267/,"Greeley, CO 80631",0.15,350000.0,40.395690645275,-104.69657283495,336.5,1000,XS,33.65%,145,WELD COUNTY PUBLIC WORKS DEPARTMENT (145 trucks),135000,14748,11174344.06,"$350,000.00"
Sol_074,831 N Clarkson St,https://www.loopnet.com/Listing/831-N-Clarkson-St-Denver-CO/38142797/,"Denver, CO 80218",0.18,899000.0,39.729919009716,-104.977904960968,4580.9400000000005,5000,M,91.62%,521,FARMERS ALL NATURAL (121 trucks) | CO TRAN LLC (275 trucks) | SUPERSHUTTLE DENVER (125 trucks),135000,14748,11174344.06,"$899,000.00"
Sol_074,422 Perry St,https://www.loopnet.com/Listing/422-Perry-St-Castle-Rock-CO/38421711/,"Castle Rock, CO 80104",0.24,605821.24,39.374148794158,-104.858322527659,2577.81,5000,M,51.56%,389,GREAT SOUTHWESTERN CONSTRUCTION INC (280 trucks) | TOWN OF CASTLE ROCK  (109 trucks),135000,14748,11174344.06,"$605,821.24"
Sol_074,239 S Main St,https://www.loopnet.com/Listing/239-S-Main-St-Brighton-CO/27424620/,"Brighton, CO 80601",0.31,250000.0,39.982905257485,-104.822555605705,5864.05,10000,L,58.64%,829,G&Z TRANSPORT LLC (147 trucks) | SIM TRUCKING INC (120 trucks) | ENVIRONMENTAL DESIGNS LLC (156 trucks) | BALIC TRANSPORT INC (120 trucks) | BURNCO COLORADO LLC (146 trucks) | WEST DIRECT OIL (140 trucks),135000,14748,11174344.06,"$250,000.00"
Sol_074,20th & Blake St,https://www.loopnet.com/Listing/20th-Blake-St-Land-Denver-CO/26158810/,"Denver, CO 80205",0.32,1320000.0,39.754299409573,-104.994304825083,9307.460000000001,10000,L,93.07%,1347,RES (149 trucks) | MPLX G&P (144 trucks) | CONCRETE EXPRESS INC (128 trucks) | COORS DISTRIBUTING COMPANY MILLER COORS LLC (105 trucks) | U S TRANSPORT INC (200 trucks) | WASTE CONNECTIONS OF COLORADO INC (486 trucks) | SURESHOT DRILLING LLC ATOZ FIELD SERVICES LLC DRILL TECH LLC PINNACLE DEVELOPMENT INC HDD SPECIALISTS LLC (135 trucks),135000,14748,11174344.06,"$1,320,000.00"
Sol_074,1560 N Academy Blvd,https://www.loopnet.com/Listing/1560-N-Academy-Blvd-Colorado-Springs-CO/3886433/,"Colorado Springs, CO 80909",0.64,416700.0,38.854776988204,-104.75774002483,5689.619999999999,10000,L,56.90%,1031,COLORADO SPRINGS SCHOOL DISTRICT 11 (130 trucks) | MOUNTAIN METROPOLITAN TRANSIT (144 trucks) | CITY OF COLORADO SPRINGS (326 trucks) | El PASO COUNTY (112 trucks) | GOODWILL OF COLORADO (134 trucks) | VECTRUS SYSTEMS CORPORATION (185 trucks),135000,14748,11174344.06,"$416,700.00"
Sol_074,3401 S Yosemite St,https://www.loopnet.com/Listing/3401-S-Yosemite-St-Denver-CO/39837277/,"Denver, CO 80231",0.64,675000.0,39.654049416843,-104.88550562639,19524.48,20000,XL,97.62%,2867,COMCAST (194 trucks) | SWINGLE TREE & LANDSCAPE CARE (135 trucks) | CITY LIGHT AND POWER INC (121 trucks) | WHEEL PROS LLC (182 trucks) | GLOBAL TRANSPORTATION LLC (442 trucks) | HBSCO DANS TRASH AT YOUR DISPOSAL (110 trucks) | CITY OF AURORA (271 trucks) | ORICA USA INC (215 trucks) | ENTERPRISE RENT-A-CAR NATIONAL RENT A CAR ALAMO RENT A CAR (421 trucks) | AURORA PUBLIC SCHOOLS (127 trucks) | METCO LANDSCAPING INC (226 trucks) | WAGNER EQUIPMENT CO (423 trucks),135000,14748,11174344.06,"$675,000.00"
Sol_074,4237 McWhinney Blvd,https://www.loopnet.com/Listing/4237-McWhinney-Blvd-Loveland-CO/23974785/,"Loveland, CO 80538",0.65,871347.9,40.408208389025,-105.017378025231,252.96,1000,XS,25.30%,109,LOVELAND MUNICIPALITY (109 trucks),135000,14748,11174344.06,"$871,347.90"
Sol_074,7300 W Jefferson Ave,https://www.loopnet.com/Listing/7300-W-Jefferson-Ave-Lakewood-CO/38419312/,"Lakewood, CO 80235",0.66,379999.0,39.649773884125,-105.079540805378,10536.92,20000,XL,52.68%,1415,QUALITY LOGISTICS INC (135 trucks) | KEESEN ENTERPRISES INC (263 trucks) | PROCAM SERVICES  (101 trucks) | JEFFCO SCHOOLS (274 trucks) | JEFFERSON COUNTY (120 trucks) | HOLCIM WCR INC (298 trucks) | PACIFIC SHIPPING & TRUCKING CO INC (109 trucks) | ENIVIRONMENTAL LANDWORKS COMPANY INC (115 trucks),135000,14748,11174344.06,"$379,999.00"
Sol_074,9190 W 84th Ave,https://www.loopnet.com/Listing/9190-W-84th-Ave-Arvada-CO/38160305/,"Arvada, CO 80005",0.67,499000.0,39.849854027782,-105.100317795342,7872.180000000001,10000,L,78.72%,1547,ALPINE MILLWORK COMPANY DBA ROCKY MOUNTAIN RELOAD (141 trucks) | CITY OF ARVADA (100 trucks) | GEOSTABILIZATION INTERNATIONAL LLC (155 trucks) | COLD FRONT (121 trucks) | SITEWISE LLC (145 trucks) | CITY OF THORNTON (208 trucks) | CITY OF THORNTON (174 trucks) | TRI-STATE GENERATION & TRANSMISSION ASSOCIATION INC (321 trucks) | ADAMS 12 FIVE STAR SCHOOLS (182 trucks),135000,14748,11174344.06,"$499,000.00"
Sol_074,NEC N Fairgrounds Ave,https://www.loopnet.com/Listing/NEC-N-Fairgrounds-Ave-Windsor-CO/29890025/,"Windsor, CO 80528",0.74,483449.0,40.437732372143,-104.982630626628,304.01,1000,XS,30.40%,131,LARIMER COUNTY (131 trucks),135000,14748,11174344.06,"$483,449.00"
Sol_074,11958 Lincoln Ave,https://www.loopnet.com/Listing/Lincoln-Ave-Parker-CO/39741118/,"Parker, CO 80138",0.86,495000.0,39.536519536914,-104.76116705724,13220.13,20000,XL,66.10%,1835,ACCELERATED SERVICES LLC (373 trucks) | AMERICAN FURNITURE WAREHOUSE CO (340 trucks) | TERRACARE ASSOCIATES LLC (156 trucks) | IHC SCOTT INC (214 trucks) | BUCKLEY POWDER CO (217 trucks) | CH2M OMI CH2MHILL JACOBS (183 trucks) | CHERRY CREEK SCHOOLS (352 trucks),135000,14748,11174344.06,"$495,000.00"
Sol_074,NWQ Highway 119 and I-25,https://www.loopnet.com/Listing/NWQ-Highway-119-and-I-25-Firestone-CO/31431092/,"Firestone, CO 80504",1.28,949000.0,40.160746988915,-104.978709958949,3529.55,5000,M,70.59%,606,WARD ELECTRIC COMPANY INC (222 trucks) | HEAT WAVES HOT OIL SERVICE LLC (201 trucks) | SUPREME TRANSPORT INC (183 trucks),135000,14748,11174344.06,"$949,000.00"
Sol_074,13987 Foster ct,https://www.loopnet.com/Listing/13987-Foster-ct-Longmont-CO/34579366/,"Longmont, CO 80504",1.42,1370019.92,40.140476603851,-105.119700024426,1399.2,2000,S,69.96%,385,CITY OF LONGMONT (211 trucks) | ST VRAIN VALLEY SCHOOL DISTRICT (174 trucks),135000,14748,11174344.06,"$1,370,019.92"
Sol_074,765 Aspen Ridge Drive Dr,https://www.loopnet.com/Listing/765-Aspen-Ridge-Drive-Dr-Lafayette-CO/32931931/,"Lafayette, CO 80026",1.43,556000.0,40.006898203868,-105.107210150504,4585.06,5000,M,91.70%,619,BOULDER VALLEY SCHOOL DISTRICT RE-2 (134 trucks) | VIA MOBILITY SERVICES (196 trucks) | VIA MOBILITY SERVICES (116 trucks) | CU (173 trucks),135000,14748,11174344.06,"$556,000.00"
Sol_074,E Harmony & Lady Moon Dr,https://www.loopnet.com/Listing/E-Harmony-Lady-Moon-Dr-Fort-Collins-CO/11217719/,"Fort Collins, CO 80528",2.2,1054007.0,40.523221679275,-105.010799488523,5618.16,10000,L,56.18%,972,NOVUS AG LLC (444 trucks) | CITY OF FORT COLLINS (285 trucks) | Poudre School District  (243 trucks),135000,14748,11174344.06,"$1,054,007.00"
Sol_075,2544 11th Ave,https://www.loopnet.com/Listing/2544-11th-Ave-Greeley-CO/35100267/,"Greeley, CO 80631",0.15,350000.0,40.395690645275,-104.69657283495,336.5,1000,XS,33.65%,145,WELD COUNTY PUBLIC WORKS DEPARTMENT (145 trucks),145000,16496,11970034.450000001,"$350,000.00"
Sol_075,831 N Clarkson St,https://www.loopnet.com/Listing/831-N-Clarkson-St-Denver-CO/38142797/,"Denver, CO 80218",0.18,899000.0,39.729919009716,-104.977904960968,4580.9400000000005,5000,M,91.62%,521,FARMERS ALL NATURAL (121 trucks) | CO TRAN LLC (275 trucks) | SUPERSHUTTLE DENVER (125 trucks),145000,16496,11970034.450000001,"$899,000.00"
Sol_075,422 Perry St,https://www.loopnet.com/Listing/422-Perry-St-Castle-Rock-CO/38421711/,"Castle Rock, CO 80104",0.24,605821.24,39.374148794158,-104.858322527659,2577.81,5000,M,51.56%,389,GREAT SOUTHWESTERN CONSTRUCTION INC (280 trucks) | TOWN OF CASTLE ROCK  (109 trucks),145000,16496,11970034.450000001,"$605,821.24"
Sol_075,239 S Main St,https://www.loopnet.com/Listing/239-S-Main-St-Brighton-CO/27424620/,"Brighton, CO 80601",0.31,250000.0,39.982905257485,-104.822555605705,3986.53,5000,M,79.73%,543,G&Z TRANSPORT LLC (147 trucks) | SIM TRUCKING INC (120 trucks) | ENVIRONMENTAL DESIGNS LLC (156 trucks) | BALIC TRANSPORT INC (120 trucks),145000,16496,11970034.450000001,"$250,000.00"
Sol_075,20th & Blake St,https://www.loopnet.com/Listing/20th-Blake-St-Land-Denver-CO/26158810/,"Denver, CO 80205",0.32,1320000.0,39.754299409573,-104.994304825083,9694.1,10000,L,96.94%,1382,RES (149 trucks) | MPLX G&P (144 trucks) | CONCRETE EXPRESS INC (128 trucks) | COORS DISTRIBUTING COMPANY MILLER COORS LLC (105 trucks) | U S TRANSPORT INC (200 trucks) | WASTE CONNECTIONS OF COLORADO INC (486 trucks) | COMPASS VEHICLE RENTAL INC (170 trucks),145000,16496,11970034.450000001,"$1,320,000.00"
Sol_075,1560 N Academy Blvd,https://www.loopnet.com/Listing/1560-N-Academy-Blvd-Colorado-Springs-CO/3886433/,"Colorado Springs, CO 80909",0.64,416700.0,38.854776988204,-104.75774002483,5689.619999999999,10000,L,56.90%,1031,COLORADO SPRINGS SCHOOL DISTRICT 11 (130 trucks) | MOUNTAIN METROPOLITAN TRANSIT (144 trucks) | CITY OF COLORADO SPRINGS (326 trucks) | El PASO COUNTY (112 trucks) | GOODWILL OF COLORADO (134 trucks) | VECTRUS SYSTEMS CORPORATION (185 trucks),145000,16496,11970034.450000001,"$416,700.00"
Sol_075,4237 McWhinney Blvd,https://www.loopnet.com/Listing/4237-McWhinney-Blvd-Loveland-CO/23974785/,"Loveland, CO 80538",0.65,871347.9,40.408208389025,-105.017378025231,252.96,1000,XS,25.30%,109,LOVELAND MUNICIPALITY (109 trucks),145000,16496,11970034.450000001,"$871,347.90"
Sol_075,7300 W Jefferson Ave,https://www.loopnet.com/Listing/7300-W-Jefferson-Ave-Lakewood-CO/38419312/,"Lakewood, CO 80235",0.66,379999.0,39.649773884125,-105.079540805378,10536.92,20000,XL,52.68%,1415,QUALITY LOGISTICS INC (135 trucks) | KEESEN ENTERPRISES INC (263 trucks) | PROCAM SERVICES  (101 trucks) | JEFFCO SCHOOLS (274 trucks) | JEFFERSON COUNTY (120 trucks) | HOLCIM WCR INC (298 trucks) | PACIFIC SHIPPING & TRUCKING CO INC (109 trucks) | ENIVIRONMENTAL LANDWORKS COMPANY INC (115 trucks),145000,16496,11970034.450000001,"$379,999.00"
Sol_075,9190 W 84th Ave,https://www.loopnet.com/Listing/9190-W-84th-Ave-Arvada-CO/38160305/,"Arvada, CO 80005",0.67,499000.0,39.849854027782,-105.100317795342,3378.81,5000,M,67.58%,541,ALPINE MILLWORK COMPANY DBA ROCKY MOUNTAIN RELOAD (141 trucks) | CITY OF ARVADA (100 trucks) | GEOSTABILIZATION INTERNATIONAL LLC (155 trucks) | SITEWISE LLC (145 trucks),145000,16496,11970034.450000001,"$499,000.00"
Sol_075,NEC N Fairgrounds Ave,https://www.loopnet.com/Listing/NEC-N-Fairgrounds-Ave-Windsor-CO/29890025/,"Windsor, CO 80528",0.74,483449.0,40.437732372143,-104.982630626628,304.01,1000,XS,30.40%,131,LARIMER COUNTY (131 trucks),145000,16496,11970034.450000001,"$483,449.00"
Sol_075,11958 Lincoln Ave,https://www.loopnet.com/Listing/Lincoln-Ave-Parker-CO/39741118/,"Parker, CO 80138",0.86,495000.0,39.536519536914,-104.76116705724,18264.289999999997,20000,XL,91.32%,2581,ACCELERATED SERVICES LLC (373 trucks) | AMERICAN FURNITURE WAREHOUSE CO (340 trucks) | TERRACARE ASSOCIATES LLC (156 trucks) | IHC SCOTT INC (214 trucks) | BUCKLEY POWDER CO (217 trucks) | CH2M OMI CH2MHILL JACOBS (183 trucks) | ORICA USA INC (215 trucks) | CHERRY CREEK SCHOOLS (352 trucks) | HBSCO DANS TRASH AT YOUR DISPOSAL (110 trucks) | ENTERPRISE RENT-A-CAR NATIONAL RENT A CAR ALAMO RENT A CAR (421 trucks),145000,16496,11970034.450000001,"$495,000.00"
Sol_075,8850 Huron St,https://www.loopnet.com/Listing/8850-Huron-St-Thornton-CO/33061072/,"Thornton, CO 80260",1.26,349000.0,39.858426283979,-104.995662022846,18972.29,20000,XL,94.86%,2791,CITY OF THORNTON (208 trucks) | CITY OF THORNTON (174 trucks) | COCAL LANDSCAPE SERVICES INC (153 trucks) | COLD FRONT (121 trucks) | READY MIX CONCRETE COMPANY (191 trucks) | NAVAJO EXPRESS INC (309 trucks) | TRI-STATE GENERATION & TRANSMISSION ASSOCIATION INC (321 trucks) | WESTERN DISTRIBUTING TRANSPORTATION CORP (155 trucks) | RMS CRANES (139 trucks) | SURESHOT DRILLING LLC ATOZ FIELD SERVICES LLC DRILL TECH LLC PINNACLE DEVELOPMENT INC HDD SPECIALISTS LLC (135 trucks) | EAGLE ROCK DISTRIBUTING COMPANY OF COLORADO LLC (148 trucks) | OFFEN PETROLEUM LLC (269 trucks) | ADAMS 12 FIVE STAR SCHOOLS (182 trucks) | WEST DIRECT OIL (140 trucks) | BURNCO COLORADO LLC (146 trucks),145000,16496,11970034.450000001,"$349,000.00"
Sol_075,NWQ Highway 119 and I-25,https://www.loopnet.com/Listing/NWQ-Highway-119-and-I-25-Firestone-CO/31431092/,"Firestone, CO 80504",1.28,949000.0,40.160746988915,-104.978709958949,3529.55,5000,M,70.59%,606,WARD ELECTRIC COMPANY INC (222 trucks) | HEAT WAVES HOT OIL SERVICE LLC (201 trucks) | SUPREME TRANSPORT INC (183 trucks),145000,16496,11970034.450000001,"$949,000.00"
Sol_075,13987 Foster ct,https://www.loopnet.com/Listing/13987-Foster-ct-Longmont-CO/34579366/,"Longmont, CO 80504",1.42,1370019.92,40.140476603851,-105.119700024426,1399.2,2000,S,69.96%,385,CITY OF LONGMONT (211 trucks) | ST VRAIN VALLEY SCHOOL DISTRICT (174 trucks),145000,16496,11970034.450000001,"$1,370,019.92"
Sol_075,765 Aspen Ridge Drive Dr,https://www.loopnet.com/Listing/765-Aspen-Ridge-Drive-Dr-Lafayette-CO/32931931/,"Lafayette, CO 80026",1.43,556000.0,40.006898203868,-105.107210150504,4585.06,5000,M,91.70%,619,BOULDER VALLEY SCHOOL DISTRICT RE-2 (134 trucks) | VIA MOBILITY SERVICES (196 trucks) | VIA MOBILITY SERVICES (116 trucks) | CU (173 trucks),145000,16496,11970034.450000001,"$556,000.00"
Sol_075,150 S Potomac St,https://www.loopnet.com/Listing/150-S-Potomac-St-Aurora-CO/31718288/,"Aurora, CO 80012",1.69,1121690.39,39.714059275442,-104.827803431464,16479.05,20000,XL,82.40%,2335,CITY OF AURORA (271 trucks) | AURORA PUBLIC SCHOOLS (127 trucks) | METCO LANDSCAPING INC (226 trucks) | WAGNER EQUIPMENT CO (423 trucks) | SWINGLE TREE & LANDSCAPE CARE (135 trucks) | COMCAST (194 trucks) | SHAMROCK FOODS COMPANY (214 trucks) | CITY LIGHT AND POWER INC (121 trucks) | WHEEL PROS LLC (182 trucks) | GLOBAL TRANSPORTATION LLC (442 trucks),145000,16496,11970034.450000001,"$1,121,690.39"
Sol_075,E Harmony & Lady Moon Dr,https://www.loopnet.com/Listing/E-Harmony-Lady-Moon-Dr-Fort-Collins-CO/11217719/,"Fort Collins, CO 80528",2.2,1054007.0,40.523221679275,-105.010799488523,5618.16,10000,L,56.18%,972,NOVUS AG LLC (444 trucks) | CITY OF FORT COLLINS (285 trucks) | Poudre School District  (243 trucks),145000,16496,11970034.450000001,"$1,054,007.00"
Sol_076,2544 11th Ave,https://www.loopnet.com/Listing/2544-11th-Ave-Greeley-CO/35100267/,"Greeley, CO 80631",0.15,350000.0,40.395690645275,-104.69657283495,336.5,1000,XS,33.65%,145,WELD COUNTY PUBLIC WORKS DEPARTMENT (145 trucks),157000,17052,13796853.06,"$350,000.00"
Sol_076,831 N Clarkson St,https://www.loopnet.com/Listing/831-N-Clarkson-St-Denver-CO/38142797/,"Denver, CO 80218",0.18,899000.0,39.729919009716,-104.977904960968,3413.46,5000,M,68.27%,396,FARMERS ALL NATURAL (121 trucks) | CO TRAN LLC (275 trucks),157000,17052,13796853.06,"$899,000.00"
Sol_076,422 Perry St,https://www.loopnet.com/Listing/422-Perry-St-Castle-Rock-CO/38421711/,"Castle Rock, CO 80104",0.24,605821.24,39.374148794158,-104.858322527659,2577.81,5000,M,51.56%,389,GREAT SOUTHWESTERN CONSTRUCTION INC (280 trucks) | TOWN OF CASTLE ROCK  (109 trucks),157000,17052,13796853.06,"$605,821.24"
Sol_076,239 S Main St,https://www.loopnet.com/Listing/239-S-Main-St-Brighton-CO/27424620/,"Brighton, CO 80601",0.31,250000.0,39.982905257485,-104.822555605705,5864.05,10000,L,58.64%,829,G&Z TRANSPORT LLC (147 trucks) | SIM TRUCKING INC (120 trucks) | ENVIRONMENTAL DESIGNS LLC (156 trucks) | BALIC TRANSPORT INC (120 trucks) | BURNCO COLORADO LLC (146 trucks) | WEST DIRECT OIL (140 trucks),157000,17052,13796853.06,"$250,000.00"
Sol_076,20th & Blake St,https://www.loopnet.com/Listing/20th-Blake-St-Land-Denver-CO/26158810/,"Denver, CO 80205",0.32,1320000.0,39.754299409573,-104.994304825083,7770.22,10000,L,77.70%,1005,RES (149 trucks) | MPLX G&P (144 trucks) | CONCRETE EXPRESS INC (128 trucks) | COORS DISTRIBUTING COMPANY MILLER COORS LLC (105 trucks) | NAVAJO EXPRESS INC (309 trucks) | COMPASS VEHICLE RENTAL INC (170 trucks),157000,17052,13796853.06,"$1,320,000.00"
Sol_076,1560 N Academy Blvd,https://www.loopnet.com/Listing/1560-N-Academy-Blvd-Colorado-Springs-CO/3886433/,"Colorado Springs, CO 80909",0.64,416700.0,38.854776988204,-104.75774002483,5689.619999999999,10000,L,56.90%,1031,COLORADO SPRINGS SCHOOL DISTRICT 11 (130 trucks) | MOUNTAIN METROPOLITAN TRANSIT (144 trucks) | CITY OF COLORADO SPRINGS (326 trucks) | El PASO COUNTY (112 trucks) | GOODWILL OF COLORADO (134 trucks) | VECTRUS SYSTEMS CORPORATION (185 trucks),157000,17052,13796853.06,"$416,700.00"
Sol_076,3401 S Yosemite St,https://www.loopnet.com/Listing/3401-S-Yosemite-St-Denver-CO/39837277/,"Denver, CO 80231",0.64,675000.0,39.654049416843,-104.88550562639,19524.48,20000,XL,97.62%,2867,COMCAST (194 trucks) | SWINGLE TREE & LANDSCAPE CARE (135 trucks) | CITY LIGHT AND POWER INC (121 trucks) | WHEEL PROS LLC (182 trucks) | GLOBAL TRANSPORTATION LLC (442 trucks) | HBSCO DANS TRASH AT YOUR DISPOSAL (110 trucks) | CITY OF AURORA (271 trucks) | ORICA USA INC (215 trucks) | ENTERPRISE RENT-A-CAR NATIONAL RENT A CAR ALAMO RENT A CAR (421 trucks) | AURORA PUBLIC SCHOOLS (127 trucks) | METCO LANDSCAPING INC (226 trucks) | WAGNER EQUIPMENT CO (423 trucks),157000,17052,13796853.06,"$675,000.00"
Sol_076,4237 McWhinney Blvd,https://www.loopnet.com/Listing/4237-McWhinney-Blvd-Loveland-CO/23974785/,"Loveland, CO 80538",0.65,871347.9,40.408208389025,-105.017378025231,252.96,1000,XS,25.30%,109,LOVELAND MUNICIPALITY (109 trucks),157000,17052,13796853.06,"$871,347.90"
Sol_076,7300 W Jefferson Ave,https://www.loopnet.com/Listing/7300-W-Jefferson-Ave-Lakewood-CO/38419312/,"Lakewood, CO 80235",0.66,379999.0,39.649773884125,-105.079540805378,10536.92,20000,XL,52.68%,1415,QUALITY LOGISTICS INC (135 trucks) | KEESEN ENTERPRISES INC (263 trucks) | PROCAM SERVICES  (101 trucks) | JEFFCO SCHOOLS (274 trucks) | JEFFERSON COUNTY (120 trucks) | HOLCIM WCR INC (298 trucks) | PACIFIC SHIPPING & TRUCKING CO INC (109 trucks) | ENIVIRONMENTAL LANDWORKS COMPANY INC (115 trucks),157000,17052,13796853.06,"$379,999.00"
Sol_076,9190 W 84th Ave,https://www.loopnet.com/Listing/9190-W-84th-Ave-Arvada-CO/38160305/,"Arvada, CO 80005",0.67,499000.0,39.849854027782,-105.100317795342,7872.180000000001,10000,L,78.72%,1547,ALPINE MILLWORK COMPANY DBA ROCKY MOUNTAIN RELOAD (141 trucks) | CITY OF ARVADA (100 trucks) | GEOSTABILIZATION INTERNATIONAL LLC (155 trucks) | COLD FRONT (121 trucks) | SITEWISE LLC (145 trucks) | CITY OF THORNTON (208 trucks) | CITY OF THORNTON (174 trucks) | TRI-STATE GENERATION & TRANSMISSION ASSOCIATION INC (321 trucks) | ADAMS 12 FIVE STAR SCHOOLS (182 trucks),157000,17052,13796853.06,"$499,000.00"
Sol_076,NEC N Fairgrounds Ave,https://www.loopnet.com/Listing/NEC-N-Fairgrounds-Ave-Windsor-CO/29890025/,"Windsor, CO 80528",0.74,483449.0,40.437732372143,-104.982630626628,304.01,1000,XS,30.40%,131,LARIMER COUNTY (131 trucks),157000,17052,13796853.06,"$483,449.00"
Sol_076,11958 Lincoln Ave,https://www.loopnet.com/Listing/Lincoln-Ave-Parker-CO/39741118/,"Parker, CO 80138",0.86,495000.0,39.536519536914,-104.76116705724,13220.13,20000,XL,66.10%,1835,ACCELERATED SERVICES LLC (373 trucks) | AMERICAN FURNITURE WAREHOUSE CO (340 trucks) | TERRACARE ASSOCIATES LLC (156 trucks) | IHC SCOTT INC (214 trucks) | BUCKLEY POWDER CO (217 trucks) | CH2M OMI CH2MHILL JACOBS (183 trucks) | CHERRY CREEK SCHOOLS (352 trucks),157000,17052,13796853.06,"$495,000.00"
Sol_076,2450 Curtis St,https://www.loopnet.com/Listing/2450-Curtis-St-Denver-CO/34878162/,"Denver, CO 80205",0.93,1930000.0,39.755035173034,-104.984190298703,19295.64,20000,XL,96.48%,2557,WASTE CONNECTIONS OF COLORADO INC (486 trucks) | U S TRANSPORT INC (200 trucks) | SURESHOT DRILLING LLC ATOZ FIELD SERVICES LLC DRILL TECH LLC PINNACLE DEVELOPMENT INC HDD SPECIALISTS LLC (135 trucks) | EAGLE ROCK DISTRIBUTING COMPANY OF COLORADO LLC (148 trucks) | RMS CRANES (139 trucks) | WESTERN DISTRIBUTING TRANSPORTATION CORP (155 trucks) | SUPERSHUTTLE DENVER (125 trucks) | UNITED SITE SERVICES OF NEVADA INC (409 trucks) | UNITED SITE SERVICES OF COLORADO INC (147 trucks) | READY MIX CONCRETE COMPANY (191 trucks) | COCAL LANDSCAPE SERVICES INC (153 trucks) | OFFEN PETROLEUM LLC (269 trucks),157000,17052,13796853.06,"$1,930,000.00"
Sol_076,104th Ave,https://www.loopnet.com/Listing/104th-Ave-Commerce-City-CO/24131525/,"Commerce City, CO 80022",1.06,692509.0,39.88539386175,-104.707921614396,1998.73,2000,S,99.94%,214,SHAMROCK FOODS COMPANY (214 trucks),157000,17052,13796853.06,"$692,509.00"
Sol_076,NWQ Highway 119 and I-25,https://www.loopnet.com/Listing/NWQ-Highway-119-and-I-25-Firestone-CO/31431092/,"Firestone, CO 80504",1.28,949000.0,40.160746988915,-104.978709958949,3529.55,5000,M,70.59%,606,WARD ELECTRIC COMPANY INC (222 trucks) | HEAT WAVES HOT OIL SERVICE LLC (201 trucks) | SUPREME TRANSPORT INC (183 trucks),157000,17052,13796853.06,"$949,000.00"
Sol_076,13987 Foster ct,https://www.loopnet.com/Listing/13987-Foster-ct-Longmont-CO/34579366/,"Longmont, CO 80504",1.42,1370019.92,40.140476603851,-105.119700024426,1399.2,2000,S,69.96%,385,CITY OF LONGMONT (211 trucks) | ST VRAIN VALLEY SCHOOL DISTRICT (174 trucks),157000,17052,13796853.06,"$1,370,019.92"
Sol_076,765 Aspen Ridge Drive Dr,https://www.loopnet.com/Listing/765-Aspen-Ridge-Drive-Dr-Lafayette-CO/32931931/,"Lafayette, CO 80026",1.43,556000.0,40.006898203868,-105.107210150504,4585.06,5000,M,91.70%,619,BOULDER VALLEY SCHOOL DISTRICT RE-2 (134 trucks) | VIA MOBILITY SERVICES (196 trucks) | VIA MOBILITY SERVICES (116 trucks) | CU (173 trucks),157000,17052,13796853.06,"$556,000.00"
Sol_076,E Harmony & Lady Moon Dr,https://www.loopnet.com/Listing/E-Harmony-Lady-Moon-Dr-Fort-Collins-CO/11217719/,"Fort Collins, CO 80528",2.2,1054007.0,40.523221679275,-105.010799488523,5618.16,10000,L,56.18%,972,NOVUS AG LLC (444 trucks) | CITY OF FORT COLLINS (285 trucks) | Poudre School District  (243 trucks),157000,17052,13796853.06,"$1,054,007.00"
Sol_077,2544 11th Ave,https://www.loopnet.com/Listing/2544-11th-Ave-Greeley-CO/35100267/,"Greeley, CO 80631",0.15,350000.0,40.395690645275,-104.69657283495,336.5,1000,XS,33.65%,145,WELD COUNTY PUBLIC WORKS DEPARTMENT (145 trucks),127000,13545,10769344.06,"$350,000.00"
Sol_077,831 N Clarkson St,https://www.loopnet.com/Listing/831-N-Clarkson-St-Denver-CO/38142797/,"Denver, CO 80218",0.18,899000.0,39.729919009716,-104.977904960968,4580.9400000000005,5000,M,91.62%,521,FARMERS ALL NATURAL (121 trucks) | CO TRAN LLC (275 trucks) | SUPERSHUTTLE DENVER (125 trucks),127000,13545,10769344.06,"$899,000.00"
Sol_077,422 Perry St,https://www.loopnet.com/Listing/422-Perry-St-Castle-Rock-CO/38421711/,"Castle Rock, CO 80104",0.24,605821.24,39.374148794158,-104.858322527659,2577.81,5000,M,51.56%,389,GREAT SOUTHWESTERN CONSTRUCTION INC (280 trucks) | TOWN OF CASTLE ROCK  (109 trucks),127000,13545,10769344.06,"$605,821.24"
Sol_077,239 S Main St,https://www.loopnet.com/Listing/239-S-Main-St-Brighton-CO/27424620/,"Brighton, CO 80601",0.31,250000.0,39.982905257485,-104.822555605705,1694.9,2000,S,84.75%,267,G&Z TRANSPORT LLC (147 trucks) | SIM TRUCKING INC (120 trucks),127000,13545,10769344.06,"$250,000.00"
Sol_077,20th & Blake St,https://www.loopnet.com/Listing/20th-Blake-St-Land-Denver-CO/26158810/,"Denver, CO 80205",0.32,1320000.0,39.754299409573,-104.994304825083,9307.460000000001,10000,L,93.07%,1347,RES (149 trucks) | MPLX G&P (144 trucks) | CONCRETE EXPRESS INC (128 trucks) | COORS DISTRIBUTING COMPANY MILLER COORS LLC (105 trucks) | U S TRANSPORT INC (200 trucks) | WASTE CONNECTIONS OF COLORADO INC (486 trucks) | SURESHOT DRILLING LLC ATOZ FIELD SERVICES LLC DRILL TECH LLC PINNACLE DEVELOPMENT INC HDD SPECIALISTS LLC (135 trucks),127000,13545,10769344.06,"$1,320,000.00"
Sol_077,1560 N Academy Blvd,https://www.loopnet.com/Listing/1560-N-Academy-Blvd-Colorado-Springs-CO/3886433/,"Colorado Springs, CO 80909",0.64,416700.0,38.854776988204,-104.75774002483,5689.619999999999,10000,L,56.90%,1031,COLORADO SPRINGS SCHOOL DISTRICT 11 (130 trucks) | MOUNTAIN METROPOLITAN TRANSIT (144 trucks) | CITY OF COLORADO SPRINGS (326 trucks) | El PASO COUNTY (112 trucks) | GOODWILL OF COLORADO (134 trucks) | VECTRUS SYSTEMS CORPORATION (185 trucks),127000,13545,10769344.06,"$416,700.00"
Sol_077,4237 McWhinney Blvd,https://www.loopnet.com/Listing/4237-McWhinney-Blvd-Loveland-CO/23974785/,"Loveland, CO 80538",0.65,871347.9,40.408208389025,-105.017378025231,252.96,1000,XS,25.30%,109,LOVELAND MUNICIPALITY (109 trucks),127000,13545,10769344.06,"$871,347.90"
Sol_077,7300 W Jefferson Ave,https://www.loopnet.com/Listing/7300-W-Jefferson-Ave-Lakewood-CO/38419312/,"Lakewood, CO 80235",0.66,379999.0,39.649773884125,-105.079540805378,10536.92,20000,XL,52.68%,1415,QUALITY LOGISTICS INC (135 trucks) | KEESEN ENTERPRISES INC (263 trucks) | PROCAM SERVICES  (101 trucks) | JEFFCO SCHOOLS (274 trucks) | JEFFERSON COUNTY (120 trucks) | HOLCIM WCR INC (298 trucks) | PACIFIC SHIPPING & TRUCKING CO INC (109 trucks) | ENIVIRONMENTAL LANDWORKS COMPANY INC (115 trucks),127000,13545,10769344.06,"$379,999.00"
Sol_077,9190 W 84th Ave,https://www.loopnet.com/Listing/9190-W-84th-Ave-Arvada-CO/38160305/,"Arvada, CO 80005",0.67,499000.0,39.849854027782,-105.100317795342,6920.830000000001,10000,L,69.21%,1365,ALPINE MILLWORK COMPANY DBA ROCKY MOUNTAIN RELOAD (141 trucks) | CITY OF ARVADA (100 trucks) | GEOSTABILIZATION INTERNATIONAL LLC (155 trucks) | COLD FRONT (121 trucks) | SITEWISE LLC (145 trucks) | CITY OF THORNTON (208 trucks) | CITY OF THORNTON (174 trucks) | TRI-STATE GENERATION & TRANSMISSION ASSOCIATION INC (321 trucks),127000,13545,10769344.06,"$499,000.00"
Sol_077,10431 Quari St,https://www.loopnet.com/Listing/10431-Quari-St-Commerce-City-CO/29119294/,"Commerce City, CO 80022",0.72,270000.0,39.886267655476,-104.844980046547,12742.7,20000,XL,63.71%,1662,ENVIRONMENTAL DESIGNS LLC (156 trucks) | BALIC TRANSPORT INC (120 trucks) | BURNCO COLORADO LLC (146 trucks) | WEST DIRECT OIL (140 trucks) | OFFEN PETROLEUM LLC (269 trucks) | ADAMS 12 FIVE STAR SCHOOLS (182 trucks) | WAGNER EQUIPMENT CO (423 trucks) | METCO LANDSCAPING INC (226 trucks),127000,13545,10769344.06,"$270,000.00"
Sol_077,NEC N Fairgrounds Ave,https://www.loopnet.com/Listing/NEC-N-Fairgrounds-Ave-Windsor-CO/29890025/,"Windsor, CO 80528",0.74,483449.0,40.437732372143,-104.982630626628,304.01,1000,XS,30.40%,131,LARIMER COUNTY (131 trucks),127000,13545,10769344.06,"$483,449.00"
Sol_077,11958 Lincoln Ave,https://www.loopnet.com/Listing/Lincoln-Ave-Parker-CO/39741118/,"Parker, CO 80138",0.86,495000.0,39.536519536914,-104.76116705724,18264.289999999997,20000,XL,91.32%,2581,ACCELERATED SERVICES LLC (373 trucks) | AMERICAN FURNITURE WAREHOUSE CO (340 trucks) | TERRACARE ASSOCIATES LLC (156 trucks) | IHC SCOTT INC (214 trucks) | BUCKLEY POWDER CO (217 trucks) | CH2M OMI CH2MHILL JACOBS (183 trucks) | ORICA USA INC (215 trucks) | CHERRY CREEK SCHOOLS (352 trucks) | HBSCO DANS TRASH AT YOUR DISPOSAL (110 trucks) | ENTERPRISE RENT-A-CAR NATIONAL RENT A CAR ALAMO RENT A CAR (421 trucks),127000,13545,10769344.06,"$495,000.00"
Sol_077,NWQ Highway 119 and I-25,https://www.loopnet.com/Listing/NWQ-Highway-119-and-I-25-Firestone-CO/31431092/,"Firestone, CO 80504",1.28,949000.0,40.160746988915,-104.978709958949,3529.55,5000,M,70.59%,606,WARD ELECTRIC COMPANY INC (222 trucks) | HEAT WAVES HOT OIL SERVICE LLC (201 trucks) | SUPREME TRANSPORT INC (183 trucks),127000,13545,10769344.06,"$949,000.00"
Sol_077,13987 Foster ct,https://www.loopnet.com/Listing/13987-Foster-ct-Longmont-CO/34579366/,"Longmont, CO 80504",1.42,1370019.92,40.140476603851,-105.119700024426,1399.2,2000,S,69.96%,385,CITY OF LONGMONT (211 trucks) | ST VRAIN VALLEY SCHOOL DISTRICT (174 trucks),127000,13545,10769344.06,"$1,370,019.92"
Sol_077,765 Aspen Ridge Drive Dr,https://www.loopnet.com/Listing/765-Aspen-Ridge-Drive-Dr-Lafayette-CO/32931931/,"Lafayette, CO 80026",1.43,556000.0,40.006898203868,-105.107210150504,4585.06,5000,M,91.70%,619,BOULDER VALLEY SCHOOL DISTRICT RE-2 (134 trucks) | VIA MOBILITY SERVICES (196 trucks) | VIA MOBILITY SERVICES (116 trucks) | CU (173 trucks),127000,13545,10769344.06,"$556,000.00"
Sol_077,E Harmony & Lady Moon Dr,https://www.loopnet.com/Listing/E-Harmony-Lady-Moon-Dr-Fort-Collins-CO/11217719/,"Fort Collins, CO 80528",2.2,1054007.0,40.523221679275,-105.010799488523,5618.16,10000,L,56.18%,972,NOVUS AG LLC (444 trucks) | CITY OF FORT COLLINS (285 trucks) | Poudre School District  (243 trucks),127000,13545,10769344.06,"$1,054,007.00"
Sol_078,2544 11th Ave,https://www.loopnet.com/Listing/2544-11th-Ave-Greeley-CO/35100267/,"Greeley, CO 80631",0.15,350000.0,40.395690645275,-104.69657283495,336.5,1000,XS,33.65%,145,WELD COUNTY PUBLIC WORKS DEPARTMENT (145 trucks),125000,14161,10848344.06,"$350,000.00"
Sol_078,831 N Clarkson St,https://www.loopnet.com/Listing/831-N-Clarkson-St-Denver-CO/38142797/,"Denver, CO 80218",0.18,899000.0,39.729919009716,-104.977904960968,4580.9400000000005,5000,M,91.62%,521,FARMERS ALL NATURAL (121 trucks) | CO TRAN LLC (275 trucks) | SUPERSHUTTLE DENVER (125 trucks),125000,14161,10848344.06,"$899,000.00"
Sol_078,422 Perry St,https://www.loopnet.com/Listing/422-Perry-St-Castle-Rock-CO/38421711/,"Castle Rock, CO 80104",0.24,605821.24,39.374148794158,-104.858322527659,2577.81,5000,M,51.56%,389,GREAT SOUTHWESTERN CONSTRUCTION INC (280 trucks) | TOWN OF CASTLE ROCK  (109 trucks),125000,14161,10848344.06,"$605,821.24"
Sol_078,239 S Main St,https://www.loopnet.com/Listing/239-S-Main-St-Brighton-CO/27424620/,"Brighton, CO 80601",0.31,250000.0,39.982905257485,-104.822555605705,3986.53,5000,M,79.73%,543,G&Z TRANSPORT LLC (147 trucks) | SIM TRUCKING INC (120 trucks) | ENVIRONMENTAL DESIGNS LLC (156 trucks) | BALIC TRANSPORT INC (120 trucks),125000,14161,10848344.06,"$250,000.00"
Sol_078,20th & Blake St,https://www.loopnet.com/Listing/20th-Blake-St-Land-Denver-CO/26158810/,"Denver, CO 80205",0.32,1320000.0,39.754299409573,-104.994304825083,9694.1,10000,L,96.94%,1382,RES (149 trucks) | MPLX G&P (144 trucks) | CONCRETE EXPRESS INC (128 trucks) | COORS DISTRIBUTING COMPANY MILLER COORS LLC (105 trucks) | U S TRANSPORT INC (200 trucks) | WASTE CONNECTIONS OF COLORADO INC (486 trucks) | COMPASS VEHICLE RENTAL INC (170 trucks),125000,14161,10848344.06,"$1,320,000.00"
Sol_078,1560 N Academy Blvd,https://www.loopnet.com/Listing/1560-N-Academy-Blvd-Colorado-Springs-CO/3886433/,"Colorado Springs, CO 80909",0.64,416700.0,38.854776988204,-104.75774002483,5689.619999999999,10000,L,56.90%,1031,COLORADO SPRINGS SCHOOL DISTRICT 11 (130 trucks) | MOUNTAIN METROPOLITAN TRANSIT (144 trucks) | CITY OF COLORADO SPRINGS (326 trucks) | El PASO COUNTY (112 trucks) | GOODWILL OF COLORADO (134 trucks) | VECTRUS SYSTEMS CORPORATION (185 trucks),125000,14161,10848344.06,"$416,700.00"
Sol_078,4237 McWhinney Blvd,https://www.loopnet.com/Listing/4237-McWhinney-Blvd-Loveland-CO/23974785/,"Loveland, CO 80538",0.65,871347.9,40.408208389025,-105.017378025231,252.96,1000,XS,25.30%,109,LOVELAND MUNICIPALITY (109 trucks),125000,14161,10848344.06,"$871,347.90"
Sol_078,7300 W Jefferson Ave,https://www.loopnet.com/Listing/7300-W-Jefferson-Ave-Lakewood-CO/38419312/,"Lakewood, CO 80235",0.66,379999.0,39.649773884125,-105.079540805378,10536.92,20000,XL,52.68%,1415,QUALITY LOGISTICS INC (135 trucks) | KEESEN ENTERPRISES INC (263 trucks) | PROCAM SERVICES  (101 trucks) | JEFFCO SCHOOLS (274 trucks) | JEFFERSON COUNTY (120 trucks) | HOLCIM WCR INC (298 trucks) | PACIFIC SHIPPING & TRUCKING CO INC (109 trucks) | ENIVIRONMENTAL LANDWORKS COMPANY INC (115 trucks),125000,14161,10848344.06,"$379,999.00"
Sol_078,9190 W 84th Ave,https://www.loopnet.com/Listing/9190-W-84th-Ave-Arvada-CO/38160305/,"Arvada, CO 80005",0.67,499000.0,39.849854027782,-105.100317795342,3378.81,5000,M,67.58%,541,ALPINE MILLWORK COMPANY DBA ROCKY MOUNTAIN RELOAD (141 trucks) | CITY OF ARVADA (100 trucks) | GEOSTABILIZATION INTERNATIONAL LLC (155 trucks) | SITEWISE LLC (145 trucks),125000,14161,10848344.06,"$499,000.00"
Sol_078,NEC N Fairgrounds Ave,https://www.loopnet.com/Listing/NEC-N-Fairgrounds-Ave-Windsor-CO/29890025/,"Windsor, CO 80528",0.74,483449.0,40.437732372143,-104.982630626628,304.01,1000,XS,30.40%,131,LARIMER COUNTY (131 trucks),125000,14161,10848344.06,"$483,449.00"
Sol_078,11958 Lincoln Ave,https://www.loopnet.com/Listing/Lincoln-Ave-Parker-CO/39741118/,"Parker, CO 80138",0.86,495000.0,39.536519536914,-104.76116705724,18264.289999999997,20000,XL,91.32%,2581,ACCELERATED SERVICES LLC (373 trucks) | AMERICAN FURNITURE WAREHOUSE CO (340 trucks) | TERRACARE ASSOCIATES LLC (156 trucks) | IHC SCOTT INC (214 trucks) | BUCKLEY POWDER CO (217 trucks) | CH2M OMI CH2MHILL JACOBS (183 trucks) | ORICA USA INC (215 trucks) | CHERRY CREEK SCHOOLS (352 trucks) | HBSCO DANS TRASH AT YOUR DISPOSAL (110 trucks) | ENTERPRISE RENT-A-CAR NATIONAL RENT A CAR ALAMO RENT A CAR (421 trucks),125000,14161,10848344.06,"$495,000.00"
Sol_078,8850 Huron St,https://www.loopnet.com/Listing/8850-Huron-St-Thornton-CO/33061072/,"Thornton, CO 80260",1.26,349000.0,39.858426283979,-104.995662022846,18972.29,20000,XL,94.86%,2791,CITY OF THORNTON (208 trucks) | CITY OF THORNTON (174 trucks) | COCAL LANDSCAPE SERVICES INC (153 trucks) | COLD FRONT (121 trucks) | READY MIX CONCRETE COMPANY (191 trucks) | NAVAJO EXPRESS INC (309 trucks) | TRI-STATE GENERATION & TRANSMISSION ASSOCIATION INC (321 trucks) | WESTERN DISTRIBUTING TRANSPORTATION CORP (155 trucks) | RMS CRANES (139 trucks) | SURESHOT DRILLING LLC ATOZ FIELD SERVICES LLC DRILL TECH LLC PINNACLE DEVELOPMENT INC HDD SPECIALISTS LLC (135 trucks) | EAGLE ROCK DISTRIBUTING COMPANY OF COLORADO LLC (148 trucks) | OFFEN PETROLEUM LLC (269 trucks) | ADAMS 12 FIVE STAR SCHOOLS (182 trucks) | WEST DIRECT OIL (140 trucks) | BURNCO COLORADO LLC (146 trucks),125000,14161,10848344.06,"$349,000.00"
Sol_078,NWQ Highway 119 and I-25,https://www.loopnet.com/Listing/NWQ-Highway-119-and-I-25-Firestone-CO/31431092/,"Firestone, CO 80504",1.28,949000.0,40.160746988915,-104.978709958949,3529.55,5000,M,70.59%,606,WARD ELECTRIC COMPANY INC (222 trucks) | HEAT WAVES HOT OIL SERVICE LLC (201 trucks) | SUPREME TRANSPORT INC (183 trucks),125000,14161,10848344.06,"$949,000.00"
Sol_078,13987 Foster ct,https://www.loopnet.com/Listing/13987-Foster-ct-Longmont-CO/34579366/,"Longmont, CO 80504",1.42,1370019.92,40.140476603851,-105.119700024426,1399.2,2000,S,69.96%,385,CITY OF LONGMONT (211 trucks) | ST VRAIN VALLEY SCHOOL DISTRICT (174 trucks),125000,14161,10848344.06,"$1,370,019.92"
Sol_078,765 Aspen Ridge Drive Dr,https://www.loopnet.com/Listing/765-Aspen-Ridge-Drive-Dr-Lafayette-CO/32931931/,"Lafayette, CO 80026",1.43,556000.0,40.006898203868,-105.107210150504,4585.06,5000,M,91.70%,619,BOULDER VALLEY SCHOOL DISTRICT RE-2 (134 trucks) | VIA MOBILITY SERVICES (196 trucks) | VIA MOBILITY SERVICES (116 trucks) | CU (173 trucks),125000,14161,10848344.06,"$556,000.00"
Sol_078,E Harmony & Lady Moon Dr,https://www.loopnet.com/Listing/E-Harmony-Lady-Moon-Dr-Fort-Collins-CO/11217719/,"Fort Collins, CO 80528",2.2,1054007.0,40.523221679275,-105.010799488523,5618.16,10000,L,56.18%,972,NOVUS AG LLC (444 trucks) | CITY OF FORT COLLINS (285 trucks) | Poudre School District  (243 trucks),125000,14161,10848344.06,"$1,054,007.00"
Sol_079,2544 11th Ave,https://www.loopnet.com/Listing/2544-11th-Ave-Greeley-CO/35100267/,"Greeley, CO 80631",0.15,350000.0,40.395690645275,-104.69657283495,336.5,1000,XS,33.65%,145,WELD COUNTY PUBLIC WORKS DEPARTMENT (145 trucks),165000,16838,12423344.06,"$350,000.00"
Sol_079,831 N Clarkson St,https://www.loopnet.com/Listing/831-N-Clarkson-St-Denver-CO/38142797/,"Denver, CO 80218",0.18,899000.0,39.729919009716,-104.977904960968,4580.9400000000005,5000,M,91.62%,521,FARMERS ALL NATURAL (121 trucks) | CO TRAN LLC (275 trucks) | SUPERSHUTTLE DENVER (125 trucks),165000,16838,12423344.06,"$899,000.00"
Sol_079,422 Perry St,https://www.loopnet.com/Listing/422-Perry-St-Castle-Rock-CO/38421711/,"Castle Rock, CO 80104",0.24,605821.24,39.374148794158,-104.858322527659,2577.81,5000,M,51.56%,389,GREAT SOUTHWESTERN CONSTRUCTION INC (280 trucks) | TOWN OF CASTLE ROCK  (109 trucks),165000,16838,12423344.06,"$605,821.24"
Sol_079,239 S Main St,https://www.loopnet.com/Listing/239-S-Main-St-Brighton-CO/27424620/,"Brighton, CO 80601",0.31,250000.0,39.982905257485,-104.822555605705,3986.53,5000,M,79.73%,543,G&Z TRANSPORT LLC (147 trucks) | SIM TRUCKING INC (120 trucks) | ENVIRONMENTAL DESIGNS LLC (156 trucks) | BALIC TRANSPORT INC (120 trucks),165000,16838,12423344.06,"$250,000.00"
Sol_079,20th & Blake St,https://www.loopnet.com/Listing/20th-Blake-St-Land-Denver-CO/26158810/,"Denver, CO 80205",0.32,1320000.0,39.754299409573,-104.994304825083,7615.27,10000,L,76.15%,1147,RES (149 trucks) | MPLX G&P (144 trucks) | CONCRETE EXPRESS INC (128 trucks) | COMPASS VEHICLE RENTAL INC (170 trucks) | UNITED SITE SERVICES OF NEVADA INC (409 trucks) | UNITED SITE SERVICES OF COLORADO INC (147 trucks),165000,16838,12423344.06,"$1,320,000.00"
Sol_079,1560 N Academy Blvd,https://www.loopnet.com/Listing/1560-N-Academy-Blvd-Colorado-Springs-CO/3886433/,"Colorado Springs, CO 80909",0.64,416700.0,38.854776988204,-104.75774002483,5689.619999999999,10000,L,56.90%,1031,COLORADO SPRINGS SCHOOL DISTRICT 11 (130 trucks) | MOUNTAIN METROPOLITAN TRANSIT (144 trucks) | CITY OF COLORADO SPRINGS (326 trucks) | El PASO COUNTY (112 trucks) | GOODWILL OF COLORADO (134 trucks) | VECTRUS SYSTEMS CORPORATION (185 trucks),165000,16838,12423344.06,"$416,700.00"
Sol_079,3401 S Yosemite St,https://www.loopnet.com/Listing/3401-S-Yosemite-St-Denver-CO/39837277/,"Denver, CO 80231",0.64,675000.0,39.654049416843,-104.88550562639,19524.48,20000,XL,97.62%,2867,COMCAST (194 trucks) | SWINGLE TREE & LANDSCAPE CARE (135 trucks) | CITY LIGHT AND POWER INC (121 trucks) | WHEEL PROS LLC (182 trucks) | GLOBAL TRANSPORTATION LLC (442 trucks) | HBSCO DANS TRASH AT YOUR DISPOSAL (110 trucks) | CITY OF AURORA (271 trucks) | ORICA USA INC (215 trucks) | ENTERPRISE RENT-A-CAR NATIONAL RENT A CAR ALAMO RENT A CAR (421 trucks) | AURORA PUBLIC SCHOOLS (127 trucks) | METCO LANDSCAPING INC (226 trucks) | WAGNER EQUIPMENT CO (423 trucks),165000,16838,12423344.06,"$675,000.00"
Sol_079,4237 McWhinney Blvd,https://www.loopnet.com/Listing/4237-McWhinney-Blvd-Loveland-CO/23974785/,"Loveland, CO 80538",0.65,871347.9,40.408208389025,-105.017378025231,252.96,1000,XS,25.30%,109,LOVELAND MUNICIPALITY (109 trucks),165000,16838,12423344.06,"$871,347.90"
Sol_079,7300 W Jefferson Ave,https://www.loopnet.com/Listing/7300-W-Jefferson-Ave-Lakewood-CO/38419312/,"Lakewood, CO 80235",0.66,379999.0,39.649773884125,-105.079540805378,10536.92,20000,XL,52.68%,1415,QUALITY LOGISTICS INC (135 trucks) | KEESEN ENTERPRISES INC (263 trucks) | PROCAM SERVICES  (101 trucks) | JEFFCO SCHOOLS (274 trucks) | JEFFERSON COUNTY (120 trucks) | HOLCIM WCR INC (298 trucks) | PACIFIC SHIPPING & TRUCKING CO INC (109 trucks) | ENIVIRONMENTAL LANDWORKS COMPANY INC (115 trucks),165000,16838,12423344.06,"$379,999.00"
Sol_079,9190 W 84th Ave,https://www.loopnet.com/Listing/9190-W-84th-Ave-Arvada-CO/38160305/,"Arvada, CO 80005",0.67,499000.0,39.849854027782,-105.100317795342,3378.81,5000,M,67.58%,541,ALPINE MILLWORK COMPANY DBA ROCKY MOUNTAIN RELOAD (141 trucks) | CITY OF ARVADA (100 trucks) | GEOSTABILIZATION INTERNATIONAL LLC (155 trucks) | SITEWISE LLC (145 trucks),165000,16838,12423344.06,"$499,000.00"
Sol_079,NEC N Fairgrounds Ave,https://www.loopnet.com/Listing/NEC-N-Fairgrounds-Ave-Windsor-CO/29890025/,"Windsor, CO 80528",0.74,483449.0,40.437732372143,-104.982630626628,304.01,1000,XS,30.40%,131,LARIMER COUNTY (131 trucks),165000,16838,12423344.06,"$483,449.00"
Sol_079,11958 Lincoln Ave,https://www.loopnet.com/Listing/Lincoln-Ave-Parker-CO/39741118/,"Parker, CO 80138",0.86,495000.0,39.536519536914,-104.76116705724,13220.13,20000,XL,66.10%,1835,ACCELERATED SERVICES LLC (373 trucks) | AMERICAN FURNITURE WAREHOUSE CO (340 trucks) | TERRACARE ASSOCIATES LLC (156 trucks) | IHC SCOTT INC (214 trucks) | BUCKLEY POWDER CO (217 trucks) | CH2M OMI CH2MHILL JACOBS (183 trucks) | CHERRY CREEK SCHOOLS (352 trucks),165000,16838,12423344.06,"$495,000.00"
Sol_079,2980 W 60th Ave,https://www.loopnet.com/Listing/2980-W-60th-Ave-Denver-CO/12107088/,"Denver, CO 80221",1.14,900000.0,39.805386957185,-105.022150208489,12875.779999999999,20000,XL,64.38%,1643,NAVAJO EXPRESS INC (309 trucks) | COORS DISTRIBUTING COMPANY MILLER COORS LLC (105 trucks) | COLD FRONT (121 trucks) | U S TRANSPORT INC (200 trucks) | SURESHOT DRILLING LLC ATOZ FIELD SERVICES LLC DRILL TECH LLC PINNACLE DEVELOPMENT INC HDD SPECIALISTS LLC (135 trucks) | EAGLE ROCK DISTRIBUTING COMPANY OF COLORADO LLC (148 trucks) | WASTE CONNECTIONS OF COLORADO INC (486 trucks) | RMS CRANES (139 trucks),165000,16838,12423344.06,"$900,000.00"
Sol_079,8850 Huron St,https://www.loopnet.com/Listing/8850-Huron-St-Thornton-CO/33061072/,"Thornton, CO 80260",1.26,349000.0,39.858426283979,-104.995662022846,11778.220000000001,20000,XL,58.89%,1939,CITY OF THORNTON (208 trucks) | CITY OF THORNTON (174 trucks) | COCAL LANDSCAPE SERVICES INC (153 trucks) | READY MIX CONCRETE COMPANY (191 trucks) | TRI-STATE GENERATION & TRANSMISSION ASSOCIATION INC (321 trucks) | WESTERN DISTRIBUTING TRANSPORTATION CORP (155 trucks) | OFFEN PETROLEUM LLC (269 trucks) | ADAMS 12 FIVE STAR SCHOOLS (182 trucks) | WEST DIRECT OIL (140 trucks) | BURNCO COLORADO LLC (146 trucks),165000,16838,12423344.06,"$349,000.00"
Sol_079,NWQ Highway 119 and I-25,https://www.loopnet.com/Listing/NWQ-Highway-119-and-I-25-Firestone-CO/31431092/,"Firestone, CO 80504",1.28,949000.0,40.160746988915,-104.978709958949,3529.55,5000,M,70.59%,606,WARD ELECTRIC COMPANY INC (222 trucks) | HEAT WAVES HOT OIL SERVICE LLC (201 trucks) | SUPREME TRANSPORT INC (183 trucks),165000,16838,12423344.06,"$949,000.00"
Sol_079,13987 Foster ct,https://www.loopnet.com/Listing/13987-Foster-ct-Longmont-CO/34579366/,"Longmont, CO 80504",1.42,1370019.92,40.140476603851,-105.119700024426,1399.2,2000,S,69.96%,385,CITY OF LONGMONT (211 trucks) | ST VRAIN VALLEY SCHOOL DISTRICT (174 trucks),165000,16838,12423344.06,"$1,370,019.92"
Sol_079,765 Aspen Ridge Drive Dr,https://www.loopnet.com/Listing/765-Aspen-Ridge-Drive-Dr-Lafayette-CO/32931931/,"Lafayette, CO 80026",1.43,556000.0,40.006898203868,-105.107210150504,4585.06,5000,M,91.70%,619,BOULDER VALLEY SCHOOL DISTRICT RE-2 (134 trucks) | VIA MOBILITY SERVICES (196 trucks) | VIA MOBILITY SERVICES (116 trucks) | CU (173 trucks),165000,16838,12423344.06,"$556,000.00"
Sol_079,E Harmony & Lady Moon Dr,https://www.loopnet.com/Listing/E-Harmony-Lady-Moon-Dr-Fort-Collins-CO/11217719/,"Fort Collins, CO 80528",2.2,1054007.0,40.523221679275,-105.010799488523,5618.16,10000,L,56.18%,972,NOVUS AG LLC (444 trucks) | CITY OF FORT COLLINS (285 trucks) | Poudre School District  (243 trucks),165000,16838,12423344.06,"$1,054,007.00"
Sol_080,2544 11th Ave,https://www.loopnet.com/Listing/2544-11th-Ave-Greeley-CO/35100267/,"Greeley, CO 80631",0.15,350000.0,40.395690645275,-104.69657283495,336.5,1000,XS,33.65%,145,WELD COUNTY PUBLIC WORKS DEPARTMENT (145 trucks),135000,14748,11174344.06,"$350,000.00"
Sol_080,831 N Clarkson St,https://www.loopnet.com/Listing/831-N-Clarkson-St-Denver-CO/38142797/,"Denver, CO 80218",0.18,899000.0,39.729919009716,-104.977904960968,4580.9400000000005,5000,M,91.62%,521,FARMERS ALL NATURAL (121 trucks) | CO TRAN LLC (275 trucks) | SUPERSHUTTLE DENVER (125 trucks),135000,14748,11174344.06,"$899,000.00"
Sol_080,422 Perry St,https://www.loopnet.com/Listing/422-Perry-St-Castle-Rock-CO/38421711/,"Castle Rock, CO 80104",0.24,605821.24,39.374148794158,-104.858322527659,2577.81,5000,M,51.56%,389,GREAT SOUTHWESTERN CONSTRUCTION INC (280 trucks) | TOWN OF CASTLE ROCK  (109 trucks),135000,14748,11174344.06,"$605,821.24"
Sol_080,239 S Main St,https://www.loopnet.com/Listing/239-S-Main-St-Brighton-CO/27424620/,"Brighton, CO 80601",0.31,250000.0,39.982905257485,-104.822555605705,5864.05,10000,L,58.64%,829,G&Z TRANSPORT LLC (147 trucks) | SIM TRUCKING INC (120 trucks) | ENVIRONMENTAL DESIGNS LLC (156 trucks) | BALIC TRANSPORT INC (120 trucks) | BURNCO COLORADO LLC (146 trucks) | WEST DIRECT OIL (140 trucks),135000,14748,11174344.06,"$250,000.00"
Sol_080,20th & Blake St,https://www.loopnet.com/Listing/20th-Blake-St-Land-Denver-CO/26158810/,"Denver, CO 80205",0.32,1320000.0,39.754299409573,-104.994304825083,9307.460000000001,10000,L,93.07%,1347,RES (149 trucks) | MPLX G&P (144 trucks) | CONCRETE EXPRESS INC (128 trucks) | COORS DISTRIBUTING COMPANY MILLER COORS LLC (105 trucks) | U S TRANSPORT INC (200 trucks) | WASTE CONNECTIONS OF COLORADO INC (486 trucks) | SURESHOT DRILLING LLC ATOZ FIELD SERVICES LLC DRILL TECH LLC PINNACLE DEVELOPMENT INC HDD SPECIALISTS LLC (135 trucks),135000,14748,11174344.06,"$1,320,000.00"
Sol_080,1560 N Academy Blvd,https://www.loopnet.com/Listing/1560-N-Academy-Blvd-Colorado-Springs-CO/3886433/,"Colorado Springs, CO 80909",0.64,416700.0,38.854776988204,-104.75774002483,5689.619999999999,10000,L,56.90%,1031,COLORADO SPRINGS SCHOOL DISTRICT 11 (130 trucks) | MOUNTAIN METROPOLITAN TRANSIT (144 trucks) | CITY OF COLORADO SPRINGS (326 trucks) | El PASO COUNTY (112 trucks) | GOODWILL OF COLORADO (134 trucks) | VECTRUS SYSTEMS CORPORATION (185 trucks),135000,14748,11174344.06,"$416,700.00"
Sol_080,3401 S Yosemite St,https://www.loopnet.com/Listing/3401-S-Yosemite-St-Denver-CO/39837277/,"Denver, CO 80231",0.64,675000.0,39.654049416843,-104.88550562639,19524.48,20000,XL,97.62%,2867,COMCAST (194 trucks) | SWINGLE TREE & LANDSCAPE CARE (135 trucks) | CITY LIGHT AND POWER INC (121 trucks) | WHEEL PROS LLC (182 trucks) | GLOBAL TRANSPORTATION LLC (442 trucks) | HBSCO DANS TRASH AT YOUR DISPOSAL (110 trucks) | CITY OF AURORA (271 trucks) | ORICA USA INC (215 trucks) | ENTERPRISE RENT-A-CAR NATIONAL RENT A CAR ALAMO RENT A CAR (421 trucks) | AURORA PUBLIC SCHOOLS (127 trucks) | METCO LANDSCAPING INC (226 trucks) | WAGNER EQUIPMENT CO (423 trucks),135000,14748,11174344.06,"$675,000.00"
Sol_080,4237 McWhinney Blvd,https://www.loopnet.com/Listing/4237-McWhinney-Blvd-Loveland-CO/23974785/,"Loveland, CO 80538",0.65,871347.9,40.408208389025,-105.017378025231,252.96,1000,XS,25.30%,109,LOVELAND MUNICIPALITY (109 trucks),135000,14748,11174344.06,"$871,347.90"
Sol_080,7300 W Jefferson Ave,https://www.loopnet.com/Listing/7300-W-Jefferson-Ave-Lakewood-CO/38419312/,"Lakewood, CO 80235",0.66,379999.0,39.649773884125,-105.079540805378,10536.92,20000,XL,52.68%,1415,QUALITY LOGISTICS INC (135 trucks) | KEESEN ENTERPRISES INC (263 trucks) | PROCAM SERVICES  (101 trucks) | JEFFCO SCHOOLS (274 trucks) | JEFFERSON COUNTY (120 trucks) | HOLCIM WCR INC (298 trucks) | PACIFIC SHIPPING & TRUCKING CO INC (109 trucks) | ENIVIRONMENTAL LANDWORKS COMPANY INC (115 trucks),135000,14748,11174344.06,"$379,999.00"
Sol_080,9190 W 84th Ave,https://www.loopnet.com/Listing/9190-W-84th-Ave-Arvada-CO/38160305/,"Arvada, CO 80005",0.67,499000.0,39.849854027782,-105.100317795342,7872.180000000001,10000,L,78.72%,1547,ALPINE MILLWORK COMPANY DBA ROCKY MOUNTAIN RELOAD (141 trucks) | CITY OF ARVADA (100 trucks) | GEOSTABILIZATION INTERNATIONAL LLC (155 trucks) | COLD FRONT (121 trucks) | SITEWISE LLC (145 trucks) | CITY OF THORNTON (208 trucks) | CITY OF THORNTON (174 trucks) | TRI-STATE GENERATION & TRANSMISSION ASSOCIATION INC (321 trucks) | ADAMS 12 FIVE STAR SCHOOLS (182 trucks),135000,14748,11174344.06,"$499,000.00"
Sol_080,NEC N Fairgrounds Ave,https://www.loopnet.com/Listing/NEC-N-Fairgrounds-Ave-Windsor-CO/29890025/,"Windsor, CO 80528",0.74,483449.0,40.437732372143,-104.982630626628,304.01,1000,XS,30.40%,131,LARIMER COUNTY (131 trucks),135000,14748,11174344.06,"$483,449.00"
Sol_080,11958 Lincoln Ave,https://www.loopnet.com/Listing/Lincoln-Ave-Parker-CO/39741118/,"Parker, CO 80138",0.86,495000.0,39.536519536914,-104.76116705724,13220.13,20000,XL,66.10%,1835,ACCELERATED SERVICES LLC (373 trucks) | AMERICAN FURNITURE WAREHOUSE CO (340 trucks) | TERRACARE ASSOCIATES LLC (156 trucks) | IHC SCOTT INC (214 trucks) | BUCKLEY POWDER CO (217 trucks) | CH2M OMI CH2MHILL JACOBS (183 trucks) | CHERRY CREEK SCHOOLS (352 trucks),135000,14748,11174344.06,"$495,000.00"
Sol_080,NWQ Highway 119 and I-25,https://www.loopnet.com/Listing/NWQ-Highway-119-and-I-25-Firestone-CO/31431092/,"Firestone, CO 80504",1.28,949000.0,40.160746988915,-104.978709958949,3529.55,5000,M,70.59%,606,WARD ELECTRIC COMPANY INC (222 trucks) | HEAT WAVES HOT OIL SERVICE LLC (201 trucks) | SUPREME TRANSPORT INC (183 trucks),135000,14748,11174344.06,"$949,000.00"
Sol_080,13987 Foster ct,https://www.loopnet.com/Listing/13987-Foster-ct-Longmont-CO/34579366/,"Longmont, CO 80504",1.42,1370019.92,40.140476603851,-105.119700024426,1399.2,2000,S,69.96%,385,CITY OF LONGMONT (211 trucks) | ST VRAIN VALLEY SCHOOL DISTRICT (174 trucks),135000,14748,11174344.06,"$1,370,019.92"
Sol_080,765 Aspen Ridge Drive Dr,https://www.loopnet.com/Listing/765-Aspen-Ridge-Drive-Dr-Lafayette-CO/32931931/,"Lafayette, CO 80026",1.43,556000.0,40.006898203868,-105.107210150504,4585.06,5000,M,91.70%,619,BOULDER VALLEY SCHOOL DISTRICT RE-2 (134 trucks) | VIA MOBILITY SERVICES (196 trucks) | VIA MOBILITY SERVICES (116 trucks) | CU (173 trucks),135000,14748,11174344.06,"$556,000.00"
Sol_080,E Harmony & Lady Moon Dr,https://www.loopnet.com/Listing/E-Harmony-Lady-Moon-Dr-Fort-Collins-CO/11217719/,"Fort Collins, CO 80528",2.2,1054007.0,40.523221679275,-105.010799488523,5618.16,10000,L,56.18%,972,NOVUS AG LLC (444 trucks) | CITY OF FORT COLLINS (285 trucks) | Poudre School District  (243 trucks),135000,14748,11174344.06,"$1,054,007.00"
Sol_081,2544 11th Ave,https://www.loopnet.com/Listing/2544-11th-Ave-Greeley-CO/35100267/,"Greeley, CO 80631",0.15,350000.0,40.395690645275,-104.69657283495,336.5,1000,XS,33.65%,145,WELD COUNTY PUBLIC WORKS DEPARTMENT (145 trucks),145000,16496,11970034.450000001,"$350,000.00"
Sol_081,831 N Clarkson St,https://www.loopnet.com/Listing/831-N-Clarkson-St-Denver-CO/38142797/,"Denver, CO 80218",0.18,899000.0,39.729919009716,-104.977904960968,4580.9400000000005,5000,M,91.62%,521,FARMERS ALL NATURAL (121 trucks) | CO TRAN LLC (275 trucks) | SUPERSHUTTLE DENVER (125 trucks),145000,16496,11970034.450000001,"$899,000.00"
Sol_081,422 Perry St,https://www.loopnet.com/Listing/422-Perry-St-Castle-Rock-CO/38421711/,"Castle Rock, CO 80104",0.24,605821.24,39.374148794158,-104.858322527659,2577.81,5000,M,51.56%,389,GREAT SOUTHWESTERN CONSTRUCTION INC (280 trucks) | TOWN OF CASTLE ROCK  (109 trucks),145000,16496,11970034.450000001,"$605,821.24"
Sol_081,239 S Main St,https://www.loopnet.com/Listing/239-S-Main-St-Brighton-CO/27424620/,"Brighton, CO 80601",0.31,250000.0,39.982905257485,-104.822555605705,3986.53,5000,M,79.73%,543,G&Z TRANSPORT LLC (147 trucks) | SIM TRUCKING INC (120 trucks) | ENVIRONMENTAL DESIGNS LLC (156 trucks) | BALIC TRANSPORT INC (120 trucks),145000,16496,11970034.450000001,"$250,000.00"
Sol_081,20th & Blake St,https://www.loopnet.com/Listing/20th-Blake-St-Land-Denver-CO/26158810/,"Denver, CO 80205",0.32,1320000.0,39.754299409573,-104.994304825083,9694.1,10000,L,96.94%,1382,RES (149 trucks) | MPLX G&P (144 trucks) | CONCRETE EXPRESS INC (128 trucks) | COORS DISTRIBUTING COMPANY MILLER COORS LLC (105 trucks) | U S TRANSPORT INC (200 trucks) | WASTE CONNECTIONS OF COLORADO INC (486 trucks) | COMPASS VEHICLE RENTAL INC (170 trucks),145000,16496,11970034.450000001,"$1,320,000.00"
Sol_081,1560 N Academy Blvd,https://www.loopnet.com/Listing/1560-N-Academy-Blvd-Colorado-Springs-CO/3886433/,"Colorado Springs, CO 80909",0.64,416700.0,38.854776988204,-104.75774002483,5689.619999999999,10000,L,56.90%,1031,COLORADO SPRINGS SCHOOL DISTRICT 11 (130 trucks) | MOUNTAIN METROPOLITAN TRANSIT (144 trucks) | CITY OF COLORADO SPRINGS (326 trucks) | El PASO COUNTY (112 trucks) | GOODWILL OF COLORADO (134 trucks) | VECTRUS SYSTEMS CORPORATION (185 trucks),145000,16496,11970034.450000001,"$416,700.00"
Sol_081,4237 McWhinney Blvd,https://www.loopnet.com/Listing/4237-McWhinney-Blvd-Loveland-CO/23974785/,"Loveland, CO 80538",0.65,871347.9,40.408208389025,-105.017378025231,252.96,1000,XS,25.30%,109,LOVELAND MUNICIPALITY (109 trucks),145000,16496,11970034.450000001,"$871,347.90"
Sol_081,7300 W Jefferson Ave,https://www.loopnet.com/Listing/7300-W-Jefferson-Ave-Lakewood-CO/38419312/,"Lakewood, CO 80235",0.66,379999.0,39.649773884125,-105.079540805378,10536.92,20000,XL,52.68%,1415,QUALITY LOGISTICS INC (135 trucks) | KEESEN ENTERPRISES INC (263 trucks) | PROCAM SERVICES  (101 trucks) | JEFFCO SCHOOLS (274 trucks) | JEFFERSON COUNTY (120 trucks) | HOLCIM WCR INC (298 trucks) | PACIFIC SHIPPING & TRUCKING CO INC (109 trucks) | ENIVIRONMENTAL LANDWORKS COMPANY INC (115 trucks),145000,16496,11970034.450000001,"$379,999.00"
Sol_081,9190 W 84th Ave,https://www.loopnet.com/Listing/9190-W-84th-Ave-Arvada-CO/38160305/,"Arvada, CO 80005",0.67,499000.0,39.849854027782,-105.100317795342,3378.81,5000,M,67.58%,541,ALPINE MILLWORK COMPANY DBA ROCKY MOUNTAIN RELOAD (141 trucks) | CITY OF ARVADA (100 trucks) | GEOSTABILIZATION INTERNATIONAL LLC (155 trucks) | SITEWISE LLC (145 trucks),145000,16496,11970034.450000001,"$499,000.00"
Sol_081,NEC N Fairgrounds Ave,https://www.loopnet.com/Listing/NEC-N-Fairgrounds-Ave-Windsor-CO/29890025/,"Windsor, CO 80528",0.74,483449.0,40.437732372143,-104.982630626628,304.01,1000,XS,30.40%,131,LARIMER COUNTY (131 trucks),145000,16496,11970034.450000001,"$483,449.00"
Sol_081,11958 Lincoln Ave,https://www.loopnet.com/Listing/Lincoln-Ave-Parker-CO/39741118/,"Parker, CO 80138",0.86,495000.0,39.536519536914,-104.76116705724,18264.289999999997,20000,XL,91.32%,2581,ACCELERATED SERVICES LLC (373 trucks) | AMERICAN FURNITURE WAREHOUSE CO (340 trucks) | TERRACARE ASSOCIATES LLC (156 trucks) | IHC SCOTT INC (214 trucks) | BUCKLEY POWDER CO (217 trucks) | CH2M OMI CH2MHILL JACOBS (183 trucks) | ORICA USA INC (215 trucks) | CHERRY CREEK SCHOOLS (352 trucks) | HBSCO DANS TRASH AT YOUR DISPOSAL (110 trucks) | ENTERPRISE RENT-A-CAR NATIONAL RENT A CAR ALAMO RENT A CAR (421 trucks),145000,16496,11970034.450000001,"$495,000.00"
Sol_081,8850 Huron St,https://www.loopnet.com/Listing/8850-Huron-St-Thornton-CO/33061072/,"Thornton, CO 80260",1.26,349000.0,39.858426283979,-104.995662022846,18972.29,20000,XL,94.86%,2791,CITY OF THORNTON (208 trucks) | CITY OF THORNTON (174 trucks) | COCAL LANDSCAPE SERVICES INC (153 trucks) | COLD FRONT (121 trucks) | READY MIX CONCRETE COMPANY (191 trucks) | NAVAJO EXPRESS INC (309 trucks) | TRI-STATE GENERATION & TRANSMISSION ASSOCIATION INC (321 trucks) | WESTERN DISTRIBUTING TRANSPORTATION CORP (155 trucks) | RMS CRANES (139 trucks) | SURESHOT DRILLING LLC ATOZ FIELD SERVICES LLC DRILL TECH LLC PINNACLE DEVELOPMENT INC HDD SPECIALISTS LLC (135 trucks) | EAGLE ROCK DISTRIBUTING COMPANY OF COLORADO LLC (148 trucks) | OFFEN PETROLEUM LLC (269 trucks) | ADAMS 12 FIVE STAR SCHOOLS (182 trucks) | WEST DIRECT OIL (140 trucks) | BURNCO COLORADO LLC (146 trucks),145000,16496,11970034.450000001,"$349,000.00"
Sol_081,NWQ Highway 119 and I-25,https://www.loopnet.com/Listing/NWQ-Highway-119-and-I-25-Firestone-CO/31431092/,"Firestone, CO 80504",1.28,949000.0,40.160746988915,-104.978709958949,3529.55,5000,M,70.59%,606,WARD ELECTRIC COMPANY INC (222 trucks) | HEAT WAVES HOT OIL SERVICE LLC (201 trucks) | SUPREME TRANSPORT INC (183 trucks),145000,16496,11970034.450000001,"$949,000.00"
Sol_081,13987 Foster ct,https://www.loopnet.com/Listing/13987-Foster-ct-Longmont-CO/34579366/,"Longmont, CO 80504",1.42,1370019.92,40.140476603851,-105.119700024426,1399.2,2000,S,69.96%,385,CITY OF LONGMONT (211 trucks) | ST VRAIN VALLEY SCHOOL DISTRICT (174 trucks),145000,16496,11970034.450000001,"$1,370,019.92"
Sol_081,765 Aspen Ridge Drive Dr,https://www.loopnet.com/Listing/765-Aspen-Ridge-Drive-Dr-Lafayette-CO/32931931/,"Lafayette, CO 80026",1.43,556000.0,40.006898203868,-105.107210150504,4585.06,5000,M,91.70%,619,BOULDER VALLEY SCHOOL DISTRICT RE-2 (134 trucks) | VIA MOBILITY SERVICES (196 trucks) | VIA MOBILITY SERVICES (116 trucks) | CU (173 trucks),145000,16496,11970034.450000001,"$556,000.00"
Sol_081,150 S Potomac St,https://www.loopnet.com/Listing/150-S-Potomac-St-Aurora-CO/31718288/,"Aurora, CO 80012",1.69,1121690.39,39.714059275442,-104.827803431464,16479.05,20000,XL,82.40%,2335,CITY OF AURORA (271 trucks) | AURORA PUBLIC SCHOOLS (127 trucks) | METCO LANDSCAPING INC (226 trucks) | WAGNER EQUIPMENT CO (423 trucks) | SWINGLE TREE & LANDSCAPE CARE (135 trucks) | COMCAST (194 trucks) | SHAMROCK FOODS COMPANY (214 trucks) | CITY LIGHT AND POWER INC (121 trucks) | WHEEL PROS LLC (182 trucks) | GLOBAL TRANSPORTATION LLC (442 trucks),145000,16496,11970034.450000001,"$1,121,690.39"
Sol_081,E Harmony & Lady Moon Dr,https://www.loopnet.com/Listing/E-Harmony-Lady-Moon-Dr-Fort-Collins-CO/11217719/,"Fort Collins, CO 80528",2.2,1054007.0,40.523221679275,-105.010799488523,5618.16,10000,L,56.18%,972,NOVUS AG LLC (444 trucks) | CITY OF FORT COLLINS (285 trucks) | Poudre School District  (243 trucks),145000,16496,11970034.450000001,"$1,054,007.00"
Sol_082,2544 11th Ave,https://www.loopnet.com/Listing/2544-11th-Ave-Greeley-CO/35100267/,"Greeley, CO 80631",0.15,350000.0,40.395690645275,-104.69657283495,336.5,1000,XS,33.65%,145,WELD COUNTY PUBLIC WORKS DEPARTMENT (145 trucks),157000,17052,13796853.06,"$350,000.00"
Sol_082,831 N Clarkson St,https://www.loopnet.com/Listing/831-N-Clarkson-St-Denver-CO/38142797/,"Denver, CO 80218",0.18,899000.0,39.729919009716,-104.977904960968,3413.46,5000,M,68.27%,396,FARMERS ALL NATURAL (121 trucks) | CO TRAN LLC (275 trucks),157000,17052,13796853.06,"$899,000.00"
Sol_082,422 Perry St,https://www.loopnet.com/Listing/422-Perry-St-Castle-Rock-CO/38421711/,"Castle Rock, CO 80104",0.24,605821.24,39.374148794158,-104.858322527659,2577.81,5000,M,51.56%,389,GREAT SOUTHWESTERN CONSTRUCTION INC (280 trucks) | TOWN OF CASTLE ROCK  (109 trucks),157000,17052,13796853.06,"$605,821.24"
Sol_082,239 S Main St,https://www.loopnet.com/Listing/239-S-Main-St-Brighton-CO/27424620/,"Brighton, CO 80601",0.31,250000.0,39.982905257485,-104.822555605705,5864.05,10000,L,58.64%,829,G&Z TRANSPORT LLC (147 trucks) | SIM TRUCKING INC (120 trucks) | ENVIRONMENTAL DESIGNS LLC (156 trucks) | BALIC TRANSPORT INC (120 trucks) | BURNCO COLORADO LLC (146 trucks) | WEST DIRECT OIL (140 trucks),157000,17052,13796853.06,"$250,000.00"
Sol_082,20th & Blake St,https://www.loopnet.com/Listing/20th-Blake-St-Land-Denver-CO/26158810/,"Denver, CO 80205",0.32,1320000.0,39.754299409573,-104.994304825083,7770.22,10000,L,77.70%,1005,RES (149 trucks) | MPLX G&P (144 trucks) | CONCRETE EXPRESS INC (128 trucks) | COORS DISTRIBUTING COMPANY MILLER COORS LLC (105 trucks) | NAVAJO EXPRESS INC (309 trucks) | COMPASS VEHICLE RENTAL INC (170 trucks),157000,17052,13796853.06,"$1,320,000.00"
Sol_082,1560 N Academy Blvd,https://www.loopnet.com/Listing/1560-N-Academy-Blvd-Colorado-Springs-CO/3886433/,"Colorado Springs, CO 80909",0.64,416700.0,38.854776988204,-104.75774002483,5689.619999999999,10000,L,56.90%,1031,COLORADO SPRINGS SCHOOL DISTRICT 11 (130 trucks) | MOUNTAIN METROPOLITAN TRANSIT (144 trucks) | CITY OF COLORADO SPRINGS (326 trucks) | El PASO COUNTY (112 trucks) | GOODWILL OF COLORADO (134 trucks) | VECTRUS SYSTEMS CORPORATION (185 trucks),157000,17052,13796853.06,"$416,700.00"
Sol_082,3401 S Yosemite St,https://www.loopnet.com/Listing/3401-S-Yosemite-St-Denver-CO/39837277/,"Denver, CO 80231",0.64,675000.0,39.654049416843,-104.88550562639,19524.48,20000,XL,97.62%,2867,COMCAST (194 trucks) | SWINGLE TREE & LANDSCAPE CARE (135 trucks) | CITY LIGHT AND POWER INC (121 trucks) | WHEEL PROS LLC (182 trucks) | GLOBAL TRANSPORTATION LLC (442 trucks) | HBSCO DANS TRASH AT YOUR DISPOSAL (110 trucks) | CITY OF AURORA (271 trucks) | ORICA USA INC (215 trucks) | ENTERPRISE RENT-A-CAR NATIONAL RENT A CAR ALAMO RENT A CAR (421 trucks) | AURORA PUBLIC SCHOOLS (127 trucks) | METCO LANDSCAPING INC (226 trucks) | WAGNER EQUIPMENT CO (423 trucks),157000,17052,13796853.06,"$675,000.00"
Sol_082,4237 McWhinney Blvd,https://www.loopnet.com/Listing/4237-McWhinney-Blvd-Loveland-CO/23974785/,"Loveland, CO 80538",0.65,871347.9,40.408208389025,-105.017378025231,252.96,1000,XS,25.30%,109,LOVELAND MUNICIPALITY (109 trucks),157000,17052,13796853.06,"$871,347.90"
Sol_082,7300 W Jefferson Ave,https://www.loopnet.com/Listing/7300-W-Jefferson-Ave-Lakewood-CO/38419312/,"Lakewood, CO 80235",0.66,379999.0,39.649773884125,-105.079540805378,10536.92,20000,XL,52.68%,1415,QUALITY LOGISTICS INC (135 trucks) | KEESEN ENTERPRISES INC (263 trucks) | PROCAM SERVICES  (101 trucks) | JEFFCO SCHOOLS (274 trucks) | JEFFERSON COUNTY (120 trucks) | HOLCIM WCR INC (298 trucks) | PACIFIC SHIPPING & TRUCKING CO INC (109 trucks) | ENIVIRONMENTAL LANDWORKS COMPANY INC (115 trucks),157000,17052,13796853.06,"$379,999.00"
Sol_082,9190 W 84th Ave,https://www.loopnet.com/Listing/9190-W-84th-Ave-Arvada-CO/38160305/,"Arvada, CO 80005",0.67,499000.0,39.849854027782,-105.100317795342,7872.180000000001,10000,L,78.72%,1547,ALPINE MILLWORK COMPANY DBA ROCKY MOUNTAIN RELOAD (141 trucks) | CITY OF ARVADA (100 trucks) | GEOSTABILIZATION INTERNATIONAL LLC (155 trucks) | COLD FRONT (121 trucks) | SITEWISE LLC (145 trucks) | CITY OF THORNTON (208 trucks) | CITY OF THORNTON (174 trucks) | TRI-STATE GENERATION & TRANSMISSION ASSOCIATION INC (321 trucks) | ADAMS 12 FIVE STAR SCHOOLS (182 trucks),157000,17052,13796853.06,"$499,000.00"
Sol_082,NEC N Fairgrounds Ave,https://www.loopnet.com/Listing/NEC-N-Fairgrounds-Ave-Windsor-CO/29890025/,"Windsor, CO 80528",0.74,483449.0,40.437732372143,-104.982630626628,304.01,1000,XS,30.40%,131,LARIMER COUNTY (131 trucks),157000,17052,13796853.06,"$483,449.00"
Sol_082,11958 Lincoln Ave,https://www.loopnet.com/Listing/Lincoln-Ave-Parker-CO/39741118/,"Parker, CO 80138",0.86,495000.0,39.536519536914,-104.76116705724,13220.13,20000,XL,66.10%,1835,ACCELERATED SERVICES LLC (373 trucks) | AMERICAN FURNITURE WAREHOUSE CO (340 trucks) | TERRACARE ASSOCIATES LLC (156 trucks) | IHC SCOTT INC (214 trucks) | BUCKLEY POWDER CO (217 trucks) | CH2M OMI CH2MHILL JACOBS (183 trucks) | CHERRY CREEK SCHOOLS (352 trucks),157000,17052,13796853.06,"$495,000.00"
Sol_082,2450 Curtis St,https://www.loopnet.com/Listing/2450-Curtis-St-Denver-CO/34878162/,"Denver, CO 80205",0.93,1930000.0,39.755035173034,-104.984190298703,19295.64,20000,XL,96.48%,2557,WASTE CONNECTIONS OF COLORADO INC (486 trucks) | U S TRANSPORT INC (200 trucks) | SURESHOT DRILLING LLC ATOZ FIELD SERVICES LLC DRILL TECH LLC PINNACLE DEVELOPMENT INC HDD SPECIALISTS LLC (135 trucks) | EAGLE ROCK DISTRIBUTING COMPANY OF COLORADO LLC (148 trucks) | RMS CRANES (139 trucks) | WESTERN DISTRIBUTING TRANSPORTATION CORP (155 trucks) | SUPERSHUTTLE DENVER (125 trucks) | UNITED SITE SERVICES OF NEVADA INC (409 trucks) | UNITED SITE SERVICES OF COLORADO INC (147 trucks) | READY MIX CONCRETE COMPANY (191 trucks) | COCAL LANDSCAPE SERVICES INC (153 trucks) | OFFEN PETROLEUM LLC (269 trucks),157000,17052,13796853.06,"$1,930,000.00"
Sol_082,104th Ave,https://www.loopnet.com/Listing/104th-Ave-Commerce-City-CO/24131525/,"Commerce City, CO 80022",1.06,692509.0,39.88539386175,-104.707921614396,1998.73,2000,S,99.94%,214,SHAMROCK FOODS COMPANY (214 trucks),157000,17052,13796853.06,"$692,509.00"
Sol_082,NWQ Highway 119 and I-25,https://www.loopnet.com/Listing/NWQ-Highway-119-and-I-25-Firestone-CO/31431092/,"Firestone, CO 80504",1.28,949000.0,40.160746988915,-104.978709958949,3529.55,5000,M,70.59%,606,WARD ELECTRIC COMPANY INC (222 trucks) | HEAT WAVES HOT OIL SERVICE LLC (201 trucks) | SUPREME TRANSPORT INC (183 trucks),157000,17052,13796853.06,"$949,000.00"
Sol_082,13987 Foster ct,https://www.loopnet.com/Listing/13987-Foster-ct-Longmont-CO/34579366/,"Longmont, CO 80504",1.42,1370019.92,40.140476603851,-105.119700024426,1399.2,2000,S,69.96%,385,CITY OF LONGMONT (211 trucks) | ST VRAIN VALLEY SCHOOL DISTRICT (174 trucks),157000,17052,13796853.06,"$1,370,019.92"
Sol_082,765 Aspen Ridge Drive Dr,https://www.loopnet.com/Listing/765-Aspen-Ridge-Drive-Dr-Lafayette-CO/32931931/,"Lafayette, CO 80026",1.43,556000.0,40.006898203868,-105.107210150504,4585.06,5000,M,91.70%,619,BOULDER VALLEY SCHOOL DISTRICT RE-2 (134 trucks) | VIA MOBILITY SERVICES (196 trucks) | VIA MOBILITY SERVICES (116 trucks) | CU (173 trucks),157000,17052,13796853.06,"$556,000.00"
Sol_082,E Harmony & Lady Moon Dr,https://www.loopnet.com/Listing/E-Harmony-Lady-Moon-Dr-Fort-Collins-CO/11217719/,"Fort Collins, CO 80528",2.2,1054007.0,40.523221679275,-105.010799488523,5618.16,10000,L,56.18%,972,NOVUS AG LLC (444 trucks) | CITY OF FORT COLLINS (285 trucks) | Poudre School District  (243 trucks),157000,17052,13796853.06,"$1,054,007.00"
Sol_083,2544 11th Ave,https://www.loopnet.com/Listing/2544-11th-Ave-Greeley-CO/35100267/,"Greeley, CO 80631",0.15,350000.0,40.395690645275,-104.69657283495,336.5,1000,XS,33.65%,145,WELD COUNTY PUBLIC WORKS DEPARTMENT (145 trucks),135000,14748,11174344.06,"$350,000.00"
Sol_083,831 N Clarkson St,https://www.loopnet.com/Listing/831-N-Clarkson-St-Denver-CO/38142797/,"Denver, CO 80218",0.18,899000.0,39.729919009716,-104.977904960968,4580.9400000000005,5000,M,91.62%,521,FARMERS ALL NATURAL (121 trucks) | CO TRAN LLC (275 trucks) | SUPERSHUTTLE DENVER (125 trucks),135000,14748,11174344.06,"$899,000.00"
Sol_083,422 Perry St,https://www.loopnet.com/Listing/422-Perry-St-Castle-Rock-CO/38421711/,"Castle Rock, CO 80104",0.24,605821.24,39.374148794158,-104.858322527659,2577.81,5000,M,51.56%,389,GREAT SOUTHWESTERN CONSTRUCTION INC (280 trucks) | TOWN OF CASTLE ROCK  (109 trucks),135000,14748,11174344.06,"$605,821.24"
Sol_083,239 S Main St,https://www.loopnet.com/Listing/239-S-Main-St-Brighton-CO/27424620/,"Brighton, CO 80601",0.31,250000.0,39.982905257485,-104.822555605705,5864.05,10000,L,58.64%,829,G&Z TRANSPORT LLC (147 trucks) | SIM TRUCKING INC (120 trucks) | ENVIRONMENTAL DESIGNS LLC (156 trucks) | BALIC TRANSPORT INC (120 trucks) | BURNCO COLORADO LLC (146 trucks) | WEST DIRECT OIL (140 trucks),135000,14748,11174344.06,"$250,000.00"
Sol_083,20th & Blake St,https://www.loopnet.com/Listing/20th-Blake-St-Land-Denver-CO/26158810/,"Denver, CO 80205",0.32,1320000.0,39.754299409573,-104.994304825083,9307.460000000001,10000,L,93.07%,1347,RES (149 trucks) | MPLX G&P (144 trucks) | CONCRETE EXPRESS INC (128 trucks) | COORS DISTRIBUTING COMPANY MILLER COORS LLC (105 trucks) | U S TRANSPORT INC (200 trucks) | WASTE CONNECTIONS OF COLORADO INC (486 trucks) | SURESHOT DRILLING LLC ATOZ FIELD SERVICES LLC DRILL TECH LLC PINNACLE DEVELOPMENT INC HDD SPECIALISTS LLC (135 trucks),135000,14748,11174344.06,"$1,320,000.00"
Sol_083,1560 N Academy Blvd,https://www.loopnet.com/Listing/1560-N-Academy-Blvd-Colorado-Springs-CO/3886433/,"Colorado Springs, CO 80909",0.64,416700.0,38.854776988204,-104.75774002483,5689.619999999999,10000,L,56.90%,1031,COLORADO SPRINGS SCHOOL DISTRICT 11 (130 trucks) | MOUNTAIN METROPOLITAN TRANSIT (144 trucks) | CITY OF COLORADO SPRINGS (326 trucks) | El PASO COUNTY (112 trucks) | GOODWILL OF COLORADO (134 trucks) | VECTRUS SYSTEMS CORPORATION (185 trucks),135000,14748,11174344.06,"$416,700.00"
Sol_083,3401 S Yosemite St,https://www.loopnet.com/Listing/3401-S-Yosemite-St-Denver-CO/39837277/,"Denver, CO 80231",0.64,675000.0,39.654049416843,-104.88550562639,19524.48,20000,XL,97.62%,2867,COMCAST (194 trucks) | SWINGLE TREE & LANDSCAPE CARE (135 trucks) | CITY LIGHT AND POWER INC (121 trucks) | WHEEL PROS LLC (182 trucks) | GLOBAL TRANSPORTATION LLC (442 trucks) | HBSCO DANS TRASH AT YOUR DISPOSAL (110 trucks) | CITY OF AURORA (271 trucks) | ORICA USA INC (215 trucks) | ENTERPRISE RENT-A-CAR NATIONAL RENT A CAR ALAMO RENT A CAR (421 trucks) | AURORA PUBLIC SCHOOLS (127 trucks) | METCO LANDSCAPING INC (226 trucks) | WAGNER EQUIPMENT CO (423 trucks),135000,14748,11174344.06,"$675,000.00"
Sol_083,4237 McWhinney Blvd,https://www.loopnet.com/Listing/4237-McWhinney-Blvd-Loveland-CO/23974785/,"Loveland, CO 80538",0.65,871347.9,40.408208389025,-105.017378025231,252.96,1000,XS,25.30%,109,LOVELAND MUNICIPALITY (109 trucks),135000,14748,11174344.06,"$871,347.90"
Sol_083,7300 W Jefferson Ave,https://www.loopnet.com/Listing/7300-W-Jefferson-Ave-Lakewood-CO/38419312/,"Lakewood, CO 80235",0.66,379999.0,39.649773884125,-105.079540805378,10536.92,20000,XL,52.68%,1415,QUALITY LOGISTICS INC (135 trucks) | KEESEN ENTERPRISES INC (263 trucks) | PROCAM SERVICES  (101 trucks) | JEFFCO SCHOOLS (274 trucks) | JEFFERSON COUNTY (120 trucks) | HOLCIM WCR INC (298 trucks) | PACIFIC SHIPPING & TRUCKING CO INC (109 trucks) | ENIVIRONMENTAL LANDWORKS COMPANY INC (115 trucks),135000,14748,11174344.06,"$379,999.00"
Sol_083,9190 W 84th Ave,https://www.loopnet.com/Listing/9190-W-84th-Ave-Arvada-CO/38160305/,"Arvada, CO 80005",0.67,499000.0,39.849854027782,-105.100317795342,7872.180000000001,10000,L,78.72%,1547,ALPINE MILLWORK COMPANY DBA ROCKY MOUNTAIN RELOAD (141 trucks) | CITY OF ARVADA (100 trucks) | GEOSTABILIZATION INTERNATIONAL LLC (155 trucks) | COLD FRONT (121 trucks) | SITEWISE LLC (145 trucks) | CITY OF THORNTON (208 trucks) | CITY OF THORNTON (174 trucks) | TRI-STATE GENERATION & TRANSMISSION ASSOCIATION INC (321 trucks) | ADAMS 12 FIVE STAR SCHOOLS (182 trucks),135000,14748,11174344.06,"$499,000.00"
Sol_083,NEC N Fairgrounds Ave,https://www.loopnet.com/Listing/NEC-N-Fairgrounds-Ave-Windsor-CO/29890025/,"Windsor, CO 80528",0.74,483449.0,40.437732372143,-104.982630626628,304.01,1000,XS,30.40%,131,LARIMER COUNTY (131 trucks),135000,14748,11174344.06,"$483,449.00"
Sol_083,11958 Lincoln Ave,https://www.loopnet.com/Listing/Lincoln-Ave-Parker-CO/39741118/,"Parker, CO 80138",0.86,495000.0,39.536519536914,-104.76116705724,13220.13,20000,XL,66.10%,1835,ACCELERATED SERVICES LLC (373 trucks) | AMERICAN FURNITURE WAREHOUSE CO (340 trucks) | TERRACARE ASSOCIATES LLC (156 trucks) | IHC SCOTT INC (214 trucks) | BUCKLEY POWDER CO (217 trucks) | CH2M OMI CH2MHILL JACOBS (183 trucks) | CHERRY CREEK SCHOOLS (352 trucks),135000,14748,11174344.06,"$495,000.00"
Sol_083,NWQ Highway 119 and I-25,https://www.loopnet.com/Listing/NWQ-Highway-119-and-I-25-Firestone-CO/31431092/,"Firestone, CO 80504",1.28,949000.0,40.160746988915,-104.978709958949,3529.55,5000,M,70.59%,606,WARD ELECTRIC COMPANY INC (222 trucks) | HEAT WAVES HOT OIL SERVICE LLC (201 trucks) | SUPREME TRANSPORT INC (183 trucks),135000,14748,11174344.06,"$949,000.00"
Sol_083,13987 Foster ct,https://www.loopnet.com/Listing/13987-Foster-ct-Longmont-CO/34579366/,"Longmont, CO 80504",1.42,1370019.92,40.140476603851,-105.119700024426,1399.2,2000,S,69.96%,385,CITY OF LONGMONT (211 trucks) | ST VRAIN VALLEY SCHOOL DISTRICT (174 trucks),135000,14748,11174344.06,"$1,370,019.92"
Sol_083,765 Aspen Ridge Drive Dr,https://www.loopnet.com/Listing/765-Aspen-Ridge-Drive-Dr-Lafayette-CO/32931931/,"Lafayette, CO 80026",1.43,556000.0,40.006898203868,-105.107210150504,4585.06,5000,M,91.70%,619,BOULDER VALLEY SCHOOL DISTRICT RE-2 (134 trucks) | VIA MOBILITY SERVICES (196 trucks) | VIA MOBILITY SERVICES (116 trucks) | CU (173 trucks),135000,14748,11174344.06,"$556,000.00"
Sol_083,E Harmony & Lady Moon Dr,https://www.loopnet.com/Listing/E-Harmony-Lady-Moon-Dr-Fort-Collins-CO/11217719/,"Fort Collins, CO 80528",2.2,1054007.0,40.523221679275,-105.010799488523,5618.16,10000,L,56.18%,972,NOVUS AG LLC (444 trucks) | CITY OF FORT COLLINS (285 trucks) | Poudre School District  (243 trucks),135000,14748,11174344.06,"$1,054,007.00"
Sol_084,2544 11th Ave,https://www.loopnet.com/Listing/2544-11th-Ave-Greeley-CO/35100267/,"Greeley, CO 80631",0.15,350000.0,40.395690645275,-104.69657283495,336.5,1000,XS,33.65%,145,WELD COUNTY PUBLIC WORKS DEPARTMENT (145 trucks),145000,16282,11523344.06,"$350,000.00"
Sol_084,831 N Clarkson St,https://www.loopnet.com/Listing/831-N-Clarkson-St-Denver-CO/38142797/,"Denver, CO 80218",0.18,899000.0,39.729919009716,-104.977904960968,4580.9400000000005,5000,M,91.62%,521,FARMERS ALL NATURAL (121 trucks) | CO TRAN LLC (275 trucks) | SUPERSHUTTLE DENVER (125 trucks),145000,16282,11523344.06,"$899,000.00"
Sol_084,422 Perry St,https://www.loopnet.com/Listing/422-Perry-St-Castle-Rock-CO/38421711/,"Castle Rock, CO 80104",0.24,605821.24,39.374148794158,-104.858322527659,2577.81,5000,M,51.56%,389,GREAT SOUTHWESTERN CONSTRUCTION INC (280 trucks) | TOWN OF CASTLE ROCK  (109 trucks),145000,16282,11523344.06,"$605,821.24"
Sol_084,239 S Main St,https://www.loopnet.com/Listing/239-S-Main-St-Brighton-CO/27424620/,"Brighton, CO 80601",0.31,250000.0,39.982905257485,-104.822555605705,3986.53,5000,M,79.73%,543,G&Z TRANSPORT LLC (147 trucks) | SIM TRUCKING INC (120 trucks) | ENVIRONMENTAL DESIGNS LLC (156 trucks) | BALIC TRANSPORT INC (120 trucks),145000,16282,11523344.06,"$250,000.00"
Sol_084,20th & Blake St,https://www.loopnet.com/Listing/20th-Blake-St-Land-Denver-CO/26158810/,"Denver, CO 80205",0.32,1320000.0,39.754299409573,-104.994304825083,9694.1,10000,L,96.94%,1382,RES (149 trucks) | MPLX G&P (144 trucks) | CONCRETE EXPRESS INC (128 trucks) | COORS DISTRIBUTING COMPANY MILLER COORS LLC (105 trucks) | U S TRANSPORT INC (200 trucks) | WASTE CONNECTIONS OF COLORADO INC (486 trucks) | COMPASS VEHICLE RENTAL INC (170 trucks),145000,16282,11523344.06,"$1,320,000.00"
Sol_084,1560 N Academy Blvd,https://www.loopnet.com/Listing/1560-N-Academy-Blvd-Colorado-Springs-CO/3886433/,"Colorado Springs, CO 80909",0.64,416700.0,38.854776988204,-104.75774002483,5689.619999999999,10000,L,56.90%,1031,COLORADO SPRINGS SCHOOL DISTRICT 11 (130 trucks) | MOUNTAIN METROPOLITAN TRANSIT (144 trucks) | CITY OF COLORADO SPRINGS (326 trucks) | El PASO COUNTY (112 trucks) | GOODWILL OF COLORADO (134 trucks) | VECTRUS SYSTEMS CORPORATION (185 trucks),145000,16282,11523344.06,"$416,700.00"
Sol_084,3401 S Yosemite St,https://www.loopnet.com/Listing/3401-S-Yosemite-St-Denver-CO/39837277/,"Denver, CO 80231",0.64,675000.0,39.654049416843,-104.88550562639,19524.48,20000,XL,97.62%,2867,COMCAST (194 trucks) | SWINGLE TREE & LANDSCAPE CARE (135 trucks) | CITY LIGHT AND POWER INC (121 trucks) | WHEEL PROS LLC (182 trucks) | GLOBAL TRANSPORTATION LLC (442 trucks) | HBSCO DANS TRASH AT YOUR DISPOSAL (110 trucks) | CITY OF AURORA (271 trucks) | ORICA USA INC (215 trucks) | ENTERPRISE RENT-A-CAR NATIONAL RENT A CAR ALAMO RENT A CAR (421 trucks) | AURORA PUBLIC SCHOOLS (127 trucks) | METCO LANDSCAPING INC (226 trucks) | WAGNER EQUIPMENT CO (423 trucks),145000,16282,11523344.06,"$675,000.00"
Sol_084,4237 McWhinney Blvd,https://www.loopnet.com/Listing/4237-McWhinney-Blvd-Loveland-CO/23974785/,"Loveland, CO 80538",0.65,871347.9,40.408208389025,-105.017378025231,252.96,1000,XS,25.30%,109,LOVELAND MUNICIPALITY (109 trucks),145000,16282,11523344.06,"$871,347.90"
Sol_084,7300 W Jefferson Ave,https://www.loopnet.com/Listing/7300-W-Jefferson-Ave-Lakewood-CO/38419312/,"Lakewood, CO 80235",0.66,379999.0,39.649773884125,-105.079540805378,10536.92,20000,XL,52.68%,1415,QUALITY LOGISTICS INC (135 trucks) | KEESEN ENTERPRISES INC (263 trucks) | PROCAM SERVICES  (101 trucks) | JEFFCO SCHOOLS (274 trucks) | JEFFERSON COUNTY (120 trucks) | HOLCIM WCR INC (298 trucks) | PACIFIC SHIPPING & TRUCKING CO INC (109 trucks) | ENIVIRONMENTAL LANDWORKS COMPANY INC (115 trucks),145000,16282,11523344.06,"$379,999.00"
Sol_084,9190 W 84th Ave,https://www.loopnet.com/Listing/9190-W-84th-Ave-Arvada-CO/38160305/,"Arvada, CO 80005",0.67,499000.0,39.849854027782,-105.100317795342,3378.81,5000,M,67.58%,541,ALPINE MILLWORK COMPANY DBA ROCKY MOUNTAIN RELOAD (141 trucks) | CITY OF ARVADA (100 trucks) | GEOSTABILIZATION INTERNATIONAL LLC (155 trucks) | SITEWISE LLC (145 trucks),145000,16282,11523344.06,"$499,000.00"
Sol_084,NEC N Fairgrounds Ave,https://www.loopnet.com/Listing/NEC-N-Fairgrounds-Ave-Windsor-CO/29890025/,"Windsor, CO 80528",0.74,483449.0,40.437732372143,-104.982630626628,304.01,1000,XS,30.40%,131,LARIMER COUNTY (131 trucks),145000,16282,11523344.06,"$483,449.00"
Sol_084,11958 Lincoln Ave,https://www.loopnet.com/Listing/Lincoln-Ave-Parker-CO/39741118/,"Parker, CO 80138",0.86,495000.0,39.536519536914,-104.76116705724,13220.13,20000,XL,66.10%,1835,ACCELERATED SERVICES LLC (373 trucks) | AMERICAN FURNITURE WAREHOUSE CO (340 trucks) | TERRACARE ASSOCIATES LLC (156 trucks) | IHC SCOTT INC (214 trucks) | BUCKLEY POWDER CO (217 trucks) | CH2M OMI CH2MHILL JACOBS (183 trucks) | CHERRY CREEK SCHOOLS (352 trucks),145000,16282,11523344.06,"$495,000.00"
Sol_084,8850 Huron St,https://www.loopnet.com/Listing/8850-Huron-St-Thornton-CO/33061072/,"Thornton, CO 80260",1.26,349000.0,39.858426283979,-104.995662022846,18972.29,20000,XL,94.86%,2791,CITY OF THORNTON (208 trucks) | CITY OF THORNTON (174 trucks) | COCAL LANDSCAPE SERVICES INC (153 trucks) | COLD FRONT (121 trucks) | READY MIX CONCRETE COMPANY (191 trucks) | NAVAJO EXPRESS INC (309 trucks) | TRI-STATE GENERATION & TRANSMISSION ASSOCIATION INC (321 trucks) | WESTERN DISTRIBUTING TRANSPORTATION CORP (155 trucks) | RMS CRANES (139 trucks) | SURESHOT DRILLING LLC ATOZ FIELD SERVICES LLC DRILL TECH LLC PINNACLE DEVELOPMENT INC HDD SPECIALISTS LLC (135 trucks) | EAGLE ROCK DISTRIBUTING COMPANY OF COLORADO LLC (148 trucks) | OFFEN PETROLEUM LLC (269 trucks) | ADAMS 12 FIVE STAR SCHOOLS (182 trucks) | WEST DIRECT OIL (140 trucks) | BURNCO COLORADO LLC (146 trucks),145000,16282,11523344.06,"$349,000.00"
Sol_084,NWQ Highway 119 and I-25,https://www.loopnet.com/Listing/NWQ-Highway-119-and-I-25-Firestone-CO/31431092/,"Firestone, CO 80504",1.28,949000.0,40.160746988915,-104.978709958949,3529.55,5000,M,70.59%,606,WARD ELECTRIC COMPANY INC (222 trucks) | HEAT WAVES HOT OIL SERVICE LLC (201 trucks) | SUPREME TRANSPORT INC (183 trucks),145000,16282,11523344.06,"$949,000.00"
Sol_084,13987 Foster ct,https://www.loopnet.com/Listing/13987-Foster-ct-Longmont-CO/34579366/,"Longmont, CO 80504",1.42,1370019.92,40.140476603851,-105.119700024426,1399.2,2000,S,69.96%,385,CITY OF LONGMONT (211 trucks) | ST VRAIN VALLEY SCHOOL DISTRICT (174 trucks),145000,16282,11523344.06,"$1,370,019.92"
Sol_084,765 Aspen Ridge Drive Dr,https://www.loopnet.com/Listing/765-Aspen-Ridge-Drive-Dr-Lafayette-CO/32931931/,"Lafayette, CO 80026",1.43,556000.0,40.006898203868,-105.107210150504,4585.06,5000,M,91.70%,619,BOULDER VALLEY SCHOOL DISTRICT RE-2 (134 trucks) | VIA MOBILITY SERVICES (196 trucks) | VIA MOBILITY SERVICES (116 trucks) | CU (173 trucks),145000,16282,11523344.06,"$556,000.00"
Sol_084,E Harmony & Lady Moon Dr,https://www.loopnet.com/Listing/E-Harmony-Lady-Moon-Dr-Fort-Collins-CO/11217719/,"Fort Collins, CO 80528",2.2,1054007.0,40.523221679275,-105.010799488523,5618.16,10000,L,56.18%,972,NOVUS AG LLC (444 trucks) | CITY OF FORT COLLINS (285 trucks) | Poudre School District  (243 trucks),145000,16282,11523344.06,"$1,054,007.00"
Sol_085,2544 11th Ave,https://www.loopnet.com/Listing/2544-11th-Ave-Greeley-CO/35100267/,"Greeley, CO 80631",0.15,350000.0,40.395690645275,-104.69657283495,336.5,1000,XS,33.65%,145,WELD COUNTY PUBLIC WORKS DEPARTMENT (145 trucks),135000,14748,11174344.06,"$350,000.00"
Sol_085,831 N Clarkson St,https://www.loopnet.com/Listing/831-N-Clarkson-St-Denver-CO/38142797/,"Denver, CO 80218",0.18,899000.0,39.729919009716,-104.977904960968,4580.9400000000005,5000,M,91.62%,521,FARMERS ALL NATURAL (121 trucks) | CO TRAN LLC (275 trucks) | SUPERSHUTTLE DENVER (125 trucks),135000,14748,11174344.06,"$899,000.00"
Sol_085,422 Perry St,https://www.loopnet.com/Listing/422-Perry-St-Castle-Rock-CO/38421711/,"Castle Rock, CO 80104",0.24,605821.24,39.374148794158,-104.858322527659,2577.81,5000,M,51.56%,389,GREAT SOUTHWESTERN CONSTRUCTION INC (280 trucks) | TOWN OF CASTLE ROCK  (109 trucks),135000,14748,11174344.06,"$605,821.24"
Sol_085,239 S Main St,https://www.loopnet.com/Listing/239-S-Main-St-Brighton-CO/27424620/,"Brighton, CO 80601",0.31,250000.0,39.982905257485,-104.822555605705,5864.05,10000,L,58.64%,829,G&Z TRANSPORT LLC (147 trucks) | SIM TRUCKING INC (120 trucks) | ENVIRONMENTAL DESIGNS LLC (156 trucks) | BALIC TRANSPORT INC (120 trucks) | BURNCO COLORADO LLC (146 trucks) | WEST DIRECT OIL (140 trucks),135000,14748,11174344.06,"$250,000.00"
Sol_085,20th & Blake St,https://www.loopnet.com/Listing/20th-Blake-St-Land-Denver-CO/26158810/,"Denver, CO 80205",0.32,1320000.0,39.754299409573,-104.994304825083,9307.460000000001,10000,L,93.07%,1347,RES (149 trucks) | MPLX G&P (144 trucks) | CONCRETE EXPRESS INC (128 trucks) | COORS DISTRIBUTING COMPANY MILLER COORS LLC (105 trucks) | U S TRANSPORT INC (200 trucks) | WASTE CONNECTIONS OF COLORADO INC (486 trucks) | SURESHOT DRILLING LLC ATOZ FIELD SERVICES LLC DRILL TECH LLC PINNACLE DEVELOPMENT INC HDD SPECIALISTS LLC (135 trucks),135000,14748,11174344.06,"$1,320,000.00"
Sol_085,1560 N Academy Blvd,https://www.loopnet.com/Listing/1560-N-Academy-Blvd-Colorado-Springs-CO/3886433/,"Colorado Springs, CO 80909",0.64,416700.0,38.854776988204,-104.75774002483,5689.619999999999,10000,L,56.90%,1031,COLORADO SPRINGS SCHOOL DISTRICT 11 (130 trucks) | MOUNTAIN METROPOLITAN TRANSIT (144 trucks) | CITY OF COLORADO SPRINGS (326 trucks) | El PASO COUNTY (112 trucks) | GOODWILL OF COLORADO (134 trucks) | VECTRUS SYSTEMS CORPORATION (185 trucks),135000,14748,11174344.06,"$416,700.00"
Sol_085,3401 S Yosemite St,https://www.loopnet.com/Listing/3401-S-Yosemite-St-Denver-CO/39837277/,"Denver, CO 80231",0.64,675000.0,39.654049416843,-104.88550562639,19524.48,20000,XL,97.62%,2867,COMCAST (194 trucks) | SWINGLE TREE & LANDSCAPE CARE (135 trucks) | CITY LIGHT AND POWER INC (121 trucks) | WHEEL PROS LLC (182 trucks) | GLOBAL TRANSPORTATION LLC (442 trucks) | HBSCO DANS TRASH AT YOUR DISPOSAL (110 trucks) | CITY OF AURORA (271 trucks) | ORICA USA INC (215 trucks) | ENTERPRISE RENT-A-CAR NATIONAL RENT A CAR ALAMO RENT A CAR (421 trucks) | AURORA PUBLIC SCHOOLS (127 trucks) | METCO LANDSCAPING INC (226 trucks) | WAGNER EQUIPMENT CO (423 trucks),135000,14748,11174344.06,"$675,000.00"
Sol_085,4237 McWhinney Blvd,https://www.loopnet.com/Listing/4237-McWhinney-Blvd-Loveland-CO/23974785/,"Loveland, CO 80538",0.65,871347.9,40.408208389025,-105.017378025231,252.96,1000,XS,25.30%,109,LOVELAND MUNICIPALITY (109 trucks),135000,14748,11174344.06,"$871,347.90"
Sol_085,7300 W Jefferson Ave,https://www.loopnet.com/Listing/7300-W-Jefferson-Ave-Lakewood-CO/38419312/,"Lakewood, CO 80235",0.66,379999.0,39.649773884125,-105.079540805378,10536.92,20000,XL,52.68%,1415,QUALITY LOGISTICS INC (135 trucks) | KEESEN ENTERPRISES INC (263 trucks) | PROCAM SERVICES  (101 trucks) | JEFFCO SCHOOLS (274 trucks) | JEFFERSON COUNTY (120 trucks) | HOLCIM WCR INC (298 trucks) | PACIFIC SHIPPING & TRUCKING CO INC (109 trucks) | ENIVIRONMENTAL LANDWORKS COMPANY INC (115 trucks),135000,14748,11174344.06,"$379,999.00"
Sol_085,9190 W 84th Ave,https://www.loopnet.com/Listing/9190-W-84th-Ave-Arvada-CO/38160305/,"Arvada, CO 80005",0.67,499000.0,39.849854027782,-105.100317795342,7872.180000000001,10000,L,78.72%,1547,ALPINE MILLWORK COMPANY DBA ROCKY MOUNTAIN RELOAD (141 trucks) | CITY OF ARVADA (100 trucks) | GEOSTABILIZATION INTERNATIONAL LLC (155 trucks) | COLD FRONT (121 trucks) | SITEWISE LLC (145 trucks) | CITY OF THORNTON (208 trucks) | CITY OF THORNTON (174 trucks) | TRI-STATE GENERATION & TRANSMISSION ASSOCIATION INC (321 trucks) | ADAMS 12 FIVE STAR SCHOOLS (182 trucks),135000,14748,11174344.06,"$499,000.00"
Sol_085,NEC N Fairgrounds Ave,https://www.loopnet.com/Listing/NEC-N-Fairgrounds-Ave-Windsor-CO/29890025/,"Windsor, CO 80528",0.74,483449.0,40.437732372143,-104.982630626628,304.01,1000,XS,30.40%,131,LARIMER COUNTY (131 trucks),135000,14748,11174344.06,"$483,449.00"
Sol_085,11958 Lincoln Ave,https://www.loopnet.com/Listing/Lincoln-Ave-Parker-CO/39741118/,"Parker, CO 80138",0.86,495000.0,39.536519536914,-104.76116705724,13220.13,20000,XL,66.10%,1835,ACCELERATED SERVICES LLC (373 trucks) | AMERICAN FURNITURE WAREHOUSE CO (340 trucks) | TERRACARE ASSOCIATES LLC (156 trucks) | IHC SCOTT INC (214 trucks) | BUCKLEY POWDER CO (217 trucks) | CH2M OMI CH2MHILL JACOBS (183 trucks) | CHERRY CREEK SCHOOLS (352 trucks),135000,14748,11174344.06,"$495,000.00"
Sol_085,NWQ Highway 119 and I-25,https://www.loopnet.com/Listing/NWQ-Highway-119-and-I-25-Firestone-CO/31431092/,"Firestone, CO 80504",1.28,949000.0,40.160746988915,-104.978709958949,3529.55,5000,M,70.59%,606,WARD ELECTRIC COMPANY INC (222 trucks) | HEAT WAVES HOT OIL SERVICE LLC (201 trucks) | SUPREME TRANSPORT INC (183 trucks),135000,14748,11174344.06,"$949,000.00"
Sol_085,13987 Foster ct,https://www.loopnet.com/Listing/13987-Foster-ct-Longmont-CO/34579366/,"Longmont, CO 80504",1.42,1370019.92,40.140476603851,-105.119700024426,1399.2,2000,S,69.96%,385,CITY OF LONGMONT (211 trucks) | ST VRAIN VALLEY SCHOOL DISTRICT (174 trucks),135000,14748,11174344.06,"$1,370,019.92"
Sol_085,765 Aspen Ridge Drive Dr,https://www.loopnet.com/Listing/765-Aspen-Ridge-Drive-Dr-Lafayette-CO/32931931/,"Lafayette, CO 80026",1.43,556000.0,40.006898203868,-105.107210150504,4585.06,5000,M,91.70%,619,BOULDER VALLEY SCHOOL DISTRICT RE-2 (134 trucks) | VIA MOBILITY SERVICES (196 trucks) | VIA MOBILITY SERVICES (116 trucks) | CU (173 trucks),135000,14748,11174344.06,"$556,000.00"
Sol_085,E Harmony & Lady Moon Dr,https://www.loopnet.com/Listing/E-Harmony-Lady-Moon-Dr-Fort-Collins-CO/11217719/,"Fort Collins, CO 80528",2.2,1054007.0,40.523221679275,-105.010799488523,5618.16,10000,L,56.18%,972,NOVUS AG LLC (444 trucks) | CITY OF FORT COLLINS (285 trucks) | Poudre School District  (243 trucks),135000,14748,11174344.06,"$1,054,007.00"
Sol_086,2544 11th Ave,https://www.loopnet.com/Listing/2544-11th-Ave-Greeley-CO/35100267/,"Greeley, CO 80631",0.15,350000.0,40.395690645275,-104.69657283495,336.5,1000,XS,33.65%,145,WELD COUNTY PUBLIC WORKS DEPARTMENT (145 trucks),132000,14810,11118344.06,"$350,000.00"
Sol_086,831 N Clarkson St,https://www.loopnet.com/Listing/831-N-Clarkson-St-Denver-CO/38142797/,"Denver, CO 80218",0.18,899000.0,39.729919009716,-104.977904960968,4580.9400000000005,5000,M,91.62%,521,FARMERS ALL NATURAL (121 trucks) | CO TRAN LLC (275 trucks) | SUPERSHUTTLE DENVER (125 trucks),132000,14810,11118344.06,"$899,000.00"
Sol_086,422 Perry St,https://www.loopnet.com/Listing/422-Perry-St-Castle-Rock-CO/38421711/,"Castle Rock, CO 80104",0.24,605821.24,39.374148794158,-104.858322527659,2577.81,5000,M,51.56%,389,GREAT SOUTHWESTERN CONSTRUCTION INC (280 trucks) | TOWN OF CASTLE ROCK  (109 trucks),132000,14810,11118344.06,"$605,821.24"
Sol_086,239 S Main St,https://www.loopnet.com/Listing/239-S-Main-St-Brighton-CO/27424620/,"Brighton, CO 80601",0.31,250000.0,39.982905257485,-104.822555605705,1694.9,2000,S,84.75%,267,G&Z TRANSPORT LLC (147 trucks) | SIM TRUCKING INC (120 trucks),132000,14810,11118344.06,"$250,000.00"
Sol_086,20th & Blake St,https://www.loopnet.com/Listing/20th-Blake-St-Land-Denver-CO/26158810/,"Denver, CO 80205",0.32,1320000.0,39.754299409573,-104.994304825083,9694.1,10000,L,96.94%,1382,RES (149 trucks) | MPLX G&P (144 trucks) | CONCRETE EXPRESS INC (128 trucks) | COORS DISTRIBUTING COMPANY MILLER COORS LLC (105 trucks) | U S TRANSPORT INC (200 trucks) | WASTE CONNECTIONS OF COLORADO INC (486 trucks) | COMPASS VEHICLE RENTAL INC (170 trucks),132000,14810,11118344.06,"$1,320,000.00"
Sol_086,1560 N Academy Blvd,https://www.loopnet.com/Listing/1560-N-Academy-Blvd-Colorado-Springs-CO/3886433/,"Colorado Springs, CO 80909",0.64,416700.0,38.854776988204,-104.75774002483,5689.619999999999,10000,L,56.90%,1031,COLORADO SPRINGS SCHOOL DISTRICT 11 (130 trucks) | MOUNTAIN METROPOLITAN TRANSIT (144 trucks) | CITY OF COLORADO SPRINGS (326 trucks) | El PASO COUNTY (112 trucks) | GOODWILL OF COLORADO (134 trucks) | VECTRUS SYSTEMS CORPORATION (185 trucks),132000,14810,11118344.06,"$416,700.00"
Sol_086,4237 McWhinney Blvd,https://www.loopnet.com/Listing/4237-McWhinney-Blvd-Loveland-CO/23974785/,"Loveland, CO 80538",0.65,871347.9,40.408208389025,-105.017378025231,252.96,1000,XS,25.30%,109,LOVELAND MUNICIPALITY (109 trucks),132000,14810,11118344.06,"$871,347.90"
Sol_086,7300 W Jefferson Ave,https://www.loopnet.com/Listing/7300-W-Jefferson-Ave-Lakewood-CO/38419312/,"Lakewood, CO 80235",0.66,379999.0,39.649773884125,-105.079540805378,10536.92,20000,XL,52.68%,1415,QUALITY LOGISTICS INC (135 trucks) | KEESEN ENTERPRISES INC (263 trucks) | PROCAM SERVICES  (101 trucks) | JEFFCO SCHOOLS (274 trucks) | JEFFERSON COUNTY (120 trucks) | HOLCIM WCR INC (298 trucks) | PACIFIC SHIPPING & TRUCKING CO INC (109 trucks) | ENIVIRONMENTAL LANDWORKS COMPANY INC (115 trucks),132000,14810,11118344.06,"$379,999.00"
Sol_086,9190 W 84th Ave,https://www.loopnet.com/Listing/9190-W-84th-Ave-Arvada-CO/38160305/,"Arvada, CO 80005",0.67,499000.0,39.849854027782,-105.100317795342,3378.81,5000,M,67.58%,541,ALPINE MILLWORK COMPANY DBA ROCKY MOUNTAIN RELOAD (141 trucks) | CITY OF ARVADA (100 trucks) | GEOSTABILIZATION INTERNATIONAL LLC (155 trucks) | SITEWISE LLC (145 trucks),132000,14810,11118344.06,"$499,000.00"
Sol_086,10431 Quari St,https://www.loopnet.com/Listing/10431-Quari-St-Commerce-City-CO/29119294/,"Commerce City, CO 80022",0.72,270000.0,39.886267655476,-104.844980046547,9557.83,10000,L,95.58%,1211,ENVIRONMENTAL DESIGNS LLC (156 trucks) | BALIC TRANSPORT INC (120 trucks) | BURNCO COLORADO LLC (146 trucks) | WEST DIRECT OIL (140 trucks) | WAGNER EQUIPMENT CO (423 trucks) | METCO LANDSCAPING INC (226 trucks),132000,14810,11118344.06,"$270,000.00"
Sol_086,NEC N Fairgrounds Ave,https://www.loopnet.com/Listing/NEC-N-Fairgrounds-Ave-Windsor-CO/29890025/,"Windsor, CO 80528",0.74,483449.0,40.437732372143,-104.982630626628,304.01,1000,XS,30.40%,131,LARIMER COUNTY (131 trucks),132000,14810,11118344.06,"$483,449.00"
Sol_086,11958 Lincoln Ave,https://www.loopnet.com/Listing/Lincoln-Ave-Parker-CO/39741118/,"Parker, CO 80138",0.86,495000.0,39.536519536914,-104.76116705724,18264.289999999997,20000,XL,91.32%,2581,ACCELERATED SERVICES LLC (373 trucks) | AMERICAN FURNITURE WAREHOUSE CO (340 trucks) | TERRACARE ASSOCIATES LLC (156 trucks) | IHC SCOTT INC (214 trucks) | BUCKLEY POWDER CO (217 trucks) | CH2M OMI CH2MHILL JACOBS (183 trucks) | ORICA USA INC (215 trucks) | CHERRY CREEK SCHOOLS (352 trucks) | HBSCO DANS TRASH AT YOUR DISPOSAL (110 trucks) | ENTERPRISE RENT-A-CAR NATIONAL RENT A CAR ALAMO RENT A CAR (421 trucks),132000,14810,11118344.06,"$495,000.00"
Sol_086,8850 Huron St,https://www.loopnet.com/Listing/8850-Huron-St-Thornton-CO/33061072/,"Thornton, CO 80260",1.26,349000.0,39.858426283979,-104.995662022846,17094.77,20000,XL,85.47%,2505,CITY OF THORNTON (208 trucks) | CITY OF THORNTON (174 trucks) | COCAL LANDSCAPE SERVICES INC (153 trucks) | COLD FRONT (121 trucks) | READY MIX CONCRETE COMPANY (191 trucks) | NAVAJO EXPRESS INC (309 trucks) | TRI-STATE GENERATION & TRANSMISSION ASSOCIATION INC (321 trucks) | WESTERN DISTRIBUTING TRANSPORTATION CORP (155 trucks) | RMS CRANES (139 trucks) | SURESHOT DRILLING LLC ATOZ FIELD SERVICES LLC DRILL TECH LLC PINNACLE DEVELOPMENT INC HDD SPECIALISTS LLC (135 trucks) | EAGLE ROCK DISTRIBUTING COMPANY OF COLORADO LLC (148 trucks) | OFFEN PETROLEUM LLC (269 trucks) | ADAMS 12 FIVE STAR SCHOOLS (182 trucks),132000,14810,11118344.06,"$349,000.00"
Sol_086,NWQ Highway 119 and I-25,https://www.loopnet.com/Listing/NWQ-Highway-119-and-I-25-Firestone-CO/31431092/,"Firestone, CO 80504",1.28,949000.0,40.160746988915,-104.978709958949,3529.55,5000,M,70.59%,606,WARD ELECTRIC COMPANY INC (222 trucks) | HEAT WAVES HOT OIL SERVICE LLC (201 trucks) | SUPREME TRANSPORT INC (183 trucks),132000,14810,11118344.06,"$949,000.00"
Sol_086,13987 Foster ct,https://www.loopnet.com/Listing/13987-Foster-ct-Longmont-CO/34579366/,"Longmont, CO 80504",1.42,1370019.92,40.140476603851,-105.119700024426,1399.2,2000,S,69.96%,385,CITY OF LONGMONT (211 trucks) | ST VRAIN VALLEY SCHOOL DISTRICT (174 trucks),132000,14810,11118344.06,"$1,370,019.92"
Sol_086,765 Aspen Ridge Drive Dr,https://www.loopnet.com/Listing/765-Aspen-Ridge-Drive-Dr-Lafayette-CO/32931931/,"Lafayette, CO 80026",1.43,556000.0,40.006898203868,-105.107210150504,4585.06,5000,M,91.70%,619,BOULDER VALLEY SCHOOL DISTRICT RE-2 (134 trucks) | VIA MOBILITY SERVICES (196 trucks) | VIA MOBILITY SERVICES (116 trucks) | CU (173 trucks),132000,14810,11118344.06,"$556,000.00"
Sol_086,E Harmony & Lady Moon Dr,https://www.loopnet.com/Listing/E-Harmony-Lady-Moon-Dr-Fort-Collins-CO/11217719/,"Fort Collins, CO 80528",2.2,1054007.0,40.523221679275,-105.010799488523,5618.16,10000,L,56.18%,972,NOVUS AG LLC (444 trucks) | CITY OF FORT COLLINS (285 trucks) | Poudre School District  (243 trucks),132000,14810,11118344.06,"$1,054,007.00"
Sol_087,2544 11th Ave,https://www.loopnet.com/Listing/2544-11th-Ave-Greeley-CO/35100267/,"Greeley, CO 80631",0.15,350000.0,40.395690645275,-104.69657283495,336.5,1000,XS,33.65%,145,WELD COUNTY PUBLIC WORKS DEPARTMENT (145 trucks),127000,13545,10769344.06,"$350,000.00"
Sol_087,831 N Clarkson St,https://www.loopnet.com/Listing/831-N-Clarkson-St-Denver-CO/38142797/,"Denver, CO 80218",0.18,899000.0,39.729919009716,-104.977904960968,4580.9400000000005,5000,M,91.62%,521,FARMERS ALL NATURAL (121 trucks) | CO TRAN LLC (275 trucks) | SUPERSHUTTLE DENVER (125 trucks),127000,13545,10769344.06,"$899,000.00"
Sol_087,422 Perry St,https://www.loopnet.com/Listing/422-Perry-St-Castle-Rock-CO/38421711/,"Castle Rock, CO 80104",0.24,605821.24,39.374148794158,-104.858322527659,2577.81,5000,M,51.56%,389,GREAT SOUTHWESTERN CONSTRUCTION INC (280 trucks) | TOWN OF CASTLE ROCK  (109 trucks),127000,13545,10769344.06,"$605,821.24"
Sol_087,239 S Main St,https://www.loopnet.com/Listing/239-S-Main-St-Brighton-CO/27424620/,"Brighton, CO 80601",0.31,250000.0,39.982905257485,-104.822555605705,1694.9,2000,S,84.75%,267,G&Z TRANSPORT LLC (147 trucks) | SIM TRUCKING INC (120 trucks),127000,13545,10769344.06,"$250,000.00"
Sol_087,20th & Blake St,https://www.loopnet.com/Listing/20th-Blake-St-Land-Denver-CO/26158810/,"Denver, CO 80205",0.32,1320000.0,39.754299409573,-104.994304825083,9307.460000000001,10000,L,93.07%,1347,RES (149 trucks) | MPLX G&P (144 trucks) | CONCRETE EXPRESS INC (128 trucks) | COORS DISTRIBUTING COMPANY MILLER COORS LLC (105 trucks) | U S TRANSPORT INC (200 trucks) | WASTE CONNECTIONS OF COLORADO INC (486 trucks) | SURESHOT DRILLING LLC ATOZ FIELD SERVICES LLC DRILL TECH LLC PINNACLE DEVELOPMENT INC HDD SPECIALISTS LLC (135 trucks),127000,13545,10769344.06,"$1,320,000.00"
Sol_087,1560 N Academy Blvd,https://www.loopnet.com/Listing/1560-N-Academy-Blvd-Colorado-Springs-CO/3886433/,"Colorado Springs, CO 80909",0.64,416700.0,38.854776988204,-104.75774002483,5689.619999999999,10000,L,56.90%,1031,COLORADO SPRINGS SCHOOL DISTRICT 11 (130 trucks) | MOUNTAIN METROPOLITAN TRANSIT (144 trucks) | CITY OF COLORADO SPRINGS (326 trucks) | El PASO COUNTY (112 trucks) | GOODWILL OF COLORADO (134 trucks) | VECTRUS SYSTEMS CORPORATION (185 trucks),127000,13545,10769344.06,"$416,700.00"
Sol_087,4237 McWhinney Blvd,https://www.loopnet.com/Listing/4237-McWhinney-Blvd-Loveland-CO/23974785/,"Loveland, CO 80538",0.65,871347.9,40.408208389025,-105.017378025231,252.96,1000,XS,25.30%,109,LOVELAND MUNICIPALITY (109 trucks),127000,13545,10769344.06,"$871,347.90"
Sol_087,7300 W Jefferson Ave,https://www.loopnet.com/Listing/7300-W-Jefferson-Ave-Lakewood-CO/38419312/,"Lakewood, CO 80235",0.66,379999.0,39.649773884125,-105.079540805378,10536.92,20000,XL,52.68%,1415,QUALITY LOGISTICS INC (135 trucks) | KEESEN ENTERPRISES INC (263 trucks) | PROCAM SERVICES  (101 trucks) | JEFFCO SCHOOLS (274 trucks) | JEFFERSON COUNTY (120 trucks) | HOLCIM WCR INC (298 trucks) | PACIFIC SHIPPING & TRUCKING CO INC (109 trucks) | ENIVIRONMENTAL LANDWORKS COMPANY INC (115 trucks),127000,13545,10769344.06,"$379,999.00"
Sol_087,9190 W 84th Ave,https://www.loopnet.com/Listing/9190-W-84th-Ave-Arvada-CO/38160305/,"Arvada, CO 80005",0.67,499000.0,39.849854027782,-105.100317795342,6920.830000000001,10000,L,69.21%,1365,ALPINE MILLWORK COMPANY DBA ROCKY MOUNTAIN RELOAD (141 trucks) | CITY OF ARVADA (100 trucks) | GEOSTABILIZATION INTERNATIONAL LLC (155 trucks) | COLD FRONT (121 trucks) | SITEWISE LLC (145 trucks) | CITY OF THORNTON (208 trucks) | CITY OF THORNTON (174 trucks) | TRI-STATE GENERATION & TRANSMISSION ASSOCIATION INC (321 trucks),127000,13545,10769344.06,"$499,000.00"
Sol_087,10431 Quari St,https://www.loopnet.com/Listing/10431-Quari-St-Commerce-City-CO/29119294/,"Commerce City, CO 80022",0.72,270000.0,39.886267655476,-104.844980046547,12742.7,20000,XL,63.71%,1662,ENVIRONMENTAL DESIGNS LLC (156 trucks) | BALIC TRANSPORT INC (120 trucks) | BURNCO COLORADO LLC (146 trucks) | WEST DIRECT OIL (140 trucks) | OFFEN PETROLEUM LLC (269 trucks) | ADAMS 12 FIVE STAR SCHOOLS (182 trucks) | WAGNER EQUIPMENT CO (423 trucks) | METCO LANDSCAPING INC (226 trucks),127000,13545,10769344.06,"$270,000.00"
Sol_087,NEC N Fairgrounds Ave,https://www.loopnet.com/Listing/NEC-N-Fairgrounds-Ave-Windsor-CO/29890025/,"Windsor, CO 80528",0.74,483449.0,40.437732372143,-104.982630626628,304.01,1000,XS,30.40%,131,LARIMER COUNTY (131 trucks),127000,13545,10769344.06,"$483,449.00"
Sol_087,11958 Lincoln Ave,https://www.loopnet.com/Listing/Lincoln-Ave-Parker-CO/39741118/,"Parker, CO 80138",0.86,495000.0,39.536519536914,-104.76116705724,18264.289999999997,20000,XL,91.32%,2581,ACCELERATED SERVICES LLC (373 trucks) | AMERICAN FURNITURE WAREHOUSE CO (340 trucks) | TERRACARE ASSOCIATES LLC (156 trucks) | IHC SCOTT INC (214 trucks) | BUCKLEY POWDER CO (217 trucks) | CH2M OMI CH2MHILL JACOBS (183 trucks) | ORICA USA INC (215 trucks) | CHERRY CREEK SCHOOLS (352 trucks) | HBSCO DANS TRASH AT YOUR DISPOSAL (110 trucks) | ENTERPRISE RENT-A-CAR NATIONAL RENT A CAR ALAMO RENT A CAR (421 trucks),127000,13545,10769344.06,"$495,000.00"
Sol_087,NWQ Highway 119 and I-25,https://www.loopnet.com/Listing/NWQ-Highway-119-and-I-25-Firestone-CO/31431092/,"Firestone, CO 80504",1.28,949000.0,40.160746988915,-104.978709958949,3529.55,5000,M,70.59%,606,WARD ELECTRIC COMPANY INC (222 trucks) | HEAT WAVES HOT OIL SERVICE LLC (201 trucks) | SUPREME TRANSPORT INC (183 trucks),127000,13545,10769344.06,"$949,000.00"
Sol_087,13987 Foster ct,https://www.loopnet.com/Listing/13987-Foster-ct-Longmont-CO/34579366/,"Longmont, CO 80504",1.42,1370019.92,40.140476603851,-105.119700024426,1399.2,2000,S,69.96%,385,CITY OF LONGMONT (211 trucks) | ST VRAIN VALLEY SCHOOL DISTRICT (174 trucks),127000,13545,10769344.06,"$1,370,019.92"
Sol_087,765 Aspen Ridge Drive Dr,https://www.loopnet.com/Listing/765-Aspen-Ridge-Drive-Dr-Lafayette-CO/32931931/,"Lafayette, CO 80026",1.43,556000.0,40.006898203868,-105.107210150504,4585.06,5000,M,91.70%,619,BOULDER VALLEY SCHOOL DISTRICT RE-2 (134 trucks) | VIA MOBILITY SERVICES (196 trucks) | VIA MOBILITY SERVICES (116 trucks) | CU (173 trucks),127000,13545,10769344.06,"$556,000.00"
Sol_087,E Harmony & Lady Moon Dr,https://www.loopnet.com/Listing/E-Harmony-Lady-Moon-Dr-Fort-Collins-CO/11217719/,"Fort Collins, CO 80528",2.2,1054007.0,40.523221679275,-105.010799488523,5618.16,10000,L,56.18%,972,NOVUS AG LLC (444 trucks) | CITY OF FORT COLLINS (285 trucks) | Poudre School District  (243 trucks),127000,13545,10769344.06,"$1,054,007.00"
Sol_088,2544 11th Ave,https://www.loopnet.com/Listing/2544-11th-Ave-Greeley-CO/35100267/,"Greeley, CO 80631",0.15,350000.0,40.395690645275,-104.69657283495,336.5,1000,XS,33.65%,145,WELD COUNTY PUBLIC WORKS DEPARTMENT (145 trucks),115000,12627,10499344.06,"$350,000.00"
Sol_088,831 N Clarkson St,https://www.loopnet.com/Listing/831-N-Clarkson-St-Denver-CO/38142797/,"Denver, CO 80218",0.18,899000.0,39.729919009716,-104.977904960968,4580.9400000000005,5000,M,91.62%,521,FARMERS ALL NATURAL (121 trucks) | CO TRAN LLC (275 trucks) | SUPERSHUTTLE DENVER (125 trucks),115000,12627,10499344.06,"$899,000.00"
Sol_088,422 Perry St,https://www.loopnet.com/Listing/422-Perry-St-Castle-Rock-CO/38421711/,"Castle Rock, CO 80104",0.24,605821.24,39.374148794158,-104.858322527659,2577.81,5000,M,51.56%,389,GREAT SOUTHWESTERN CONSTRUCTION INC (280 trucks) | TOWN OF CASTLE ROCK  (109 trucks),115000,12627,10499344.06,"$605,821.24"
Sol_088,239 S Main St,https://www.loopnet.com/Listing/239-S-Main-St-Brighton-CO/27424620/,"Brighton, CO 80601",0.31,250000.0,39.982905257485,-104.822555605705,5864.05,10000,L,58.64%,829,G&Z TRANSPORT LLC (147 trucks) | SIM TRUCKING INC (120 trucks) | ENVIRONMENTAL DESIGNS LLC (156 trucks) | BALIC TRANSPORT INC (120 trucks) | BURNCO COLORADO LLC (146 trucks) | WEST DIRECT OIL (140 trucks),115000,12627,10499344.06,"$250,000.00"
Sol_088,20th & Blake St,https://www.loopnet.com/Listing/20th-Blake-St-Land-Denver-CO/26158810/,"Denver, CO 80205",0.32,1320000.0,39.754299409573,-104.994304825083,9307.460000000001,10000,L,93.07%,1347,RES (149 trucks) | MPLX G&P (144 trucks) | CONCRETE EXPRESS INC (128 trucks) | COORS DISTRIBUTING COMPANY MILLER COORS LLC (105 trucks) | U S TRANSPORT INC (200 trucks) | WASTE CONNECTIONS OF COLORADO INC (486 trucks) | SURESHOT DRILLING LLC ATOZ FIELD SERVICES LLC DRILL TECH LLC PINNACLE DEVELOPMENT INC HDD SPECIALISTS LLC (135 trucks),115000,12627,10499344.06,"$1,320,000.00"
Sol_088,1560 N Academy Blvd,https://www.loopnet.com/Listing/1560-N-Academy-Blvd-Colorado-Springs-CO/3886433/,"Colorado Springs, CO 80909",0.64,416700.0,38.854776988204,-104.75774002483,5689.619999999999,10000,L,56.90%,1031,COLORADO SPRINGS SCHOOL DISTRICT 11 (130 trucks) | MOUNTAIN METROPOLITAN TRANSIT (144 trucks) | CITY OF COLORADO SPRINGS (326 trucks) | El PASO COUNTY (112 trucks) | GOODWILL OF COLORADO (134 trucks) | VECTRUS SYSTEMS CORPORATION (185 trucks),115000,12627,10499344.06,"$416,700.00"
Sol_088,4237 McWhinney Blvd,https://www.loopnet.com/Listing/4237-McWhinney-Blvd-Loveland-CO/23974785/,"Loveland, CO 80538",0.65,871347.9,40.408208389025,-105.017378025231,252.96,1000,XS,25.30%,109,LOVELAND MUNICIPALITY (109 trucks),115000,12627,10499344.06,"$871,347.90"
Sol_088,7300 W Jefferson Ave,https://www.loopnet.com/Listing/7300-W-Jefferson-Ave-Lakewood-CO/38419312/,"Lakewood, CO 80235",0.66,379999.0,39.649773884125,-105.079540805378,10536.92,20000,XL,52.68%,1415,QUALITY LOGISTICS INC (135 trucks) | KEESEN ENTERPRISES INC (263 trucks) | PROCAM SERVICES  (101 trucks) | JEFFCO SCHOOLS (274 trucks) | JEFFERSON COUNTY (120 trucks) | HOLCIM WCR INC (298 trucks) | PACIFIC SHIPPING & TRUCKING CO INC (109 trucks) | ENIVIRONMENTAL LANDWORKS COMPANY INC (115 trucks),115000,12627,10499344.06,"$379,999.00"
Sol_088,9190 W 84th Ave,https://www.loopnet.com/Listing/9190-W-84th-Ave-Arvada-CO/38160305/,"Arvada, CO 80005",0.67,499000.0,39.849854027782,-105.100317795342,7872.180000000001,10000,L,78.72%,1547,ALPINE MILLWORK COMPANY DBA ROCKY MOUNTAIN RELOAD (141 trucks) | CITY OF ARVADA (100 trucks) | GEOSTABILIZATION INTERNATIONAL LLC (155 trucks) | COLD FRONT (121 trucks) | SITEWISE LLC (145 trucks) | CITY OF THORNTON (208 trucks) | CITY OF THORNTON (174 trucks) | TRI-STATE GENERATION & TRANSMISSION ASSOCIATION INC (321 trucks) | ADAMS 12 FIVE STAR SCHOOLS (182 trucks),115000,12627,10499344.06,"$499,000.00"
Sol_088,NEC N Fairgrounds Ave,https://www.loopnet.com/Listing/NEC-N-Fairgrounds-Ave-Windsor-CO/29890025/,"Windsor, CO 80528",0.74,483449.0,40.437732372143,-104.982630626628,304.01,1000,XS,30.40%,131,LARIMER COUNTY (131 trucks),115000,12627,10499344.06,"$483,449.00"
Sol_088,11958 Lincoln Ave,https://www.loopnet.com/Listing/Lincoln-Ave-Parker-CO/39741118/,"Parker, CO 80138",0.86,495000.0,39.536519536914,-104.76116705724,18264.289999999997,20000,XL,91.32%,2581,ACCELERATED SERVICES LLC (373 trucks) | AMERICAN FURNITURE WAREHOUSE CO (340 trucks) | TERRACARE ASSOCIATES LLC (156 trucks) | IHC SCOTT INC (214 trucks) | BUCKLEY POWDER CO (217 trucks) | CH2M OMI CH2MHILL JACOBS (183 trucks) | ORICA USA INC (215 trucks) | CHERRY CREEK SCHOOLS (352 trucks) | HBSCO DANS TRASH AT YOUR DISPOSAL (110 trucks) | ENTERPRISE RENT-A-CAR NATIONAL RENT A CAR ALAMO RENT A CAR (421 trucks),115000,12627,10499344.06,"$495,000.00"
Sol_088,NWQ Highway 119 and I-25,https://www.loopnet.com/Listing/NWQ-Highway-119-and-I-25-Firestone-CO/31431092/,"Firestone, CO 80504",1.28,949000.0,40.160746988915,-104.978709958949,3529.55,5000,M,70.59%,606,WARD ELECTRIC COMPANY INC (222 trucks) | HEAT WAVES HOT OIL SERVICE LLC (201 trucks) | SUPREME TRANSPORT INC (183 trucks),115000,12627,10499344.06,"$949,000.00"
Sol_088,13987 Foster ct,https://www.loopnet.com/Listing/13987-Foster-ct-Longmont-CO/34579366/,"Longmont, CO 80504",1.42,1370019.92,40.140476603851,-105.119700024426,1399.2,2000,S,69.96%,385,CITY OF LONGMONT (211 trucks) | ST VRAIN VALLEY SCHOOL DISTRICT (174 trucks),115000,12627,10499344.06,"$1,370,019.92"
Sol_088,765 Aspen Ridge Drive Dr,https://www.loopnet.com/Listing/765-Aspen-Ridge-Drive-Dr-Lafayette-CO/32931931/,"Lafayette, CO 80026",1.43,556000.0,40.006898203868,-105.107210150504,4585.06,5000,M,91.70%,619,BOULDER VALLEY SCHOOL DISTRICT RE-2 (134 trucks) | VIA MOBILITY SERVICES (196 trucks) | VIA MOBILITY SERVICES (116 trucks) | CU (173 trucks),115000,12627,10499344.06,"$556,000.00"
Sol_088,E Harmony & Lady Moon Dr,https://www.loopnet.com/Listing/E-Harmony-Lady-Moon-Dr-Fort-Collins-CO/11217719/,"Fort Collins, CO 80528",2.2,1054007.0,40.523221679275,-105.010799488523,5618.16,10000,L,56.18%,972,NOVUS AG LLC (444 trucks) | CITY OF FORT COLLINS (285 trucks) | Poudre School District  (243 trucks),115000,12627,10499344.06,"$1,054,007.00"
Sol_089,2544 11th Ave,https://www.loopnet.com/Listing/2544-11th-Ave-Greeley-CO/35100267/,"Greeley, CO 80631",0.15,350000.0,40.395690645275,-104.69657283495,336.5,1000,XS,33.65%,145,WELD COUNTY PUBLIC WORKS DEPARTMENT (145 trucks),137000,15017,11444344.06,"$350,000.00"
Sol_089,831 N Clarkson St,https://www.loopnet.com/Listing/831-N-Clarkson-St-Denver-CO/38142797/,"Denver, CO 80218",0.18,899000.0,39.729919009716,-104.977904960968,4580.9400000000005,5000,M,91.62%,521,FARMERS ALL NATURAL (121 trucks) | CO TRAN LLC (275 trucks) | SUPERSHUTTLE DENVER (125 trucks),137000,15017,11444344.06,"$899,000.00"
Sol_089,422 Perry St,https://www.loopnet.com/Listing/422-Perry-St-Castle-Rock-CO/38421711/,"Castle Rock, CO 80104",0.24,605821.24,39.374148794158,-104.858322527659,2577.81,5000,M,51.56%,389,GREAT SOUTHWESTERN CONSTRUCTION INC (280 trucks) | TOWN OF CASTLE ROCK  (109 trucks),137000,15017,11444344.06,"$605,821.24"
Sol_089,239 S Main St,https://www.loopnet.com/Listing/239-S-Main-St-Brighton-CO/27424620/,"Brighton, CO 80601",0.31,250000.0,39.982905257485,-104.822555605705,1694.9,2000,S,84.75%,267,G&Z TRANSPORT LLC (147 trucks) | SIM TRUCKING INC (120 trucks),137000,15017,11444344.06,"$250,000.00"
Sol_089,20th & Blake St,https://www.loopnet.com/Listing/20th-Blake-St-Land-Denver-CO/26158810/,"Denver, CO 80205",0.32,1320000.0,39.754299409573,-104.994304825083,9307.460000000001,10000,L,93.07%,1347,RES (149 trucks) | MPLX G&P (144 trucks) | CONCRETE EXPRESS INC (128 trucks) | COORS DISTRIBUTING COMPANY MILLER COORS LLC (105 trucks) | U S TRANSPORT INC (200 trucks) | WASTE CONNECTIONS OF COLORADO INC (486 trucks) | SURESHOT DRILLING LLC ATOZ FIELD SERVICES LLC DRILL TECH LLC PINNACLE DEVELOPMENT INC HDD SPECIALISTS LLC (135 trucks),137000,15017,11444344.06,"$1,320,000.00"
Sol_089,1560 N Academy Blvd,https://www.loopnet.com/Listing/1560-N-Academy-Blvd-Colorado-Springs-CO/3886433/,"Colorado Springs, CO 80909",0.64,416700.0,38.854776988204,-104.75774002483,5689.619999999999,10000,L,56.90%,1031,COLORADO SPRINGS SCHOOL DISTRICT 11 (130 trucks) | MOUNTAIN METROPOLITAN TRANSIT (144 trucks) | CITY OF COLORADO SPRINGS (326 trucks) | El PASO COUNTY (112 trucks) | GOODWILL OF COLORADO (134 trucks) | VECTRUS SYSTEMS CORPORATION (185 trucks),137000,15017,11444344.06,"$416,700.00"
Sol_089,3401 S Yosemite St,https://www.loopnet.com/Listing/3401-S-Yosemite-St-Denver-CO/39837277/,"Denver, CO 80231",0.64,675000.0,39.654049416843,-104.88550562639,19524.48,20000,XL,97.62%,2867,COMCAST (194 trucks) | SWINGLE TREE & LANDSCAPE CARE (135 trucks) | CITY LIGHT AND POWER INC (121 trucks) | WHEEL PROS LLC (182 trucks) | GLOBAL TRANSPORTATION LLC (442 trucks) | HBSCO DANS TRASH AT YOUR DISPOSAL (110 trucks) | CITY OF AURORA (271 trucks) | ORICA USA INC (215 trucks) | ENTERPRISE RENT-A-CAR NATIONAL RENT A CAR ALAMO RENT A CAR (421 trucks) | AURORA PUBLIC SCHOOLS (127 trucks) | METCO LANDSCAPING INC (226 trucks) | WAGNER EQUIPMENT CO (423 trucks),137000,15017,11444344.06,"$675,000.00"
Sol_089,4237 McWhinney Blvd,https://www.loopnet.com/Listing/4237-McWhinney-Blvd-Loveland-CO/23974785/,"Loveland, CO 80538",0.65,871347.9,40.408208389025,-105.017378025231,252.96,1000,XS,25.30%,109,LOVELAND MUNICIPALITY (109 trucks),137000,15017,11444344.06,"$871,347.90"
Sol_089,7300 W Jefferson Ave,https://www.loopnet.com/Listing/7300-W-Jefferson-Ave-Lakewood-CO/38419312/,"Lakewood, CO 80235",0.66,379999.0,39.649773884125,-105.079540805378,10536.92,20000,XL,52.68%,1415,QUALITY LOGISTICS INC (135 trucks) | KEESEN ENTERPRISES INC (263 trucks) | PROCAM SERVICES  (101 trucks) | JEFFCO SCHOOLS (274 trucks) | JEFFERSON COUNTY (120 trucks) | HOLCIM WCR INC (298 trucks) | PACIFIC SHIPPING & TRUCKING CO INC (109 trucks) | ENIVIRONMENTAL LANDWORKS COMPANY INC (115 trucks),137000,15017,11444344.06,"$379,999.00"
Sol_089,9190 W 84th Ave,https://www.loopnet.com/Listing/9190-W-84th-Ave-Arvada-CO/38160305/,"Arvada, CO 80005",0.67,499000.0,39.849854027782,-105.100317795342,6920.830000000001,10000,L,69.21%,1365,ALPINE MILLWORK COMPANY DBA ROCKY MOUNTAIN RELOAD (141 trucks) | CITY OF ARVADA (100 trucks) | GEOSTABILIZATION INTERNATIONAL LLC (155 trucks) | COLD FRONT (121 trucks) | SITEWISE LLC (145 trucks) | CITY OF THORNTON (208 trucks) | CITY OF THORNTON (174 trucks) | TRI-STATE GENERATION & TRANSMISSION ASSOCIATION INC (321 trucks),137000,15017,11444344.06,"$499,000.00"
Sol_089,10431 Quari St,https://www.loopnet.com/Listing/10431-Quari-St-Commerce-City-CO/29119294/,"Commerce City, CO 80022",0.72,270000.0,39.886267655476,-104.844980046547,7354.02,10000,L,73.54%,1013,ENVIRONMENTAL DESIGNS LLC (156 trucks) | BALIC TRANSPORT INC (120 trucks) | BURNCO COLORADO LLC (146 trucks) | WEST DIRECT OIL (140 trucks) | OFFEN PETROLEUM LLC (269 trucks) | ADAMS 12 FIVE STAR SCHOOLS (182 trucks),137000,15017,11444344.06,"$270,000.00"
Sol_089,NEC N Fairgrounds Ave,https://www.loopnet.com/Listing/NEC-N-Fairgrounds-Ave-Windsor-CO/29890025/,"Windsor, CO 80528",0.74,483449.0,40.437732372143,-104.982630626628,304.01,1000,XS,30.40%,131,LARIMER COUNTY (131 trucks),137000,15017,11444344.06,"$483,449.00"
Sol_089,11958 Lincoln Ave,https://www.loopnet.com/Listing/Lincoln-Ave-Parker-CO/39741118/,"Parker, CO 80138",0.86,495000.0,39.536519536914,-104.76116705724,13220.13,20000,XL,66.10%,1835,ACCELERATED SERVICES LLC (373 trucks) | AMERICAN FURNITURE WAREHOUSE CO (340 trucks) | TERRACARE ASSOCIATES LLC (156 trucks) | IHC SCOTT INC (214 trucks) | BUCKLEY POWDER CO (217 trucks) | CH2M OMI CH2MHILL JACOBS (183 trucks) | CHERRY CREEK SCHOOLS (352 trucks),137000,15017,11444344.06,"$495,000.00"
Sol_089,NWQ Highway 119 and I-25,https://www.loopnet.com/Listing/NWQ-Highway-119-and-I-25-Firestone-CO/31431092/,"Firestone, CO 80504",1.28,949000.0,40.160746988915,-104.978709958949,3529.55,5000,M,70.59%,606,WARD ELECTRIC COMPANY INC (222 trucks) | HEAT WAVES HOT OIL SERVICE LLC (201 trucks) | SUPREME TRANSPORT INC (183 trucks),137000,15017,11444344.06,"$949,000.00"
Sol_089,13987 Foster ct,https://www.loopnet.com/Listing/13987-Foster-ct-Longmont-CO/34579366/,"Longmont, CO 80504",1.42,1370019.92,40.140476603851,-105.119700024426,1399.2,2000,S,69.96%,385,CITY OF LONGMONT (211 trucks) | ST VRAIN VALLEY SCHOOL DISTRICT (174 trucks),137000,15017,11444344.06,"$1,370,019.92"
Sol_089,765 Aspen Ridge Drive Dr,https://www.loopnet.com/Listing/765-Aspen-Ridge-Drive-Dr-Lafayette-CO/32931931/,"Lafayette, CO 80026",1.43,556000.0,40.006898203868,-105.107210150504,4585.06,5000,M,91.70%,619,BOULDER VALLEY SCHOOL DISTRICT RE-2 (134 trucks) | VIA MOBILITY SERVICES (196 trucks) | VIA MOBILITY SERVICES (116 trucks) | CU (173 trucks),137000,15017,11444344.06,"$556,000.00"
Sol_089,E Harmony & Lady Moon Dr,https://www.loopnet.com/Listing/E-Harmony-Lady-Moon-Dr-Fort-Collins-CO/11217719/,"Fort Collins, CO 80528",2.2,1054007.0,40.523221679275,-105.010799488523,5618.16,10000,L,56.18%,972,NOVUS AG LLC (444 trucks) | CITY OF FORT COLLINS (285 trucks) | Poudre School District  (243 trucks),137000,15017,11444344.06,"$1,054,007.00"
Sol_090,2544 11th Ave,https://www.loopnet.com/Listing/2544-11th-Ave-Greeley-CO/35100267/,"Greeley, CO 80631",0.15,350000.0,40.395690645275,-104.69657283495,336.5,1000,XS,33.65%,145,WELD COUNTY PUBLIC WORKS DEPARTMENT (145 trucks),127000,13545,10769344.06,"$350,000.00"
Sol_090,831 N Clarkson St,https://www.loopnet.com/Listing/831-N-Clarkson-St-Denver-CO/38142797/,"Denver, CO 80218",0.18,899000.0,39.729919009716,-104.977904960968,4580.9400000000005,5000,M,91.62%,521,FARMERS ALL NATURAL (121 trucks) | CO TRAN LLC (275 trucks) | SUPERSHUTTLE DENVER (125 trucks),127000,13545,10769344.06,"$899,000.00"
Sol_090,422 Perry St,https://www.loopnet.com/Listing/422-Perry-St-Castle-Rock-CO/38421711/,"Castle Rock, CO 80104",0.24,605821.24,39.374148794158,-104.858322527659,2577.81,5000,M,51.56%,389,GREAT SOUTHWESTERN CONSTRUCTION INC (280 trucks) | TOWN OF CASTLE ROCK  (109 trucks),127000,13545,10769344.06,"$605,821.24"
Sol_090,239 S Main St,https://www.loopnet.com/Listing/239-S-Main-St-Brighton-CO/27424620/,"Brighton, CO 80601",0.31,250000.0,39.982905257485,-104.822555605705,1694.9,2000,S,84.75%,267,G&Z TRANSPORT LLC (147 trucks) | SIM TRUCKING INC (120 trucks),127000,13545,10769344.06,"$250,000.00"
Sol_090,20th & Blake St,https://www.loopnet.com/Listing/20th-Blake-St-Land-Denver-CO/26158810/,"Denver, CO 80205",0.32,1320000.0,39.754299409573,-104.994304825083,9307.460000000001,10000,L,93.07%,1347,RES (149 trucks) | MPLX G&P (144 trucks) | CONCRETE EXPRESS INC (128 trucks) | COORS DISTRIBUTING COMPANY MILLER COORS LLC (105 trucks) | U S TRANSPORT INC (200 trucks) | WASTE CONNECTIONS OF COLORADO INC (486 trucks) | SURESHOT DRILLING LLC ATOZ FIELD SERVICES LLC DRILL TECH LLC PINNACLE DEVELOPMENT INC HDD SPECIALISTS LLC (135 trucks),127000,13545,10769344.06,"$1,320,000.00"
Sol_090,1560 N Academy Blvd,https://www.loopnet.com/Listing/1560-N-Academy-Blvd-Colorado-Springs-CO/3886433/,"Colorado Springs, CO 80909",0.64,416700.0,38.854776988204,-104.75774002483,5689.619999999999,10000,L,56.90%,1031,COLORADO SPRINGS SCHOOL DISTRICT 11 (130 trucks) | MOUNTAIN METROPOLITAN TRANSIT (144 trucks) | CITY OF COLORADO SPRINGS (326 trucks) | El PASO COUNTY (112 trucks) | GOODWILL OF COLORADO (134 trucks) | VECTRUS SYSTEMS CORPORATION (185 trucks),127000,13545,10769344.06,"$416,700.00"
Sol_090,4237 McWhinney Blvd,https://www.loopnet.com/Listing/4237-McWhinney-Blvd-Loveland-CO/23974785/,"Loveland, CO 80538",0.65,871347.9,40.408208389025,-105.017378025231,252.96,1000,XS,25.30%,109,LOVELAND MUNICIPALITY (109 trucks),127000,13545,10769344.06,"$871,347.90"
Sol_090,7300 W Jefferson Ave,https://www.loopnet.com/Listing/7300-W-Jefferson-Ave-Lakewood-CO/38419312/,"Lakewood, CO 80235",0.66,379999.0,39.649773884125,-105.079540805378,10536.92,20000,XL,52.68%,1415,QUALITY LOGISTICS INC (135 trucks) | KEESEN ENTERPRISES INC (263 trucks) | PROCAM SERVICES  (101 trucks) | JEFFCO SCHOOLS (274 trucks) | JEFFERSON COUNTY (120 trucks) | HOLCIM WCR INC (298 trucks) | PACIFIC SHIPPING & TRUCKING CO INC (109 trucks) | ENIVIRONMENTAL LANDWORKS COMPANY INC (115 trucks),127000,13545,10769344.06,"$379,999.00"
Sol_090,9190 W 84th Ave,https://www.loopnet.com/Listing/9190-W-84th-Ave-Arvada-CO/38160305/,"Arvada, CO 80005",0.67,499000.0,39.849854027782,-105.100317795342,6920.830000000001,10000,L,69.21%,1365,ALPINE MILLWORK COMPANY DBA ROCKY MOUNTAIN RELOAD (141 trucks) | CITY OF ARVADA (100 trucks) | GEOSTABILIZATION INTERNATIONAL LLC (155 trucks) | COLD FRONT (121 trucks) | SITEWISE LLC (145 trucks) | CITY OF THORNTON (208 trucks) | CITY OF THORNTON (174 trucks) | TRI-STATE GENERATION & TRANSMISSION ASSOCIATION INC (321 trucks),127000,13545,10769344.06,"$499,000.00"
Sol_090,10431 Quari St,https://www.loopnet.com/Listing/10431-Quari-St-Commerce-City-CO/29119294/,"Commerce City, CO 80022",0.72,270000.0,39.886267655476,-104.844980046547,12742.7,20000,XL,63.71%,1662,ENVIRONMENTAL DESIGNS LLC (156 trucks) | BALIC TRANSPORT INC (120 trucks) | BURNCO COLORADO LLC (146 trucks) | WEST DIRECT OIL (140 trucks) | OFFEN PETROLEUM LLC (269 trucks) | ADAMS 12 FIVE STAR SCHOOLS (182 trucks) | WAGNER EQUIPMENT CO (423 trucks) | METCO LANDSCAPING INC (226 trucks),127000,13545,10769344.06,"$270,000.00"
Sol_090,NEC N Fairgrounds Ave,https://www.loopnet.com/Listing/NEC-N-Fairgrounds-Ave-Windsor-CO/29890025/,"Windsor, CO 80528",0.74,483449.0,40.437732372143,-104.982630626628,304.01,1000,XS,30.40%,131,LARIMER COUNTY (131 trucks),127000,13545,10769344.06,"$483,449.00"
Sol_090,11958 Lincoln Ave,https://www.loopnet.com/Listing/Lincoln-Ave-Parker-CO/39741118/,"Parker, CO 80138",0.86,495000.0,39.536519536914,-104.76116705724,18264.289999999997,20000,XL,91.32%,2581,ACCELERATED SERVICES LLC (373 trucks) | AMERICAN FURNITURE WAREHOUSE CO (340 trucks) | TERRACARE ASSOCIATES LLC (156 trucks) | IHC SCOTT INC (214 trucks) | BUCKLEY POWDER CO (217 trucks) | CH2M OMI CH2MHILL JACOBS (183 trucks) | ORICA USA INC (215 trucks) | CHERRY CREEK SCHOOLS (352 trucks) | HBSCO DANS TRASH AT YOUR DISPOSAL (110 trucks) | ENTERPRISE RENT-A-CAR NATIONAL RENT A CAR ALAMO RENT A CAR (421 trucks),127000,13545,10769344.06,"$495,000.00"
Sol_090,NWQ Highway 119 and I-25,https://www.loopnet.com/Listing/NWQ-Highway-119-and-I-25-Firestone-CO/31431092/,"Firestone, CO 80504",1.28,949000.0,40.160746988915,-104.978709958949,3529.55,5000,M,70.59%,606,WARD ELECTRIC COMPANY INC (222 trucks) | HEAT WAVES HOT OIL SERVICE LLC (201 trucks) | SUPREME TRANSPORT INC (183 trucks),127000,13545,10769344.06,"$949,000.00"
Sol_090,13987 Foster ct,https://www.loopnet.com/Listing/13987-Foster-ct-Longmont-CO/34579366/,"Longmont, CO 80504",1.42,1370019.92,40.140476603851,-105.119700024426,1399.2,2000,S,69.96%,385,CITY OF LONGMONT (211 trucks) | ST VRAIN VALLEY SCHOOL DISTRICT (174 trucks),127000,13545,10769344.06,"$1,370,019.92"
Sol_090,765 Aspen Ridge Drive Dr,https://www.loopnet.com/Listing/765-Aspen-Ridge-Drive-Dr-Lafayette-CO/32931931/,"Lafayette, CO 80026",1.43,556000.0,40.006898203868,-105.107210150504,4585.06,5000,M,91.70%,619,BOULDER VALLEY SCHOOL DISTRICT RE-2 (134 trucks) | VIA MOBILITY SERVICES (196 trucks) | VIA MOBILITY SERVICES (116 trucks) | CU (173 trucks),127000,13545,10769344.06,"$556,000.00"
Sol_090,E Harmony & Lady Moon Dr,https://www.loopnet.com/Listing/E-Harmony-Lady-Moon-Dr-Fort-Collins-CO/11217719/,"Fort Collins, CO 80528",2.2,1054007.0,40.523221679275,-105.010799488523,5618.16,10000,L,56.18%,972,NOVUS AG LLC (444 trucks) | CITY OF FORT COLLINS (285 trucks) | Poudre School District  (243 trucks),127000,13545,10769344.06,"$1,054,007.00"
Sol_091,2544 11th Ave,https://www.loopnet.com/Listing/2544-11th-Ave-Greeley-CO/35100267/,"Greeley, CO 80631",0.15,350000.0,40.395690645275,-104.69657283495,336.5,1000,XS,33.65%,145,WELD COUNTY PUBLIC WORKS DEPARTMENT (145 trucks),132000,14810,11118344.06,"$350,000.00"
Sol_091,831 N Clarkson St,https://www.loopnet.com/Listing/831-N-Clarkson-St-Denver-CO/38142797/,"Denver, CO 80218",0.18,899000.0,39.729919009716,-104.977904960968,4580.9400000000005,5000,M,91.62%,521,FARMERS ALL NATURAL (121 trucks) | CO TRAN LLC (275 trucks) | SUPERSHUTTLE DENVER (125 trucks),132000,14810,11118344.06,"$899,000.00"
Sol_091,422 Perry St,https://www.loopnet.com/Listing/422-Perry-St-Castle-Rock-CO/38421711/,"Castle Rock, CO 80104",0.24,605821.24,39.374148794158,-104.858322527659,2577.81,5000,M,51.56%,389,GREAT SOUTHWESTERN CONSTRUCTION INC (280 trucks) | TOWN OF CASTLE ROCK  (109 trucks),132000,14810,11118344.06,"$605,821.24"
Sol_091,239 S Main St,https://www.loopnet.com/Listing/239-S-Main-St-Brighton-CO/27424620/,"Brighton, CO 80601",0.31,250000.0,39.982905257485,-104.822555605705,1694.9,2000,S,84.75%,267,G&Z TRANSPORT LLC (147 trucks) | SIM TRUCKING INC (120 trucks),132000,14810,11118344.06,"$250,000.00"
Sol_091,20th & Blake St,https://www.loopnet.com/Listing/20th-Blake-St-Land-Denver-CO/26158810/,"Denver, CO 80205",0.32,1320000.0,39.754299409573,-104.994304825083,9694.1,10000,L,96.94%,1382,RES (149 trucks) | MPLX G&P (144 trucks) | CONCRETE EXPRESS INC (128 trucks) | COORS DISTRIBUTING COMPANY MILLER COORS LLC (105 trucks) | U S TRANSPORT INC (200 trucks) | WASTE CONNECTIONS OF COLORADO INC (486 trucks) | COMPASS VEHICLE RENTAL INC (170 trucks),132000,14810,11118344.06,"$1,320,000.00"
Sol_091,1560 N Academy Blvd,https://www.loopnet.com/Listing/1560-N-Academy-Blvd-Colorado-Springs-CO/3886433/,"Colorado Springs, CO 80909",0.64,416700.0,38.854776988204,-104.75774002483,5689.619999999999,10000,L,56.90%,1031,COLORADO SPRINGS SCHOOL DISTRICT 11 (130 trucks) | MOUNTAIN METROPOLITAN TRANSIT (144 trucks) | CITY OF COLORADO SPRINGS (326 trucks) | El PASO COUNTY (112 trucks) | GOODWILL OF COLORADO (134 trucks) | VECTRUS SYSTEMS CORPORATION (185 trucks),132000,14810,11118344.06,"$416,700.00"
Sol_091,4237 McWhinney Blvd,https://www.loopnet.com/Listing/4237-McWhinney-Blvd-Loveland-CO/23974785/,"Loveland, CO 80538",0.65,871347.9,40.408208389025,-105.017378025231,252.96,1000,XS,25.30%,109,LOVELAND MUNICIPALITY (109 trucks),132000,14810,11118344.06,"$871,347.90"
Sol_091,7300 W Jefferson Ave,https://www.loopnet.com/Listing/7300-W-Jefferson-Ave-Lakewood-CO/38419312/,"Lakewood, CO 80235",0.66,379999.0,39.649773884125,-105.079540805378,10536.92,20000,XL,52.68%,1415,QUALITY LOGISTICS INC (135 trucks) | KEESEN ENTERPRISES INC (263 trucks) | PROCAM SERVICES  (101 trucks) | JEFFCO SCHOOLS (274 trucks) | JEFFERSON COUNTY (120 trucks) | HOLCIM WCR INC (298 trucks) | PACIFIC SHIPPING & TRUCKING CO INC (109 trucks) | ENIVIRONMENTAL LANDWORKS COMPANY INC (115 trucks),132000,14810,11118344.06,"$379,999.00"
Sol_091,9190 W 84th Ave,https://www.loopnet.com/Listing/9190-W-84th-Ave-Arvada-CO/38160305/,"Arvada, CO 80005",0.67,499000.0,39.849854027782,-105.100317795342,3378.81,5000,M,67.58%,541,ALPINE MILLWORK COMPANY DBA ROCKY MOUNTAIN RELOAD (141 trucks) | CITY OF ARVADA (100 trucks) | GEOSTABILIZATION INTERNATIONAL LLC (155 trucks) | SITEWISE LLC (145 trucks),132000,14810,11118344.06,"$499,000.00"
Sol_091,10431 Quari St,https://www.loopnet.com/Listing/10431-Quari-St-Commerce-City-CO/29119294/,"Commerce City, CO 80022",0.72,270000.0,39.886267655476,-104.844980046547,9557.83,10000,L,95.58%,1211,ENVIRONMENTAL DESIGNS LLC (156 trucks) | BALIC TRANSPORT INC (120 trucks) | BURNCO COLORADO LLC (146 trucks) | WEST DIRECT OIL (140 trucks) | WAGNER EQUIPMENT CO (423 trucks) | METCO LANDSCAPING INC (226 trucks),132000,14810,11118344.06,"$270,000.00"
Sol_091,NEC N Fairgrounds Ave,https://www.loopnet.com/Listing/NEC-N-Fairgrounds-Ave-Windsor-CO/29890025/,"Windsor, CO 80528",0.74,483449.0,40.437732372143,-104.982630626628,304.01,1000,XS,30.40%,131,LARIMER COUNTY (131 trucks),132000,14810,11118344.06,"$483,449.00"
Sol_091,11958 Lincoln Ave,https://www.loopnet.com/Listing/Lincoln-Ave-Parker-CO/39741118/,"Parker, CO 80138",0.86,495000.0,39.536519536914,-104.76116705724,18264.289999999997,20000,XL,91.32%,2581,ACCELERATED SERVICES LLC (373 trucks) | AMERICAN FURNITURE WAREHOUSE CO (340 trucks) | TERRACARE ASSOCIATES LLC (156 trucks) | IHC SCOTT INC (214 trucks) | BUCKLEY POWDER CO (217 trucks) | CH2M OMI CH2MHILL JACOBS (183 trucks) | ORICA USA INC (215 trucks) | CHERRY CREEK SCHOOLS (352 trucks) | HBSCO DANS TRASH AT YOUR DISPOSAL (110 trucks) | ENTERPRISE RENT-A-CAR NATIONAL RENT A CAR ALAMO RENT A CAR (421 trucks),132000,14810,11118344.06,"$495,000.00"
Sol_091,8850 Huron St,https://www.loopnet.com/Listing/8850-Huron-St-Thornton-CO/33061072/,"Thornton, CO 80260",1.26,349000.0,39.858426283979,-104.995662022846,17094.77,20000,XL,85.47%,2505,CITY OF THORNTON (208 trucks) | CITY OF THORNTON (174 trucks) | COCAL LANDSCAPE SERVICES INC (153 trucks) | COLD FRONT (121 trucks) | READY MIX CONCRETE COMPANY (191 trucks) | NAVAJO EXPRESS INC (309 trucks) | TRI-STATE GENERATION & TRANSMISSION ASSOCIATION INC (321 trucks) | WESTERN DISTRIBUTING TRANSPORTATION CORP (155 trucks) | RMS CRANES (139 trucks) | SURESHOT DRILLING LLC ATOZ FIELD SERVICES LLC DRILL TECH LLC PINNACLE DEVELOPMENT INC HDD SPECIALISTS LLC (135 trucks) | EAGLE ROCK DISTRIBUTING COMPANY OF COLORADO LLC (148 trucks) | OFFEN PETROLEUM LLC (269 trucks) | ADAMS 12 FIVE STAR SCHOOLS (182 trucks),132000,14810,11118344.06,"$349,000.00"
Sol_091,NWQ Highway 119 and I-25,https://www.loopnet.com/Listing/NWQ-Highway-119-and-I-25-Firestone-CO/31431092/,"Firestone, CO 80504",1.28,949000.0,40.160746988915,-104.978709958949,3529.55,5000,M,70.59%,606,WARD ELECTRIC COMPANY INC (222 trucks) | HEAT WAVES HOT OIL SERVICE LLC (201 trucks) | SUPREME TRANSPORT INC (183 trucks),132000,14810,11118344.06,"$949,000.00"
Sol_091,13987 Foster ct,https://www.loopnet.com/Listing/13987-Foster-ct-Longmont-CO/34579366/,"Longmont, CO 80504",1.42,1370019.92,40.140476603851,-105.119700024426,1399.2,2000,S,69.96%,385,CITY OF LONGMONT (211 trucks) | ST VRAIN VALLEY SCHOOL DISTRICT (174 trucks),132000,14810,11118344.06,"$1,370,019.92"
Sol_091,765 Aspen Ridge Drive Dr,https://www.loopnet.com/Listing/765-Aspen-Ridge-Drive-Dr-Lafayette-CO/32931931/,"Lafayette, CO 80026",1.43,556000.0,40.006898203868,-105.107210150504,4585.06,5000,M,91.70%,619,BOULDER VALLEY SCHOOL DISTRICT RE-2 (134 trucks) | VIA MOBILITY SERVICES (196 trucks) | VIA MOBILITY SERVICES (116 trucks) | CU (173 trucks),132000,14810,11118344.06,"$556,000.00"
Sol_091,E Harmony & Lady Moon Dr,https://www.loopnet.com/Listing/E-Harmony-Lady-Moon-Dr-Fort-Collins-CO/11217719/,"Fort Collins, CO 80528",2.2,1054007.0,40.523221679275,-105.010799488523,5618.16,10000,L,56.18%,972,NOVUS AG LLC (444 trucks) | CITY OF FORT COLLINS (285 trucks) | Poudre School District  (243 trucks),132000,14810,11118344.06,"$1,054,007.00"
Sol_092,2544 11th Ave,https://www.loopnet.com/Listing/2544-11th-Ave-Greeley-CO/35100267/,"Greeley, CO 80631",0.15,350000.0,40.395690645275,-104.69657283495,336.5,1000,XS,33.65%,145,WELD COUNTY PUBLIC WORKS DEPARTMENT (145 trucks),135000,14748,11174344.06,"$350,000.00"
Sol_092,831 N Clarkson St,https://www.loopnet.com/Listing/831-N-Clarkson-St-Denver-CO/38142797/,"Denver, CO 80218",0.18,899000.0,39.729919009716,-104.977904960968,4580.9400000000005,5000,M,91.62%,521,FARMERS ALL NATURAL (121 trucks) | CO TRAN LLC (275 trucks) | SUPERSHUTTLE DENVER (125 trucks),135000,14748,11174344.06,"$899,000.00"
Sol_092,422 Perry St,https://www.loopnet.com/Listing/422-Perry-St-Castle-Rock-CO/38421711/,"Castle Rock, CO 80104",0.24,605821.24,39.374148794158,-104.858322527659,2577.81,5000,M,51.56%,389,GREAT SOUTHWESTERN CONSTRUCTION INC (280 trucks) | TOWN OF CASTLE ROCK  (109 trucks),135000,14748,11174344.06,"$605,821.24"
Sol_092,239 S Main St,https://www.loopnet.com/Listing/239-S-Main-St-Brighton-CO/27424620/,"Brighton, CO 80601",0.31,250000.0,39.982905257485,-104.822555605705,5864.05,10000,L,58.64%,829,G&Z TRANSPORT LLC (147 trucks) | SIM TRUCKING INC (120 trucks) | ENVIRONMENTAL DESIGNS LLC (156 trucks) | BALIC TRANSPORT INC (120 trucks) | BURNCO COLORADO LLC (146 trucks) | WEST DIRECT OIL (140 trucks),135000,14748,11174344.06,"$250,000.00"
Sol_092,20th & Blake St,https://www.loopnet.com/Listing/20th-Blake-St-Land-Denver-CO/26158810/,"Denver, CO 80205",0.32,1320000.0,39.754299409573,-104.994304825083,9307.460000000001,10000,L,93.07%,1347,RES (149 trucks) | MPLX G&P (144 trucks) | CONCRETE EXPRESS INC (128 trucks) | COORS DISTRIBUTING COMPANY MILLER COORS LLC (105 trucks) | U S TRANSPORT INC (200 trucks) | WASTE CONNECTIONS OF COLORADO INC (486 trucks) | SURESHOT DRILLING LLC ATOZ FIELD SERVICES LLC DRILL TECH LLC PINNACLE DEVELOPMENT INC HDD SPECIALISTS LLC (135 trucks),135000,14748,11174344.06,"$1,320,000.00"
Sol_092,1560 N Academy Blvd,https://www.loopnet.com/Listing/1560-N-Academy-Blvd-Colorado-Springs-CO/3886433/,"Colorado Springs, CO 80909",0.64,416700.0,38.854776988204,-104.75774002483,5689.619999999999,10000,L,56.90%,1031,COLORADO SPRINGS SCHOOL DISTRICT 11 (130 trucks) | MOUNTAIN METROPOLITAN TRANSIT (144 trucks) | CITY OF COLORADO SPRINGS (326 trucks) | El PASO COUNTY (112 trucks) | GOODWILL OF COLORADO (134 trucks) | VECTRUS SYSTEMS CORPORATION (185 trucks),135000,14748,11174344.06,"$416,700.00"
Sol_092,3401 S Yosemite St,https://www.loopnet.com/Listing/3401-S-Yosemite-St-Denver-CO/39837277/,"Denver, CO 80231",0.64,675000.0,39.654049416843,-104.88550562639,19524.48,20000,XL,97.62%,2867,COMCAST (194 trucks) | SWINGLE TREE & LANDSCAPE CARE (135 trucks) | CITY LIGHT AND POWER INC (121 trucks) | WHEEL PROS LLC (182 trucks) | GLOBAL TRANSPORTATION LLC (442 trucks) | HBSCO DANS TRASH AT YOUR DISPOSAL (110 trucks) | CITY OF AURORA (271 trucks) | ORICA USA INC (215 trucks) | ENTERPRISE RENT-A-CAR NATIONAL RENT A CAR ALAMO RENT A CAR (421 trucks) | AURORA PUBLIC SCHOOLS (127 trucks) | METCO LANDSCAPING INC (226 trucks) | WAGNER EQUIPMENT CO (423 trucks),135000,14748,11174344.06,"$675,000.00"
Sol_092,4237 McWhinney Blvd,https://www.loopnet.com/Listing/4237-McWhinney-Blvd-Loveland-CO/23974785/,"Loveland, CO 80538",0.65,871347.9,40.408208389025,-105.017378025231,252.96,1000,XS,25.30%,109,LOVELAND MUNICIPALITY (109 trucks),135000,14748,11174344.06,"$871,347.90"
Sol_092,7300 W Jefferson Ave,https://www.loopnet.com/Listing/7300-W-Jefferson-Ave-Lakewood-CO/38419312/,"Lakewood, CO 80235",0.66,379999.0,39.649773884125,-105.079540805378,10536.92,20000,XL,52.68%,1415,QUALITY LOGISTICS INC (135 trucks) | KEESEN ENTERPRISES INC (263 trucks) | PROCAM SERVICES  (101 trucks) | JEFFCO SCHOOLS (274 trucks) | JEFFERSON COUNTY (120 trucks) | HOLCIM WCR INC (298 trucks) | PACIFIC SHIPPING & TRUCKING CO INC (109 trucks) | ENIVIRONMENTAL LANDWORKS COMPANY INC (115 trucks),135000,14748,11174344.06,"$379,999.00"
Sol_092,9190 W 84th Ave,https://www.loopnet.com/Listing/9190-W-84th-Ave-Arvada-CO/38160305/,"Arvada, CO 80005",0.67,499000.0,39.849854027782,-105.100317795342,7872.180000000001,10000,L,78.72%,1547,ALPINE MILLWORK COMPANY DBA ROCKY MOUNTAIN RELOAD (141 trucks) | CITY OF ARVADA (100 trucks) | GEOSTABILIZATION INTERNATIONAL LLC (155 trucks) | COLD FRONT (121 trucks) | SITEWISE LLC (145 trucks) | CITY OF THORNTON (208 trucks) | CITY OF THORNTON (174 trucks) | TRI-STATE GENERATION & TRANSMISSION ASSOCIATION INC (321 trucks) | ADAMS 12 FIVE STAR SCHOOLS (182 trucks),135000,14748,11174344.06,"$499,000.00"
Sol_092,NEC N Fairgrounds Ave,https://www.loopnet.com/Listing/NEC-N-Fairgrounds-Ave-Windsor-CO/29890025/,"Windsor, CO 80528",0.74,483449.0,40.437732372143,-104.982630626628,304.01,1000,XS,30.40%,131,LARIMER COUNTY (131 trucks),135000,14748,11174344.06,"$483,449.00"
Sol_092,11958 Lincoln Ave,https://www.loopnet.com/Listing/Lincoln-Ave-Parker-CO/39741118/,"Parker, CO 80138",0.86,495000.0,39.536519536914,-104.76116705724,13220.13,20000,XL,66.10%,1835,ACCELERATED SERVICES LLC (373 trucks) | AMERICAN FURNITURE WAREHOUSE CO (340 trucks) | TERRACARE ASSOCIATES LLC (156 trucks) | IHC SCOTT INC (214 trucks) | BUCKLEY POWDER CO (217 trucks) | CH2M OMI CH2MHILL JACOBS (183 trucks) | CHERRY CREEK SCHOOLS (352 trucks),135000,14748,11174344.06,"$495,000.00"
Sol_092,NWQ Highway 119 and I-25,https://www.loopnet.com/Listing/NWQ-Highway-119-and-I-25-Firestone-CO/31431092/,"Firestone, CO 80504",1.28,949000.0,40.160746988915,-104.978709958949,3529.55,5000,M,70.59%,606,WARD ELECTRIC COMPANY INC (222 trucks) | HEAT WAVES HOT OIL SERVICE LLC (201 trucks) | SUPREME TRANSPORT INC (183 trucks),135000,14748,11174344.06,"$949,000.00"
Sol_092,13987 Foster ct,https://www.loopnet.com/Listing/13987-Foster-ct-Longmont-CO/34579366/,"Longmont, CO 80504",1.42,1370019.92,40.140476603851,-105.119700024426,1399.2,2000,S,69.96%,385,CITY OF LONGMONT (211 trucks) | ST VRAIN VALLEY SCHOOL DISTRICT (174 trucks),135000,14748,11174344.06,"$1,370,019.92"
Sol_092,765 Aspen Ridge Drive Dr,https://www.loopnet.com/Listing/765-Aspen-Ridge-Drive-Dr-Lafayette-CO/32931931/,"Lafayette, CO 80026",1.43,556000.0,40.006898203868,-105.107210150504,4585.06,5000,M,91.70%,619,BOULDER VALLEY SCHOOL DISTRICT RE-2 (134 trucks) | VIA MOBILITY SERVICES (196 trucks) | VIA MOBILITY SERVICES (116 trucks) | CU (173 trucks),135000,14748,11174344.06,"$556,000.00"
Sol_092,E Harmony & Lady Moon Dr,https://www.loopnet.com/Listing/E-Harmony-Lady-Moon-Dr-Fort-Collins-CO/11217719/,"Fort Collins, CO 80528",2.2,1054007.0,40.523221679275,-105.010799488523,5618.16,10000,L,56.18%,972,NOVUS AG LLC (444 trucks) | CITY OF FORT COLLINS (285 trucks) | Poudre School District  (243 trucks),135000,14748,11174344.06,"$1,054,007.00"
Sol_093,2544 11th Ave,https://www.loopnet.com/Listing/2544-11th-Ave-Greeley-CO/35100267/,"Greeley, CO 80631",0.15,350000.0,40.395690645275,-104.69657283495,336.5,1000,XS,33.65%,145,WELD COUNTY PUBLIC WORKS DEPARTMENT (145 trucks),135000,14748,11174344.06,"$350,000.00"
Sol_093,831 N Clarkson St,https://www.loopnet.com/Listing/831-N-Clarkson-St-Denver-CO/38142797/,"Denver, CO 80218",0.18,899000.0,39.729919009716,-104.977904960968,4580.9400000000005,5000,M,91.62%,521,FARMERS ALL NATURAL (121 trucks) | CO TRAN LLC (275 trucks) | SUPERSHUTTLE DENVER (125 trucks),135000,14748,11174344.06,"$899,000.00"
Sol_093,422 Perry St,https://www.loopnet.com/Listing/422-Perry-St-Castle-Rock-CO/38421711/,"Castle Rock, CO 80104",0.24,605821.24,39.374148794158,-104.858322527659,2577.81,5000,M,51.56%,389,GREAT SOUTHWESTERN CONSTRUCTION INC (280 trucks) | TOWN OF CASTLE ROCK  (109 trucks),135000,14748,11174344.06,"$605,821.24"
Sol_093,239 S Main St,https://www.loopnet.com/Listing/239-S-Main-St-Brighton-CO/27424620/,"Brighton, CO 80601",0.31,250000.0,39.982905257485,-104.822555605705,5864.05,10000,L,58.64%,829,G&Z TRANSPORT LLC (147 trucks) | SIM TRUCKING INC (120 trucks) | ENVIRONMENTAL DESIGNS LLC (156 trucks) | BALIC TRANSPORT INC (120 trucks) | BURNCO COLORADO LLC (146 trucks) | WEST DIRECT OIL (140 trucks),135000,14748,11174344.06,"$250,000.00"
Sol_093,20th & Blake St,https://www.loopnet.com/Listing/20th-Blake-St-Land-Denver-CO/26158810/,"Denver, CO 80205",0.32,1320000.0,39.754299409573,-104.994304825083,9307.460000000001,10000,L,93.07%,1347,RES (149 trucks) | MPLX G&P (144 trucks) | CONCRETE EXPRESS INC (128 trucks) | COORS DISTRIBUTING COMPANY MILLER COORS LLC (105 trucks) | U S TRANSPORT INC (200 trucks) | WASTE CONNECTIONS OF COLORADO INC (486 trucks) | SURESHOT DRILLING LLC ATOZ FIELD SERVICES LLC DRILL TECH LLC PINNACLE DEVELOPMENT INC HDD SPECIALISTS LLC (135 trucks),135000,14748,11174344.06,"$1,320,000.00"
Sol_093,1560 N Academy Blvd,https://www.loopnet.com/Listing/1560-N-Academy-Blvd-Colorado-Springs-CO/3886433/,"Colorado Springs, CO 80909",0.64,416700.0,38.854776988204,-104.75774002483,5689.619999999999,10000,L,56.90%,1031,COLORADO SPRINGS SCHOOL DISTRICT 11 (130 trucks) | MOUNTAIN METROPOLITAN TRANSIT (144 trucks) | CITY OF COLORADO SPRINGS (326 trucks) | El PASO COUNTY (112 trucks) | GOODWILL OF COLORADO (134 trucks) | VECTRUS SYSTEMS CORPORATION (185 trucks),135000,14748,11174344.06,"$416,700.00"
Sol_093,3401 S Yosemite St,https://www.loopnet.com/Listing/3401-S-Yosemite-St-Denver-CO/39837277/,"Denver, CO 80231",0.64,675000.0,39.654049416843,-104.88550562639,19524.48,20000,XL,97.62%,2867,COMCAST (194 trucks) | SWINGLE TREE & LANDSCAPE CARE (135 trucks) | CITY LIGHT AND POWER INC (121 trucks) | WHEEL PROS LLC (182 trucks) | GLOBAL TRANSPORTATION LLC (442 trucks) | HBSCO DANS TRASH AT YOUR DISPOSAL (110 trucks) | CITY OF AURORA (271 trucks) | ORICA USA INC (215 trucks) | ENTERPRISE RENT-A-CAR NATIONAL RENT A CAR ALAMO RENT A CAR (421 trucks) | AURORA PUBLIC SCHOOLS (127 trucks) | METCO LANDSCAPING INC (226 trucks) | WAGNER EQUIPMENT CO (423 trucks),135000,14748,11174344.06,"$675,000.00"
Sol_093,4237 McWhinney Blvd,https://www.loopnet.com/Listing/4237-McWhinney-Blvd-Loveland-CO/23974785/,"Loveland, CO 80538",0.65,871347.9,40.408208389025,-105.017378025231,252.96,1000,XS,25.30%,109,LOVELAND MUNICIPALITY (109 trucks),135000,14748,11174344.06,"$871,347.90"
Sol_093,7300 W Jefferson Ave,https://www.loopnet.com/Listing/7300-W-Jefferson-Ave-Lakewood-CO/38419312/,"Lakewood, CO 80235",0.66,379999.0,39.649773884125,-105.079540805378,10536.92,20000,XL,52.68%,1415,QUALITY LOGISTICS INC (135 trucks) | KEESEN ENTERPRISES INC (263 trucks) | PROCAM SERVICES  (101 trucks) | JEFFCO SCHOOLS (274 trucks) | JEFFERSON COUNTY (120 trucks) | HOLCIM WCR INC (298 trucks) | PACIFIC SHIPPING & TRUCKING CO INC (109 trucks) | ENIVIRONMENTAL LANDWORKS COMPANY INC (115 trucks),135000,14748,11174344.06,"$379,999.00"
Sol_093,9190 W 84th Ave,https://www.loopnet.com/Listing/9190-W-84th-Ave-Arvada-CO/38160305/,"Arvada, CO 80005",0.67,499000.0,39.849854027782,-105.100317795342,7872.180000000001,10000,L,78.72%,1547,ALPINE MILLWORK COMPANY DBA ROCKY MOUNTAIN RELOAD (141 trucks) | CITY OF ARVADA (100 trucks) | GEOSTABILIZATION INTERNATIONAL LLC (155 trucks) | COLD FRONT (121 trucks) | SITEWISE LLC (145 trucks) | CITY OF THORNTON (208 trucks) | CITY OF THORNTON (174 trucks) | TRI-STATE GENERATION & TRANSMISSION ASSOCIATION INC (321 trucks) | ADAMS 12 FIVE STAR SCHOOLS (182 trucks),135000,14748,11174344.06,"$499,000.00"
Sol_093,NEC N Fairgrounds Ave,https://www.loopnet.com/Listing/NEC-N-Fairgrounds-Ave-Windsor-CO/29890025/,"Windsor, CO 80528",0.74,483449.0,40.437732372143,-104.982630626628,304.01,1000,XS,30.40%,131,LARIMER COUNTY (131 trucks),135000,14748,11174344.06,"$483,449.00"
Sol_093,11958 Lincoln Ave,https://www.loopnet.com/Listing/Lincoln-Ave-Parker-CO/39741118/,"Parker, CO 80138",0.86,495000.0,39.536519536914,-104.76116705724,13220.13,20000,XL,66.10%,1835,ACCELERATED SERVICES LLC (373 trucks) | AMERICAN FURNITURE WAREHOUSE CO (340 trucks) | TERRACARE ASSOCIATES LLC (156 trucks) | IHC SCOTT INC (214 trucks) | BUCKLEY POWDER CO (217 trucks) | CH2M OMI CH2MHILL JACOBS (183 trucks) | CHERRY CREEK SCHOOLS (352 trucks),135000,14748,11174344.06,"$495,000.00"
Sol_093,NWQ Highway 119 and I-25,https://www.loopnet.com/Listing/NWQ-Highway-119-and-I-25-Firestone-CO/31431092/,"Firestone, CO 80504",1.28,949000.0,40.160746988915,-104.978709958949,3529.55,5000,M,70.59%,606,WARD ELECTRIC COMPANY INC (222 trucks) | HEAT WAVES HOT OIL SERVICE LLC (201 trucks) | SUPREME TRANSPORT INC (183 trucks),135000,14748,11174344.06,"$949,000.00"
Sol_093,13987 Foster ct,https://www.loopnet.com/Listing/13987-Foster-ct-Longmont-CO/34579366/,"Longmont, CO 80504",1.42,1370019.92,40.140476603851,-105.119700024426,1399.2,2000,S,69.96%,385,CITY OF LONGMONT (211 trucks) | ST VRAIN VALLEY SCHOOL DISTRICT (174 trucks),135000,14748,11174344.06,"$1,370,019.92"
Sol_093,765 Aspen Ridge Drive Dr,https://www.loopnet.com/Listing/765-Aspen-Ridge-Drive-Dr-Lafayette-CO/32931931/,"Lafayette, CO 80026",1.43,556000.0,40.006898203868,-105.107210150504,4585.06,5000,M,91.70%,619,BOULDER VALLEY SCHOOL DISTRICT RE-2 (134 trucks) | VIA MOBILITY SERVICES (196 trucks) | VIA MOBILITY SERVICES (116 trucks) | CU (173 trucks),135000,14748,11174344.06,"$556,000.00"
Sol_093,E Harmony & Lady Moon Dr,https://www.loopnet.com/Listing/E-Harmony-Lady-Moon-Dr-Fort-Collins-CO/11217719/,"Fort Collins, CO 80528",2.2,1054007.0,40.523221679275,-105.010799488523,5618.16,10000,L,56.18%,972,NOVUS AG LLC (444 trucks) | CITY OF FORT COLLINS (285 trucks) | Poudre School District  (243 trucks),135000,14748,11174344.06,"$1,054,007.00"
Sol_094,2544 11th Ave,https://www.loopnet.com/Listing/2544-11th-Ave-Greeley-CO/35100267/,"Greeley, CO 80631",0.15,350000.0,40.395690645275,-104.69657283495,336.5,1000,XS,33.65%,145,WELD COUNTY PUBLIC WORKS DEPARTMENT (145 trucks),145000,16496,11970034.450000001,"$350,000.00"
Sol_094,831 N Clarkson St,https://www.loopnet.com/Listing/831-N-Clarkson-St-Denver-CO/38142797/,"Denver, CO 80218",0.18,899000.0,39.729919009716,-104.977904960968,4580.9400000000005,5000,M,91.62%,521,FARMERS ALL NATURAL (121 trucks) | CO TRAN LLC (275 trucks) | SUPERSHUTTLE DENVER (125 trucks),145000,16496,11970034.450000001,"$899,000.00"
Sol_094,422 Perry St,https://www.loopnet.com/Listing/422-Perry-St-Castle-Rock-CO/38421711/,"Castle Rock, CO 80104",0.24,605821.24,39.374148794158,-104.858322527659,2577.81,5000,M,51.56%,389,GREAT SOUTHWESTERN CONSTRUCTION INC (280 trucks) | TOWN OF CASTLE ROCK  (109 trucks),145000,16496,11970034.450000001,"$605,821.24"
Sol_094,239 S Main St,https://www.loopnet.com/Listing/239-S-Main-St-Brighton-CO/27424620/,"Brighton, CO 80601",0.31,250000.0,39.982905257485,-104.822555605705,3986.53,5000,M,79.73%,543,G&Z TRANSPORT LLC (147 trucks) | SIM TRUCKING INC (120 trucks) | ENVIRONMENTAL DESIGNS LLC (156 trucks) | BALIC TRANSPORT INC (120 trucks),145000,16496,11970034.450000001,"$250,000.00"
Sol_094,20th & Blake St,https://www.loopnet.com/Listing/20th-Blake-St-Land-Denver-CO/26158810/,"Denver, CO 80205",0.32,1320000.0,39.754299409573,-104.994304825083,9694.1,10000,L,96.94%,1382,RES (149 trucks) | MPLX G&P (144 trucks) | CONCRETE EXPRESS INC (128 trucks) | COORS DISTRIBUTING COMPANY MILLER COORS LLC (105 trucks) | U S TRANSPORT INC (200 trucks) | WASTE CONNECTIONS OF COLORADO INC (486 trucks) | COMPASS VEHICLE RENTAL INC (170 trucks),145000,16496,11970034.450000001,"$1,320,000.00"
Sol_094,1560 N Academy Blvd,https://www.loopnet.com/Listing/1560-N-Academy-Blvd-Colorado-Springs-CO/3886433/,"Colorado Springs, CO 80909",0.64,416700.0,38.854776988204,-104.75774002483,5689.619999999999,10000,L,56.90%,1031,COLORADO SPRINGS SCHOOL DISTRICT 11 (130 trucks) | MOUNTAIN METROPOLITAN TRANSIT (144 trucks) | CITY OF COLORADO SPRINGS (326 trucks) | El PASO COUNTY (112 trucks) | GOODWILL OF COLORADO (134 trucks) | VECTRUS SYSTEMS CORPORATION (185 trucks),145000,16496,11970034.450000001,"$416,700.00"
Sol_094,4237 McWhinney Blvd,https://www.loopnet.com/Listing/4237-McWhinney-Blvd-Loveland-CO/23974785/,"Loveland, CO 80538",0.65,871347.9,40.408208389025,-105.017378025231,252.96,1000,XS,25.30%,109,LOVELAND MUNICIPALITY (109 trucks),145000,16496,11970034.450000001,"$871,347.90"
Sol_094,7300 W Jefferson Ave,https://www.loopnet.com/Listing/7300-W-Jefferson-Ave-Lakewood-CO/38419312/,"Lakewood, CO 80235",0.66,379999.0,39.649773884125,-105.079540805378,10536.92,20000,XL,52.68%,1415,QUALITY LOGISTICS INC (135 trucks) | KEESEN ENTERPRISES INC (263 trucks) | PROCAM SERVICES  (101 trucks) | JEFFCO SCHOOLS (274 trucks) | JEFFERSON COUNTY (120 trucks) | HOLCIM WCR INC (298 trucks) | PACIFIC SHIPPING & TRUCKING CO INC (109 trucks) | ENIVIRONMENTAL LANDWORKS COMPANY INC (115 trucks),145000,16496,11970034.450000001,"$379,999.00"
Sol_094,9190 W 84th Ave,https://www.loopnet.com/Listing/9190-W-84th-Ave-Arvada-CO/38160305/,"Arvada, CO 80005",0.67,499000.0,39.849854027782,-105.100317795342,3378.81,5000,M,67.58%,541,ALPINE MILLWORK COMPANY DBA ROCKY MOUNTAIN RELOAD (141 trucks) | CITY OF ARVADA (100 trucks) | GEOSTABILIZATION INTERNATIONAL LLC (155 trucks) | SITEWISE LLC (145 trucks),145000,16496,11970034.450000001,"$499,000.00"
Sol_094,NEC N Fairgrounds Ave,https://www.loopnet.com/Listing/NEC-N-Fairgrounds-Ave-Windsor-CO/29890025/,"Windsor, CO 80528",0.74,483449.0,40.437732372143,-104.982630626628,304.01,1000,XS,30.40%,131,LARIMER COUNTY (131 trucks),145000,16496,11970034.450000001,"$483,449.00"
Sol_094,11958 Lincoln Ave,https://www.loopnet.com/Listing/Lincoln-Ave-Parker-CO/39741118/,"Parker, CO 80138",0.86,495000.0,39.536519536914,-104.76116705724,18264.289999999997,20000,XL,91.32%,2581,ACCELERATED SERVICES LLC (373 trucks) | AMERICAN FURNITURE WAREHOUSE CO (340 trucks) | TERRACARE ASSOCIATES LLC (156 trucks) | IHC SCOTT INC (214 trucks) | BUCKLEY POWDER CO (217 trucks) | CH2M OMI CH2MHILL JACOBS (183 trucks) | ORICA USA INC (215 trucks) | CHERRY CREEK SCHOOLS (352 trucks) | HBSCO DANS TRASH AT YOUR DISPOSAL (110 trucks) | ENTERPRISE RENT-A-CAR NATIONAL RENT A CAR ALAMO RENT A CAR (421 trucks),145000,16496,11970034.450000001,"$495,000.00"
Sol_094,8850 Huron St,https://www.loopnet.com/Listing/8850-Huron-St-Thornton-CO/33061072/,"Thornton, CO 80260",1.26,349000.0,39.858426283979,-104.995662022846,18972.29,20000,XL,94.86%,2791,CITY OF THORNTON (208 trucks) | CITY OF THORNTON (174 trucks) | COCAL LANDSCAPE SERVICES INC (153 trucks) | COLD FRONT (121 trucks) | READY MIX CONCRETE COMPANY (191 trucks) | NAVAJO EXPRESS INC (309 trucks) | TRI-STATE GENERATION & TRANSMISSION ASSOCIATION INC (321 trucks) | WESTERN DISTRIBUTING TRANSPORTATION CORP (155 trucks) | RMS CRANES (139 trucks) | SURESHOT DRILLING LLC ATOZ FIELD SERVICES LLC DRILL TECH LLC PINNACLE DEVELOPMENT INC HDD SPECIALISTS LLC (135 trucks) | EAGLE ROCK DISTRIBUTING COMPANY OF COLORADO LLC (148 trucks) | OFFEN PETROLEUM LLC (269 trucks) | ADAMS 12 FIVE STAR SCHOOLS (182 trucks) | WEST DIRECT OIL (140 trucks) | BURNCO COLORADO LLC (146 trucks),145000,16496,11970034.450000001,"$349,000.00"
Sol_094,NWQ Highway 119 and I-25,https://www.loopnet.com/Listing/NWQ-Highway-119-and-I-25-Firestone-CO/31431092/,"Firestone, CO 80504",1.28,949000.0,40.160746988915,-104.978709958949,3529.55,5000,M,70.59%,606,WARD ELECTRIC COMPANY INC (222 trucks) | HEAT WAVES HOT OIL SERVICE LLC (201 trucks) | SUPREME TRANSPORT INC (183 trucks),145000,16496,11970034.450000001,"$949,000.00"
Sol_094,13987 Foster ct,https://www.loopnet.com/Listing/13987-Foster-ct-Longmont-CO/34579366/,"Longmont, CO 80504",1.42,1370019.92,40.140476603851,-105.119700024426,1399.2,2000,S,69.96%,385,CITY OF LONGMONT (211 trucks) | ST VRAIN VALLEY SCHOOL DISTRICT (174 trucks),145000,16496,11970034.450000001,"$1,370,019.92"
Sol_094,765 Aspen Ridge Drive Dr,https://www.loopnet.com/Listing/765-Aspen-Ridge-Drive-Dr-Lafayette-CO/32931931/,"Lafayette, CO 80026",1.43,556000.0,40.006898203868,-105.107210150504,4585.06,5000,M,91.70%,619,BOULDER VALLEY SCHOOL DISTRICT RE-2 (134 trucks) | VIA MOBILITY SERVICES (196 trucks) | VIA MOBILITY SERVICES (116 trucks) | CU (173 trucks),145000,16496,11970034.450000001,"$556,000.00"
Sol_094,150 S Potomac St,https://www.loopnet.com/Listing/150-S-Potomac-St-Aurora-CO/31718288/,"Aurora, CO 80012",1.69,1121690.39,39.714059275442,-104.827803431464,16479.05,20000,XL,82.40%,2335,CITY OF AURORA (271 trucks) | AURORA PUBLIC SCHOOLS (127 trucks) | METCO LANDSCAPING INC (226 trucks) | WAGNER EQUIPMENT CO (423 trucks) | SWINGLE TREE & LANDSCAPE CARE (135 trucks) | COMCAST (194 trucks) | SHAMROCK FOODS COMPANY (214 trucks) | CITY LIGHT AND POWER INC (121 trucks) | WHEEL PROS LLC (182 trucks) | GLOBAL TRANSPORTATION LLC (442 trucks),145000,16496,11970034.450000001,"$1,121,690.39"
Sol_094,E Harmony & Lady Moon Dr,https://www.loopnet.com/Listing/E-Harmony-Lady-Moon-Dr-Fort-Collins-CO/11217719/,"Fort Collins, CO 80528",2.2,1054007.0,40.523221679275,-105.010799488523,5618.16,10000,L,56.18%,972,NOVUS AG LLC (444 trucks) | CITY OF FORT COLLINS (285 trucks) | Poudre School District  (243 trucks),145000,16496,11970034.450000001,"$1,054,007.00"
Sol_095,2544 11th Ave,https://www.loopnet.com/Listing/2544-11th-Ave-Greeley-CO/35100267/,"Greeley, CO 80631",0.15,350000.0,40.395690645275,-104.69657283495,336.5,1000,XS,33.65%,145,WELD COUNTY PUBLIC WORKS DEPARTMENT (145 trucks),165000,16838,12423344.06,"$350,000.00"
Sol_095,831 N Clarkson St,https://www.loopnet.com/Listing/831-N-Clarkson-St-Denver-CO/38142797/,"Denver, CO 80218",0.18,899000.0,39.729919009716,-104.977904960968,4580.9400000000005,5000,M,91.62%,521,FARMERS ALL NATURAL (121 trucks) | CO TRAN LLC (275 trucks) | SUPERSHUTTLE DENVER (125 trucks),165000,16838,12423344.06,"$899,000.00"
Sol_095,422 Perry St,https://www.loopnet.com/Listing/422-Perry-St-Castle-Rock-CO/38421711/,"Castle Rock, CO 80104",0.24,605821.24,39.374148794158,-104.858322527659,2577.81,5000,M,51.56%,389,GREAT SOUTHWESTERN CONSTRUCTION INC (280 trucks) | TOWN OF CASTLE ROCK  (109 trucks),165000,16838,12423344.06,"$605,821.24"
Sol_095,239 S Main St,https://www.loopnet.com/Listing/239-S-Main-St-Brighton-CO/27424620/,"Brighton, CO 80601",0.31,250000.0,39.982905257485,-104.822555605705,3986.53,5000,M,79.73%,543,G&Z TRANSPORT LLC (147 trucks) | SIM TRUCKING INC (120 trucks) | ENVIRONMENTAL DESIGNS LLC (156 trucks) | BALIC TRANSPORT INC (120 trucks),165000,16838,12423344.06,"$250,000.00"
Sol_095,20th & Blake St,https://www.loopnet.com/Listing/20th-Blake-St-Land-Denver-CO/26158810/,"Denver, CO 80205",0.32,1320000.0,39.754299409573,-104.994304825083,7615.27,10000,L,76.15%,1147,RES (149 trucks) | MPLX G&P (144 trucks) | CONCRETE EXPRESS INC (128 trucks) | COMPASS VEHICLE RENTAL INC (170 trucks) | UNITED SITE SERVICES OF NEVADA INC (409 trucks) | UNITED SITE SERVICES OF COLORADO INC (147 trucks),165000,16838,12423344.06,"$1,320,000.00"
Sol_095,1560 N Academy Blvd,https://www.loopnet.com/Listing/1560-N-Academy-Blvd-Colorado-Springs-CO/3886433/,"Colorado Springs, CO 80909",0.64,416700.0,38.854776988204,-104.75774002483,5689.619999999999,10000,L,56.90%,1031,COLORADO SPRINGS SCHOOL DISTRICT 11 (130 trucks) | MOUNTAIN METROPOLITAN TRANSIT (144 trucks) | CITY OF COLORADO SPRINGS (326 trucks) | El PASO COUNTY (112 trucks) | GOODWILL OF COLORADO (134 trucks) | VECTRUS SYSTEMS CORPORATION (185 trucks),165000,16838,12423344.06,"$416,700.00"
Sol_095,3401 S Yosemite St,https://www.loopnet.com/Listing/3401-S-Yosemite-St-Denver-CO/39837277/,"Denver, CO 80231",0.64,675000.0,39.654049416843,-104.88550562639,19524.48,20000,XL,97.62%,2867,COMCAST (194 trucks) | SWINGLE TREE & LANDSCAPE CARE (135 trucks) | CITY LIGHT AND POWER INC (121 trucks) | WHEEL PROS LLC (182 trucks) | GLOBAL TRANSPORTATION LLC (442 trucks) | HBSCO DANS TRASH AT YOUR DISPOSAL (110 trucks) | CITY OF AURORA (271 trucks) | ORICA USA INC (215 trucks) | ENTERPRISE RENT-A-CAR NATIONAL RENT A CAR ALAMO RENT A CAR (421 trucks) | AURORA PUBLIC SCHOOLS (127 trucks) | METCO LANDSCAPING INC (226 trucks) | WAGNER EQUIPMENT CO (423 trucks),165000,16838,12423344.06,"$675,000.00"
Sol_095,4237 McWhinney Blvd,https://www.loopnet.com/Listing/4237-McWhinney-Blvd-Loveland-CO/23974785/,"Loveland, CO 80538",0.65,871347.9,40.408208389025,-105.017378025231,252.96,1000,XS,25.30%,109,LOVELAND MUNICIPALITY (109 trucks),165000,16838,12423344.06,"$871,347.90"
Sol_095,7300 W Jefferson Ave,https://www.loopnet.com/Listing/7300-W-Jefferson-Ave-Lakewood-CO/38419312/,"Lakewood, CO 80235",0.66,379999.0,39.649773884125,-105.079540805378,10536.92,20000,XL,52.68%,1415,QUALITY LOGISTICS INC (135 trucks) | KEESEN ENTERPRISES INC (263 trucks) | PROCAM SERVICES  (101 trucks) | JEFFCO SCHOOLS (274 trucks) | JEFFERSON COUNTY (120 trucks) | HOLCIM WCR INC (298 trucks) | PACIFIC SHIPPING & TRUCKING CO INC (109 trucks) | ENIVIRONMENTAL LANDWORKS COMPANY INC (115 trucks),165000,16838,12423344.06,"$379,999.00"
Sol_095,9190 W 84th Ave,https://www.loopnet.com/Listing/9190-W-84th-Ave-Arvada-CO/38160305/,"Arvada, CO 80005",0.67,499000.0,39.849854027782,-105.100317795342,3378.81,5000,M,67.58%,541,ALPINE MILLWORK COMPANY DBA ROCKY MOUNTAIN RELOAD (141 trucks) | CITY OF ARVADA (100 trucks) | GEOSTABILIZATION INTERNATIONAL LLC (155 trucks) | SITEWISE LLC (145 trucks),165000,16838,12423344.06,"$499,000.00"
Sol_095,NEC N Fairgrounds Ave,https://www.loopnet.com/Listing/NEC-N-Fairgrounds-Ave-Windsor-CO/29890025/,"Windsor, CO 80528",0.74,483449.0,40.437732372143,-104.982630626628,304.01,1000,XS,30.40%,131,LARIMER COUNTY (131 trucks),165000,16838,12423344.06,"$483,449.00"
Sol_095,11958 Lincoln Ave,https://www.loopnet.com/Listing/Lincoln-Ave-Parker-CO/39741118/,"Parker, CO 80138",0.86,495000.0,39.536519536914,-104.76116705724,13220.13,20000,XL,66.10%,1835,ACCELERATED SERVICES LLC (373 trucks) | AMERICAN FURNITURE WAREHOUSE CO (340 trucks) | TERRACARE ASSOCIATES LLC (156 trucks) | IHC SCOTT INC (214 trucks) | BUCKLEY POWDER CO (217 trucks) | CH2M OMI CH2MHILL JACOBS (183 trucks) | CHERRY CREEK SCHOOLS (352 trucks),165000,16838,12423344.06,"$495,000.00"
Sol_095,2980 W 60th Ave,https://www.loopnet.com/Listing/2980-W-60th-Ave-Denver-CO/12107088/,"Denver, CO 80221",1.14,900000.0,39.805386957185,-105.022150208489,12875.779999999999,20000,XL,64.38%,1643,NAVAJO EXPRESS INC (309 trucks) | COORS DISTRIBUTING COMPANY MILLER COORS LLC (105 trucks) | COLD FRONT (121 trucks) | U S TRANSPORT INC (200 trucks) | SURESHOT DRILLING LLC ATOZ FIELD SERVICES LLC DRILL TECH LLC PINNACLE DEVELOPMENT INC HDD SPECIALISTS LLC (135 trucks) | EAGLE ROCK DISTRIBUTING COMPANY OF COLORADO LLC (148 trucks) | WASTE CONNECTIONS OF COLORADO INC (486 trucks) | RMS CRANES (139 trucks),165000,16838,12423344.06,"$900,000.00"
Sol_095,8850 Huron St,https://www.loopnet.com/Listing/8850-Huron-St-Thornton-CO/33061072/,"Thornton, CO 80260",1.26,349000.0,39.858426283979,-104.995662022846,11778.220000000001,20000,XL,58.89%,1939,CITY OF THORNTON (208 trucks) | CITY OF THORNTON (174 trucks) | COCAL LANDSCAPE SERVICES INC (153 trucks) | READY MIX CONCRETE COMPANY (191 trucks) | TRI-STATE GENERATION & TRANSMISSION ASSOCIATION INC (321 trucks) | WESTERN DISTRIBUTING TRANSPORTATION CORP (155 trucks) | OFFEN PETROLEUM LLC (269 trucks) | ADAMS 12 FIVE STAR SCHOOLS (182 trucks) | WEST DIRECT OIL (140 trucks) | BURNCO COLORADO LLC (146 trucks),165000,16838,12423344.06,"$349,000.00"
Sol_095,NWQ Highway 119 and I-25,https://www.loopnet.com/Listing/NWQ-Highway-119-and-I-25-Firestone-CO/31431092/,"Firestone, CO 80504",1.28,949000.0,40.160746988915,-104.978709958949,3529.55,5000,M,70.59%,606,WARD ELECTRIC COMPANY INC (222 trucks) | HEAT WAVES HOT OIL SERVICE LLC (201 trucks) | SUPREME TRANSPORT INC (183 trucks),165000,16838,12423344.06,"$949,000.00"
Sol_095,13987 Foster ct,https://www.loopnet.com/Listing/13987-Foster-ct-Longmont-CO/34579366/,"Longmont, CO 80504",1.42,1370019.92,40.140476603851,-105.119700024426,1399.2,2000,S,69.96%,385,CITY OF LONGMONT (211 trucks) | ST VRAIN VALLEY SCHOOL DISTRICT (174 trucks),165000,16838,12423344.06,"$1,370,019.92"
Sol_095,765 Aspen Ridge Drive Dr,https://www.loopnet.com/Listing/765-Aspen-Ridge-Drive-Dr-Lafayette-CO/32931931/,"Lafayette, CO 80026",1.43,556000.0,40.006898203868,-105.107210150504,4585.06,5000,M,91.70%,619,BOULDER VALLEY SCHOOL DISTRICT RE-2 (134 trucks) | VIA MOBILITY SERVICES (196 trucks) | VIA MOBILITY SERVICES (116 trucks) | CU (173 trucks),165000,16838,12423344.06,"$556,000.00"
Sol_095,E Harmony & Lady Moon Dr,https://www.loopnet.com/Listing/E-Harmony-Lady-Moon-Dr-Fort-Collins-CO/11217719/,"Fort Collins, CO 80528",2.2,1054007.0,40.523221679275,-105.010799488523,5618.16,10000,L,56.18%,972,NOVUS AG LLC (444 trucks) | CITY OF FORT COLLINS (285 trucks) | Poudre School District  (243 trucks),165000,16838,12423344.06,"$1,054,007.00"
Sol_096,2544 11th Ave,https://www.loopnet.com/Listing/2544-11th-Ave-Greeley-CO/35100267/,"Greeley, CO 80631",0.15,350000.0,40.395690645275,-104.69657283495,336.5,1000,XS,33.65%,145,WELD COUNTY PUBLIC WORKS DEPARTMENT (145 trucks),137000,15017,11444344.06,"$350,000.00"
Sol_096,831 N Clarkson St,https://www.loopnet.com/Listing/831-N-Clarkson-St-Denver-CO/38142797/,"Denver, CO 80218",0.18,899000.0,39.729919009716,-104.977904960968,4580.9400000000005,5000,M,91.62%,521,FARMERS ALL NATURAL (121 trucks) | CO TRAN LLC (275 trucks) | SUPERSHUTTLE DENVER (125 trucks),137000,15017,11444344.06,"$899,000.00"
Sol_096,422 Perry St,https://www.loopnet.com/Listing/422-Perry-St-Castle-Rock-CO/38421711/,"Castle Rock, CO 80104",0.24,605821.24,39.374148794158,-104.858322527659,2577.81,5000,M,51.56%,389,GREAT SOUTHWESTERN CONSTRUCTION INC (280 trucks) | TOWN OF CASTLE ROCK  (109 trucks),137000,15017,11444344.06,"$605,821.24"
Sol_096,239 S Main St,https://www.loopnet.com/Listing/239-S-Main-St-Brighton-CO/27424620/,"Brighton, CO 80601",0.31,250000.0,39.982905257485,-104.822555605705,1694.9,2000,S,84.75%,267,G&Z TRANSPORT LLC (147 trucks) | SIM TRUCKING INC (120 trucks),137000,15017,11444344.06,"$250,000.00"
Sol_096,20th & Blake St,https://www.loopnet.com/Listing/20th-Blake-St-Land-Denver-CO/26158810/,"Denver, CO 80205",0.32,1320000.0,39.754299409573,-104.994304825083,9307.460000000001,10000,L,93.07%,1347,RES (149 trucks) | MPLX G&P (144 trucks) | CONCRETE EXPRESS INC (128 trucks) | COORS DISTRIBUTING COMPANY MILLER COORS LLC (105 trucks) | U S TRANSPORT INC (200 trucks) | WASTE CONNECTIONS OF COLORADO INC (486 trucks) | SURESHOT DRILLING LLC ATOZ FIELD SERVICES LLC DRILL TECH LLC PINNACLE DEVELOPMENT INC HDD SPECIALISTS LLC (135 trucks),137000,15017,11444344.06,"$1,320,000.00"
Sol_096,1560 N Academy Blvd,https://www.loopnet.com/Listing/1560-N-Academy-Blvd-Colorado-Springs-CO/3886433/,"Colorado Springs, CO 80909",0.64,416700.0,38.854776988204,-104.75774002483,5689.619999999999,10000,L,56.90%,1031,COLORADO SPRINGS SCHOOL DISTRICT 11 (130 trucks) | MOUNTAIN METROPOLITAN TRANSIT (144 trucks) | CITY OF COLORADO SPRINGS (326 trucks) | El PASO COUNTY (112 trucks) | GOODWILL OF COLORADO (134 trucks) | VECTRUS SYSTEMS CORPORATION (185 trucks),137000,15017,11444344.06,"$416,700.00"
Sol_096,3401 S Yosemite St,https://www.loopnet.com/Listing/3401-S-Yosemite-St-Denver-CO/39837277/,"Denver, CO 80231",0.64,675000.0,39.654049416843,-104.88550562639,19524.48,20000,XL,97.62%,2867,COMCAST (194 trucks) | SWINGLE TREE & LANDSCAPE CARE (135 trucks) | CITY LIGHT AND POWER INC (121 trucks) | WHEEL PROS LLC (182 trucks) | GLOBAL TRANSPORTATION LLC (442 trucks) | HBSCO DANS TRASH AT YOUR DISPOSAL (110 trucks) | CITY OF AURORA (271 trucks) | ORICA USA INC (215 trucks) | ENTERPRISE RENT-A-CAR NATIONAL RENT A CAR ALAMO RENT A CAR (421 trucks) | AURORA PUBLIC SCHOOLS (127 trucks) | METCO LANDSCAPING INC (226 trucks) | WAGNER EQUIPMENT CO (423 trucks),137000,15017,11444344.06,"$675,000.00"
Sol_096,4237 McWhinney Blvd,https://www.loopnet.com/Listing/4237-McWhinney-Blvd-Loveland-CO/23974785/,"Loveland, CO 80538",0.65,871347.9,40.408208389025,-105.017378025231,252.96,1000,XS,25.30%,109,LOVELAND MUNICIPALITY (109 trucks),137000,15017,11444344.06,"$871,347.90"
Sol_096,7300 W Jefferson Ave,https://www.loopnet.com/Listing/7300-W-Jefferson-Ave-Lakewood-CO/38419312/,"Lakewood, CO 80235",0.66,379999.0,39.649773884125,-105.079540805378,10536.92,20000,XL,52.68%,1415,QUALITY LOGISTICS INC (135 trucks) | KEESEN ENTERPRISES INC (263 trucks) | PROCAM SERVICES  (101 trucks) | JEFFCO SCHOOLS (274 trucks) | JEFFERSON COUNTY (120 trucks) | HOLCIM WCR INC (298 trucks) | PACIFIC SHIPPING & TRUCKING CO INC (109 trucks) | ENIVIRONMENTAL LANDWORKS COMPANY INC (115 trucks),137000,15017,11444344.06,"$379,999.00"
Sol_096,9190 W 84th Ave,https://www.loopnet.com/Listing/9190-W-84th-Ave-Arvada-CO/38160305/,"Arvada, CO 80005",0.67,499000.0,39.849854027782,-105.100317795342,6920.830000000001,10000,L,69.21%,1365,ALPINE MILLWORK COMPANY DBA ROCKY MOUNTAIN RELOAD (141 trucks) | CITY OF ARVADA (100 trucks) | GEOSTABILIZATION INTERNATIONAL LLC (155 trucks) | COLD FRONT (121 trucks) | SITEWISE LLC (145 trucks) | CITY OF THORNTON (208 trucks) | CITY OF THORNTON (174 trucks) | TRI-STATE GENERATION & TRANSMISSION ASSOCIATION INC (321 trucks),137000,15017,11444344.06,"$499,000.00"
Sol_096,10431 Quari St,https://www.loopnet.com/Listing/10431-Quari-St-Commerce-City-CO/29119294/,"Commerce City, CO 80022",0.72,270000.0,39.886267655476,-104.844980046547,7354.02,10000,L,73.54%,1013,ENVIRONMENTAL DESIGNS LLC (156 trucks) | BALIC TRANSPORT INC (120 trucks) | BURNCO COLORADO LLC (146 trucks) | WEST DIRECT OIL (140 trucks) | OFFEN PETROLEUM LLC (269 trucks) | ADAMS 12 FIVE STAR SCHOOLS (182 trucks),137000,15017,11444344.06,"$270,000.00"
Sol_096,NEC N Fairgrounds Ave,https://www.loopnet.com/Listing/NEC-N-Fairgrounds-Ave-Windsor-CO/29890025/,"Windsor, CO 80528",0.74,483449.0,40.437732372143,-104.982630626628,304.01,1000,XS,30.40%,131,LARIMER COUNTY (131 trucks),137000,15017,11444344.06,"$483,449.00"
Sol_096,11958 Lincoln Ave,https://www.loopnet.com/Listing/Lincoln-Ave-Parker-CO/39741118/,"Parker, CO 80138",0.86,495000.0,39.536519536914,-104.76116705724,13220.13,20000,XL,66.10%,1835,ACCELERATED SERVICES LLC (373 trucks) | AMERICAN FURNITURE WAREHOUSE CO (340 trucks) | TERRACARE ASSOCIATES LLC (156 trucks) | IHC SCOTT INC (214 trucks) | BUCKLEY POWDER CO (217 trucks) | CH2M OMI CH2MHILL JACOBS (183 trucks) | CHERRY CREEK SCHOOLS (352 trucks),137000,15017,11444344.06,"$495,000.00"
Sol_096,NWQ Highway 119 and I-25,https://www.loopnet.com/Listing/NWQ-Highway-119-and-I-25-Firestone-CO/31431092/,"Firestone, CO 80504",1.28,949000.0,40.160746988915,-104.978709958949,3529.55,5000,M,70.59%,606,WARD ELECTRIC COMPANY INC (222 trucks) | HEAT WAVES HOT OIL SERVICE LLC (201 trucks) | SUPREME TRANSPORT INC (183 trucks),137000,15017,11444344.06,"$949,000.00"
Sol_096,13987 Foster ct,https://www.loopnet.com/Listing/13987-Foster-ct-Longmont-CO/34579366/,"Longmont, CO 80504",1.42,1370019.92,40.140476603851,-105.119700024426,1399.2,2000,S,69.96%,385,CITY OF LONGMONT (211 trucks) | ST VRAIN VALLEY SCHOOL DISTRICT (174 trucks),137000,15017,11444344.06,"$1,370,019.92"
Sol_096,765 Aspen Ridge Drive Dr,https://www.loopnet.com/Listing/765-Aspen-Ridge-Drive-Dr-Lafayette-CO/32931931/,"Lafayette, CO 80026",1.43,556000.0,40.006898203868,-105.107210150504,4585.06,5000,M,91.70%,619,BOULDER VALLEY SCHOOL DISTRICT RE-2 (134 trucks) | VIA MOBILITY SERVICES (196 trucks) | VIA MOBILITY SERVICES (116 trucks) | CU (173 trucks),137000,15017,11444344.06,"$556,000.00"
Sol_096,E Harmony & Lady Moon Dr,https://www.loopnet.com/Listing/E-Harmony-Lady-Moon-Dr-Fort-Collins-CO/11217719/,"Fort Collins, CO 80528",2.2,1054007.0,40.523221679275,-105.010799488523,5618.16,10000,L,56.18%,972,NOVUS AG LLC (444 trucks) | CITY OF FORT COLLINS (285 trucks) | Poudre School District  (243 trucks),137000,15017,11444344.06,"$1,054,007.00"
Sol_097,2544 11th Ave,https://www.loopnet.com/Listing/2544-11th-Ave-Greeley-CO/35100267/,"Greeley, CO 80631",0.15,350000.0,40.395690645275,-104.69657283495,336.5,1000,XS,33.65%,145,WELD COUNTY PUBLIC WORKS DEPARTMENT (145 trucks),135000,14962,11621034.450000001,"$350,000.00"
Sol_097,831 N Clarkson St,https://www.loopnet.com/Listing/831-N-Clarkson-St-Denver-CO/38142797/,"Denver, CO 80218",0.18,899000.0,39.729919009716,-104.977904960968,4580.9400000000005,5000,M,91.62%,521,FARMERS ALL NATURAL (121 trucks) | CO TRAN LLC (275 trucks) | SUPERSHUTTLE DENVER (125 trucks),135000,14962,11621034.450000001,"$899,000.00"
Sol_097,422 Perry St,https://www.loopnet.com/Listing/422-Perry-St-Castle-Rock-CO/38421711/,"Castle Rock, CO 80104",0.24,605821.24,39.374148794158,-104.858322527659,2577.81,5000,M,51.56%,389,GREAT SOUTHWESTERN CONSTRUCTION INC (280 trucks) | TOWN OF CASTLE ROCK  (109 trucks),135000,14962,11621034.450000001,"$605,821.24"
Sol_097,239 S Main St,https://www.loopnet.com/Listing/239-S-Main-St-Brighton-CO/27424620/,"Brighton, CO 80601",0.31,250000.0,39.982905257485,-104.822555605705,5864.05,10000,L,58.64%,829,G&Z TRANSPORT LLC (147 trucks) | SIM TRUCKING INC (120 trucks) | ENVIRONMENTAL DESIGNS LLC (156 trucks) | BALIC TRANSPORT INC (120 trucks) | BURNCO COLORADO LLC (146 trucks) | WEST DIRECT OIL (140 trucks),135000,14962,11621034.450000001,"$250,000.00"
Sol_097,20th & Blake St,https://www.loopnet.com/Listing/20th-Blake-St-Land-Denver-CO/26158810/,"Denver, CO 80205",0.32,1320000.0,39.754299409573,-104.994304825083,9307.460000000001,10000,L,93.07%,1347,RES (149 trucks) | MPLX G&P (144 trucks) | CONCRETE EXPRESS INC (128 trucks) | COORS DISTRIBUTING COMPANY MILLER COORS LLC (105 trucks) | U S TRANSPORT INC (200 trucks) | WASTE CONNECTIONS OF COLORADO INC (486 trucks) | SURESHOT DRILLING LLC ATOZ FIELD SERVICES LLC DRILL TECH LLC PINNACLE DEVELOPMENT INC HDD SPECIALISTS LLC (135 trucks),135000,14962,11621034.450000001,"$1,320,000.00"
Sol_097,1560 N Academy Blvd,https://www.loopnet.com/Listing/1560-N-Academy-Blvd-Colorado-Springs-CO/3886433/,"Colorado Springs, CO 80909",0.64,416700.0,38.854776988204,-104.75774002483,5689.619999999999,10000,L,56.90%,1031,COLORADO SPRINGS SCHOOL DISTRICT 11 (130 trucks) | MOUNTAIN METROPOLITAN TRANSIT (144 trucks) | CITY OF COLORADO SPRINGS (326 trucks) | El PASO COUNTY (112 trucks) | GOODWILL OF COLORADO (134 trucks) | VECTRUS SYSTEMS CORPORATION (185 trucks),135000,14962,11621034.450000001,"$416,700.00"
Sol_097,4237 McWhinney Blvd,https://www.loopnet.com/Listing/4237-McWhinney-Blvd-Loveland-CO/23974785/,"Loveland, CO 80538",0.65,871347.9,40.408208389025,-105.017378025231,252.96,1000,XS,25.30%,109,LOVELAND MUNICIPALITY (109 trucks),135000,14962,11621034.450000001,"$871,347.90"
Sol_097,7300 W Jefferson Ave,https://www.loopnet.com/Listing/7300-W-Jefferson-Ave-Lakewood-CO/38419312/,"Lakewood, CO 80235",0.66,379999.0,39.649773884125,-105.079540805378,10536.92,20000,XL,52.68%,1415,QUALITY LOGISTICS INC (135 trucks) | KEESEN ENTERPRISES INC (263 trucks) | PROCAM SERVICES  (101 trucks) | JEFFCO SCHOOLS (274 trucks) | JEFFERSON COUNTY (120 trucks) | HOLCIM WCR INC (298 trucks) | PACIFIC SHIPPING & TRUCKING CO INC (109 trucks) | ENIVIRONMENTAL LANDWORKS COMPANY INC (115 trucks),135000,14962,11621034.450000001,"$379,999.00"
Sol_097,9190 W 84th Ave,https://www.loopnet.com/Listing/9190-W-84th-Ave-Arvada-CO/38160305/,"Arvada, CO 80005",0.67,499000.0,39.849854027782,-105.100317795342,7872.180000000001,10000,L,78.72%,1547,ALPINE MILLWORK COMPANY DBA ROCKY MOUNTAIN RELOAD (141 trucks) | CITY OF ARVADA (100 trucks) | GEOSTABILIZATION INTERNATIONAL LLC (155 trucks) | COLD FRONT (121 trucks) | SITEWISE LLC (145 trucks) | CITY OF THORNTON (208 trucks) | CITY OF THORNTON (174 trucks) | TRI-STATE GENERATION & TRANSMISSION ASSOCIATION INC (321 trucks) | ADAMS 12 FIVE STAR SCHOOLS (182 trucks),135000,14962,11621034.450000001,"$499,000.00"
Sol_097,NEC N Fairgrounds Ave,https://www.loopnet.com/Listing/NEC-N-Fairgrounds-Ave-Windsor-CO/29890025/,"Windsor, CO 80528",0.74,483449.0,40.437732372143,-104.982630626628,304.01,1000,XS,30.40%,131,LARIMER COUNTY (131 trucks),135000,14962,11621034.450000001,"$483,449.00"
Sol_097,11958 Lincoln Ave,https://www.loopnet.com/Listing/Lincoln-Ave-Parker-CO/39741118/,"Parker, CO 80138",0.86,495000.0,39.536519536914,-104.76116705724,18264.289999999997,20000,XL,91.32%,2581,ACCELERATED SERVICES LLC (373 trucks) | AMERICAN FURNITURE WAREHOUSE CO (340 trucks) | TERRACARE ASSOCIATES LLC (156 trucks) | IHC SCOTT INC (214 trucks) | BUCKLEY POWDER CO (217 trucks) | CH2M OMI CH2MHILL JACOBS (183 trucks) | ORICA USA INC (215 trucks) | CHERRY CREEK SCHOOLS (352 trucks) | HBSCO DANS TRASH AT YOUR DISPOSAL (110 trucks) | ENTERPRISE RENT-A-CAR NATIONAL RENT A CAR ALAMO RENT A CAR (421 trucks),135000,14962,11621034.450000001,"$495,000.00"
Sol_097,NWQ Highway 119 and I-25,https://www.loopnet.com/Listing/NWQ-Highway-119-and-I-25-Firestone-CO/31431092/,"Firestone, CO 80504",1.28,949000.0,40.160746988915,-104.978709958949,3529.55,5000,M,70.59%,606,WARD ELECTRIC COMPANY INC (222 trucks) | HEAT WAVES HOT OIL SERVICE LLC (201 trucks) | SUPREME TRANSPORT INC (183 trucks),135000,14962,11621034.450000001,"$949,000.00"
Sol_097,13987 Foster ct,https://www.loopnet.com/Listing/13987-Foster-ct-Longmont-CO/34579366/,"Longmont, CO 80504",1.42,1370019.92,40.140476603851,-105.119700024426,1399.2,2000,S,69.96%,385,CITY OF LONGMONT (211 trucks) | ST VRAIN VALLEY SCHOOL DISTRICT (174 trucks),135000,14962,11621034.450000001,"$1,370,019.92"
Sol_097,765 Aspen Ridge Drive Dr,https://www.loopnet.com/Listing/765-Aspen-Ridge-Drive-Dr-Lafayette-CO/32931931/,"Lafayette, CO 80026",1.43,556000.0,40.006898203868,-105.107210150504,4585.06,5000,M,91.70%,619,BOULDER VALLEY SCHOOL DISTRICT RE-2 (134 trucks) | VIA MOBILITY SERVICES (196 trucks) | VIA MOBILITY SERVICES (116 trucks) | CU (173 trucks),135000,14962,11621034.450000001,"$556,000.00"
Sol_097,150 S Potomac St,https://www.loopnet.com/Listing/150-S-Potomac-St-Aurora-CO/31718288/,"Aurora, CO 80012",1.69,1121690.39,39.714059275442,-104.827803431464,16479.05,20000,XL,82.40%,2335,CITY OF AURORA (271 trucks) | AURORA PUBLIC SCHOOLS (127 trucks) | METCO LANDSCAPING INC (226 trucks) | WAGNER EQUIPMENT CO (423 trucks) | SWINGLE TREE & LANDSCAPE CARE (135 trucks) | COMCAST (194 trucks) | SHAMROCK FOODS COMPANY (214 trucks) | CITY LIGHT AND POWER INC (121 trucks) | WHEEL PROS LLC (182 trucks) | GLOBAL TRANSPORTATION LLC (442 trucks),135000,14962,11621034.450000001,"$1,121,690.39"
Sol_097,E Harmony & Lady Moon Dr,https://www.loopnet.com/Listing/E-Harmony-Lady-Moon-Dr-Fort-Collins-CO/11217719/,"Fort Collins, CO 80528",2.2,1054007.0,40.523221679275,-105.010799488523,5618.16,10000,L,56.18%,972,NOVUS AG LLC (444 trucks) | CITY OF FORT COLLINS (285 trucks) | Poudre School District  (243 trucks),135000,14962,11621034.450000001,"$1,054,007.00"
Sol_098,2544 11th Ave,https://www.loopnet.com/Listing/2544-11th-Ave-Greeley-CO/35100267/,"Greeley, CO 80631",0.15,350000.0,40.395690645275,-104.69657283495,336.5,1000,XS,33.65%,145,WELD COUNTY PUBLIC WORKS DEPARTMENT (145 trucks),115000,12627,10499344.06,"$350,000.00"
Sol_098,831 N Clarkson St,https://www.loopnet.com/Listing/831-N-Clarkson-St-Denver-CO/38142797/,"Denver, CO 80218",0.18,899000.0,39.729919009716,-104.977904960968,4580.9400000000005,5000,M,91.62%,521,FARMERS ALL NATURAL (121 trucks) | CO TRAN LLC (275 trucks) | SUPERSHUTTLE DENVER (125 trucks),115000,12627,10499344.06,"$899,000.00"
Sol_098,422 Perry St,https://www.loopnet.com/Listing/422-Perry-St-Castle-Rock-CO/38421711/,"Castle Rock, CO 80104",0.24,605821.24,39.374148794158,-104.858322527659,2577.81,5000,M,51.56%,389,GREAT SOUTHWESTERN CONSTRUCTION INC (280 trucks) | TOWN OF CASTLE ROCK  (109 trucks),115000,12627,10499344.06,"$605,821.24"
Sol_098,239 S Main St,https://www.loopnet.com/Listing/239-S-Main-St-Brighton-CO/27424620/,"Brighton, CO 80601",0.31,250000.0,39.982905257485,-104.822555605705,5864.05,10000,L,58.64%,829,G&Z TRANSPORT LLC (147 trucks) | SIM TRUCKING INC (120 trucks) | ENVIRONMENTAL DESIGNS LLC (156 trucks) | BALIC TRANSPORT INC (120 trucks) | BURNCO COLORADO LLC (146 trucks) | WEST DIRECT OIL (140 trucks),115000,12627,10499344.06,"$250,000.00"
Sol_098,20th & Blake St,https://www.loopnet.com/Listing/20th-Blake-St-Land-Denver-CO/26158810/,"Denver, CO 80205",0.32,1320000.0,39.754299409573,-104.994304825083,9307.460000000001,10000,L,93.07%,1347,RES (149 trucks) | MPLX G&P (144 trucks) | CONCRETE EXPRESS INC (128 trucks) | COORS DISTRIBUTING COMPANY MILLER COORS LLC (105 trucks) | U S TRANSPORT INC (200 trucks) | WASTE CONNECTIONS OF COLORADO INC (486 trucks) | SURESHOT DRILLING LLC ATOZ FIELD SERVICES LLC DRILL TECH LLC PINNACLE DEVELOPMENT INC HDD SPECIALISTS LLC (135 trucks),115000,12627,10499344.06,"$1,320,000.00"
Sol_098,1560 N Academy Blvd,https://www.loopnet.com/Listing/1560-N-Academy-Blvd-Colorado-Springs-CO/3886433/,"Colorado Springs, CO 80909",0.64,416700.0,38.854776988204,-104.75774002483,5689.619999999999,10000,L,56.90%,1031,COLORADO SPRINGS SCHOOL DISTRICT 11 (130 trucks) | MOUNTAIN METROPOLITAN TRANSIT (144 trucks) | CITY OF COLORADO SPRINGS (326 trucks) | El PASO COUNTY (112 trucks) | GOODWILL OF COLORADO (134 trucks) | VECTRUS SYSTEMS CORPORATION (185 trucks),115000,12627,10499344.06,"$416,700.00"
Sol_098,4237 McWhinney Blvd,https://www.loopnet.com/Listing/4237-McWhinney-Blvd-Loveland-CO/23974785/,"Loveland, CO 80538",0.65,871347.9,40.408208389025,-105.017378025231,252.96,1000,XS,25.30%,109,LOVELAND MUNICIPALITY (109 trucks),115000,12627,10499344.06,"$871,347.90"
Sol_098,7300 W Jefferson Ave,https://www.loopnet.com/Listing/7300-W-Jefferson-Ave-Lakewood-CO/38419312/,"Lakewood, CO 80235",0.66,379999.0,39.649773884125,-105.079540805378,10536.92,20000,XL,52.68%,1415,QUALITY LOGISTICS INC (135 trucks) | KEESEN ENTERPRISES INC (263 trucks) | PROCAM SERVICES  (101 trucks) | JEFFCO SCHOOLS (274 trucks) | JEFFERSON COUNTY (120 trucks) | HOLCIM WCR INC (298 trucks) | PACIFIC SHIPPING & TRUCKING CO INC (109 trucks) | ENIVIRONMENTAL LANDWORKS COMPANY INC (115 trucks),115000,12627,10499344.06,"$379,999.00"
Sol_098,9190 W 84th Ave,https://www.loopnet.com/Listing/9190-W-84th-Ave-Arvada-CO/38160305/,"Arvada, CO 80005",0.67,499000.0,39.849854027782,-105.100317795342,7872.180000000001,10000,L,78.72%,1547,ALPINE MILLWORK COMPANY DBA ROCKY MOUNTAIN RELOAD (141 trucks) | CITY OF ARVADA (100 trucks) | GEOSTABILIZATION INTERNATIONAL LLC (155 trucks) | COLD FRONT (121 trucks) | SITEWISE LLC (145 trucks) | CITY OF THORNTON (208 trucks) | CITY OF THORNTON (174 trucks) | TRI-STATE GENERATION & TRANSMISSION ASSOCIATION INC (321 trucks) | ADAMS 12 FIVE STAR SCHOOLS (182 trucks),115000,12627,10499344.06,"$499,000.00"
Sol_098,NEC N Fairgrounds Ave,https://www.loopnet.com/Listing/NEC-N-Fairgrounds-Ave-Windsor-CO/29890025/,"Windsor, CO 80528",0.74,483449.0,40.437732372143,-104.982630626628,304.01,1000,XS,30.40%,131,LARIMER COUNTY (131 trucks),115000,12627,10499344.06,"$483,449.00"
Sol_098,11958 Lincoln Ave,https://www.loopnet.com/Listing/Lincoln-Ave-Parker-CO/39741118/,"Parker, CO 80138",0.86,495000.0,39.536519536914,-104.76116705724,18264.289999999997,20000,XL,91.32%,2581,ACCELERATED SERVICES LLC (373 trucks) | AMERICAN FURNITURE WAREHOUSE CO (340 trucks) | TERRACARE ASSOCIATES LLC (156 trucks) | IHC SCOTT INC (214 trucks) | BUCKLEY POWDER CO (217 trucks) | CH2M OMI CH2MHILL JACOBS (183 trucks) | ORICA USA INC (215 trucks) | CHERRY CREEK SCHOOLS (352 trucks) | HBSCO DANS TRASH AT YOUR DISPOSAL (110 trucks) | ENTERPRISE RENT-A-CAR NATIONAL RENT A CAR ALAMO RENT A CAR (421 trucks),115000,12627,10499344.06,"$495,000.00"
Sol_098,NWQ Highway 119 and I-25,https://www.loopnet.com/Listing/NWQ-Highway-119-and-I-25-Firestone-CO/31431092/,"Firestone, CO 80504",1.28,949000.0,40.160746988915,-104.978709958949,3529.55,5000,M,70.59%,606,WARD ELECTRIC COMPANY INC (222 trucks) | HEAT WAVES HOT OIL SERVICE LLC (201 trucks) | SUPREME TRANSPORT INC (183 trucks),115000,12627,10499344.06,"$949,000.00"
Sol_098,13987 Foster ct,https://www.loopnet.com/Listing/13987-Foster-ct-Longmont-CO/34579366/,"Longmont, CO 80504",1.42,1370019.92,40.140476603851,-105.119700024426,1399.2,2000,S,69.96%,385,CITY OF LONGMONT (211 trucks) | ST VRAIN VALLEY SCHOOL DISTRICT (174 trucks),115000,12627,10499344.06,"$1,370,019.92"
Sol_098,765 Aspen Ridge Drive Dr,https://www.loopnet.com/Listing/765-Aspen-Ridge-Drive-Dr-Lafayette-CO/32931931/,"Lafayette, CO 80026",1.43,556000.0,40.006898203868,-105.107210150504,4585.06,5000,M,91.70%,619,BOULDER VALLEY SCHOOL DISTRICT RE-2 (134 trucks) | VIA MOBILITY SERVICES (196 trucks) | VIA MOBILITY SERVICES (116 trucks) | CU (173 trucks),115000,12627,10499344.06,"$556,000.00"
Sol_098,E Harmony & Lady Moon Dr,https://www.loopnet.com/Listing/E-Harmony-Lady-Moon-Dr-Fort-Collins-CO/11217719/,"Fort Collins, CO 80528",2.2,1054007.0,40.523221679275,-105.010799488523,5618.16,10000,L,56.18%,972,NOVUS AG LLC (444 trucks) | CITY OF FORT COLLINS (285 trucks) | Poudre School District  (243 trucks),115000,12627,10499344.06,"$1,054,007.00"
Sol_099,2544 11th Ave,https://www.loopnet.com/Listing/2544-11th-Ave-Greeley-CO/35100267/,"Greeley, CO 80631",0.15,350000.0,40.395690645275,-104.69657283495,336.5,1000,XS,33.65%,145,WELD COUNTY PUBLIC WORKS DEPARTMENT (145 trucks),127000,13545,10769344.06,"$350,000.00"
Sol_099,831 N Clarkson St,https://www.loopnet.com/Listing/831-N-Clarkson-St-Denver-CO/38142797/,"Denver, CO 80218",0.18,899000.0,39.729919009716,-104.977904960968,4580.9400000000005,5000,M,91.62%,521,FARMERS ALL NATURAL (121 trucks) | CO TRAN LLC (275 trucks) | SUPERSHUTTLE DENVER (125 trucks),127000,13545,10769344.06,"$899,000.00"
Sol_099,422 Perry St,https://www.loopnet.com/Listing/422-Perry-St-Castle-Rock-CO/38421711/,"Castle Rock, CO 80104",0.24,605821.24,39.374148794158,-104.858322527659,2577.81,5000,M,51.56%,389,GREAT SOUTHWESTERN CONSTRUCTION INC (280 trucks) | TOWN OF CASTLE ROCK  (109 trucks),127000,13545,10769344.06,"$605,821.24"
Sol_099,239 S Main St,https://www.loopnet.com/Listing/239-S-Main-St-Brighton-CO/27424620/,"Brighton, CO 80601",0.31,250000.0,39.982905257485,-104.822555605705,1694.9,2000,S,84.75%,267,G&Z TRANSPORT LLC (147 trucks) | SIM TRUCKING INC (120 trucks),127000,13545,10769344.06,"$250,000.00"
Sol_099,20th & Blake St,https://www.loopnet.com/Listing/20th-Blake-St-Land-Denver-CO/26158810/,"Denver, CO 80205",0.32,1320000.0,39.754299409573,-104.994304825083,9307.460000000001,10000,L,93.07%,1347,RES (149 trucks) | MPLX G&P (144 trucks) | CONCRETE EXPRESS INC (128 trucks) | COORS DISTRIBUTING COMPANY MILLER COORS LLC (105 trucks) | U S TRANSPORT INC (200 trucks) | WASTE CONNECTIONS OF COLORADO INC (486 trucks) | SURESHOT DRILLING LLC ATOZ FIELD SERVICES LLC DRILL TECH LLC PINNACLE DEVELOPMENT INC HDD SPECIALISTS LLC (135 trucks),127000,13545,10769344.06,"$1,320,000.00"
Sol_099,1560 N Academy Blvd,https://www.loopnet.com/Listing/1560-N-Academy-Blvd-Colorado-Springs-CO/3886433/,"Colorado Springs, CO 80909",0.64,416700.0,38.854776988204,-104.75774002483,5689.619999999999,10000,L,56.90%,1031,COLORADO SPRINGS SCHOOL DISTRICT 11 (130 trucks) | MOUNTAIN METROPOLITAN TRANSIT (144 trucks) | CITY OF COLORADO SPRINGS (326 trucks) | El PASO COUNTY (112 trucks) | GOODWILL OF COLORADO (134 trucks) | VECTRUS SYSTEMS CORPORATION (185 trucks),127000,13545,10769344.06,"$416,700.00"
Sol_099,4237 McWhinney Blvd,https://www.loopnet.com/Listing/4237-McWhinney-Blvd-Loveland-CO/23974785/,"Loveland, CO 80538",0.65,871347.9,40.408208389025,-105.017378025231,252.96,1000,XS,25.30%,109,LOVELAND MUNICIPALITY (109 trucks),127000,13545,10769344.06,"$871,347.90"
Sol_099,7300 W Jefferson Ave,https://www.loopnet.com/Listing/7300-W-Jefferson-Ave-Lakewood-CO/38419312/,"Lakewood, CO 80235",0.66,379999.0,39.649773884125,-105.079540805378,10536.92,20000,XL,52.68%,1415,QUALITY LOGISTICS INC (135 trucks) | KEESEN ENTERPRISES INC (263 trucks) | PROCAM SERVICES  (101 trucks) | JEFFCO SCHOOLS (274 trucks) | JEFFERSON COUNTY (120 trucks) | HOLCIM WCR INC (298 trucks) | PACIFIC SHIPPING & TRUCKING CO INC (109 trucks) | ENIVIRONMENTAL LANDWORKS COMPANY INC (115 trucks),127000,13545,10769344.06,"$379,999.00"
Sol_099,9190 W 84th Ave,https://www.loopnet.com/Listing/9190-W-84th-Ave-Arvada-CO/38160305/,"Arvada, CO 80005",0.67,499000.0,39.849854027782,-105.100317795342,6920.830000000001,10000,L,69.21%,1365,ALPINE MILLWORK COMPANY DBA ROCKY MOUNTAIN RELOAD (141 trucks) | CITY OF ARVADA (100 trucks) | GEOSTABILIZATION INTERNATIONAL LLC (155 trucks) | COLD FRONT (121 trucks) | SITEWISE LLC (145 trucks) | CITY OF THORNTON (208 trucks) | CITY OF THORNTON (174 trucks) | TRI-STATE GENERATION & TRANSMISSION ASSOCIATION INC (321 trucks),127000,13545,10769344.06,"$499,000.00"
Sol_099,10431 Quari St,https://www.loopnet.com/Listing/10431-Quari-St-Commerce-City-CO/29119294/,"Commerce City, CO 80022",0.72,270000.0,39.886267655476,-104.844980046547,12742.7,20000,XL,63.71%,1662,ENVIRONMENTAL DESIGNS LLC (156 trucks) | BALIC TRANSPORT INC (120 trucks) | BURNCO COLORADO LLC (146 trucks) | WEST DIRECT OIL (140 trucks) | OFFEN PETROLEUM LLC (269 trucks) | ADAMS 12 FIVE STAR SCHOOLS (182 trucks) | WAGNER EQUIPMENT CO (423 trucks) | METCO LANDSCAPING INC (226 trucks),127000,13545,10769344.06,"$270,000.00"
Sol_099,NEC N Fairgrounds Ave,https://www.loopnet.com/Listing/NEC-N-Fairgrounds-Ave-Windsor-CO/29890025/,"Windsor, CO 80528",0.74,483449.0,40.437732372143,-104.982630626628,304.01,1000,XS,30.40%,131,LARIMER COUNTY (131 trucks),127000,13545,10769344.06,"$483,449.00"
Sol_099,11958 Lincoln Ave,https://www.loopnet.com/Listing/Lincoln-Ave-Parker-CO/39741118/,"Parker, CO 80138",0.86,495000.0,39.536519536914,-104.76116705724,18264.289999999997,20000,XL,91.32%,2581,ACCELERATED SERVICES LLC (373 trucks) | AMERICAN FURNITURE WAREHOUSE CO (340 trucks) | TERRACARE ASSOCIATES LLC (156 trucks) | IHC SCOTT INC (214 trucks) | BUCKLEY POWDER CO (217 trucks) | CH2M OMI CH2MHILL JACOBS (183 trucks) | ORICA USA INC (215 trucks) | CHERRY CREEK SCHOOLS (352 trucks) | HBSCO DANS TRASH AT YOUR DISPOSAL (110 trucks) | ENTERPRISE RENT-A-CAR NATIONAL RENT A CAR ALAMO RENT A CAR (421 trucks),127000,13545,10769344.06,"$495,000.00"
Sol_099,NWQ Highway 119 and I-25,https://www.loopnet.com/Listing/NWQ-Highway-119-and-I-25-Firestone-CO/31431092/,"Firestone, CO 80504",1.28,949000.0,40.160746988915,-104.978709958949,3529.55,5000,M,70.59%,606,WARD ELECTRIC COMPANY INC (222 trucks) | HEAT WAVES HOT OIL SERVICE LLC (201 trucks) | SUPREME TRANSPORT INC (183 trucks),127000,13545,10769344.06,"$949,000.00"
Sol_099,13987 Foster ct,https://www.loopnet.com/Listing/13987-Foster-ct-Longmont-CO/34579366/,"Longmont, CO 80504",1.42,1370019.92,40.140476603851,-105.119700024426,1399.2,2000,S,69.96%,385,CITY OF LONGMONT (211 trucks) | ST VRAIN VALLEY SCHOOL DISTRICT (174 trucks),127000,13545,10769344.06,"$1,370,019.92"
Sol_099,765 Aspen Ridge Drive Dr,https://www.loopnet.com/Listing/765-Aspen-Ridge-Drive-Dr-Lafayette-CO/32931931/,"Lafayette, CO 80026",1.43,556000.0,40.006898203868,-105.107210150504,4585.06,5000,M,91.70%,619,BOULDER VALLEY SCHOOL DISTRICT RE-2 (134 trucks) | VIA MOBILITY SERVICES (196 trucks) | VIA MOBILITY SERVICES (116 trucks) | CU (173 trucks),127000,13545,10769344.06,"$556,000.00"
Sol_099,E Harmony & Lady Moon Dr,https://www.loopnet.com/Listing/E-Harmony-Lady-Moon-Dr-Fort-Collins-CO/11217719/,"Fort Collins, CO 80528",2.2,1054007.0,40.523221679275,-105.010799488523,5618.16,10000,L,56.18%,972,NOVUS AG LLC (444 trucks) | CITY OF FORT COLLINS (285 trucks) | Poudre School District  (243 trucks),127000,13545,10769344.06,"$1,054,007.00"
