Pareto_Solution_ID,Address,Property_URL,City,Acreage,Price,Latitude,Longitude,Daily_Demand_kg,Station_Capacity_kg,Station_Size,Utilization_Rate,Total_Trucks_Served,Fleet_Breakdown,Total_System_Capacity_kg,Total_System_Trucks_Covered,Total_System_Land_Cost,Formatted_Price
Sol_000,17160 W Colfax Ave,https://www.loopnet.com/Listing/17160-W-Colfax-Ave-Golden-CO/29520298/,"Golden, CO 80401",0.63,500000.0,39.722253633534,-105.192465086092,5488.67,10000,L,54.89%,807,ENIVIRONMENTAL LANDWORKS COMPANY INC (115 trucks) | HOLCIM WCR INC (298 trucks) | JEFFCO SCHOOLS (274 trucks) | JEFFERSON COUNTY (120 trucks),105000,11148,6719512.5600000005,"$500,000.00"
Sol_000,3401 S Yosemite St,https://www.loopnet.com/Listing/3401-S-Yosemite-St-Denver-CO/39837277/,"Denver, CO 80231",0.64,675000.0,39.654049416843,-104.88550562639,7298.1900000000005,10000,L,72.98%,1256,COMCAST (194 trucks) | SWINGLE TREE & LANDSCAPE CARE (135 trucks) | CITY LIGHT AND POWER INC (121 trucks) | WHEEL PROS LLC (182 trucks) | CITY OF AURORA (271 trucks) | AURORA PUBLIC SCHOOLS (127 trucks) | METCO LANDSCAPING INC (226 trucks),105000,11148,6719512.5600000005,"$675,000.00"
Sol_000,9190 W 84th Ave,https://www.loopnet.com/Listing/9190-W-84th-Ave-Arvada-CO/38160305/,"Arvada, CO 80005",0.67,499000.0,39.849854027782,-105.100317795342,2457.7,5000,M,49.15%,296,ALPINE MILLWORK COMPANY DBA ROCKY MOUNTAIN RELOAD (141 trucks) | GEOSTABILIZATION INTERNATIONAL LLC (155 trucks),105000,11148,6719512.5600000005,"$499,000.00"
Sol_000,NEC N Fairgrounds Ave,https://www.loopnet.com/Listing/NEC-N-Fairgrounds-Ave-Windsor-CO/29890025/,"Windsor, CO 80528",0.74,483449.0,40.437732372143,-104.982630626628,4243.52,5000,M,84.87%,684,LARIMER COUNTY (131 trucks) | NOVUS AG LLC (444 trucks) | LOVELAND MUNICIPALITY (109 trucks),105000,11148,6719512.5600000005,"$483,449.00"
Sol_000,11958 Lincoln Ave,https://www.loopnet.com/Listing/Lincoln-Ave-Parker-CO/39741118/,"Parker, CO 80138",0.86,495000.0,39.536519536914,-104.76116705724,4937.0,5000,M,98.74%,725,ACCELERATED SERVICES LLC (373 trucks) | CHERRY CREEK SCHOOLS (352 trucks),105000,11148,6719512.5600000005,"$495,000.00"
Sol_000,12015 Irma Dr,https://www.loopnet.com/Listing/12015-Irma-Dr-Northglenn-CO/34662093/,"Northglenn, CO 80241",1.0,1098017.0,39.918832606598,-104.965887826386,11460.82,20000,XL,57.30%,1983,ADAMS 12 FIVE STAR SCHOOLS (182 trucks) | TRI-STATE GENERATION & TRANSMISSION ASSOCIATION INC (321 trucks) | CITY OF THORNTON (208 trucks) | CITY OF THORNTON (174 trucks) | BALIC TRANSPORT INC (120 trucks) | BURNCO COLORADO LLC (146 trucks) | WEST DIRECT OIL (140 trucks) | OFFEN PETROLEUM LLC (269 trucks) | ENVIRONMENTAL DESIGNS LLC (156 trucks) | SIM TRUCKING INC (120 trucks) | G&Z TRANSPORT LLC (147 trucks),105000,11148,6719512.5600000005,"$1,098,017.00"
Sol_000,2120 University Park Blvd,https://www.loopnet.com/Listing/2120-University-Park-Blvd-Colorado-Springs-CO/27680798/,"Colorado Springs, CO 80918",1.02,295000.0,38.910590363159,-104.78892179429,5689.619999999999,10000,L,56.90%,1031,GOODWILL OF COLORADO (134 trucks) | CITY OF COLORADO SPRINGS (326 trucks) | VECTRUS SYSTEMS CORPORATION (185 trucks) | COLORADO SPRINGS SCHOOL DISTRICT 11 (130 trucks) | El PASO COUNTY (112 trucks) | MOUNTAIN METROPOLITAN TRANSIT (144 trucks),105000,11148,6719512.5600000005,"$295,000.00"
Sol_000,7099 S Kenton St,https://www.loopnet.com/Listing/7099-S-Kenton-St-Centennial-CO/6542016/,"Centennial, CO 80112",1.18,976600.0,39.588430849644,-104.861817781283,16997.23,20000,XL,84.99%,2298,HBSCO DANS TRASH AT YOUR DISPOSAL (110 trucks) | BUCKLEY POWDER CO (217 trucks) | IHC SCOTT INC (214 trucks) | ORICA USA INC (215 trucks) | GLOBAL TRANSPORTATION LLC (442 trucks) | CH2M OMI CH2MHILL JACOBS (183 trucks) | AMERICAN FURNITURE WAREHOUSE CO (340 trucks) | TERRACARE ASSOCIATES LLC (156 trucks) | ENTERPRISE RENT-A-CAR NATIONAL RENT A CAR ALAMO RENT A CAR (421 trucks),105000,11148,6719512.5600000005,"$976,600.00"
Sol_000,765 Aspen Ridge Drive Dr,https://www.loopnet.com/Listing/765-Aspen-Ridge-Drive-Dr-Lafayette-CO/32931931/,"Lafayette, CO 80026",1.43,556000.0,40.006898203868,-105.107210150504,5074.7300000000005,10000,L,50.75%,830,BOULDER VALLEY SCHOOL DISTRICT RE-2 (134 trucks) | VIA MOBILITY SERVICES (196 trucks) | VIA MOBILITY SERVICES (116 trucks) | CU (173 trucks) | CITY OF LONGMONT (211 trucks),105000,11148,6719512.5600000005,"$556,000.00"
Sol_000,6109 W 48th Ave,https://www.loopnet.com/Listing/6109-W-48th-Ave-Wheat-Ridge-CO/32583003/,"Wheat Ridge, CO 80033",1.76,1141446.56,39.784078257989,-105.064430676896,8749.11,10000,L,87.49%,1238,CITY OF ARVADA (100 trucks) | SITEWISE LLC (145 trucks) | COMPASS VEHICLE RENTAL INC (170 trucks) | COORS DISTRIBUTING COMPANY MILLER COORS LLC (105 trucks) | COLD FRONT (121 trucks) | NAVAJO EXPRESS INC (309 trucks) | SURESHOT DRILLING LLC ATOZ FIELD SERVICES LLC DRILL TECH LLC PINNACLE DEVELOPMENT INC HDD SPECIALISTS LLC (135 trucks) | COCAL LANDSCAPE SERVICES INC (153 trucks),105000,11148,6719512.5600000005,"$1,141,446.56"
Sol_001,17160 W Colfax Ave,https://www.loopnet.com/Listing/17160-W-Colfax-Ave-Golden-CO/29520298/,"Golden, CO 80401",0.63,500000.0,39.722253633534,-105.192465086092,5488.67,10000,L,54.89%,807,ENIVIRONMENTAL LANDWORKS COMPANY INC (115 trucks) | HOLCIM WCR INC (298 trucks) | JEFFCO SCHOOLS (274 trucks) | JEFFERSON COUNTY (120 trucks),105000,11148,6719512.5600000005,"$500,000.00"
Sol_001,3401 S Yosemite St,https://www.loopnet.com/Listing/3401-S-Yosemite-St-Denver-CO/39837277/,"Denver, CO 80231",0.64,675000.0,39.654049416843,-104.88550562639,7298.1900000000005,10000,L,72.98%,1256,COMCAST (194 trucks) | SWINGLE TREE & LANDSCAPE CARE (135 trucks) | CITY LIGHT AND POWER INC (121 trucks) | WHEEL PROS LLC (182 trucks) | CITY OF AURORA (271 trucks) | AURORA PUBLIC SCHOOLS (127 trucks) | METCO LANDSCAPING INC (226 trucks),105000,11148,6719512.5600000005,"$675,000.00"
Sol_001,9190 W 84th Ave,https://www.loopnet.com/Listing/9190-W-84th-Ave-Arvada-CO/38160305/,"Arvada, CO 80005",0.67,499000.0,39.849854027782,-105.100317795342,2457.7,5000,M,49.15%,296,ALPINE MILLWORK COMPANY DBA ROCKY MOUNTAIN RELOAD (141 trucks) | GEOSTABILIZATION INTERNATIONAL LLC (155 trucks),105000,11148,6719512.5600000005,"$499,000.00"
Sol_001,NEC N Fairgrounds Ave,https://www.loopnet.com/Listing/NEC-N-Fairgrounds-Ave-Windsor-CO/29890025/,"Windsor, CO 80528",0.74,483449.0,40.437732372143,-104.982630626628,4243.52,5000,M,84.87%,684,LARIMER COUNTY (131 trucks) | NOVUS AG LLC (444 trucks) | LOVELAND MUNICIPALITY (109 trucks),105000,11148,6719512.5600000005,"$483,449.00"
Sol_001,11958 Lincoln Ave,https://www.loopnet.com/Listing/Lincoln-Ave-Parker-CO/39741118/,"Parker, CO 80138",0.86,495000.0,39.536519536914,-104.76116705724,4937.0,5000,M,98.74%,725,ACCELERATED SERVICES LLC (373 trucks) | CHERRY CREEK SCHOOLS (352 trucks),105000,11148,6719512.5600000005,"$495,000.00"
Sol_001,12015 Irma Dr,https://www.loopnet.com/Listing/12015-Irma-Dr-Northglenn-CO/34662093/,"Northglenn, CO 80241",1.0,1098017.0,39.918832606598,-104.965887826386,11460.82,20000,XL,57.30%,1983,ADAMS 12 FIVE STAR SCHOOLS (182 trucks) | TRI-STATE GENERATION & TRANSMISSION ASSOCIATION INC (321 trucks) | CITY OF THORNTON (208 trucks) | CITY OF THORNTON (174 trucks) | BALIC TRANSPORT INC (120 trucks) | BURNCO COLORADO LLC (146 trucks) | WEST DIRECT OIL (140 trucks) | OFFEN PETROLEUM LLC (269 trucks) | ENVIRONMENTAL DESIGNS LLC (156 trucks) | SIM TRUCKING INC (120 trucks) | G&Z TRANSPORT LLC (147 trucks),105000,11148,6719512.5600000005,"$1,098,017.00"
Sol_001,2120 University Park Blvd,https://www.loopnet.com/Listing/2120-University-Park-Blvd-Colorado-Springs-CO/27680798/,"Colorado Springs, CO 80918",1.02,295000.0,38.910590363159,-104.78892179429,5689.619999999999,10000,L,56.90%,1031,GOODWILL OF COLORADO (134 trucks) | CITY OF COLORADO SPRINGS (326 trucks) | VECTRUS SYSTEMS CORPORATION (185 trucks) | COLORADO SPRINGS SCHOOL DISTRICT 11 (130 trucks) | El PASO COUNTY (112 trucks) | MOUNTAIN METROPOLITAN TRANSIT (144 trucks),105000,11148,6719512.5600000005,"$295,000.00"
Sol_001,7099 S Kenton St,https://www.loopnet.com/Listing/7099-S-Kenton-St-Centennial-CO/6542016/,"Centennial, CO 80112",1.18,976600.0,39.588430849644,-104.861817781283,16997.23,20000,XL,84.99%,2298,HBSCO DANS TRASH AT YOUR DISPOSAL (110 trucks) | BUCKLEY POWDER CO (217 trucks) | IHC SCOTT INC (214 trucks) | ORICA USA INC (215 trucks) | GLOBAL TRANSPORTATION LLC (442 trucks) | CH2M OMI CH2MHILL JACOBS (183 trucks) | AMERICAN FURNITURE WAREHOUSE CO (340 trucks) | TERRACARE ASSOCIATES LLC (156 trucks) | ENTERPRISE RENT-A-CAR NATIONAL RENT A CAR ALAMO RENT A CAR (421 trucks),105000,11148,6719512.5600000005,"$976,600.00"
Sol_001,765 Aspen Ridge Drive Dr,https://www.loopnet.com/Listing/765-Aspen-Ridge-Drive-Dr-Lafayette-CO/32931931/,"Lafayette, CO 80026",1.43,556000.0,40.006898203868,-105.107210150504,5074.7300000000005,10000,L,50.75%,830,BOULDER VALLEY SCHOOL DISTRICT RE-2 (134 trucks) | VIA MOBILITY SERVICES (196 trucks) | VIA MOBILITY SERVICES (116 trucks) | CU (173 trucks) | CITY OF LONGMONT (211 trucks),105000,11148,6719512.5600000005,"$556,000.00"
Sol_001,6109 W 48th Ave,https://www.loopnet.com/Listing/6109-W-48th-Ave-Wheat-Ridge-CO/32583003/,"Wheat Ridge, CO 80033",1.76,1141446.56,39.784078257989,-105.064430676896,8749.11,10000,L,87.49%,1238,CITY OF ARVADA (100 trucks) | SITEWISE LLC (145 trucks) | COMPASS VEHICLE RENTAL INC (170 trucks) | COORS DISTRIBUTING COMPANY MILLER COORS LLC (105 trucks) | COLD FRONT (121 trucks) | NAVAJO EXPRESS INC (309 trucks) | SURESHOT DRILLING LLC ATOZ FIELD SERVICES LLC DRILL TECH LLC PINNACLE DEVELOPMENT INC HDD SPECIALISTS LLC (135 trucks) | COCAL LANDSCAPE SERVICES INC (153 trucks),105000,11148,6719512.5600000005,"$1,141,446.56"
Sol_002,1425 W 13th Ave,https://www.loopnet.com/Listing/1425-W-13th-Ave-Denver-CO/39545028/,"Denver, CO 80204",0.41,2100000.0,39.737234692898,-105.006021971351,1747.08,2000,S,87.35%,272,CONCRETE EXPRESS INC (128 trucks) | MPLX G&P (144 trucks),142000,16676,25656153.82,"$2,100,000.00"
Sol_002,342 University Blvd,https://www.loopnet.com/Listing/342-358-University-Blvd-Denver-CO/30119471/,"Denver, CO 80206",0.43,6750000.0,39.721851008815,-104.95916981481,1130.12,2000,S,56.51%,121,FARMERS ALL NATURAL (121 trucks),142000,16676,25656153.82,"$6,750,000.00"
Sol_002,2300 W County Road 54G,https://www.loopnet.com/Listing/2300-W-County-Road-54G-Laporte-CO/33671750/,"Laporte, CO 80535",0.46,330000.0,40.625878828869,-105.117877128123,1931.6100000000001,2000,S,96.58%,528,Poudre School District  (243 trucks) | CITY OF FORT COLLINS (285 trucks),142000,16676,25656153.82,"$330,000.00"
Sol_002,17160 W Colfax Ave,https://www.loopnet.com/Listing/17160-W-Colfax-Ave-Golden-CO/29520298/,"Golden, CO 80401",0.63,500000.0,39.722253633534,-105.192465086092,5488.67,10000,L,54.89%,807,ENIVIRONMENTAL LANDWORKS COMPANY INC (115 trucks) | HOLCIM WCR INC (298 trucks) | JEFFCO SCHOOLS (274 trucks) | JEFFERSON COUNTY (120 trucks),142000,16676,25656153.82,"$500,000.00"
Sol_002,3401 S Yosemite St,https://www.loopnet.com/Listing/3401-S-Yosemite-St-Denver-CO/39837277/,"Denver, CO 80231",0.64,675000.0,39.654049416843,-104.88550562639,4128.9400000000005,5000,M,82.58%,632,COMCAST (194 trucks) | SWINGLE TREE & LANDSCAPE CARE (135 trucks) | CITY LIGHT AND POWER INC (121 trucks) | WHEEL PROS LLC (182 trucks),142000,16676,25656153.82,"$675,000.00"
Sol_002,Highway 34 Business & 83rd Avenue,https://www.loopnet.com/Listing/Highway-34-Business-83rd-Avenue-Greeley-CO/27017249/,"Greeley, CO 80634",0.66,877824.16,40.421498483243,-104.813483201346,336.5,1000,XS,33.65%,145,WELD COUNTY PUBLIC WORKS DEPARTMENT (145 trucks),142000,16676,25656153.82,"$877,824.16"
Sol_002,9190 W 84th Ave,https://www.loopnet.com/Listing/9190-W-84th-Ave-Arvada-CO/38160305/,"Arvada, CO 80005",0.67,499000.0,39.849854027782,-105.100317795342,2457.7,5000,M,49.15%,296,ALPINE MILLWORK COMPANY DBA ROCKY MOUNTAIN RELOAD (141 trucks) | GEOSTABILIZATION INTERNATIONAL LLC (155 trucks),142000,16676,25656153.82,"$499,000.00"
Sol_002,NEC N Fairgrounds Ave,https://www.loopnet.com/Listing/NEC-N-Fairgrounds-Ave-Windsor-CO/29890025/,"Windsor, CO 80528",0.74,483449.0,40.437732372143,-104.982630626628,4243.52,5000,M,84.87%,684,LARIMER COUNTY (131 trucks) | NOVUS AG LLC (444 trucks) | LOVELAND MUNICIPALITY (109 trucks),142000,16676,25656153.82,"$483,449.00"
Sol_002,11958 Lincoln Ave,https://www.loopnet.com/Listing/Lincoln-Ave-Parker-CO/39741118/,"Parker, CO 80138",0.86,495000.0,39.536519536914,-104.76116705724,4937.0,5000,M,98.74%,725,ACCELERATED SERVICES LLC (373 trucks) | CHERRY CREEK SCHOOLS (352 trucks),142000,16676,25656153.82,"$495,000.00"
Sol_002,2450 Curtis St,https://www.loopnet.com/Listing/2450-Curtis-St-Denver-CO/34878162/,"Denver, CO 80205",0.93,1930000.0,39.755035173034,-104.984190298703,3769.58,5000,M,75.39%,454,RES (149 trucks) | COORS DISTRIBUTING COMPANY MILLER COORS LLC (105 trucks) | U S TRANSPORT INC (200 trucks),142000,16676,25656153.82,"$1,930,000.00"
Sol_002,3311 Ideal Drive Dr,https://www.loopnet.com/Listing/3311-Ideal-Drive-Dr-Frederick-CO/35744244/,"Frederick, CO 80516",1.0,949000.0,40.087044076103,-104.992966989518,4928.75,5000,M,98.58%,991,SUPREME TRANSPORT INC (183 trucks) | WARD ELECTRIC COMPANY INC (222 trucks) | CITY OF LONGMONT (211 trucks) | ST VRAIN VALLEY SCHOOL DISTRICT (174 trucks) | HEAT WAVES HOT OIL SERVICE LLC (201 trucks),142000,16676,25656153.82,"$949,000.00"
Sol_002,12015 Irma Dr,https://www.loopnet.com/Listing/12015-Irma-Dr-Northglenn-CO/34662093/,"Northglenn, CO 80241",1.0,1098017.0,39.918832606598,-104.965887826386,7349.780000000001,10000,L,73.50%,1428,ADAMS 12 FIVE STAR SCHOOLS (182 trucks) | TRI-STATE GENERATION & TRANSMISSION ASSOCIATION INC (321 trucks) | CITY OF THORNTON (208 trucks) | CITY OF THORNTON (174 trucks) | BALIC TRANSPORT INC (120 trucks) | ENVIRONMENTAL DESIGNS LLC (156 trucks) | SIM TRUCKING INC (120 trucks) | G&Z TRANSPORT LLC (147 trucks),142000,16676,25656153.82,"$1,098,017.00"
Sol_002,2120 University Park Blvd,https://www.loopnet.com/Listing/2120-University-Park-Blvd-Colorado-Springs-CO/27680798/,"Colorado Springs, CO 80918",1.02,295000.0,38.910590363159,-104.78892179429,5689.619999999999,10000,L,56.90%,1031,GOODWILL OF COLORADO (134 trucks) | CITY OF COLORADO SPRINGS (326 trucks) | VECTRUS SYSTEMS CORPORATION (185 trucks) | COLORADO SPRINGS SCHOOL DISTRICT 11 (130 trucks) | El PASO COUNTY (112 trucks) | MOUNTAIN METROPOLITAN TRANSIT (144 trucks),142000,16676,25656153.82,"$295,000.00"
Sol_002,Colfax Ave & Airport Blvd,https://www.loopnet.com/Listing/Colfax-Ave-Airport-Blvd-Aurora-CO/24946845/,"Aurora, CO 80011",1.1,955174.1,39.740269989586,-104.791334022205,8680.17,10000,L,86.80%,1261,METCO LANDSCAPING INC (226 trucks) | WAGNER EQUIPMENT CO (423 trucks) | AURORA PUBLIC SCHOOLS (127 trucks) | CITY OF AURORA (271 trucks) | SHAMROCK FOODS COMPANY (214 trucks),142000,16676,25656153.82,"$955,174.10"
Sol_002,4265 Santa Fe Dr,https://www.loopnet.com/Listing/4265-Santa-Fe-Dr-Sheridan-CO/30482164/,"Sheridan, CO 80110",1.17,1799000.0,39.63876696462,-105.007023340305,4209.639999999999,5000,M,84.19%,507,KEESEN ENTERPRISES INC (263 trucks) | QUALITY LOGISTICS INC (135 trucks) | PACIFIC SHIPPING & TRUCKING CO INC (109 trucks),142000,16676,25656153.82,"$1,799,000.00"
Sol_002,7099 S Kenton St,https://www.loopnet.com/Listing/7099-S-Kenton-St-Centennial-CO/6542016/,"Centennial, CO 80112",1.18,976600.0,39.588430849644,-104.861817781283,16997.23,20000,XL,84.99%,2298,HBSCO DANS TRASH AT YOUR DISPOSAL (110 trucks) | BUCKLEY POWDER CO (217 trucks) | IHC SCOTT INC (214 trucks) | ORICA USA INC (215 trucks) | GLOBAL TRANSPORTATION LLC (442 trucks) | CH2M OMI CH2MHILL JACOBS (183 trucks) | AMERICAN FURNITURE WAREHOUSE CO (340 trucks) | TERRACARE ASSOCIATES LLC (156 trucks) | ENTERPRISE RENT-A-CAR NATIONAL RENT A CAR ALAMO RENT A CAR (421 trucks),142000,16676,25656153.82,"$976,600.00"
Sol_002,6322 Ivanhoe St,https://www.loopnet.com/Listing/6322-Ivanhoe-St-Commerce-City-CO/30497175/,"Commerce City, CO 80022",1.24,1500000.0,39.811481968412,-104.920723282229,19512.55,20000,XL,97.56%,2643,UNITED SITE SERVICES OF NEVADA INC (409 trucks) | UNITED SITE SERVICES OF COLORADO INC (147 trucks) | OFFEN PETROLEUM LLC (269 trucks) | WESTERN DISTRIBUTING TRANSPORTATION CORP (155 trucks) | READY MIX CONCRETE COMPANY (191 trucks) | RMS CRANES (139 trucks) | EAGLE ROCK DISTRIBUTING COMPANY OF COLORADO LLC (148 trucks) | WASTE CONNECTIONS OF COLORADO INC (486 trucks) | SUPERSHUTTLE DENVER (125 trucks) | SURESHOT DRILLING LLC ATOZ FIELD SERVICES LLC DRILL TECH LLC PINNACLE DEVELOPMENT INC HDD SPECIALISTS LLC (135 trucks) | COCAL LANDSCAPE SERVICES INC (153 trucks) | WEST DIRECT OIL (140 trucks) | BURNCO COLORADO LLC (146 trucks),142000,16676,25656153.82,"$1,500,000.00"
Sol_002,765 Aspen Ridge Drive Dr,https://www.loopnet.com/Listing/765-Aspen-Ridge-Drive-Dr-Lafayette-CO/32931931/,"Lafayette, CO 80026",1.43,556000.0,40.006898203868,-105.107210150504,4585.06,5000,M,91.70%,619,BOULDER VALLEY SCHOOL DISTRICT RE-2 (134 trucks) | VIA MOBILITY SERVICES (196 trucks) | VIA MOBILITY SERVICES (116 trucks) | CU (173 trucks),142000,16676,25656153.82,"$556,000.00"
Sol_002,6109 W 48th Ave,https://www.loopnet.com/Listing/6109-W-48th-Ave-Wheat-Ridge-CO/32583003/,"Wheat Ridge, CO 80033",1.76,1141446.56,39.784078257989,-105.064430676896,5965.4,10000,L,59.65%,845,CITY OF ARVADA (100 trucks) | SITEWISE LLC (145 trucks) | COMPASS VEHICLE RENTAL INC (170 trucks) | COLD FRONT (121 trucks) | NAVAJO EXPRESS INC (309 trucks),142000,16676,25656153.82,"$1,141,446.56"
Sol_002,5480 Montana Vista Way,https://www.loopnet.com/Listing/5480-Montana-Vista-Way-Castle-Rock-CO/31324562/,"Castle Rock, CO 80108",2.0,1745643.0,39.413964345372,-104.86151758933,2577.81,5000,M,51.56%,389,TOWN OF CASTLE ROCK  (109 trucks) | GREAT SOUTHWESTERN CONSTRUCTION INC (280 trucks),142000,16676,25656153.82,"$1,745,643.00"
Sol_003,1425 W 13th Ave,https://www.loopnet.com/Listing/1425-W-13th-Ave-Denver-CO/39545028/,"Denver, CO 80204",0.41,2100000.0,39.737234692898,-105.006021971351,1747.08,2000,S,87.35%,272,CONCRETE EXPRESS INC (128 trucks) | MPLX G&P (144 trucks),140000,16555,18906153.82,"$2,100,000.00"
Sol_003,2300 W County Road 54G,https://www.loopnet.com/Listing/2300-W-County-Road-54G-Laporte-CO/33671750/,"Laporte, CO 80535",0.46,330000.0,40.625878828869,-105.117877128123,1931.6100000000001,2000,S,96.58%,528,Poudre School District  (243 trucks) | CITY OF FORT COLLINS (285 trucks),140000,16555,18906153.82,"$330,000.00"
Sol_003,17160 W Colfax Ave,https://www.loopnet.com/Listing/17160-W-Colfax-Ave-Golden-CO/29520298/,"Golden, CO 80401",0.63,500000.0,39.722253633534,-105.192465086092,5488.67,10000,L,54.89%,807,ENIVIRONMENTAL LANDWORKS COMPANY INC (115 trucks) | HOLCIM WCR INC (298 trucks) | JEFFCO SCHOOLS (274 trucks) | JEFFERSON COUNTY (120 trucks),140000,16555,18906153.82,"$500,000.00"
Sol_003,3401 S Yosemite St,https://www.loopnet.com/Listing/3401-S-Yosemite-St-Denver-CO/39837277/,"Denver, CO 80231",0.64,675000.0,39.654049416843,-104.88550562639,4128.9400000000005,5000,M,82.58%,632,COMCAST (194 trucks) | SWINGLE TREE & LANDSCAPE CARE (135 trucks) | CITY LIGHT AND POWER INC (121 trucks) | WHEEL PROS LLC (182 trucks),140000,16555,18906153.82,"$675,000.00"
Sol_003,Highway 34 Business & 83rd Avenue,https://www.loopnet.com/Listing/Highway-34-Business-83rd-Avenue-Greeley-CO/27017249/,"Greeley, CO 80634",0.66,877824.16,40.421498483243,-104.813483201346,336.5,1000,XS,33.65%,145,WELD COUNTY PUBLIC WORKS DEPARTMENT (145 trucks),140000,16555,18906153.82,"$877,824.16"
Sol_003,9190 W 84th Ave,https://www.loopnet.com/Listing/9190-W-84th-Ave-Arvada-CO/38160305/,"Arvada, CO 80005",0.67,499000.0,39.849854027782,-105.100317795342,2457.7,5000,M,49.15%,296,ALPINE MILLWORK COMPANY DBA ROCKY MOUNTAIN RELOAD (141 trucks) | GEOSTABILIZATION INTERNATIONAL LLC (155 trucks),140000,16555,18906153.82,"$499,000.00"
Sol_003,NEC N Fairgrounds Ave,https://www.loopnet.com/Listing/NEC-N-Fairgrounds-Ave-Windsor-CO/29890025/,"Windsor, CO 80528",0.74,483449.0,40.437732372143,-104.982630626628,4243.52,5000,M,84.87%,684,LARIMER COUNTY (131 trucks) | NOVUS AG LLC (444 trucks) | LOVELAND MUNICIPALITY (109 trucks),140000,16555,18906153.82,"$483,449.00"
Sol_003,11958 Lincoln Ave,https://www.loopnet.com/Listing/Lincoln-Ave-Parker-CO/39741118/,"Parker, CO 80138",0.86,495000.0,39.536519536914,-104.76116705724,4937.0,5000,M,98.74%,725,ACCELERATED SERVICES LLC (373 trucks) | CHERRY CREEK SCHOOLS (352 trucks),140000,16555,18906153.82,"$495,000.00"
Sol_003,2450 Curtis St,https://www.loopnet.com/Listing/2450-Curtis-St-Denver-CO/34878162/,"Denver, CO 80205",0.93,1930000.0,39.755035173034,-104.984190298703,3769.58,5000,M,75.39%,454,RES (149 trucks) | COORS DISTRIBUTING COMPANY MILLER COORS LLC (105 trucks) | U S TRANSPORT INC (200 trucks),140000,16555,18906153.82,"$1,930,000.00"
Sol_003,3311 Ideal Drive Dr,https://www.loopnet.com/Listing/3311-Ideal-Drive-Dr-Frederick-CO/35744244/,"Frederick, CO 80516",1.0,949000.0,40.087044076103,-104.992966989518,4928.75,5000,M,98.58%,991,SUPREME TRANSPORT INC (183 trucks) | WARD ELECTRIC COMPANY INC (222 trucks) | CITY OF LONGMONT (211 trucks) | ST VRAIN VALLEY SCHOOL DISTRICT (174 trucks) | HEAT WAVES HOT OIL SERVICE LLC (201 trucks),140000,16555,18906153.82,"$949,000.00"
Sol_003,12015 Irma Dr,https://www.loopnet.com/Listing/12015-Irma-Dr-Northglenn-CO/34662093/,"Northglenn, CO 80241",1.0,1098017.0,39.918832606598,-104.965887826386,7349.780000000001,10000,L,73.50%,1428,ADAMS 12 FIVE STAR SCHOOLS (182 trucks) | TRI-STATE GENERATION & TRANSMISSION ASSOCIATION INC (321 trucks) | CITY OF THORNTON (208 trucks) | CITY OF THORNTON (174 trucks) | BALIC TRANSPORT INC (120 trucks) | ENVIRONMENTAL DESIGNS LLC (156 trucks) | SIM TRUCKING INC (120 trucks) | G&Z TRANSPORT LLC (147 trucks),140000,16555,18906153.82,"$1,098,017.00"
Sol_003,2120 University Park Blvd,https://www.loopnet.com/Listing/2120-University-Park-Blvd-Colorado-Springs-CO/27680798/,"Colorado Springs, CO 80918",1.02,295000.0,38.910590363159,-104.78892179429,5689.619999999999,10000,L,56.90%,1031,GOODWILL OF COLORADO (134 trucks) | CITY OF COLORADO SPRINGS (326 trucks) | VECTRUS SYSTEMS CORPORATION (185 trucks) | COLORADO SPRINGS SCHOOL DISTRICT 11 (130 trucks) | El PASO COUNTY (112 trucks) | MOUNTAIN METROPOLITAN TRANSIT (144 trucks),140000,16555,18906153.82,"$295,000.00"
Sol_003,Colfax Ave & Airport Blvd,https://www.loopnet.com/Listing/Colfax-Ave-Airport-Blvd-Aurora-CO/24946845/,"Aurora, CO 80011",1.1,955174.1,39.740269989586,-104.791334022205,8680.17,10000,L,86.80%,1261,METCO LANDSCAPING INC (226 trucks) | WAGNER EQUIPMENT CO (423 trucks) | AURORA PUBLIC SCHOOLS (127 trucks) | CITY OF AURORA (271 trucks) | SHAMROCK FOODS COMPANY (214 trucks),140000,16555,18906153.82,"$955,174.10"
Sol_003,4265 Santa Fe Dr,https://www.loopnet.com/Listing/4265-Santa-Fe-Dr-Sheridan-CO/30482164/,"Sheridan, CO 80110",1.17,1799000.0,39.63876696462,-105.007023340305,4209.639999999999,5000,M,84.19%,507,KEESEN ENTERPRISES INC (263 trucks) | QUALITY LOGISTICS INC (135 trucks) | PACIFIC SHIPPING & TRUCKING CO INC (109 trucks),140000,16555,18906153.82,"$1,799,000.00"
Sol_003,7099 S Kenton St,https://www.loopnet.com/Listing/7099-S-Kenton-St-Centennial-CO/6542016/,"Centennial, CO 80112",1.18,976600.0,39.588430849644,-104.861817781283,16997.23,20000,XL,84.99%,2298,HBSCO DANS TRASH AT YOUR DISPOSAL (110 trucks) | BUCKLEY POWDER CO (217 trucks) | IHC SCOTT INC (214 trucks) | ORICA USA INC (215 trucks) | GLOBAL TRANSPORTATION LLC (442 trucks) | CH2M OMI CH2MHILL JACOBS (183 trucks) | AMERICAN FURNITURE WAREHOUSE CO (340 trucks) | TERRACARE ASSOCIATES LLC (156 trucks) | ENTERPRISE RENT-A-CAR NATIONAL RENT A CAR ALAMO RENT A CAR (421 trucks),140000,16555,18906153.82,"$976,600.00"
Sol_003,6322 Ivanhoe St,https://www.loopnet.com/Listing/6322-Ivanhoe-St-Commerce-City-CO/30497175/,"Commerce City, CO 80022",1.24,1500000.0,39.811481968412,-104.920723282229,19512.55,20000,XL,97.56%,2643,UNITED SITE SERVICES OF NEVADA INC (409 trucks) | UNITED SITE SERVICES OF COLORADO INC (147 trucks) | OFFEN PETROLEUM LLC (269 trucks) | WESTERN DISTRIBUTING TRANSPORTATION CORP (155 trucks) | READY MIX CONCRETE COMPANY (191 trucks) | RMS CRANES (139 trucks) | EAGLE ROCK DISTRIBUTING COMPANY OF COLORADO LLC (148 trucks) | WASTE CONNECTIONS OF COLORADO INC (486 trucks) | SUPERSHUTTLE DENVER (125 trucks) | SURESHOT DRILLING LLC ATOZ FIELD SERVICES LLC DRILL TECH LLC PINNACLE DEVELOPMENT INC HDD SPECIALISTS LLC (135 trucks) | COCAL LANDSCAPE SERVICES INC (153 trucks) | WEST DIRECT OIL (140 trucks) | BURNCO COLORADO LLC (146 trucks),140000,16555,18906153.82,"$1,500,000.00"
Sol_003,765 Aspen Ridge Drive Dr,https://www.loopnet.com/Listing/765-Aspen-Ridge-Drive-Dr-Lafayette-CO/32931931/,"Lafayette, CO 80026",1.43,556000.0,40.006898203868,-105.107210150504,4585.06,5000,M,91.70%,619,BOULDER VALLEY SCHOOL DISTRICT RE-2 (134 trucks) | VIA MOBILITY SERVICES (196 trucks) | VIA MOBILITY SERVICES (116 trucks) | CU (173 trucks),140000,16555,18906153.82,"$556,000.00"
Sol_003,6109 W 48th Ave,https://www.loopnet.com/Listing/6109-W-48th-Ave-Wheat-Ridge-CO/32583003/,"Wheat Ridge, CO 80033",1.76,1141446.56,39.784078257989,-105.064430676896,5965.4,10000,L,59.65%,845,CITY OF ARVADA (100 trucks) | SITEWISE LLC (145 trucks) | COMPASS VEHICLE RENTAL INC (170 trucks) | COLD FRONT (121 trucks) | NAVAJO EXPRESS INC (309 trucks),140000,16555,18906153.82,"$1,141,446.56"
Sol_003,5480 Montana Vista Way,https://www.loopnet.com/Listing/5480-Montana-Vista-Way-Castle-Rock-CO/31324562/,"Castle Rock, CO 80108",2.0,1745643.0,39.413964345372,-104.86151758933,2577.81,5000,M,51.56%,389,TOWN OF CASTLE ROCK  (109 trucks) | GREAT SOUTHWESTERN CONSTRUCTION INC (280 trucks),140000,16555,18906153.82,"$1,745,643.00"
Sol_004,2300 W County Road 54G,https://www.loopnet.com/Listing/2300-W-County-Road-54G-Laporte-CO/33671750/,"Laporte, CO 80535",0.46,330000.0,40.625878828869,-105.117877128123,1931.6100000000001,2000,S,96.58%,528,Poudre School District  (243 trucks) | CITY OF FORT COLLINS (285 trucks),138000,16427,16806153.82,"$330,000.00"
Sol_004,17160 W Colfax Ave,https://www.loopnet.com/Listing/17160-W-Colfax-Ave-Golden-CO/29520298/,"Golden, CO 80401",0.63,500000.0,39.722253633534,-105.192465086092,5488.67,10000,L,54.89%,807,ENIVIRONMENTAL LANDWORKS COMPANY INC (115 trucks) | HOLCIM WCR INC (298 trucks) | JEFFCO SCHOOLS (274 trucks) | JEFFERSON COUNTY (120 trucks),138000,16427,16806153.82,"$500,000.00"
Sol_004,3401 S Yosemite St,https://www.loopnet.com/Listing/3401-S-Yosemite-St-Denver-CO/39837277/,"Denver, CO 80231",0.64,675000.0,39.654049416843,-104.88550562639,4128.9400000000005,5000,M,82.58%,632,COMCAST (194 trucks) | SWINGLE TREE & LANDSCAPE CARE (135 trucks) | CITY LIGHT AND POWER INC (121 trucks) | WHEEL PROS LLC (182 trucks),138000,16427,16806153.82,"$675,000.00"
Sol_004,Highway 34 Business & 83rd Avenue,https://www.loopnet.com/Listing/Highway-34-Business-83rd-Avenue-Greeley-CO/27017249/,"Greeley, CO 80634",0.66,877824.16,40.421498483243,-104.813483201346,336.5,1000,XS,33.65%,145,WELD COUNTY PUBLIC WORKS DEPARTMENT (145 trucks),138000,16427,16806153.82,"$877,824.16"
Sol_004,9190 W 84th Ave,https://www.loopnet.com/Listing/9190-W-84th-Ave-Arvada-CO/38160305/,"Arvada, CO 80005",0.67,499000.0,39.849854027782,-105.100317795342,2457.7,5000,M,49.15%,296,ALPINE MILLWORK COMPANY DBA ROCKY MOUNTAIN RELOAD (141 trucks) | GEOSTABILIZATION INTERNATIONAL LLC (155 trucks),138000,16427,16806153.82,"$499,000.00"
Sol_004,NEC N Fairgrounds Ave,https://www.loopnet.com/Listing/NEC-N-Fairgrounds-Ave-Windsor-CO/29890025/,"Windsor, CO 80528",0.74,483449.0,40.437732372143,-104.982630626628,4243.52,5000,M,84.87%,684,LARIMER COUNTY (131 trucks) | NOVUS AG LLC (444 trucks) | LOVELAND MUNICIPALITY (109 trucks),138000,16427,16806153.82,"$483,449.00"
Sol_004,11958 Lincoln Ave,https://www.loopnet.com/Listing/Lincoln-Ave-Parker-CO/39741118/,"Parker, CO 80138",0.86,495000.0,39.536519536914,-104.76116705724,4937.0,5000,M,98.74%,725,ACCELERATED SERVICES LLC (373 trucks) | CHERRY CREEK SCHOOLS (352 trucks),138000,16427,16806153.82,"$495,000.00"
Sol_004,2450 Curtis St,https://www.loopnet.com/Listing/2450-Curtis-St-Denver-CO/34878162/,"Denver, CO 80205",0.93,1930000.0,39.755035173034,-104.984190298703,4453.87,5000,M,89.08%,598,RES (149 trucks) | MPLX G&P (144 trucks) | COORS DISTRIBUTING COMPANY MILLER COORS LLC (105 trucks) | U S TRANSPORT INC (200 trucks),138000,16427,16806153.82,"$1,930,000.00"
Sol_004,3311 Ideal Drive Dr,https://www.loopnet.com/Listing/3311-Ideal-Drive-Dr-Frederick-CO/35744244/,"Frederick, CO 80516",1.0,949000.0,40.087044076103,-104.992966989518,4928.75,5000,M,98.58%,991,SUPREME TRANSPORT INC (183 trucks) | WARD ELECTRIC COMPANY INC (222 trucks) | CITY OF LONGMONT (211 trucks) | ST VRAIN VALLEY SCHOOL DISTRICT (174 trucks) | HEAT WAVES HOT OIL SERVICE LLC (201 trucks),138000,16427,16806153.82,"$949,000.00"
Sol_004,12015 Irma Dr,https://www.loopnet.com/Listing/12015-Irma-Dr-Northglenn-CO/34662093/,"Northglenn, CO 80241",1.0,1098017.0,39.918832606598,-104.965887826386,7349.780000000001,10000,L,73.50%,1428,ADAMS 12 FIVE STAR SCHOOLS (182 trucks) | TRI-STATE GENERATION & TRANSMISSION ASSOCIATION INC (321 trucks) | CITY OF THORNTON (208 trucks) | CITY OF THORNTON (174 trucks) | BALIC TRANSPORT INC (120 trucks) | ENVIRONMENTAL DESIGNS LLC (156 trucks) | SIM TRUCKING INC (120 trucks) | G&Z TRANSPORT LLC (147 trucks),138000,16427,16806153.82,"$1,098,017.00"
Sol_004,2120 University Park Blvd,https://www.loopnet.com/Listing/2120-University-Park-Blvd-Colorado-Springs-CO/27680798/,"Colorado Springs, CO 80918",1.02,295000.0,38.910590363159,-104.78892179429,5689.619999999999,10000,L,56.90%,1031,GOODWILL OF COLORADO (134 trucks) | CITY OF COLORADO SPRINGS (326 trucks) | VECTRUS SYSTEMS CORPORATION (185 trucks) | COLORADO SPRINGS SCHOOL DISTRICT 11 (130 trucks) | El PASO COUNTY (112 trucks) | MOUNTAIN METROPOLITAN TRANSIT (144 trucks),138000,16427,16806153.82,"$295,000.00"
Sol_004,Colfax Ave & Airport Blvd,https://www.loopnet.com/Listing/Colfax-Ave-Airport-Blvd-Aurora-CO/24946845/,"Aurora, CO 80011",1.1,955174.1,39.740269989586,-104.791334022205,8680.17,10000,L,86.80%,1261,METCO LANDSCAPING INC (226 trucks) | WAGNER EQUIPMENT CO (423 trucks) | AURORA PUBLIC SCHOOLS (127 trucks) | CITY OF AURORA (271 trucks) | SHAMROCK FOODS COMPANY (214 trucks),138000,16427,16806153.82,"$955,174.10"
Sol_004,4265 Santa Fe Dr,https://www.loopnet.com/Listing/4265-Santa-Fe-Dr-Sheridan-CO/30482164/,"Sheridan, CO 80110",1.17,1799000.0,39.63876696462,-105.007023340305,4209.639999999999,5000,M,84.19%,507,KEESEN ENTERPRISES INC (263 trucks) | QUALITY LOGISTICS INC (135 trucks) | PACIFIC SHIPPING & TRUCKING CO INC (109 trucks),138000,16427,16806153.82,"$1,799,000.00"
Sol_004,7099 S Kenton St,https://www.loopnet.com/Listing/7099-S-Kenton-St-Centennial-CO/6542016/,"Centennial, CO 80112",1.18,976600.0,39.588430849644,-104.861817781283,16997.23,20000,XL,84.99%,2298,HBSCO DANS TRASH AT YOUR DISPOSAL (110 trucks) | BUCKLEY POWDER CO (217 trucks) | IHC SCOTT INC (214 trucks) | ORICA USA INC (215 trucks) | GLOBAL TRANSPORTATION LLC (442 trucks) | CH2M OMI CH2MHILL JACOBS (183 trucks) | AMERICAN FURNITURE WAREHOUSE CO (340 trucks) | TERRACARE ASSOCIATES LLC (156 trucks) | ENTERPRISE RENT-A-CAR NATIONAL RENT A CAR ALAMO RENT A CAR (421 trucks),138000,16427,16806153.82,"$976,600.00"
Sol_004,6322 Ivanhoe St,https://www.loopnet.com/Listing/6322-Ivanhoe-St-Commerce-City-CO/30497175/,"Commerce City, CO 80022",1.24,1500000.0,39.811481968412,-104.920723282229,19512.55,20000,XL,97.56%,2643,UNITED SITE SERVICES OF NEVADA INC (409 trucks) | UNITED SITE SERVICES OF COLORADO INC (147 trucks) | OFFEN PETROLEUM LLC (269 trucks) | WESTERN DISTRIBUTING TRANSPORTATION CORP (155 trucks) | READY MIX CONCRETE COMPANY (191 trucks) | RMS CRANES (139 trucks) | EAGLE ROCK DISTRIBUTING COMPANY OF COLORADO LLC (148 trucks) | WASTE CONNECTIONS OF COLORADO INC (486 trucks) | SUPERSHUTTLE DENVER (125 trucks) | SURESHOT DRILLING LLC ATOZ FIELD SERVICES LLC DRILL TECH LLC PINNACLE DEVELOPMENT INC HDD SPECIALISTS LLC (135 trucks) | COCAL LANDSCAPE SERVICES INC (153 trucks) | WEST DIRECT OIL (140 trucks) | BURNCO COLORADO LLC (146 trucks),138000,16427,16806153.82,"$1,500,000.00"
Sol_004,765 Aspen Ridge Drive Dr,https://www.loopnet.com/Listing/765-Aspen-Ridge-Drive-Dr-Lafayette-CO/32931931/,"Lafayette, CO 80026",1.43,556000.0,40.006898203868,-105.107210150504,4585.06,5000,M,91.70%,619,BOULDER VALLEY SCHOOL DISTRICT RE-2 (134 trucks) | VIA MOBILITY SERVICES (196 trucks) | VIA MOBILITY SERVICES (116 trucks) | CU (173 trucks),138000,16427,16806153.82,"$556,000.00"
Sol_004,6109 W 48th Ave,https://www.loopnet.com/Listing/6109-W-48th-Ave-Wheat-Ridge-CO/32583003/,"Wheat Ridge, CO 80033",1.76,1141446.56,39.784078257989,-105.064430676896,5965.4,10000,L,59.65%,845,CITY OF ARVADA (100 trucks) | SITEWISE LLC (145 trucks) | COMPASS VEHICLE RENTAL INC (170 trucks) | COLD FRONT (121 trucks) | NAVAJO EXPRESS INC (309 trucks),138000,16427,16806153.82,"$1,141,446.56"
Sol_004,5480 Montana Vista Way,https://www.loopnet.com/Listing/5480-Montana-Vista-Way-Castle-Rock-CO/31324562/,"Castle Rock, CO 80108",2.0,1745643.0,39.413964345372,-104.86151758933,2577.81,5000,M,51.56%,389,TOWN OF CASTLE ROCK  (109 trucks) | GREAT SOUTHWESTERN CONSTRUCTION INC (280 trucks),138000,16427,16806153.82,"$1,745,643.00"
Sol_005,1425 W 13th Ave,https://www.loopnet.com/Listing/1425-W-13th-Ave-Denver-CO/39545028/,"Denver, CO 80204",0.41,2100000.0,39.737234692898,-105.006021971351,1747.08,2000,S,87.35%,272,CONCRETE EXPRESS INC (128 trucks) | MPLX G&P (144 trucks),140000,16555,18906153.82,"$2,100,000.00"
Sol_005,2300 W County Road 54G,https://www.loopnet.com/Listing/2300-W-County-Road-54G-Laporte-CO/33671750/,"Laporte, CO 80535",0.46,330000.0,40.625878828869,-105.117877128123,1931.6100000000001,2000,S,96.58%,528,Poudre School District  (243 trucks) | CITY OF FORT COLLINS (285 trucks),140000,16555,18906153.82,"$330,000.00"
Sol_005,17160 W Colfax Ave,https://www.loopnet.com/Listing/17160-W-Colfax-Ave-Golden-CO/29520298/,"Golden, CO 80401",0.63,500000.0,39.722253633534,-105.192465086092,5488.67,10000,L,54.89%,807,ENIVIRONMENTAL LANDWORKS COMPANY INC (115 trucks) | HOLCIM WCR INC (298 trucks) | JEFFCO SCHOOLS (274 trucks) | JEFFERSON COUNTY (120 trucks),140000,16555,18906153.82,"$500,000.00"
Sol_005,3401 S Yosemite St,https://www.loopnet.com/Listing/3401-S-Yosemite-St-Denver-CO/39837277/,"Denver, CO 80231",0.64,675000.0,39.654049416843,-104.88550562639,4128.9400000000005,5000,M,82.58%,632,COMCAST (194 trucks) | SWINGLE TREE & LANDSCAPE CARE (135 trucks) | CITY LIGHT AND POWER INC (121 trucks) | WHEEL PROS LLC (182 trucks),140000,16555,18906153.82,"$675,000.00"
Sol_005,Highway 34 Business & 83rd Avenue,https://www.loopnet.com/Listing/Highway-34-Business-83rd-Avenue-Greeley-CO/27017249/,"Greeley, CO 80634",0.66,877824.16,40.421498483243,-104.813483201346,336.5,1000,XS,33.65%,145,WELD COUNTY PUBLIC WORKS DEPARTMENT (145 trucks),140000,16555,18906153.82,"$877,824.16"
Sol_005,9190 W 84th Ave,https://www.loopnet.com/Listing/9190-W-84th-Ave-Arvada-CO/38160305/,"Arvada, CO 80005",0.67,499000.0,39.849854027782,-105.100317795342,2457.7,5000,M,49.15%,296,ALPINE MILLWORK COMPANY DBA ROCKY MOUNTAIN RELOAD (141 trucks) | GEOSTABILIZATION INTERNATIONAL LLC (155 trucks),140000,16555,18906153.82,"$499,000.00"
Sol_005,NEC N Fairgrounds Ave,https://www.loopnet.com/Listing/NEC-N-Fairgrounds-Ave-Windsor-CO/29890025/,"Windsor, CO 80528",0.74,483449.0,40.437732372143,-104.982630626628,4243.52,5000,M,84.87%,684,LARIMER COUNTY (131 trucks) | NOVUS AG LLC (444 trucks) | LOVELAND MUNICIPALITY (109 trucks),140000,16555,18906153.82,"$483,449.00"
Sol_005,11958 Lincoln Ave,https://www.loopnet.com/Listing/Lincoln-Ave-Parker-CO/39741118/,"Parker, CO 80138",0.86,495000.0,39.536519536914,-104.76116705724,4937.0,5000,M,98.74%,725,ACCELERATED SERVICES LLC (373 trucks) | CHERRY CREEK SCHOOLS (352 trucks),140000,16555,18906153.82,"$495,000.00"
Sol_005,2450 Curtis St,https://www.loopnet.com/Listing/2450-Curtis-St-Denver-CO/34878162/,"Denver, CO 80205",0.93,1930000.0,39.755035173034,-104.984190298703,3769.58,5000,M,75.39%,454,RES (149 trucks) | COORS DISTRIBUTING COMPANY MILLER COORS LLC (105 trucks) | U S TRANSPORT INC (200 trucks),140000,16555,18906153.82,"$1,930,000.00"
Sol_005,3311 Ideal Drive Dr,https://www.loopnet.com/Listing/3311-Ideal-Drive-Dr-Frederick-CO/35744244/,"Frederick, CO 80516",1.0,949000.0,40.087044076103,-104.992966989518,4928.75,5000,M,98.58%,991,SUPREME TRANSPORT INC (183 trucks) | WARD ELECTRIC COMPANY INC (222 trucks) | CITY OF LONGMONT (211 trucks) | ST VRAIN VALLEY SCHOOL DISTRICT (174 trucks) | HEAT WAVES HOT OIL SERVICE LLC (201 trucks),140000,16555,18906153.82,"$949,000.00"
Sol_005,12015 Irma Dr,https://www.loopnet.com/Listing/12015-Irma-Dr-Northglenn-CO/34662093/,"Northglenn, CO 80241",1.0,1098017.0,39.918832606598,-104.965887826386,7349.780000000001,10000,L,73.50%,1428,ADAMS 12 FIVE STAR SCHOOLS (182 trucks) | TRI-STATE GENERATION & TRANSMISSION ASSOCIATION INC (321 trucks) | CITY OF THORNTON (208 trucks) | CITY OF THORNTON (174 trucks) | BALIC TRANSPORT INC (120 trucks) | ENVIRONMENTAL DESIGNS LLC (156 trucks) | SIM TRUCKING INC (120 trucks) | G&Z TRANSPORT LLC (147 trucks),140000,16555,18906153.82,"$1,098,017.00"
Sol_005,2120 University Park Blvd,https://www.loopnet.com/Listing/2120-University-Park-Blvd-Colorado-Springs-CO/27680798/,"Colorado Springs, CO 80918",1.02,295000.0,38.910590363159,-104.78892179429,5689.619999999999,10000,L,56.90%,1031,GOODWILL OF COLORADO (134 trucks) | CITY OF COLORADO SPRINGS (326 trucks) | VECTRUS SYSTEMS CORPORATION (185 trucks) | COLORADO SPRINGS SCHOOL DISTRICT 11 (130 trucks) | El PASO COUNTY (112 trucks) | MOUNTAIN METROPOLITAN TRANSIT (144 trucks),140000,16555,18906153.82,"$295,000.00"
Sol_005,Colfax Ave & Airport Blvd,https://www.loopnet.com/Listing/Colfax-Ave-Airport-Blvd-Aurora-CO/24946845/,"Aurora, CO 80011",1.1,955174.1,39.740269989586,-104.791334022205,8680.17,10000,L,86.80%,1261,METCO LANDSCAPING INC (226 trucks) | WAGNER EQUIPMENT CO (423 trucks) | AURORA PUBLIC SCHOOLS (127 trucks) | CITY OF AURORA (271 trucks) | SHAMROCK FOODS COMPANY (214 trucks),140000,16555,18906153.82,"$955,174.10"
Sol_005,4265 Santa Fe Dr,https://www.loopnet.com/Listing/4265-Santa-Fe-Dr-Sheridan-CO/30482164/,"Sheridan, CO 80110",1.17,1799000.0,39.63876696462,-105.007023340305,4209.639999999999,5000,M,84.19%,507,KEESEN ENTERPRISES INC (263 trucks) | QUALITY LOGISTICS INC (135 trucks) | PACIFIC SHIPPING & TRUCKING CO INC (109 trucks),140000,16555,18906153.82,"$1,799,000.00"
Sol_005,7099 S Kenton St,https://www.loopnet.com/Listing/7099-S-Kenton-St-Centennial-CO/6542016/,"Centennial, CO 80112",1.18,976600.0,39.588430849644,-104.861817781283,16997.23,20000,XL,84.99%,2298,HBSCO DANS TRASH AT YOUR DISPOSAL (110 trucks) | BUCKLEY POWDER CO (217 trucks) | IHC SCOTT INC (214 trucks) | ORICA USA INC (215 trucks) | GLOBAL TRANSPORTATION LLC (442 trucks) | CH2M OMI CH2MHILL JACOBS (183 trucks) | AMERICAN FURNITURE WAREHOUSE CO (340 trucks) | TERRACARE ASSOCIATES LLC (156 trucks) | ENTERPRISE RENT-A-CAR NATIONAL RENT A CAR ALAMO RENT A CAR (421 trucks),140000,16555,18906153.82,"$976,600.00"
Sol_005,6322 Ivanhoe St,https://www.loopnet.com/Listing/6322-Ivanhoe-St-Commerce-City-CO/30497175/,"Commerce City, CO 80022",1.24,1500000.0,39.811481968412,-104.920723282229,19512.55,20000,XL,97.56%,2643,UNITED SITE SERVICES OF NEVADA INC (409 trucks) | UNITED SITE SERVICES OF COLORADO INC (147 trucks) | OFFEN PETROLEUM LLC (269 trucks) | WESTERN DISTRIBUTING TRANSPORTATION CORP (155 trucks) | READY MIX CONCRETE COMPANY (191 trucks) | RMS CRANES (139 trucks) | EAGLE ROCK DISTRIBUTING COMPANY OF COLORADO LLC (148 trucks) | WASTE CONNECTIONS OF COLORADO INC (486 trucks) | SUPERSHUTTLE DENVER (125 trucks) | SURESHOT DRILLING LLC ATOZ FIELD SERVICES LLC DRILL TECH LLC PINNACLE DEVELOPMENT INC HDD SPECIALISTS LLC (135 trucks) | COCAL LANDSCAPE SERVICES INC (153 trucks) | WEST DIRECT OIL (140 trucks) | BURNCO COLORADO LLC (146 trucks),140000,16555,18906153.82,"$1,500,000.00"
Sol_005,765 Aspen Ridge Drive Dr,https://www.loopnet.com/Listing/765-Aspen-Ridge-Drive-Dr-Lafayette-CO/32931931/,"Lafayette, CO 80026",1.43,556000.0,40.006898203868,-105.107210150504,4585.06,5000,M,91.70%,619,BOULDER VALLEY SCHOOL DISTRICT RE-2 (134 trucks) | VIA MOBILITY SERVICES (196 trucks) | VIA MOBILITY SERVICES (116 trucks) | CU (173 trucks),140000,16555,18906153.82,"$556,000.00"
Sol_005,6109 W 48th Ave,https://www.loopnet.com/Listing/6109-W-48th-Ave-Wheat-Ridge-CO/32583003/,"Wheat Ridge, CO 80033",1.76,1141446.56,39.784078257989,-105.064430676896,5965.4,10000,L,59.65%,845,CITY OF ARVADA (100 trucks) | SITEWISE LLC (145 trucks) | COMPASS VEHICLE RENTAL INC (170 trucks) | COLD FRONT (121 trucks) | NAVAJO EXPRESS INC (309 trucks),140000,16555,18906153.82,"$1,141,446.56"
Sol_005,5480 Montana Vista Way,https://www.loopnet.com/Listing/5480-Montana-Vista-Way-Castle-Rock-CO/31324562/,"Castle Rock, CO 80108",2.0,1745643.0,39.413964345372,-104.86151758933,2577.81,5000,M,51.56%,389,TOWN OF CASTLE ROCK  (109 trucks) | GREAT SOUTHWESTERN CONSTRUCTION INC (280 trucks),140000,16555,18906153.82,"$1,745,643.00"
Sol_006,2300 W County Road 54G,https://www.loopnet.com/Listing/2300-W-County-Road-54G-Laporte-CO/33671750/,"Laporte, CO 80535",0.46,330000.0,40.625878828869,-105.117877128123,1931.6100000000001,2000,S,96.58%,528,Poudre School District  (243 trucks) | CITY OF FORT COLLINS (285 trucks),122000,14947,9998512.56,"$330,000.00"
Sol_006,17160 W Colfax Ave,https://www.loopnet.com/Listing/17160-W-Colfax-Ave-Golden-CO/29520298/,"Golden, CO 80401",0.63,500000.0,39.722253633534,-105.192465086092,5488.67,10000,L,54.89%,807,ENIVIRONMENTAL LANDWORKS COMPANY INC (115 trucks) | HOLCIM WCR INC (298 trucks) | JEFFCO SCHOOLS (274 trucks) | JEFFERSON COUNTY (120 trucks),122000,14947,9998512.56,"$500,000.00"
Sol_006,3401 S Yosemite St,https://www.loopnet.com/Listing/3401-S-Yosemite-St-Denver-CO/39837277/,"Denver, CO 80231",0.64,675000.0,39.654049416843,-104.88550562639,4128.9400000000005,5000,M,82.58%,632,COMCAST (194 trucks) | SWINGLE TREE & LANDSCAPE CARE (135 trucks) | CITY LIGHT AND POWER INC (121 trucks) | WHEEL PROS LLC (182 trucks),122000,14947,9998512.56,"$675,000.00"
Sol_006,9190 W 84th Ave,https://www.loopnet.com/Listing/9190-W-84th-Ave-Arvada-CO/38160305/,"Arvada, CO 80005",0.67,499000.0,39.849854027782,-105.100317795342,2457.7,5000,M,49.15%,296,ALPINE MILLWORK COMPANY DBA ROCKY MOUNTAIN RELOAD (141 trucks) | GEOSTABILIZATION INTERNATIONAL LLC (155 trucks),122000,14947,9998512.56,"$499,000.00"
Sol_006,496 Laredo st,https://www.loopnet.com/Listing/496-Laredo-st-Aurora-CO/38708025/,"Aurora, CO 80011",0.7,500000.0,39.724337332754,-104.800258318335,8680.17,10000,L,86.80%,1261,AURORA PUBLIC SCHOOLS (127 trucks) | CITY OF AURORA (271 trucks) | METCO LANDSCAPING INC (226 trucks) | WAGNER EQUIPMENT CO (423 trucks) | SHAMROCK FOODS COMPANY (214 trucks),122000,14947,9998512.56,"$500,000.00"
Sol_006,NEC N Fairgrounds Ave,https://www.loopnet.com/Listing/NEC-N-Fairgrounds-Ave-Windsor-CO/29890025/,"Windsor, CO 80528",0.74,483449.0,40.437732372143,-104.982630626628,4243.52,5000,M,84.87%,684,LARIMER COUNTY (131 trucks) | NOVUS AG LLC (444 trucks) | LOVELAND MUNICIPALITY (109 trucks),122000,14947,9998512.56,"$483,449.00"
Sol_006,11958 Lincoln Ave,https://www.loopnet.com/Listing/Lincoln-Ave-Parker-CO/39741118/,"Parker, CO 80138",0.86,495000.0,39.536519536914,-104.76116705724,4937.0,5000,M,98.74%,725,ACCELERATED SERVICES LLC (373 trucks) | CHERRY CREEK SCHOOLS (352 trucks),122000,14947,9998512.56,"$495,000.00"
Sol_006,3311 Ideal Drive Dr,https://www.loopnet.com/Listing/3311-Ideal-Drive-Dr-Frederick-CO/35744244/,"Frederick, CO 80516",1.0,949000.0,40.087044076103,-104.992966989518,4928.75,5000,M,98.58%,991,SUPREME TRANSPORT INC (183 trucks) | WARD ELECTRIC COMPANY INC (222 trucks) | CITY OF LONGMONT (211 trucks) | ST VRAIN VALLEY SCHOOL DISTRICT (174 trucks) | HEAT WAVES HOT OIL SERVICE LLC (201 trucks),122000,14947,9998512.56,"$949,000.00"
Sol_006,12015 Irma Dr,https://www.loopnet.com/Listing/12015-Irma-Dr-Northglenn-CO/34662093/,"Northglenn, CO 80241",1.0,1098017.0,39.918832606598,-104.965887826386,7349.780000000001,10000,L,73.50%,1428,ADAMS 12 FIVE STAR SCHOOLS (182 trucks) | TRI-STATE GENERATION & TRANSMISSION ASSOCIATION INC (321 trucks) | CITY OF THORNTON (208 trucks) | CITY OF THORNTON (174 trucks) | BALIC TRANSPORT INC (120 trucks) | ENVIRONMENTAL DESIGNS LLC (156 trucks) | SIM TRUCKING INC (120 trucks) | G&Z TRANSPORT LLC (147 trucks),122000,14947,9998512.56,"$1,098,017.00"
Sol_006,2120 University Park Blvd,https://www.loopnet.com/Listing/2120-University-Park-Blvd-Colorado-Springs-CO/27680798/,"Colorado Springs, CO 80918",1.02,295000.0,38.910590363159,-104.78892179429,5689.619999999999,10000,L,56.90%,1031,GOODWILL OF COLORADO (134 trucks) | CITY OF COLORADO SPRINGS (326 trucks) | VECTRUS SYSTEMS CORPORATION (185 trucks) | COLORADO SPRINGS SCHOOL DISTRICT 11 (130 trucks) | El PASO COUNTY (112 trucks) | MOUNTAIN METROPOLITAN TRANSIT (144 trucks),122000,14947,9998512.56,"$295,000.00"
Sol_006,7099 S Kenton St,https://www.loopnet.com/Listing/7099-S-Kenton-St-Centennial-CO/6542016/,"Centennial, CO 80112",1.18,976600.0,39.588430849644,-104.861817781283,16997.23,20000,XL,84.99%,2298,HBSCO DANS TRASH AT YOUR DISPOSAL (110 trucks) | BUCKLEY POWDER CO (217 trucks) | IHC SCOTT INC (214 trucks) | ORICA USA INC (215 trucks) | GLOBAL TRANSPORTATION LLC (442 trucks) | CH2M OMI CH2MHILL JACOBS (183 trucks) | AMERICAN FURNITURE WAREHOUSE CO (340 trucks) | TERRACARE ASSOCIATES LLC (156 trucks) | ENTERPRISE RENT-A-CAR NATIONAL RENT A CAR ALAMO RENT A CAR (421 trucks),122000,14947,9998512.56,"$976,600.00"
Sol_006,6322 Ivanhoe St,https://www.loopnet.com/Listing/6322-Ivanhoe-St-Commerce-City-CO/30497175/,"Commerce City, CO 80022",1.24,1500000.0,39.811481968412,-104.920723282229,19960.92,20000,XL,99.80%,2697,UNITED SITE SERVICES OF NEVADA INC (409 trucks) | UNITED SITE SERVICES OF COLORADO INC (147 trucks) | OFFEN PETROLEUM LLC (269 trucks) | WESTERN DISTRIBUTING TRANSPORTATION CORP (155 trucks) | READY MIX CONCRETE COMPANY (191 trucks) | RMS CRANES (139 trucks) | EAGLE ROCK DISTRIBUTING COMPANY OF COLORADO LLC (148 trucks) | WASTE CONNECTIONS OF COLORADO INC (486 trucks) | SUPERSHUTTLE DENVER (125 trucks) | SURESHOT DRILLING LLC ATOZ FIELD SERVICES LLC DRILL TECH LLC PINNACLE DEVELOPMENT INC HDD SPECIALISTS LLC (135 trucks) | COCAL LANDSCAPE SERVICES INC (153 trucks) | U S TRANSPORT INC (200 trucks) | WEST DIRECT OIL (140 trucks),122000,14947,9998512.56,"$1,500,000.00"
Sol_006,765 Aspen Ridge Drive Dr,https://www.loopnet.com/Listing/765-Aspen-Ridge-Drive-Dr-Lafayette-CO/32931931/,"Lafayette, CO 80026",1.43,556000.0,40.006898203868,-105.107210150504,4585.06,5000,M,91.70%,619,BOULDER VALLEY SCHOOL DISTRICT RE-2 (134 trucks) | VIA MOBILITY SERVICES (196 trucks) | VIA MOBILITY SERVICES (116 trucks) | CU (173 trucks),122000,14947,9998512.56,"$556,000.00"
Sol_006,6109 W 48th Ave,https://www.loopnet.com/Listing/6109-W-48th-Ave-Wheat-Ridge-CO/32583003/,"Wheat Ridge, CO 80033",1.76,1141446.56,39.784078257989,-105.064430676896,6837.22,10000,L,68.37%,950,CITY OF ARVADA (100 trucks) | SITEWISE LLC (145 trucks) | COMPASS VEHICLE RENTAL INC (170 trucks) | COORS DISTRIBUTING COMPANY MILLER COORS LLC (105 trucks) | COLD FRONT (121 trucks) | NAVAJO EXPRESS INC (309 trucks),122000,14947,9998512.56,"$1,141,446.56"
Sol_007,17160 W Colfax Ave,https://www.loopnet.com/Listing/17160-W-Colfax-Ave-Golden-CO/29520298/,"Golden, CO 80401",0.63,500000.0,39.722253633534,-105.192465086092,5488.67,10000,L,54.89%,807,ENIVIRONMENTAL LANDWORKS COMPANY INC (115 trucks) | HOLCIM WCR INC (298 trucks) | JEFFCO SCHOOLS (274 trucks) | JEFFERSON COUNTY (120 trucks),120000,14419,9668512.56,"$500,000.00"
Sol_007,3401 S Yosemite St,https://www.loopnet.com/Listing/3401-S-Yosemite-St-Denver-CO/39837277/,"Denver, CO 80231",0.64,675000.0,39.654049416843,-104.88550562639,4128.9400000000005,5000,M,82.58%,632,COMCAST (194 trucks) | SWINGLE TREE & LANDSCAPE CARE (135 trucks) | CITY LIGHT AND POWER INC (121 trucks) | WHEEL PROS LLC (182 trucks),120000,14419,9668512.56,"$675,000.00"
Sol_007,9190 W 84th Ave,https://www.loopnet.com/Listing/9190-W-84th-Ave-Arvada-CO/38160305/,"Arvada, CO 80005",0.67,499000.0,39.849854027782,-105.100317795342,2457.7,5000,M,49.15%,296,ALPINE MILLWORK COMPANY DBA ROCKY MOUNTAIN RELOAD (141 trucks) | GEOSTABILIZATION INTERNATIONAL LLC (155 trucks),120000,14419,9668512.56,"$499,000.00"
Sol_007,496 Laredo st,https://www.loopnet.com/Listing/496-Laredo-st-Aurora-CO/38708025/,"Aurora, CO 80011",0.7,500000.0,39.724337332754,-104.800258318335,8680.17,10000,L,86.80%,1261,AURORA PUBLIC SCHOOLS (127 trucks) | CITY OF AURORA (271 trucks) | METCO LANDSCAPING INC (226 trucks) | WAGNER EQUIPMENT CO (423 trucks) | SHAMROCK FOODS COMPANY (214 trucks),120000,14419,9668512.56,"$500,000.00"
Sol_007,NEC N Fairgrounds Ave,https://www.loopnet.com/Listing/NEC-N-Fairgrounds-Ave-Windsor-CO/29890025/,"Windsor, CO 80528",0.74,483449.0,40.437732372143,-104.982630626628,4243.52,5000,M,84.87%,684,LARIMER COUNTY (131 trucks) | NOVUS AG LLC (444 trucks) | LOVELAND MUNICIPALITY (109 trucks),120000,14419,9668512.56,"$483,449.00"
Sol_007,11958 Lincoln Ave,https://www.loopnet.com/Listing/Lincoln-Ave-Parker-CO/39741118/,"Parker, CO 80138",0.86,495000.0,39.536519536914,-104.76116705724,4937.0,5000,M,98.74%,725,ACCELERATED SERVICES LLC (373 trucks) | CHERRY CREEK SCHOOLS (352 trucks),120000,14419,9668512.56,"$495,000.00"
Sol_007,3311 Ideal Drive Dr,https://www.loopnet.com/Listing/3311-Ideal-Drive-Dr-Frederick-CO/35744244/,"Frederick, CO 80516",1.0,949000.0,40.087044076103,-104.992966989518,4928.75,5000,M,98.58%,991,SUPREME TRANSPORT INC (183 trucks) | WARD ELECTRIC COMPANY INC (222 trucks) | CITY OF LONGMONT (211 trucks) | ST VRAIN VALLEY SCHOOL DISTRICT (174 trucks) | HEAT WAVES HOT OIL SERVICE LLC (201 trucks),120000,14419,9668512.56,"$949,000.00"
Sol_007,12015 Irma Dr,https://www.loopnet.com/Listing/12015-Irma-Dr-Northglenn-CO/34662093/,"Northglenn, CO 80241",1.0,1098017.0,39.918832606598,-104.965887826386,7349.780000000001,10000,L,73.50%,1428,ADAMS 12 FIVE STAR SCHOOLS (182 trucks) | TRI-STATE GENERATION & TRANSMISSION ASSOCIATION INC (321 trucks) | CITY OF THORNTON (208 trucks) | CITY OF THORNTON (174 trucks) | BALIC TRANSPORT INC (120 trucks) | ENVIRONMENTAL DESIGNS LLC (156 trucks) | SIM TRUCKING INC (120 trucks) | G&Z TRANSPORT LLC (147 trucks),120000,14419,9668512.56,"$1,098,017.00"
Sol_007,2120 University Park Blvd,https://www.loopnet.com/Listing/2120-University-Park-Blvd-Colorado-Springs-CO/27680798/,"Colorado Springs, CO 80918",1.02,295000.0,38.910590363159,-104.78892179429,5689.619999999999,10000,L,56.90%,1031,GOODWILL OF COLORADO (134 trucks) | CITY OF COLORADO SPRINGS (326 trucks) | VECTRUS SYSTEMS CORPORATION (185 trucks) | COLORADO SPRINGS SCHOOL DISTRICT 11 (130 trucks) | El PASO COUNTY (112 trucks) | MOUNTAIN METROPOLITAN TRANSIT (144 trucks),120000,14419,9668512.56,"$295,000.00"
Sol_007,7099 S Kenton St,https://www.loopnet.com/Listing/7099-S-Kenton-St-Centennial-CO/6542016/,"Centennial, CO 80112",1.18,976600.0,39.588430849644,-104.861817781283,16997.23,20000,XL,84.99%,2298,HBSCO DANS TRASH AT YOUR DISPOSAL (110 trucks) | BUCKLEY POWDER CO (217 trucks) | IHC SCOTT INC (214 trucks) | ORICA USA INC (215 trucks) | GLOBAL TRANSPORTATION LLC (442 trucks) | CH2M OMI CH2MHILL JACOBS (183 trucks) | AMERICAN FURNITURE WAREHOUSE CO (340 trucks) | TERRACARE ASSOCIATES LLC (156 trucks) | ENTERPRISE RENT-A-CAR NATIONAL RENT A CAR ALAMO RENT A CAR (421 trucks),120000,14419,9668512.56,"$976,600.00"
Sol_007,6322 Ivanhoe St,https://www.loopnet.com/Listing/6322-Ivanhoe-St-Commerce-City-CO/30497175/,"Commerce City, CO 80022",1.24,1500000.0,39.811481968412,-104.920723282229,19960.92,20000,XL,99.80%,2697,UNITED SITE SERVICES OF NEVADA INC (409 trucks) | UNITED SITE SERVICES OF COLORADO INC (147 trucks) | OFFEN PETROLEUM LLC (269 trucks) | WESTERN DISTRIBUTING TRANSPORTATION CORP (155 trucks) | READY MIX CONCRETE COMPANY (191 trucks) | RMS CRANES (139 trucks) | EAGLE ROCK DISTRIBUTING COMPANY OF COLORADO LLC (148 trucks) | WASTE CONNECTIONS OF COLORADO INC (486 trucks) | SUPERSHUTTLE DENVER (125 trucks) | SURESHOT DRILLING LLC ATOZ FIELD SERVICES LLC DRILL TECH LLC PINNACLE DEVELOPMENT INC HDD SPECIALISTS LLC (135 trucks) | COCAL LANDSCAPE SERVICES INC (153 trucks) | U S TRANSPORT INC (200 trucks) | WEST DIRECT OIL (140 trucks),120000,14419,9668512.56,"$1,500,000.00"
Sol_007,765 Aspen Ridge Drive Dr,https://www.loopnet.com/Listing/765-Aspen-Ridge-Drive-Dr-Lafayette-CO/32931931/,"Lafayette, CO 80026",1.43,556000.0,40.006898203868,-105.107210150504,4585.06,5000,M,91.70%,619,BOULDER VALLEY SCHOOL DISTRICT RE-2 (134 trucks) | VIA MOBILITY SERVICES (196 trucks) | VIA MOBILITY SERVICES (116 trucks) | CU (173 trucks),120000,14419,9668512.56,"$556,000.00"
Sol_007,6109 W 48th Ave,https://www.loopnet.com/Listing/6109-W-48th-Ave-Wheat-Ridge-CO/32583003/,"Wheat Ridge, CO 80033",1.76,1141446.56,39.784078257989,-105.064430676896,6837.22,10000,L,68.37%,950,CITY OF ARVADA (100 trucks) | SITEWISE LLC (145 trucks) | COMPASS VEHICLE RENTAL INC (170 trucks) | COORS DISTRIBUTING COMPANY MILLER COORS LLC (105 trucks) | COLD FRONT (121 trucks) | NAVAJO EXPRESS INC (309 trucks),120000,14419,9668512.56,"$1,141,446.56"
Sol_008,2300 W County Road 54G,https://www.loopnet.com/Listing/2300-W-County-Road-54G-Laporte-CO/33671750/,"Laporte, CO 80535",0.46,330000.0,40.625878828869,-105.117877128123,1931.6100000000001,2000,S,96.58%,528,Poudre School District  (243 trucks) | CITY OF FORT COLLINS (285 trucks),122000,14167,9049512.56,"$330,000.00"
Sol_008,17160 W Colfax Ave,https://www.loopnet.com/Listing/17160-W-Colfax-Ave-Golden-CO/29520298/,"Golden, CO 80401",0.63,500000.0,39.722253633534,-105.192465086092,5488.67,10000,L,54.89%,807,ENIVIRONMENTAL LANDWORKS COMPANY INC (115 trucks) | HOLCIM WCR INC (298 trucks) | JEFFCO SCHOOLS (274 trucks) | JEFFERSON COUNTY (120 trucks),122000,14167,9049512.56,"$500,000.00"
Sol_008,3401 S Yosemite St,https://www.loopnet.com/Listing/3401-S-Yosemite-St-Denver-CO/39837277/,"Denver, CO 80231",0.64,675000.0,39.654049416843,-104.88550562639,4128.9400000000005,5000,M,82.58%,632,COMCAST (194 trucks) | SWINGLE TREE & LANDSCAPE CARE (135 trucks) | CITY LIGHT AND POWER INC (121 trucks) | WHEEL PROS LLC (182 trucks),122000,14167,9049512.56,"$675,000.00"
Sol_008,9190 W 84th Ave,https://www.loopnet.com/Listing/9190-W-84th-Ave-Arvada-CO/38160305/,"Arvada, CO 80005",0.67,499000.0,39.849854027782,-105.100317795342,2457.7,5000,M,49.15%,296,ALPINE MILLWORK COMPANY DBA ROCKY MOUNTAIN RELOAD (141 trucks) | GEOSTABILIZATION INTERNATIONAL LLC (155 trucks),122000,14167,9049512.56,"$499,000.00"
Sol_008,496 Laredo st,https://www.loopnet.com/Listing/496-Laredo-st-Aurora-CO/38708025/,"Aurora, CO 80011",0.7,500000.0,39.724337332754,-104.800258318335,8680.17,10000,L,86.80%,1261,AURORA PUBLIC SCHOOLS (127 trucks) | CITY OF AURORA (271 trucks) | METCO LANDSCAPING INC (226 trucks) | WAGNER EQUIPMENT CO (423 trucks) | SHAMROCK FOODS COMPANY (214 trucks),122000,14167,9049512.56,"$500,000.00"
Sol_008,NEC N Fairgrounds Ave,https://www.loopnet.com/Listing/NEC-N-Fairgrounds-Ave-Windsor-CO/29890025/,"Windsor, CO 80528",0.74,483449.0,40.437732372143,-104.982630626628,4243.52,5000,M,84.87%,684,LARIMER COUNTY (131 trucks) | NOVUS AG LLC (444 trucks) | LOVELAND MUNICIPALITY (109 trucks),122000,14167,9049512.56,"$483,449.00"
Sol_008,11958 Lincoln Ave,https://www.loopnet.com/Listing/Lincoln-Ave-Parker-CO/39741118/,"Parker, CO 80138",0.86,495000.0,39.536519536914,-104.76116705724,4937.0,5000,M,98.74%,725,ACCELERATED SERVICES LLC (373 trucks) | CHERRY CREEK SCHOOLS (352 trucks),122000,14167,9049512.56,"$495,000.00"
Sol_008,12015 Irma Dr,https://www.loopnet.com/Listing/12015-Irma-Dr-Northglenn-CO/34662093/,"Northglenn, CO 80241",1.0,1098017.0,39.918832606598,-104.965887826386,7349.780000000001,10000,L,73.50%,1428,ADAMS 12 FIVE STAR SCHOOLS (182 trucks) | TRI-STATE GENERATION & TRANSMISSION ASSOCIATION INC (321 trucks) | CITY OF THORNTON (208 trucks) | CITY OF THORNTON (174 trucks) | BALIC TRANSPORT INC (120 trucks) | ENVIRONMENTAL DESIGNS LLC (156 trucks) | SIM TRUCKING INC (120 trucks) | G&Z TRANSPORT LLC (147 trucks),122000,14167,9049512.56,"$1,098,017.00"
Sol_008,2120 University Park Blvd,https://www.loopnet.com/Listing/2120-University-Park-Blvd-Colorado-Springs-CO/27680798/,"Colorado Springs, CO 80918",1.02,295000.0,38.910590363159,-104.78892179429,5689.619999999999,10000,L,56.90%,1031,GOODWILL OF COLORADO (134 trucks) | CITY OF COLORADO SPRINGS (326 trucks) | VECTRUS SYSTEMS CORPORATION (185 trucks) | COLORADO SPRINGS SCHOOL DISTRICT 11 (130 trucks) | El PASO COUNTY (112 trucks) | MOUNTAIN METROPOLITAN TRANSIT (144 trucks),122000,14167,9049512.56,"$295,000.00"
Sol_008,7099 S Kenton St,https://www.loopnet.com/Listing/7099-S-Kenton-St-Centennial-CO/6542016/,"Centennial, CO 80112",1.18,976600.0,39.588430849644,-104.861817781283,16997.23,20000,XL,84.99%,2298,HBSCO DANS TRASH AT YOUR DISPOSAL (110 trucks) | BUCKLEY POWDER CO (217 trucks) | IHC SCOTT INC (214 trucks) | ORICA USA INC (215 trucks) | GLOBAL TRANSPORTATION LLC (442 trucks) | CH2M OMI CH2MHILL JACOBS (183 trucks) | AMERICAN FURNITURE WAREHOUSE CO (340 trucks) | TERRACARE ASSOCIATES LLC (156 trucks) | ENTERPRISE RENT-A-CAR NATIONAL RENT A CAR ALAMO RENT A CAR (421 trucks),122000,14167,9049512.56,"$976,600.00"
Sol_008,6322 Ivanhoe St,https://www.loopnet.com/Listing/6322-Ivanhoe-St-Commerce-City-CO/30497175/,"Commerce City, CO 80022",1.24,1500000.0,39.811481968412,-104.920723282229,19960.92,20000,XL,99.80%,2697,UNITED SITE SERVICES OF NEVADA INC (409 trucks) | UNITED SITE SERVICES OF COLORADO INC (147 trucks) | OFFEN PETROLEUM LLC (269 trucks) | WESTERN DISTRIBUTING TRANSPORTATION CORP (155 trucks) | READY MIX CONCRETE COMPANY (191 trucks) | RMS CRANES (139 trucks) | EAGLE ROCK DISTRIBUTING COMPANY OF COLORADO LLC (148 trucks) | WASTE CONNECTIONS OF COLORADO INC (486 trucks) | SUPERSHUTTLE DENVER (125 trucks) | SURESHOT DRILLING LLC ATOZ FIELD SERVICES LLC DRILL TECH LLC PINNACLE DEVELOPMENT INC HDD SPECIALISTS LLC (135 trucks) | COCAL LANDSCAPE SERVICES INC (153 trucks) | U S TRANSPORT INC (200 trucks) | WEST DIRECT OIL (140 trucks),122000,14167,9049512.56,"$1,500,000.00"
Sol_008,765 Aspen Ridge Drive Dr,https://www.loopnet.com/Listing/765-Aspen-Ridge-Drive-Dr-Lafayette-CO/32931931/,"Lafayette, CO 80026",1.43,556000.0,40.006898203868,-105.107210150504,5074.7300000000005,10000,L,50.75%,830,BOULDER VALLEY SCHOOL DISTRICT RE-2 (134 trucks) | VIA MOBILITY SERVICES (196 trucks) | VIA MOBILITY SERVICES (116 trucks) | CU (173 trucks) | CITY OF LONGMONT (211 trucks),122000,14167,9049512.56,"$556,000.00"
Sol_008,6109 W 48th Ave,https://www.loopnet.com/Listing/6109-W-48th-Ave-Wheat-Ridge-CO/32583003/,"Wheat Ridge, CO 80033",1.76,1141446.56,39.784078257989,-105.064430676896,6837.22,10000,L,68.37%,950,CITY OF ARVADA (100 trucks) | SITEWISE LLC (145 trucks) | COMPASS VEHICLE RENTAL INC (170 trucks) | COORS DISTRIBUTING COMPANY MILLER COORS LLC (105 trucks) | COLD FRONT (121 trucks) | NAVAJO EXPRESS INC (309 trucks),122000,14167,9049512.56,"$1,141,446.56"
Sol_009,17160 W Colfax Ave,https://www.loopnet.com/Listing/17160-W-Colfax-Ave-Golden-CO/29520298/,"Golden, CO 80401",0.63,500000.0,39.722253633534,-105.192465086092,5488.67,10000,L,54.89%,807,ENIVIRONMENTAL LANDWORKS COMPANY INC (115 trucks) | HOLCIM WCR INC (298 trucks) | JEFFCO SCHOOLS (274 trucks) | JEFFERSON COUNTY (120 trucks),120000,13813,9423512.56,"$500,000.00"
Sol_009,3401 S Yosemite St,https://www.loopnet.com/Listing/3401-S-Yosemite-St-Denver-CO/39837277/,"Denver, CO 80231",0.64,675000.0,39.654049416843,-104.88550562639,4128.9400000000005,5000,M,82.58%,632,COMCAST (194 trucks) | SWINGLE TREE & LANDSCAPE CARE (135 trucks) | CITY LIGHT AND POWER INC (121 trucks) | WHEEL PROS LLC (182 trucks),120000,13813,9423512.56,"$675,000.00"
Sol_009,9190 W 84th Ave,https://www.loopnet.com/Listing/9190-W-84th-Ave-Arvada-CO/38160305/,"Arvada, CO 80005",0.67,499000.0,39.849854027782,-105.100317795342,2457.7,5000,M,49.15%,296,ALPINE MILLWORK COMPANY DBA ROCKY MOUNTAIN RELOAD (141 trucks) | GEOSTABILIZATION INTERNATIONAL LLC (155 trucks),120000,13813,9423512.56,"$499,000.00"
Sol_009,496 Laredo st,https://www.loopnet.com/Listing/496-Laredo-st-Aurora-CO/38708025/,"Aurora, CO 80011",0.7,500000.0,39.724337332754,-104.800258318335,8680.17,10000,L,86.80%,1261,AURORA PUBLIC SCHOOLS (127 trucks) | CITY OF AURORA (271 trucks) | METCO LANDSCAPING INC (226 trucks) | WAGNER EQUIPMENT CO (423 trucks) | SHAMROCK FOODS COMPANY (214 trucks),120000,13813,9423512.56,"$500,000.00"
Sol_009,NEC N Fairgrounds Ave,https://www.loopnet.com/Listing/NEC-N-Fairgrounds-Ave-Windsor-CO/29890025/,"Windsor, CO 80528",0.74,483449.0,40.437732372143,-104.982630626628,4243.52,5000,M,84.87%,684,LARIMER COUNTY (131 trucks) | NOVUS AG LLC (444 trucks) | LOVELAND MUNICIPALITY (109 trucks),120000,13813,9423512.56,"$483,449.00"
Sol_009,11958 Lincoln Ave,https://www.loopnet.com/Listing/Lincoln-Ave-Parker-CO/39741118/,"Parker, CO 80138",0.86,495000.0,39.536519536914,-104.76116705724,4937.0,5000,M,98.74%,725,ACCELERATED SERVICES LLC (373 trucks) | CHERRY CREEK SCHOOLS (352 trucks),120000,13813,9423512.56,"$495,000.00"
Sol_009,6375 Lookout Rd,https://www.loopnet.com/Listing/6375-Lookout-Rd-Boulder-CO/35970288/,"Boulder, CO 80301",0.96,1260000.0,40.07191054992,-105.205474218915,5984.259999999999,10000,L,59.84%,1004,VIA MOBILITY SERVICES (196 trucks) | VIA MOBILITY SERVICES (116 trucks) | BOULDER VALLEY SCHOOL DISTRICT RE-2 (134 trucks) | CU (173 trucks) | CITY OF LONGMONT (211 trucks) | ST VRAIN VALLEY SCHOOL DISTRICT (174 trucks),120000,13813,9423512.56,"$1,260,000.00"
Sol_009,12015 Irma Dr,https://www.loopnet.com/Listing/12015-Irma-Dr-Northglenn-CO/34662093/,"Northglenn, CO 80241",1.0,1098017.0,39.918832606598,-104.965887826386,7349.780000000001,10000,L,73.50%,1428,ADAMS 12 FIVE STAR SCHOOLS (182 trucks) | TRI-STATE GENERATION & TRANSMISSION ASSOCIATION INC (321 trucks) | CITY OF THORNTON (208 trucks) | CITY OF THORNTON (174 trucks) | BALIC TRANSPORT INC (120 trucks) | ENVIRONMENTAL DESIGNS LLC (156 trucks) | SIM TRUCKING INC (120 trucks) | G&Z TRANSPORT LLC (147 trucks),120000,13813,9423512.56,"$1,098,017.00"
Sol_009,2120 University Park Blvd,https://www.loopnet.com/Listing/2120-University-Park-Blvd-Colorado-Springs-CO/27680798/,"Colorado Springs, CO 80918",1.02,295000.0,38.910590363159,-104.78892179429,5689.619999999999,10000,L,56.90%,1031,GOODWILL OF COLORADO (134 trucks) | CITY OF COLORADO SPRINGS (326 trucks) | VECTRUS SYSTEMS CORPORATION (185 trucks) | COLORADO SPRINGS SCHOOL DISTRICT 11 (130 trucks) | El PASO COUNTY (112 trucks) | MOUNTAIN METROPOLITAN TRANSIT (144 trucks),120000,13813,9423512.56,"$295,000.00"
Sol_009,7099 S Kenton St,https://www.loopnet.com/Listing/7099-S-Kenton-St-Centennial-CO/6542016/,"Centennial, CO 80112",1.18,976600.0,39.588430849644,-104.861817781283,16997.23,20000,XL,84.99%,2298,HBSCO DANS TRASH AT YOUR DISPOSAL (110 trucks) | BUCKLEY POWDER CO (217 trucks) | IHC SCOTT INC (214 trucks) | ORICA USA INC (215 trucks) | GLOBAL TRANSPORTATION LLC (442 trucks) | CH2M OMI CH2MHILL JACOBS (183 trucks) | AMERICAN FURNITURE WAREHOUSE CO (340 trucks) | TERRACARE ASSOCIATES LLC (156 trucks) | ENTERPRISE RENT-A-CAR NATIONAL RENT A CAR ALAMO RENT A CAR (421 trucks),120000,13813,9423512.56,"$976,600.00"
Sol_009,6322 Ivanhoe St,https://www.loopnet.com/Listing/6322-Ivanhoe-St-Commerce-City-CO/30497175/,"Commerce City, CO 80022",1.24,1500000.0,39.811481968412,-104.920723282229,19960.92,20000,XL,99.80%,2697,UNITED SITE SERVICES OF NEVADA INC (409 trucks) | UNITED SITE SERVICES OF COLORADO INC (147 trucks) | OFFEN PETROLEUM LLC (269 trucks) | WESTERN DISTRIBUTING TRANSPORTATION CORP (155 trucks) | READY MIX CONCRETE COMPANY (191 trucks) | RMS CRANES (139 trucks) | EAGLE ROCK DISTRIBUTING COMPANY OF COLORADO LLC (148 trucks) | WASTE CONNECTIONS OF COLORADO INC (486 trucks) | SUPERSHUTTLE DENVER (125 trucks) | SURESHOT DRILLING LLC ATOZ FIELD SERVICES LLC DRILL TECH LLC PINNACLE DEVELOPMENT INC HDD SPECIALISTS LLC (135 trucks) | COCAL LANDSCAPE SERVICES INC (153 trucks) | U S TRANSPORT INC (200 trucks) | WEST DIRECT OIL (140 trucks),120000,13813,9423512.56,"$1,500,000.00"
Sol_009,6109 W 48th Ave,https://www.loopnet.com/Listing/6109-W-48th-Ave-Wheat-Ridge-CO/32583003/,"Wheat Ridge, CO 80033",1.76,1141446.56,39.784078257989,-105.064430676896,6837.22,10000,L,68.37%,950,CITY OF ARVADA (100 trucks) | SITEWISE LLC (145 trucks) | COMPASS VEHICLE RENTAL INC (170 trucks) | COORS DISTRIBUTING COMPANY MILLER COORS LLC (105 trucks) | COLD FRONT (121 trucks) | NAVAJO EXPRESS INC (309 trucks),120000,13813,9423512.56,"$1,141,446.56"
Sol_010,2300 W County Road 54G,https://www.loopnet.com/Listing/2300-W-County-Road-54G-Laporte-CO/33671750/,"Laporte, CO 80535",0.46,330000.0,40.625878828869,-105.117877128123,1931.6100000000001,2000,S,96.58%,528,Poudre School District  (243 trucks) | CITY OF FORT COLLINS (285 trucks),132000,15600,12146512.56,"$330,000.00"
Sol_010,17160 W Colfax Ave,https://www.loopnet.com/Listing/17160-W-Colfax-Ave-Golden-CO/29520298/,"Golden, CO 80401",0.63,500000.0,39.722253633534,-105.192465086092,5488.67,10000,L,54.89%,807,ENIVIRONMENTAL LANDWORKS COMPANY INC (115 trucks) | HOLCIM WCR INC (298 trucks) | JEFFCO SCHOOLS (274 trucks) | JEFFERSON COUNTY (120 trucks),132000,15600,12146512.56,"$500,000.00"
Sol_010,3401 S Yosemite St,https://www.loopnet.com/Listing/3401-S-Yosemite-St-Denver-CO/39837277/,"Denver, CO 80231",0.64,675000.0,39.654049416843,-104.88550562639,4128.9400000000005,5000,M,82.58%,632,COMCAST (194 trucks) | SWINGLE TREE & LANDSCAPE CARE (135 trucks) | CITY LIGHT AND POWER INC (121 trucks) | WHEEL PROS LLC (182 trucks),132000,15600,12146512.56,"$675,000.00"
Sol_010,9190 W 84th Ave,https://www.loopnet.com/Listing/9190-W-84th-Ave-Arvada-CO/38160305/,"Arvada, CO 80005",0.67,499000.0,39.849854027782,-105.100317795342,2457.7,5000,M,49.15%,296,ALPINE MILLWORK COMPANY DBA ROCKY MOUNTAIN RELOAD (141 trucks) | GEOSTABILIZATION INTERNATIONAL LLC (155 trucks),132000,15600,12146512.56,"$499,000.00"
Sol_010,496 Laredo st,https://www.loopnet.com/Listing/496-Laredo-st-Aurora-CO/38708025/,"Aurora, CO 80011",0.7,500000.0,39.724337332754,-104.800258318335,8680.17,10000,L,86.80%,1261,AURORA PUBLIC SCHOOLS (127 trucks) | CITY OF AURORA (271 trucks) | METCO LANDSCAPING INC (226 trucks) | WAGNER EQUIPMENT CO (423 trucks) | SHAMROCK FOODS COMPANY (214 trucks),132000,15600,12146512.56,"$500,000.00"
Sol_010,NEC N Fairgrounds Ave,https://www.loopnet.com/Listing/NEC-N-Fairgrounds-Ave-Windsor-CO/29890025/,"Windsor, CO 80528",0.74,483449.0,40.437732372143,-104.982630626628,4243.52,5000,M,84.87%,684,LARIMER COUNTY (131 trucks) | NOVUS AG LLC (444 trucks) | LOVELAND MUNICIPALITY (109 trucks),132000,15600,12146512.56,"$483,449.00"
Sol_010,11958 Lincoln Ave,https://www.loopnet.com/Listing/Lincoln-Ave-Parker-CO/39741118/,"Parker, CO 80138",0.86,495000.0,39.536519536914,-104.76116705724,4937.0,5000,M,98.74%,725,ACCELERATED SERVICES LLC (373 trucks) | CHERRY CREEK SCHOOLS (352 trucks),132000,15600,12146512.56,"$495,000.00"
Sol_010,3311 Ideal Drive Dr,https://www.loopnet.com/Listing/3311-Ideal-Drive-Dr-Frederick-CO/35744244/,"Frederick, CO 80516",1.0,949000.0,40.087044076103,-104.992966989518,4928.75,5000,M,98.58%,991,SUPREME TRANSPORT INC (183 trucks) | WARD ELECTRIC COMPANY INC (222 trucks) | CITY OF LONGMONT (211 trucks) | ST VRAIN VALLEY SCHOOL DISTRICT (174 trucks) | HEAT WAVES HOT OIL SERVICE LLC (201 trucks),132000,15600,12146512.56,"$949,000.00"
Sol_010,12015 Irma Dr,https://www.loopnet.com/Listing/12015-Irma-Dr-Northglenn-CO/34662093/,"Northglenn, CO 80241",1.0,1098017.0,39.918832606598,-104.965887826386,6463.27,10000,L,64.63%,1046,ADAMS 12 FIVE STAR SCHOOLS (182 trucks) | TRI-STATE GENERATION & TRANSMISSION ASSOCIATION INC (321 trucks) | BALIC TRANSPORT INC (120 trucks) | ENVIRONMENTAL DESIGNS LLC (156 trucks) | SIM TRUCKING INC (120 trucks) | G&Z TRANSPORT LLC (147 trucks),132000,15600,12146512.56,"$1,098,017.00"
Sol_010,2120 University Park Blvd,https://www.loopnet.com/Listing/2120-University-Park-Blvd-Colorado-Springs-CO/27680798/,"Colorado Springs, CO 80918",1.02,295000.0,38.910590363159,-104.78892179429,5689.619999999999,10000,L,56.90%,1031,GOODWILL OF COLORADO (134 trucks) | CITY OF COLORADO SPRINGS (326 trucks) | VECTRUS SYSTEMS CORPORATION (185 trucks) | COLORADO SPRINGS SCHOOL DISTRICT 11 (130 trucks) | El PASO COUNTY (112 trucks) | MOUNTAIN METROPOLITAN TRANSIT (144 trucks),132000,15600,12146512.56,"$295,000.00"
Sol_010,4265 Santa Fe Dr,https://www.loopnet.com/Listing/4265-Santa-Fe-Dr-Sheridan-CO/30482164/,"Sheridan, CO 80110",1.17,1799000.0,39.63876696462,-105.007023340305,4209.639999999999,5000,M,84.19%,507,KEESEN ENTERPRISES INC (263 trucks) | QUALITY LOGISTICS INC (135 trucks) | PACIFIC SHIPPING & TRUCKING CO INC (109 trucks),132000,15600,12146512.56,"$1,799,000.00"
Sol_010,7099 S Kenton St,https://www.loopnet.com/Listing/7099-S-Kenton-St-Centennial-CO/6542016/,"Centennial, CO 80112",1.18,976600.0,39.588430849644,-104.861817781283,16997.23,20000,XL,84.99%,2298,HBSCO DANS TRASH AT YOUR DISPOSAL (110 trucks) | BUCKLEY POWDER CO (217 trucks) | IHC SCOTT INC (214 trucks) | ORICA USA INC (215 trucks) | GLOBAL TRANSPORTATION LLC (442 trucks) | CH2M OMI CH2MHILL JACOBS (183 trucks) | AMERICAN FURNITURE WAREHOUSE CO (340 trucks) | TERRACARE ASSOCIATES LLC (156 trucks) | ENTERPRISE RENT-A-CAR NATIONAL RENT A CAR ALAMO RENT A CAR (421 trucks),132000,15600,12146512.56,"$976,600.00"
Sol_010,6322 Ivanhoe St,https://www.loopnet.com/Listing/6322-Ivanhoe-St-Commerce-City-CO/30497175/,"Commerce City, CO 80022",1.24,1500000.0,39.811481968412,-104.920723282229,19261.269999999997,20000,XL,96.31%,2555,UNITED SITE SERVICES OF NEVADA INC (409 trucks) | UNITED SITE SERVICES OF COLORADO INC (147 trucks) | OFFEN PETROLEUM LLC (269 trucks) | WESTERN DISTRIBUTING TRANSPORTATION CORP (155 trucks) | READY MIX CONCRETE COMPANY (191 trucks) | RMS CRANES (139 trucks) | EAGLE ROCK DISTRIBUTING COMPANY OF COLORADO LLC (148 trucks) | WASTE CONNECTIONS OF COLORADO INC (486 trucks) | SUPERSHUTTLE DENVER (125 trucks) | U S TRANSPORT INC (200 trucks) | WEST DIRECT OIL (140 trucks) | BURNCO COLORADO LLC (146 trucks),132000,15600,12146512.56,"$1,500,000.00"
Sol_010,8850 Huron St,https://www.loopnet.com/Listing/8850-Huron-St-Thornton-CO/33061072/,"Thornton, CO 80260",1.26,349000.0,39.858426283979,-104.995662022846,6814.530000000001,10000,L,68.15%,1100,CITY OF THORNTON (208 trucks) | CITY OF THORNTON (174 trucks) | COCAL LANDSCAPE SERVICES INC (153 trucks) | COLD FRONT (121 trucks) | NAVAJO EXPRESS INC (309 trucks) | SURESHOT DRILLING LLC ATOZ FIELD SERVICES LLC DRILL TECH LLC PINNACLE DEVELOPMENT INC HDD SPECIALISTS LLC (135 trucks),132000,15600,12146512.56,"$349,000.00"
Sol_010,765 Aspen Ridge Drive Dr,https://www.loopnet.com/Listing/765-Aspen-Ridge-Drive-Dr-Lafayette-CO/32931931/,"Lafayette, CO 80026",1.43,556000.0,40.006898203868,-105.107210150504,4585.06,5000,M,91.70%,619,BOULDER VALLEY SCHOOL DISTRICT RE-2 (134 trucks) | VIA MOBILITY SERVICES (196 trucks) | VIA MOBILITY SERVICES (116 trucks) | CU (173 trucks),132000,15600,12146512.56,"$556,000.00"
Sol_010,6109 W 48th Ave,https://www.loopnet.com/Listing/6109-W-48th-Ave-Wheat-Ridge-CO/32583003/,"Wheat Ridge, CO 80033",1.76,1141446.56,39.784078257989,-105.064430676896,2821.09,5000,M,56.42%,520,CITY OF ARVADA (100 trucks) | SITEWISE LLC (145 trucks) | COMPASS VEHICLE RENTAL INC (170 trucks) | COORS DISTRIBUTING COMPANY MILLER COORS LLC (105 trucks),132000,15600,12146512.56,"$1,141,446.56"
Sol_011,2300 W County Road 54G,https://www.loopnet.com/Listing/2300-W-County-Road-54G-Laporte-CO/33671750/,"Laporte, CO 80535",0.46,330000.0,40.625878828869,-105.117877128123,1931.6100000000001,2000,S,96.58%,528,Poudre School District  (243 trucks) | CITY OF FORT COLLINS (285 trucks),107000,11676,7049512.5600000005,"$330,000.00"
Sol_011,17160 W Colfax Ave,https://www.loopnet.com/Listing/17160-W-Colfax-Ave-Golden-CO/29520298/,"Golden, CO 80401",0.63,500000.0,39.722253633534,-105.192465086092,5488.67,10000,L,54.89%,807,ENIVIRONMENTAL LANDWORKS COMPANY INC (115 trucks) | HOLCIM WCR INC (298 trucks) | JEFFCO SCHOOLS (274 trucks) | JEFFERSON COUNTY (120 trucks),107000,11676,7049512.5600000005,"$500,000.00"
Sol_011,3401 S Yosemite St,https://www.loopnet.com/Listing/3401-S-Yosemite-St-Denver-CO/39837277/,"Denver, CO 80231",0.64,675000.0,39.654049416843,-104.88550562639,7298.1900000000005,10000,L,72.98%,1256,COMCAST (194 trucks) | SWINGLE TREE & LANDSCAPE CARE (135 trucks) | CITY LIGHT AND POWER INC (121 trucks) | WHEEL PROS LLC (182 trucks) | CITY OF AURORA (271 trucks) | AURORA PUBLIC SCHOOLS (127 trucks) | METCO LANDSCAPING INC (226 trucks),107000,11676,7049512.5600000005,"$675,000.00"
Sol_011,9190 W 84th Ave,https://www.loopnet.com/Listing/9190-W-84th-Ave-Arvada-CO/38160305/,"Arvada, CO 80005",0.67,499000.0,39.849854027782,-105.100317795342,2457.7,5000,M,49.15%,296,ALPINE MILLWORK COMPANY DBA ROCKY MOUNTAIN RELOAD (141 trucks) | GEOSTABILIZATION INTERNATIONAL LLC (155 trucks),107000,11676,7049512.5600000005,"$499,000.00"
Sol_011,NEC N Fairgrounds Ave,https://www.loopnet.com/Listing/NEC-N-Fairgrounds-Ave-Windsor-CO/29890025/,"Windsor, CO 80528",0.74,483449.0,40.437732372143,-104.982630626628,4243.52,5000,M,84.87%,684,LARIMER COUNTY (131 trucks) | NOVUS AG LLC (444 trucks) | LOVELAND MUNICIPALITY (109 trucks),107000,11676,7049512.5600000005,"$483,449.00"
Sol_011,11958 Lincoln Ave,https://www.loopnet.com/Listing/Lincoln-Ave-Parker-CO/39741118/,"Parker, CO 80138",0.86,495000.0,39.536519536914,-104.76116705724,4937.0,5000,M,98.74%,725,ACCELERATED SERVICES LLC (373 trucks) | CHERRY CREEK SCHOOLS (352 trucks),107000,11676,7049512.5600000005,"$495,000.00"
Sol_011,12015 Irma Dr,https://www.loopnet.com/Listing/12015-Irma-Dr-Northglenn-CO/34662093/,"Northglenn, CO 80241",1.0,1098017.0,39.918832606598,-104.965887826386,11460.82,20000,XL,57.30%,1983,ADAMS 12 FIVE STAR SCHOOLS (182 trucks) | TRI-STATE GENERATION & TRANSMISSION ASSOCIATION INC (321 trucks) | CITY OF THORNTON (208 trucks) | CITY OF THORNTON (174 trucks) | BALIC TRANSPORT INC (120 trucks) | BURNCO COLORADO LLC (146 trucks) | WEST DIRECT OIL (140 trucks) | OFFEN PETROLEUM LLC (269 trucks) | ENVIRONMENTAL DESIGNS LLC (156 trucks) | SIM TRUCKING INC (120 trucks) | G&Z TRANSPORT LLC (147 trucks),107000,11676,7049512.5600000005,"$1,098,017.00"
Sol_011,2120 University Park Blvd,https://www.loopnet.com/Listing/2120-University-Park-Blvd-Colorado-Springs-CO/27680798/,"Colorado Springs, CO 80918",1.02,295000.0,38.910590363159,-104.78892179429,5689.619999999999,10000,L,56.90%,1031,GOODWILL OF COLORADO (134 trucks) | CITY OF COLORADO SPRINGS (326 trucks) | VECTRUS SYSTEMS CORPORATION (185 trucks) | COLORADO SPRINGS SCHOOL DISTRICT 11 (130 trucks) | El PASO COUNTY (112 trucks) | MOUNTAIN METROPOLITAN TRANSIT (144 trucks),107000,11676,7049512.5600000005,"$295,000.00"
Sol_011,7099 S Kenton St,https://www.loopnet.com/Listing/7099-S-Kenton-St-Centennial-CO/6542016/,"Centennial, CO 80112",1.18,976600.0,39.588430849644,-104.861817781283,16997.23,20000,XL,84.99%,2298,HBSCO DANS TRASH AT YOUR DISPOSAL (110 trucks) | BUCKLEY POWDER CO (217 trucks) | IHC SCOTT INC (214 trucks) | ORICA USA INC (215 trucks) | GLOBAL TRANSPORTATION LLC (442 trucks) | CH2M OMI CH2MHILL JACOBS (183 trucks) | AMERICAN FURNITURE WAREHOUSE CO (340 trucks) | TERRACARE ASSOCIATES LLC (156 trucks) | ENTERPRISE RENT-A-CAR NATIONAL RENT A CAR ALAMO RENT A CAR (421 trucks),107000,11676,7049512.5600000005,"$976,600.00"
Sol_011,765 Aspen Ridge Drive Dr,https://www.loopnet.com/Listing/765-Aspen-Ridge-Drive-Dr-Lafayette-CO/32931931/,"Lafayette, CO 80026",1.43,556000.0,40.006898203868,-105.107210150504,5074.7300000000005,10000,L,50.75%,830,BOULDER VALLEY SCHOOL DISTRICT RE-2 (134 trucks) | VIA MOBILITY SERVICES (196 trucks) | VIA MOBILITY SERVICES (116 trucks) | CU (173 trucks) | CITY OF LONGMONT (211 trucks),107000,11676,7049512.5600000005,"$556,000.00"
Sol_011,6109 W 48th Ave,https://www.loopnet.com/Listing/6109-W-48th-Ave-Wheat-Ridge-CO/32583003/,"Wheat Ridge, CO 80033",1.76,1141446.56,39.784078257989,-105.064430676896,8749.11,10000,L,87.49%,1238,CITY OF ARVADA (100 trucks) | SITEWISE LLC (145 trucks) | COMPASS VEHICLE RENTAL INC (170 trucks) | COORS DISTRIBUTING COMPANY MILLER COORS LLC (105 trucks) | COLD FRONT (121 trucks) | NAVAJO EXPRESS INC (309 trucks) | SURESHOT DRILLING LLC ATOZ FIELD SERVICES LLC DRILL TECH LLC PINNACLE DEVELOPMENT INC HDD SPECIALISTS LLC (135 trucks) | COCAL LANDSCAPE SERVICES INC (153 trucks),107000,11676,7049512.5600000005,"$1,141,446.56"
Sol_012,17160 W Colfax Ave,https://www.loopnet.com/Listing/17160-W-Colfax-Ave-Golden-CO/29520298/,"Golden, CO 80401",0.63,500000.0,39.722253633534,-105.192465086092,5488.67,10000,L,54.89%,807,ENIVIRONMENTAL LANDWORKS COMPANY INC (115 trucks) | HOLCIM WCR INC (298 trucks) | JEFFCO SCHOOLS (274 trucks) | JEFFERSON COUNTY (120 trucks),120000,13639,8719512.56,"$500,000.00"
Sol_012,3401 S Yosemite St,https://www.loopnet.com/Listing/3401-S-Yosemite-St-Denver-CO/39837277/,"Denver, CO 80231",0.64,675000.0,39.654049416843,-104.88550562639,4128.9400000000005,5000,M,82.58%,632,COMCAST (194 trucks) | SWINGLE TREE & LANDSCAPE CARE (135 trucks) | CITY LIGHT AND POWER INC (121 trucks) | WHEEL PROS LLC (182 trucks),120000,13639,8719512.56,"$675,000.00"
Sol_012,9190 W 84th Ave,https://www.loopnet.com/Listing/9190-W-84th-Ave-Arvada-CO/38160305/,"Arvada, CO 80005",0.67,499000.0,39.849854027782,-105.100317795342,2457.7,5000,M,49.15%,296,ALPINE MILLWORK COMPANY DBA ROCKY MOUNTAIN RELOAD (141 trucks) | GEOSTABILIZATION INTERNATIONAL LLC (155 trucks),120000,13639,8719512.56,"$499,000.00"
Sol_012,496 Laredo st,https://www.loopnet.com/Listing/496-Laredo-st-Aurora-CO/38708025/,"Aurora, CO 80011",0.7,500000.0,39.724337332754,-104.800258318335,8680.17,10000,L,86.80%,1261,AURORA PUBLIC SCHOOLS (127 trucks) | CITY OF AURORA (271 trucks) | METCO LANDSCAPING INC (226 trucks) | WAGNER EQUIPMENT CO (423 trucks) | SHAMROCK FOODS COMPANY (214 trucks),120000,13639,8719512.56,"$500,000.00"
Sol_012,NEC N Fairgrounds Ave,https://www.loopnet.com/Listing/NEC-N-Fairgrounds-Ave-Windsor-CO/29890025/,"Windsor, CO 80528",0.74,483449.0,40.437732372143,-104.982630626628,4243.52,5000,M,84.87%,684,LARIMER COUNTY (131 trucks) | NOVUS AG LLC (444 trucks) | LOVELAND MUNICIPALITY (109 trucks),120000,13639,8719512.56,"$483,449.00"
Sol_012,11958 Lincoln Ave,https://www.loopnet.com/Listing/Lincoln-Ave-Parker-CO/39741118/,"Parker, CO 80138",0.86,495000.0,39.536519536914,-104.76116705724,4937.0,5000,M,98.74%,725,ACCELERATED SERVICES LLC (373 trucks) | CHERRY CREEK SCHOOLS (352 trucks),120000,13639,8719512.56,"$495,000.00"
Sol_012,12015 Irma Dr,https://www.loopnet.com/Listing/12015-Irma-Dr-Northglenn-CO/34662093/,"Northglenn, CO 80241",1.0,1098017.0,39.918832606598,-104.965887826386,7349.780000000001,10000,L,73.50%,1428,ADAMS 12 FIVE STAR SCHOOLS (182 trucks) | TRI-STATE GENERATION & TRANSMISSION ASSOCIATION INC (321 trucks) | CITY OF THORNTON (208 trucks) | CITY OF THORNTON (174 trucks) | BALIC TRANSPORT INC (120 trucks) | ENVIRONMENTAL DESIGNS LLC (156 trucks) | SIM TRUCKING INC (120 trucks) | G&Z TRANSPORT LLC (147 trucks),120000,13639,8719512.56,"$1,098,017.00"
Sol_012,2120 University Park Blvd,https://www.loopnet.com/Listing/2120-University-Park-Blvd-Colorado-Springs-CO/27680798/,"Colorado Springs, CO 80918",1.02,295000.0,38.910590363159,-104.78892179429,5689.619999999999,10000,L,56.90%,1031,GOODWILL OF COLORADO (134 trucks) | CITY OF COLORADO SPRINGS (326 trucks) | VECTRUS SYSTEMS CORPORATION (185 trucks) | COLORADO SPRINGS SCHOOL DISTRICT 11 (130 trucks) | El PASO COUNTY (112 trucks) | MOUNTAIN METROPOLITAN TRANSIT (144 trucks),120000,13639,8719512.56,"$295,000.00"
Sol_012,7099 S Kenton St,https://www.loopnet.com/Listing/7099-S-Kenton-St-Centennial-CO/6542016/,"Centennial, CO 80112",1.18,976600.0,39.588430849644,-104.861817781283,16997.23,20000,XL,84.99%,2298,HBSCO DANS TRASH AT YOUR DISPOSAL (110 trucks) | BUCKLEY POWDER CO (217 trucks) | IHC SCOTT INC (214 trucks) | ORICA USA INC (215 trucks) | GLOBAL TRANSPORTATION LLC (442 trucks) | CH2M OMI CH2MHILL JACOBS (183 trucks) | AMERICAN FURNITURE WAREHOUSE CO (340 trucks) | TERRACARE ASSOCIATES LLC (156 trucks) | ENTERPRISE RENT-A-CAR NATIONAL RENT A CAR ALAMO RENT A CAR (421 trucks),120000,13639,8719512.56,"$976,600.00"
Sol_012,6322 Ivanhoe St,https://www.loopnet.com/Listing/6322-Ivanhoe-St-Commerce-City-CO/30497175/,"Commerce City, CO 80022",1.24,1500000.0,39.811481968412,-104.920723282229,19960.92,20000,XL,99.80%,2697,UNITED SITE SERVICES OF NEVADA INC (409 trucks) | UNITED SITE SERVICES OF COLORADO INC (147 trucks) | OFFEN PETROLEUM LLC (269 trucks) | WESTERN DISTRIBUTING TRANSPORTATION CORP (155 trucks) | READY MIX CONCRETE COMPANY (191 trucks) | RMS CRANES (139 trucks) | EAGLE ROCK DISTRIBUTING COMPANY OF COLORADO LLC (148 trucks) | WASTE CONNECTIONS OF COLORADO INC (486 trucks) | SUPERSHUTTLE DENVER (125 trucks) | SURESHOT DRILLING LLC ATOZ FIELD SERVICES LLC DRILL TECH LLC PINNACLE DEVELOPMENT INC HDD SPECIALISTS LLC (135 trucks) | COCAL LANDSCAPE SERVICES INC (153 trucks) | U S TRANSPORT INC (200 trucks) | WEST DIRECT OIL (140 trucks),120000,13639,8719512.56,"$1,500,000.00"
Sol_012,765 Aspen Ridge Drive Dr,https://www.loopnet.com/Listing/765-Aspen-Ridge-Drive-Dr-Lafayette-CO/32931931/,"Lafayette, CO 80026",1.43,556000.0,40.006898203868,-105.107210150504,5074.7300000000005,10000,L,50.75%,830,BOULDER VALLEY SCHOOL DISTRICT RE-2 (134 trucks) | VIA MOBILITY SERVICES (196 trucks) | VIA MOBILITY SERVICES (116 trucks) | CU (173 trucks) | CITY OF LONGMONT (211 trucks),120000,13639,8719512.56,"$556,000.00"
Sol_012,6109 W 48th Ave,https://www.loopnet.com/Listing/6109-W-48th-Ave-Wheat-Ridge-CO/32583003/,"Wheat Ridge, CO 80033",1.76,1141446.56,39.784078257989,-105.064430676896,6837.22,10000,L,68.37%,950,CITY OF ARVADA (100 trucks) | SITEWISE LLC (145 trucks) | COMPASS VEHICLE RENTAL INC (170 trucks) | COORS DISTRIBUTING COMPANY MILLER COORS LLC (105 trucks) | COLD FRONT (121 trucks) | NAVAJO EXPRESS INC (309 trucks),120000,13639,8719512.56,"$1,141,446.56"
Sol_013,2300 W County Road 54G,https://www.loopnet.com/Listing/2300-W-County-Road-54G-Laporte-CO/33671750/,"Laporte, CO 80535",0.46,330000.0,40.625878828869,-105.117877128123,1931.6100000000001,2000,S,96.58%,528,Poudre School District  (243 trucks) | CITY OF FORT COLLINS (285 trucks),138000,16427,16806153.82,"$330,000.00"
Sol_013,17160 W Colfax Ave,https://www.loopnet.com/Listing/17160-W-Colfax-Ave-Golden-CO/29520298/,"Golden, CO 80401",0.63,500000.0,39.722253633534,-105.192465086092,5488.67,10000,L,54.89%,807,ENIVIRONMENTAL LANDWORKS COMPANY INC (115 trucks) | HOLCIM WCR INC (298 trucks) | JEFFCO SCHOOLS (274 trucks) | JEFFERSON COUNTY (120 trucks),138000,16427,16806153.82,"$500,000.00"
Sol_013,3401 S Yosemite St,https://www.loopnet.com/Listing/3401-S-Yosemite-St-Denver-CO/39837277/,"Denver, CO 80231",0.64,675000.0,39.654049416843,-104.88550562639,4128.9400000000005,5000,M,82.58%,632,COMCAST (194 trucks) | SWINGLE TREE & LANDSCAPE CARE (135 trucks) | CITY LIGHT AND POWER INC (121 trucks) | WHEEL PROS LLC (182 trucks),138000,16427,16806153.82,"$675,000.00"
Sol_013,Highway 34 Business & 83rd Avenue,https://www.loopnet.com/Listing/Highway-34-Business-83rd-Avenue-Greeley-CO/27017249/,"Greeley, CO 80634",0.66,877824.16,40.421498483243,-104.813483201346,336.5,1000,XS,33.65%,145,WELD COUNTY PUBLIC WORKS DEPARTMENT (145 trucks),138000,16427,16806153.82,"$877,824.16"
Sol_013,9190 W 84th Ave,https://www.loopnet.com/Listing/9190-W-84th-Ave-Arvada-CO/38160305/,"Arvada, CO 80005",0.67,499000.0,39.849854027782,-105.100317795342,2457.7,5000,M,49.15%,296,ALPINE MILLWORK COMPANY DBA ROCKY MOUNTAIN RELOAD (141 trucks) | GEOSTABILIZATION INTERNATIONAL LLC (155 trucks),138000,16427,16806153.82,"$499,000.00"
Sol_013,NEC N Fairgrounds Ave,https://www.loopnet.com/Listing/NEC-N-Fairgrounds-Ave-Windsor-CO/29890025/,"Windsor, CO 80528",0.74,483449.0,40.437732372143,-104.982630626628,4243.52,5000,M,84.87%,684,LARIMER COUNTY (131 trucks) | NOVUS AG LLC (444 trucks) | LOVELAND MUNICIPALITY (109 trucks),138000,16427,16806153.82,"$483,449.00"
Sol_013,11958 Lincoln Ave,https://www.loopnet.com/Listing/Lincoln-Ave-Parker-CO/39741118/,"Parker, CO 80138",0.86,495000.0,39.536519536914,-104.76116705724,4937.0,5000,M,98.74%,725,ACCELERATED SERVICES LLC (373 trucks) | CHERRY CREEK SCHOOLS (352 trucks),138000,16427,16806153.82,"$495,000.00"
Sol_013,2450 Curtis St,https://www.loopnet.com/Listing/2450-Curtis-St-Denver-CO/34878162/,"Denver, CO 80205",0.93,1930000.0,39.755035173034,-104.984190298703,4453.87,5000,M,89.08%,598,RES (149 trucks) | MPLX G&P (144 trucks) | COORS DISTRIBUTING COMPANY MILLER COORS LLC (105 trucks) | U S TRANSPORT INC (200 trucks),138000,16427,16806153.82,"$1,930,000.00"
Sol_013,3311 Ideal Drive Dr,https://www.loopnet.com/Listing/3311-Ideal-Drive-Dr-Frederick-CO/35744244/,"Frederick, CO 80516",1.0,949000.0,40.087044076103,-104.992966989518,4928.75,5000,M,98.58%,991,SUPREME TRANSPORT INC (183 trucks) | WARD ELECTRIC COMPANY INC (222 trucks) | CITY OF LONGMONT (211 trucks) | ST VRAIN VALLEY SCHOOL DISTRICT (174 trucks) | HEAT WAVES HOT OIL SERVICE LLC (201 trucks),138000,16427,16806153.82,"$949,000.00"
Sol_013,12015 Irma Dr,https://www.loopnet.com/Listing/12015-Irma-Dr-Northglenn-CO/34662093/,"Northglenn, CO 80241",1.0,1098017.0,39.918832606598,-104.965887826386,7349.780000000001,10000,L,73.50%,1428,ADAMS 12 FIVE STAR SCHOOLS (182 trucks) | TRI-STATE GENERATION & TRANSMISSION ASSOCIATION INC (321 trucks) | CITY OF THORNTON (208 trucks) | CITY OF THORNTON (174 trucks) | BALIC TRANSPORT INC (120 trucks) | ENVIRONMENTAL DESIGNS LLC (156 trucks) | SIM TRUCKING INC (120 trucks) | G&Z TRANSPORT LLC (147 trucks),138000,16427,16806153.82,"$1,098,017.00"
Sol_013,2120 University Park Blvd,https://www.loopnet.com/Listing/2120-University-Park-Blvd-Colorado-Springs-CO/27680798/,"Colorado Springs, CO 80918",1.02,295000.0,38.910590363159,-104.78892179429,5689.619999999999,10000,L,56.90%,1031,GOODWILL OF COLORADO (134 trucks) | CITY OF COLORADO SPRINGS (326 trucks) | VECTRUS SYSTEMS CORPORATION (185 trucks) | COLORADO SPRINGS SCHOOL DISTRICT 11 (130 trucks) | El PASO COUNTY (112 trucks) | MOUNTAIN METROPOLITAN TRANSIT (144 trucks),138000,16427,16806153.82,"$295,000.00"
Sol_013,Colfax Ave & Airport Blvd,https://www.loopnet.com/Listing/Colfax-Ave-Airport-Blvd-Aurora-CO/24946845/,"Aurora, CO 80011",1.1,955174.1,39.740269989586,-104.791334022205,8680.17,10000,L,86.80%,1261,METCO LANDSCAPING INC (226 trucks) | WAGNER EQUIPMENT CO (423 trucks) | AURORA PUBLIC SCHOOLS (127 trucks) | CITY OF AURORA (271 trucks) | SHAMROCK FOODS COMPANY (214 trucks),138000,16427,16806153.82,"$955,174.10"
Sol_013,4265 Santa Fe Dr,https://www.loopnet.com/Listing/4265-Santa-Fe-Dr-Sheridan-CO/30482164/,"Sheridan, CO 80110",1.17,1799000.0,39.63876696462,-105.007023340305,4209.639999999999,5000,M,84.19%,507,KEESEN ENTERPRISES INC (263 trucks) | QUALITY LOGISTICS INC (135 trucks) | PACIFIC SHIPPING & TRUCKING CO INC (109 trucks),138000,16427,16806153.82,"$1,799,000.00"
Sol_013,7099 S Kenton St,https://www.loopnet.com/Listing/7099-S-Kenton-St-Centennial-CO/6542016/,"Centennial, CO 80112",1.18,976600.0,39.588430849644,-104.861817781283,16997.23,20000,XL,84.99%,2298,HBSCO DANS TRASH AT YOUR DISPOSAL (110 trucks) | BUCKLEY POWDER CO (217 trucks) | IHC SCOTT INC (214 trucks) | ORICA USA INC (215 trucks) | GLOBAL TRANSPORTATION LLC (442 trucks) | CH2M OMI CH2MHILL JACOBS (183 trucks) | AMERICAN FURNITURE WAREHOUSE CO (340 trucks) | TERRACARE ASSOCIATES LLC (156 trucks) | ENTERPRISE RENT-A-CAR NATIONAL RENT A CAR ALAMO RENT A CAR (421 trucks),138000,16427,16806153.82,"$976,600.00"
Sol_013,6322 Ivanhoe St,https://www.loopnet.com/Listing/6322-Ivanhoe-St-Commerce-City-CO/30497175/,"Commerce City, CO 80022",1.24,1500000.0,39.811481968412,-104.920723282229,19512.55,20000,XL,97.56%,2643,UNITED SITE SERVICES OF NEVADA INC (409 trucks) | UNITED SITE SERVICES OF COLORADO INC (147 trucks) | OFFEN PETROLEUM LLC (269 trucks) | WESTERN DISTRIBUTING TRANSPORTATION CORP (155 trucks) | READY MIX CONCRETE COMPANY (191 trucks) | RMS CRANES (139 trucks) | EAGLE ROCK DISTRIBUTING COMPANY OF COLORADO LLC (148 trucks) | WASTE CONNECTIONS OF COLORADO INC (486 trucks) | SUPERSHUTTLE DENVER (125 trucks) | SURESHOT DRILLING LLC ATOZ FIELD SERVICES LLC DRILL TECH LLC PINNACLE DEVELOPMENT INC HDD SPECIALISTS LLC (135 trucks) | COCAL LANDSCAPE SERVICES INC (153 trucks) | WEST DIRECT OIL (140 trucks) | BURNCO COLORADO LLC (146 trucks),138000,16427,16806153.82,"$1,500,000.00"
Sol_013,765 Aspen Ridge Drive Dr,https://www.loopnet.com/Listing/765-Aspen-Ridge-Drive-Dr-Lafayette-CO/32931931/,"Lafayette, CO 80026",1.43,556000.0,40.006898203868,-105.107210150504,4585.06,5000,M,91.70%,619,BOULDER VALLEY SCHOOL DISTRICT RE-2 (134 trucks) | VIA MOBILITY SERVICES (196 trucks) | VIA MOBILITY SERVICES (116 trucks) | CU (173 trucks),138000,16427,16806153.82,"$556,000.00"
Sol_013,6109 W 48th Ave,https://www.loopnet.com/Listing/6109-W-48th-Ave-Wheat-Ridge-CO/32583003/,"Wheat Ridge, CO 80033",1.76,1141446.56,39.784078257989,-105.064430676896,5965.4,10000,L,59.65%,845,CITY OF ARVADA (100 trucks) | SITEWISE LLC (145 trucks) | COMPASS VEHICLE RENTAL INC (170 trucks) | COLD FRONT (121 trucks) | NAVAJO EXPRESS INC (309 trucks),138000,16427,16806153.82,"$1,141,446.56"
Sol_013,5480 Montana Vista Way,https://www.loopnet.com/Listing/5480-Montana-Vista-Way-Castle-Rock-CO/31324562/,"Castle Rock, CO 80108",2.0,1745643.0,39.413964345372,-104.86151758933,2577.81,5000,M,51.56%,389,TOWN OF CASTLE ROCK  (109 trucks) | GREAT SOUTHWESTERN CONSTRUCTION INC (280 trucks),138000,16427,16806153.82,"$1,745,643.00"
Sol_014,2300 W County Road 54G,https://www.loopnet.com/Listing/2300-W-County-Road-54G-Laporte-CO/33671750/,"Laporte, CO 80535",0.46,330000.0,40.625878828869,-105.117877128123,1931.6100000000001,2000,S,96.58%,528,Poudre School District  (243 trucks) | CITY OF FORT COLLINS (285 trucks),122000,14947,9998512.56,"$330,000.00"
Sol_014,17160 W Colfax Ave,https://www.loopnet.com/Listing/17160-W-Colfax-Ave-Golden-CO/29520298/,"Golden, CO 80401",0.63,500000.0,39.722253633534,-105.192465086092,5488.67,10000,L,54.89%,807,ENIVIRONMENTAL LANDWORKS COMPANY INC (115 trucks) | HOLCIM WCR INC (298 trucks) | JEFFCO SCHOOLS (274 trucks) | JEFFERSON COUNTY (120 trucks),122000,14947,9998512.56,"$500,000.00"
Sol_014,3401 S Yosemite St,https://www.loopnet.com/Listing/3401-S-Yosemite-St-Denver-CO/39837277/,"Denver, CO 80231",0.64,675000.0,39.654049416843,-104.88550562639,4128.9400000000005,5000,M,82.58%,632,COMCAST (194 trucks) | SWINGLE TREE & LANDSCAPE CARE (135 trucks) | CITY LIGHT AND POWER INC (121 trucks) | WHEEL PROS LLC (182 trucks),122000,14947,9998512.56,"$675,000.00"
Sol_014,9190 W 84th Ave,https://www.loopnet.com/Listing/9190-W-84th-Ave-Arvada-CO/38160305/,"Arvada, CO 80005",0.67,499000.0,39.849854027782,-105.100317795342,2457.7,5000,M,49.15%,296,ALPINE MILLWORK COMPANY DBA ROCKY MOUNTAIN RELOAD (141 trucks) | GEOSTABILIZATION INTERNATIONAL LLC (155 trucks),122000,14947,9998512.56,"$499,000.00"
Sol_014,496 Laredo st,https://www.loopnet.com/Listing/496-Laredo-st-Aurora-CO/38708025/,"Aurora, CO 80011",0.7,500000.0,39.724337332754,-104.800258318335,8680.17,10000,L,86.80%,1261,AURORA PUBLIC SCHOOLS (127 trucks) | CITY OF AURORA (271 trucks) | METCO LANDSCAPING INC (226 trucks) | WAGNER EQUIPMENT CO (423 trucks) | SHAMROCK FOODS COMPANY (214 trucks),122000,14947,9998512.56,"$500,000.00"
Sol_014,NEC N Fairgrounds Ave,https://www.loopnet.com/Listing/NEC-N-Fairgrounds-Ave-Windsor-CO/29890025/,"Windsor, CO 80528",0.74,483449.0,40.437732372143,-104.982630626628,4243.52,5000,M,84.87%,684,LARIMER COUNTY (131 trucks) | NOVUS AG LLC (444 trucks) | LOVELAND MUNICIPALITY (109 trucks),122000,14947,9998512.56,"$483,449.00"
Sol_014,11958 Lincoln Ave,https://www.loopnet.com/Listing/Lincoln-Ave-Parker-CO/39741118/,"Parker, CO 80138",0.86,495000.0,39.536519536914,-104.76116705724,4937.0,5000,M,98.74%,725,ACCELERATED SERVICES LLC (373 trucks) | CHERRY CREEK SCHOOLS (352 trucks),122000,14947,9998512.56,"$495,000.00"
Sol_014,3311 Ideal Drive Dr,https://www.loopnet.com/Listing/3311-Ideal-Drive-Dr-Frederick-CO/35744244/,"Frederick, CO 80516",1.0,949000.0,40.087044076103,-104.992966989518,4928.75,5000,M,98.58%,991,SUPREME TRANSPORT INC (183 trucks) | WARD ELECTRIC COMPANY INC (222 trucks) | CITY OF LONGMONT (211 trucks) | ST VRAIN VALLEY SCHOOL DISTRICT (174 trucks) | HEAT WAVES HOT OIL SERVICE LLC (201 trucks),122000,14947,9998512.56,"$949,000.00"
Sol_014,12015 Irma Dr,https://www.loopnet.com/Listing/12015-Irma-Dr-Northglenn-CO/34662093/,"Northglenn, CO 80241",1.0,1098017.0,39.918832606598,-104.965887826386,7349.780000000001,10000,L,73.50%,1428,ADAMS 12 FIVE STAR SCHOOLS (182 trucks) | TRI-STATE GENERATION & TRANSMISSION ASSOCIATION INC (321 trucks) | CITY OF THORNTON (208 trucks) | CITY OF THORNTON (174 trucks) | BALIC TRANSPORT INC (120 trucks) | ENVIRONMENTAL DESIGNS LLC (156 trucks) | SIM TRUCKING INC (120 trucks) | G&Z TRANSPORT LLC (147 trucks),122000,14947,9998512.56,"$1,098,017.00"
Sol_014,2120 University Park Blvd,https://www.loopnet.com/Listing/2120-University-Park-Blvd-Colorado-Springs-CO/27680798/,"Colorado Springs, CO 80918",1.02,295000.0,38.910590363159,-104.78892179429,5689.619999999999,10000,L,56.90%,1031,GOODWILL OF COLORADO (134 trucks) | CITY OF COLORADO SPRINGS (326 trucks) | VECTRUS SYSTEMS CORPORATION (185 trucks) | COLORADO SPRINGS SCHOOL DISTRICT 11 (130 trucks) | El PASO COUNTY (112 trucks) | MOUNTAIN METROPOLITAN TRANSIT (144 trucks),122000,14947,9998512.56,"$295,000.00"
Sol_014,7099 S Kenton St,https://www.loopnet.com/Listing/7099-S-Kenton-St-Centennial-CO/6542016/,"Centennial, CO 80112",1.18,976600.0,39.588430849644,-104.861817781283,16997.23,20000,XL,84.99%,2298,HBSCO DANS TRASH AT YOUR DISPOSAL (110 trucks) | BUCKLEY POWDER CO (217 trucks) | IHC SCOTT INC (214 trucks) | ORICA USA INC (215 trucks) | GLOBAL TRANSPORTATION LLC (442 trucks) | CH2M OMI CH2MHILL JACOBS (183 trucks) | AMERICAN FURNITURE WAREHOUSE CO (340 trucks) | TERRACARE ASSOCIATES LLC (156 trucks) | ENTERPRISE RENT-A-CAR NATIONAL RENT A CAR ALAMO RENT A CAR (421 trucks),122000,14947,9998512.56,"$976,600.00"
Sol_014,6322 Ivanhoe St,https://www.loopnet.com/Listing/6322-Ivanhoe-St-Commerce-City-CO/30497175/,"Commerce City, CO 80022",1.24,1500000.0,39.811481968412,-104.920723282229,19960.92,20000,XL,99.80%,2697,UNITED SITE SERVICES OF NEVADA INC (409 trucks) | UNITED SITE SERVICES OF COLORADO INC (147 trucks) | OFFEN PETROLEUM LLC (269 trucks) | WESTERN DISTRIBUTING TRANSPORTATION CORP (155 trucks) | READY MIX CONCRETE COMPANY (191 trucks) | RMS CRANES (139 trucks) | EAGLE ROCK DISTRIBUTING COMPANY OF COLORADO LLC (148 trucks) | WASTE CONNECTIONS OF COLORADO INC (486 trucks) | SUPERSHUTTLE DENVER (125 trucks) | SURESHOT DRILLING LLC ATOZ FIELD SERVICES LLC DRILL TECH LLC PINNACLE DEVELOPMENT INC HDD SPECIALISTS LLC (135 trucks) | COCAL LANDSCAPE SERVICES INC (153 trucks) | U S TRANSPORT INC (200 trucks) | WEST DIRECT OIL (140 trucks),122000,14947,9998512.56,"$1,500,000.00"
Sol_014,765 Aspen Ridge Drive Dr,https://www.loopnet.com/Listing/765-Aspen-Ridge-Drive-Dr-Lafayette-CO/32931931/,"Lafayette, CO 80026",1.43,556000.0,40.006898203868,-105.107210150504,4585.06,5000,M,91.70%,619,BOULDER VALLEY SCHOOL DISTRICT RE-2 (134 trucks) | VIA MOBILITY SERVICES (196 trucks) | VIA MOBILITY SERVICES (116 trucks) | CU (173 trucks),122000,14947,9998512.56,"$556,000.00"
Sol_014,6109 W 48th Ave,https://www.loopnet.com/Listing/6109-W-48th-Ave-Wheat-Ridge-CO/32583003/,"Wheat Ridge, CO 80033",1.76,1141446.56,39.784078257989,-105.064430676896,6837.22,10000,L,68.37%,950,CITY OF ARVADA (100 trucks) | SITEWISE LLC (145 trucks) | COMPASS VEHICLE RENTAL INC (170 trucks) | COORS DISTRIBUTING COMPANY MILLER COORS LLC (105 trucks) | COLD FRONT (121 trucks) | NAVAJO EXPRESS INC (309 trucks),122000,14947,9998512.56,"$1,141,446.56"
Sol_015,2300 W County Road 54G,https://www.loopnet.com/Listing/2300-W-County-Road-54G-Laporte-CO/33671750/,"Laporte, CO 80535",0.46,330000.0,40.625878828869,-105.117877128123,1931.6100000000001,2000,S,96.58%,528,Poudre School District  (243 trucks) | CITY OF FORT COLLINS (285 trucks),127000,15454,11797512.56,"$330,000.00"
Sol_015,17160 W Colfax Ave,https://www.loopnet.com/Listing/17160-W-Colfax-Ave-Golden-CO/29520298/,"Golden, CO 80401",0.63,500000.0,39.722253633534,-105.192465086092,5488.67,10000,L,54.89%,807,ENIVIRONMENTAL LANDWORKS COMPANY INC (115 trucks) | HOLCIM WCR INC (298 trucks) | JEFFCO SCHOOLS (274 trucks) | JEFFERSON COUNTY (120 trucks),127000,15454,11797512.56,"$500,000.00"
Sol_015,3401 S Yosemite St,https://www.loopnet.com/Listing/3401-S-Yosemite-St-Denver-CO/39837277/,"Denver, CO 80231",0.64,675000.0,39.654049416843,-104.88550562639,4128.9400000000005,5000,M,82.58%,632,COMCAST (194 trucks) | SWINGLE TREE & LANDSCAPE CARE (135 trucks) | CITY LIGHT AND POWER INC (121 trucks) | WHEEL PROS LLC (182 trucks),127000,15454,11797512.56,"$675,000.00"
Sol_015,9190 W 84th Ave,https://www.loopnet.com/Listing/9190-W-84th-Ave-Arvada-CO/38160305/,"Arvada, CO 80005",0.67,499000.0,39.849854027782,-105.100317795342,2457.7,5000,M,49.15%,296,ALPINE MILLWORK COMPANY DBA ROCKY MOUNTAIN RELOAD (141 trucks) | GEOSTABILIZATION INTERNATIONAL LLC (155 trucks),127000,15454,11797512.56,"$499,000.00"
Sol_015,496 Laredo st,https://www.loopnet.com/Listing/496-Laredo-st-Aurora-CO/38708025/,"Aurora, CO 80011",0.7,500000.0,39.724337332754,-104.800258318335,8680.17,10000,L,86.80%,1261,AURORA PUBLIC SCHOOLS (127 trucks) | CITY OF AURORA (271 trucks) | METCO LANDSCAPING INC (226 trucks) | WAGNER EQUIPMENT CO (423 trucks) | SHAMROCK FOODS COMPANY (214 trucks),127000,15454,11797512.56,"$500,000.00"
Sol_015,NEC N Fairgrounds Ave,https://www.loopnet.com/Listing/NEC-N-Fairgrounds-Ave-Windsor-CO/29890025/,"Windsor, CO 80528",0.74,483449.0,40.437732372143,-104.982630626628,4243.52,5000,M,84.87%,684,LARIMER COUNTY (131 trucks) | NOVUS AG LLC (444 trucks) | LOVELAND MUNICIPALITY (109 trucks),127000,15454,11797512.56,"$483,449.00"
Sol_015,11958 Lincoln Ave,https://www.loopnet.com/Listing/Lincoln-Ave-Parker-CO/39741118/,"Parker, CO 80138",0.86,495000.0,39.536519536914,-104.76116705724,4937.0,5000,M,98.74%,725,ACCELERATED SERVICES LLC (373 trucks) | CHERRY CREEK SCHOOLS (352 trucks),127000,15454,11797512.56,"$495,000.00"
Sol_015,3311 Ideal Drive Dr,https://www.loopnet.com/Listing/3311-Ideal-Drive-Dr-Frederick-CO/35744244/,"Frederick, CO 80516",1.0,949000.0,40.087044076103,-104.992966989518,4928.75,5000,M,98.58%,991,SUPREME TRANSPORT INC (183 trucks) | WARD ELECTRIC COMPANY INC (222 trucks) | CITY OF LONGMONT (211 trucks) | ST VRAIN VALLEY SCHOOL DISTRICT (174 trucks) | HEAT WAVES HOT OIL SERVICE LLC (201 trucks),127000,15454,11797512.56,"$949,000.00"
Sol_015,12015 Irma Dr,https://www.loopnet.com/Listing/12015-Irma-Dr-Northglenn-CO/34662093/,"Northglenn, CO 80241",1.0,1098017.0,39.918832606598,-104.965887826386,7349.780000000001,10000,L,73.50%,1428,ADAMS 12 FIVE STAR SCHOOLS (182 trucks) | TRI-STATE GENERATION & TRANSMISSION ASSOCIATION INC (321 trucks) | CITY OF THORNTON (208 trucks) | CITY OF THORNTON (174 trucks) | BALIC TRANSPORT INC (120 trucks) | ENVIRONMENTAL DESIGNS LLC (156 trucks) | SIM TRUCKING INC (120 trucks) | G&Z TRANSPORT LLC (147 trucks),127000,15454,11797512.56,"$1,098,017.00"
Sol_015,2120 University Park Blvd,https://www.loopnet.com/Listing/2120-University-Park-Blvd-Colorado-Springs-CO/27680798/,"Colorado Springs, CO 80918",1.02,295000.0,38.910590363159,-104.78892179429,5689.619999999999,10000,L,56.90%,1031,GOODWILL OF COLORADO (134 trucks) | CITY OF COLORADO SPRINGS (326 trucks) | VECTRUS SYSTEMS CORPORATION (185 trucks) | COLORADO SPRINGS SCHOOL DISTRICT 11 (130 trucks) | El PASO COUNTY (112 trucks) | MOUNTAIN METROPOLITAN TRANSIT (144 trucks),127000,15454,11797512.56,"$295,000.00"
Sol_015,4265 Santa Fe Dr,https://www.loopnet.com/Listing/4265-Santa-Fe-Dr-Sheridan-CO/30482164/,"Sheridan, CO 80110",1.17,1799000.0,39.63876696462,-105.007023340305,4209.639999999999,5000,M,84.19%,507,KEESEN ENTERPRISES INC (263 trucks) | QUALITY LOGISTICS INC (135 trucks) | PACIFIC SHIPPING & TRUCKING CO INC (109 trucks),127000,15454,11797512.56,"$1,799,000.00"
Sol_015,7099 S Kenton St,https://www.loopnet.com/Listing/7099-S-Kenton-St-Centennial-CO/6542016/,"Centennial, CO 80112",1.18,976600.0,39.588430849644,-104.861817781283,16997.23,20000,XL,84.99%,2298,HBSCO DANS TRASH AT YOUR DISPOSAL (110 trucks) | BUCKLEY POWDER CO (217 trucks) | IHC SCOTT INC (214 trucks) | ORICA USA INC (215 trucks) | GLOBAL TRANSPORTATION LLC (442 trucks) | CH2M OMI CH2MHILL JACOBS (183 trucks) | AMERICAN FURNITURE WAREHOUSE CO (340 trucks) | TERRACARE ASSOCIATES LLC (156 trucks) | ENTERPRISE RENT-A-CAR NATIONAL RENT A CAR ALAMO RENT A CAR (421 trucks),127000,15454,11797512.56,"$976,600.00"
Sol_015,6322 Ivanhoe St,https://www.loopnet.com/Listing/6322-Ivanhoe-St-Commerce-City-CO/30497175/,"Commerce City, CO 80022",1.24,1500000.0,39.811481968412,-104.920723282229,19960.92,20000,XL,99.80%,2697,UNITED SITE SERVICES OF NEVADA INC (409 trucks) | UNITED SITE SERVICES OF COLORADO INC (147 trucks) | OFFEN PETROLEUM LLC (269 trucks) | WESTERN DISTRIBUTING TRANSPORTATION CORP (155 trucks) | READY MIX CONCRETE COMPANY (191 trucks) | RMS CRANES (139 trucks) | EAGLE ROCK DISTRIBUTING COMPANY OF COLORADO LLC (148 trucks) | WASTE CONNECTIONS OF COLORADO INC (486 trucks) | SUPERSHUTTLE DENVER (125 trucks) | SURESHOT DRILLING LLC ATOZ FIELD SERVICES LLC DRILL TECH LLC PINNACLE DEVELOPMENT INC HDD SPECIALISTS LLC (135 trucks) | COCAL LANDSCAPE SERVICES INC (153 trucks) | U S TRANSPORT INC (200 trucks) | WEST DIRECT OIL (140 trucks),127000,15454,11797512.56,"$1,500,000.00"
Sol_015,765 Aspen Ridge Drive Dr,https://www.loopnet.com/Listing/765-Aspen-Ridge-Drive-Dr-Lafayette-CO/32931931/,"Lafayette, CO 80026",1.43,556000.0,40.006898203868,-105.107210150504,4585.06,5000,M,91.70%,619,BOULDER VALLEY SCHOOL DISTRICT RE-2 (134 trucks) | VIA MOBILITY SERVICES (196 trucks) | VIA MOBILITY SERVICES (116 trucks) | CU (173 trucks),127000,15454,11797512.56,"$556,000.00"
Sol_015,6109 W 48th Ave,https://www.loopnet.com/Listing/6109-W-48th-Ave-Wheat-Ridge-CO/32583003/,"Wheat Ridge, CO 80033",1.76,1141446.56,39.784078257989,-105.064430676896,6837.22,10000,L,68.37%,950,CITY OF ARVADA (100 trucks) | SITEWISE LLC (145 trucks) | COMPASS VEHICLE RENTAL INC (170 trucks) | COORS DISTRIBUTING COMPANY MILLER COORS LLC (105 trucks) | COLD FRONT (121 trucks) | NAVAJO EXPRESS INC (309 trucks),127000,15454,11797512.56,"$1,141,446.56"
Sol_016,2300 W County Road 54G,https://www.loopnet.com/Listing/2300-W-County-Road-54G-Laporte-CO/33671750/,"Laporte, CO 80535",0.46,330000.0,40.625878828869,-105.117877128123,1931.6100000000001,2000,S,96.58%,528,Poudre School District  (243 trucks) | CITY OF FORT COLLINS (285 trucks),133000,15745,13255336.72,"$330,000.00"
Sol_016,17160 W Colfax Ave,https://www.loopnet.com/Listing/17160-W-Colfax-Ave-Golden-CO/29520298/,"Golden, CO 80401",0.63,500000.0,39.722253633534,-105.192465086092,5488.67,10000,L,54.89%,807,ENIVIRONMENTAL LANDWORKS COMPANY INC (115 trucks) | HOLCIM WCR INC (298 trucks) | JEFFCO SCHOOLS (274 trucks) | JEFFERSON COUNTY (120 trucks),133000,15745,13255336.72,"$500,000.00"
Sol_016,3401 S Yosemite St,https://www.loopnet.com/Listing/3401-S-Yosemite-St-Denver-CO/39837277/,"Denver, CO 80231",0.64,675000.0,39.654049416843,-104.88550562639,4128.9400000000005,5000,M,82.58%,632,COMCAST (194 trucks) | SWINGLE TREE & LANDSCAPE CARE (135 trucks) | CITY LIGHT AND POWER INC (121 trucks) | WHEEL PROS LLC (182 trucks),133000,15745,13255336.72,"$675,000.00"
Sol_016,Highway 34 Business & 83rd Avenue,https://www.loopnet.com/Listing/Highway-34-Business-83rd-Avenue-Greeley-CO/27017249/,"Greeley, CO 80634",0.66,877824.16,40.421498483243,-104.813483201346,336.5,1000,XS,33.65%,145,WELD COUNTY PUBLIC WORKS DEPARTMENT (145 trucks),133000,15745,13255336.72,"$877,824.16"
Sol_016,9190 W 84th Ave,https://www.loopnet.com/Listing/9190-W-84th-Ave-Arvada-CO/38160305/,"Arvada, CO 80005",0.67,499000.0,39.849854027782,-105.100317795342,2457.7,5000,M,49.15%,296,ALPINE MILLWORK COMPANY DBA ROCKY MOUNTAIN RELOAD (141 trucks) | GEOSTABILIZATION INTERNATIONAL LLC (155 trucks),133000,15745,13255336.72,"$499,000.00"
Sol_016,496 Laredo st,https://www.loopnet.com/Listing/496-Laredo-st-Aurora-CO/38708025/,"Aurora, CO 80011",0.7,500000.0,39.724337332754,-104.800258318335,8680.17,10000,L,86.80%,1261,AURORA PUBLIC SCHOOLS (127 trucks) | CITY OF AURORA (271 trucks) | METCO LANDSCAPING INC (226 trucks) | WAGNER EQUIPMENT CO (423 trucks) | SHAMROCK FOODS COMPANY (214 trucks),133000,15745,13255336.72,"$500,000.00"
Sol_016,NEC N Fairgrounds Ave,https://www.loopnet.com/Listing/NEC-N-Fairgrounds-Ave-Windsor-CO/29890025/,"Windsor, CO 80528",0.74,483449.0,40.437732372143,-104.982630626628,4243.52,5000,M,84.87%,684,LARIMER COUNTY (131 trucks) | NOVUS AG LLC (444 trucks) | LOVELAND MUNICIPALITY (109 trucks),133000,15745,13255336.72,"$483,449.00"
Sol_016,11958 Lincoln Ave,https://www.loopnet.com/Listing/Lincoln-Ave-Parker-CO/39741118/,"Parker, CO 80138",0.86,495000.0,39.536519536914,-104.76116705724,4937.0,5000,M,98.74%,725,ACCELERATED SERVICES LLC (373 trucks) | CHERRY CREEK SCHOOLS (352 trucks),133000,15745,13255336.72,"$495,000.00"
Sol_016,12353 E 104th Pl,https://www.loopnet.com/Listing/12353-E-104th-Pl-Commerce-City-CO/39324469/,"Commerce City, CO 80022",0.95,580000.0,39.886646182224,-104.843759389987,5864.049999999999,10000,L,58.64%,829,ENVIRONMENTAL DESIGNS LLC (156 trucks) | BALIC TRANSPORT INC (120 trucks) | BURNCO COLORADO LLC (146 trucks) | WEST DIRECT OIL (140 trucks) | SIM TRUCKING INC (120 trucks) | G&Z TRANSPORT LLC (147 trucks),133000,15745,13255336.72,"$580,000.00"
Sol_016,3311 Ideal Drive Dr,https://www.loopnet.com/Listing/3311-Ideal-Drive-Dr-Frederick-CO/35744244/,"Frederick, CO 80516",1.0,949000.0,40.087044076103,-104.992966989518,4928.75,5000,M,98.58%,991,SUPREME TRANSPORT INC (183 trucks) | WARD ELECTRIC COMPANY INC (222 trucks) | CITY OF LONGMONT (211 trucks) | ST VRAIN VALLEY SCHOOL DISTRICT (174 trucks) | HEAT WAVES HOT OIL SERVICE LLC (201 trucks),133000,15745,13255336.72,"$949,000.00"
Sol_016,12015 Irma Dr,https://www.loopnet.com/Listing/12015-Irma-Dr-Northglenn-CO/34662093/,"Northglenn, CO 80241",1.0,1098017.0,39.918832606598,-104.965887826386,3363.2500000000005,5000,M,67.27%,885,ADAMS 12 FIVE STAR SCHOOLS (182 trucks) | TRI-STATE GENERATION & TRANSMISSION ASSOCIATION INC (321 trucks) | CITY OF THORNTON (208 trucks) | CITY OF THORNTON (174 trucks),133000,15745,13255336.72,"$1,098,017.00"
Sol_016,2120 University Park Blvd,https://www.loopnet.com/Listing/2120-University-Park-Blvd-Colorado-Springs-CO/27680798/,"Colorado Springs, CO 80918",1.02,295000.0,38.910590363159,-104.78892179429,5689.619999999999,10000,L,56.90%,1031,GOODWILL OF COLORADO (134 trucks) | CITY OF COLORADO SPRINGS (326 trucks) | VECTRUS SYSTEMS CORPORATION (185 trucks) | COLORADO SPRINGS SCHOOL DISTRICT 11 (130 trucks) | El PASO COUNTY (112 trucks) | MOUNTAIN METROPOLITAN TRANSIT (144 trucks),133000,15745,13255336.72,"$295,000.00"
Sol_016,4265 Santa Fe Dr,https://www.loopnet.com/Listing/4265-Santa-Fe-Dr-Sheridan-CO/30482164/,"Sheridan, CO 80110",1.17,1799000.0,39.63876696462,-105.007023340305,4209.639999999999,5000,M,84.19%,507,KEESEN ENTERPRISES INC (263 trucks) | QUALITY LOGISTICS INC (135 trucks) | PACIFIC SHIPPING & TRUCKING CO INC (109 trucks),133000,15745,13255336.72,"$1,799,000.00"
Sol_016,7099 S Kenton St,https://www.loopnet.com/Listing/7099-S-Kenton-St-Centennial-CO/6542016/,"Centennial, CO 80112",1.18,976600.0,39.588430849644,-104.861817781283,16997.23,20000,XL,84.99%,2298,HBSCO DANS TRASH AT YOUR DISPOSAL (110 trucks) | BUCKLEY POWDER CO (217 trucks) | IHC SCOTT INC (214 trucks) | ORICA USA INC (215 trucks) | GLOBAL TRANSPORTATION LLC (442 trucks) | CH2M OMI CH2MHILL JACOBS (183 trucks) | AMERICAN FURNITURE WAREHOUSE CO (340 trucks) | TERRACARE ASSOCIATES LLC (156 trucks) | ENTERPRISE RENT-A-CAR NATIONAL RENT A CAR ALAMO RENT A CAR (421 trucks),133000,15745,13255336.72,"$976,600.00"
Sol_016,6322 Ivanhoe St,https://www.loopnet.com/Listing/6322-Ivanhoe-St-Commerce-City-CO/30497175/,"Commerce City, CO 80022",1.24,1500000.0,39.811481968412,-104.920723282229,19295.64,20000,XL,96.48%,2557,UNITED SITE SERVICES OF NEVADA INC (409 trucks) | UNITED SITE SERVICES OF COLORADO INC (147 trucks) | OFFEN PETROLEUM LLC (269 trucks) | WESTERN DISTRIBUTING TRANSPORTATION CORP (155 trucks) | READY MIX CONCRETE COMPANY (191 trucks) | RMS CRANES (139 trucks) | EAGLE ROCK DISTRIBUTING COMPANY OF COLORADO LLC (148 trucks) | WASTE CONNECTIONS OF COLORADO INC (486 trucks) | SUPERSHUTTLE DENVER (125 trucks) | SURESHOT DRILLING LLC ATOZ FIELD SERVICES LLC DRILL TECH LLC PINNACLE DEVELOPMENT INC HDD SPECIALISTS LLC (135 trucks) | COCAL LANDSCAPE SERVICES INC (153 trucks) | U S TRANSPORT INC (200 trucks),133000,15745,13255336.72,"$1,500,000.00"
Sol_016,765 Aspen Ridge Drive Dr,https://www.loopnet.com/Listing/765-Aspen-Ridge-Drive-Dr-Lafayette-CO/32931931/,"Lafayette, CO 80026",1.43,556000.0,40.006898203868,-105.107210150504,4585.06,5000,M,91.70%,619,BOULDER VALLEY SCHOOL DISTRICT RE-2 (134 trucks) | VIA MOBILITY SERVICES (196 trucks) | VIA MOBILITY SERVICES (116 trucks) | CU (173 trucks),133000,15745,13255336.72,"$556,000.00"
Sol_016,6109 W 48th Ave,https://www.loopnet.com/Listing/6109-W-48th-Ave-Wheat-Ridge-CO/32583003/,"Wheat Ridge, CO 80033",1.76,1141446.56,39.784078257989,-105.064430676896,6837.22,10000,L,68.37%,950,CITY OF ARVADA (100 trucks) | SITEWISE LLC (145 trucks) | COMPASS VEHICLE RENTAL INC (170 trucks) | COORS DISTRIBUTING COMPANY MILLER COORS LLC (105 trucks) | COLD FRONT (121 trucks) | NAVAJO EXPRESS INC (309 trucks),133000,15745,13255336.72,"$1,141,446.56"
Sol_017,2300 W County Road 54G,https://www.loopnet.com/Listing/2300-W-County-Road-54G-Laporte-CO/33671750/,"Laporte, CO 80535",0.46,330000.0,40.625878828869,-105.117877128123,1931.6100000000001,2000,S,96.58%,528,Poudre School District  (243 trucks) | CITY OF FORT COLLINS (285 trucks),137000,16282,15473155.56,"$330,000.00"
Sol_017,17160 W Colfax Ave,https://www.loopnet.com/Listing/17160-W-Colfax-Ave-Golden-CO/29520298/,"Golden, CO 80401",0.63,500000.0,39.722253633534,-105.192465086092,5488.67,10000,L,54.89%,807,ENIVIRONMENTAL LANDWORKS COMPANY INC (115 trucks) | HOLCIM WCR INC (298 trucks) | JEFFCO SCHOOLS (274 trucks) | JEFFERSON COUNTY (120 trucks),137000,16282,15473155.56,"$500,000.00"
Sol_017,3401 S Yosemite St,https://www.loopnet.com/Listing/3401-S-Yosemite-St-Denver-CO/39837277/,"Denver, CO 80231",0.64,675000.0,39.654049416843,-104.88550562639,4128.9400000000005,5000,M,82.58%,632,COMCAST (194 trucks) | SWINGLE TREE & LANDSCAPE CARE (135 trucks) | CITY LIGHT AND POWER INC (121 trucks) | WHEEL PROS LLC (182 trucks),137000,16282,15473155.56,"$675,000.00"
Sol_017,9190 W 84th Ave,https://www.loopnet.com/Listing/9190-W-84th-Ave-Arvada-CO/38160305/,"Arvada, CO 80005",0.67,499000.0,39.849854027782,-105.100317795342,2457.7,5000,M,49.15%,296,ALPINE MILLWORK COMPANY DBA ROCKY MOUNTAIN RELOAD (141 trucks) | GEOSTABILIZATION INTERNATIONAL LLC (155 trucks),137000,16282,15473155.56,"$499,000.00"
Sol_017,496 Laredo st,https://www.loopnet.com/Listing/496-Laredo-st-Aurora-CO/38708025/,"Aurora, CO 80011",0.7,500000.0,39.724337332754,-104.800258318335,8680.17,10000,L,86.80%,1261,AURORA PUBLIC SCHOOLS (127 trucks) | CITY OF AURORA (271 trucks) | METCO LANDSCAPING INC (226 trucks) | WAGNER EQUIPMENT CO (423 trucks) | SHAMROCK FOODS COMPANY (214 trucks),137000,16282,15473155.56,"$500,000.00"
Sol_017,NEC N Fairgrounds Ave,https://www.loopnet.com/Listing/NEC-N-Fairgrounds-Ave-Windsor-CO/29890025/,"Windsor, CO 80528",0.74,483449.0,40.437732372143,-104.982630626628,4243.52,5000,M,84.87%,684,LARIMER COUNTY (131 trucks) | NOVUS AG LLC (444 trucks) | LOVELAND MUNICIPALITY (109 trucks),137000,16282,15473155.56,"$483,449.00"
Sol_017,11958 Lincoln Ave,https://www.loopnet.com/Listing/Lincoln-Ave-Parker-CO/39741118/,"Parker, CO 80138",0.86,495000.0,39.536519536914,-104.76116705724,4937.0,5000,M,98.74%,725,ACCELERATED SERVICES LLC (373 trucks) | CHERRY CREEK SCHOOLS (352 trucks),137000,16282,15473155.56,"$495,000.00"
Sol_017,2450 Curtis St,https://www.loopnet.com/Listing/2450-Curtis-St-Denver-CO/34878162/,"Denver, CO 80205",0.93,1930000.0,39.755035173034,-104.984190298703,4453.87,5000,M,89.08%,598,RES (149 trucks) | MPLX G&P (144 trucks) | COORS DISTRIBUTING COMPANY MILLER COORS LLC (105 trucks) | U S TRANSPORT INC (200 trucks),137000,16282,15473155.56,"$1,930,000.00"
Sol_017,3311 Ideal Drive Dr,https://www.loopnet.com/Listing/3311-Ideal-Drive-Dr-Frederick-CO/35744244/,"Frederick, CO 80516",1.0,949000.0,40.087044076103,-104.992966989518,4928.75,5000,M,98.58%,991,SUPREME TRANSPORT INC (183 trucks) | WARD ELECTRIC COMPANY INC (222 trucks) | CITY OF LONGMONT (211 trucks) | ST VRAIN VALLEY SCHOOL DISTRICT (174 trucks) | HEAT WAVES HOT OIL SERVICE LLC (201 trucks),137000,16282,15473155.56,"$949,000.00"
Sol_017,12015 Irma Dr,https://www.loopnet.com/Listing/12015-Irma-Dr-Northglenn-CO/34662093/,"Northglenn, CO 80241",1.0,1098017.0,39.918832606598,-104.965887826386,7349.780000000001,10000,L,73.50%,1428,ADAMS 12 FIVE STAR SCHOOLS (182 trucks) | TRI-STATE GENERATION & TRANSMISSION ASSOCIATION INC (321 trucks) | CITY OF THORNTON (208 trucks) | CITY OF THORNTON (174 trucks) | BALIC TRANSPORT INC (120 trucks) | ENVIRONMENTAL DESIGNS LLC (156 trucks) | SIM TRUCKING INC (120 trucks) | G&Z TRANSPORT LLC (147 trucks),137000,16282,15473155.56,"$1,098,017.00"
Sol_017,2120 University Park Blvd,https://www.loopnet.com/Listing/2120-University-Park-Blvd-Colorado-Springs-CO/27680798/,"Colorado Springs, CO 80918",1.02,295000.0,38.910590363159,-104.78892179429,5689.619999999999,10000,L,56.90%,1031,GOODWILL OF COLORADO (134 trucks) | CITY OF COLORADO SPRINGS (326 trucks) | VECTRUS SYSTEMS CORPORATION (185 trucks) | COLORADO SPRINGS SCHOOL DISTRICT 11 (130 trucks) | El PASO COUNTY (112 trucks) | MOUNTAIN METROPOLITAN TRANSIT (144 trucks),137000,16282,15473155.56,"$295,000.00"
Sol_017,4265 Santa Fe Dr,https://www.loopnet.com/Listing/4265-Santa-Fe-Dr-Sheridan-CO/30482164/,"Sheridan, CO 80110",1.17,1799000.0,39.63876696462,-105.007023340305,4209.639999999999,5000,M,84.19%,507,KEESEN ENTERPRISES INC (263 trucks) | QUALITY LOGISTICS INC (135 trucks) | PACIFIC SHIPPING & TRUCKING CO INC (109 trucks),137000,16282,15473155.56,"$1,799,000.00"
Sol_017,7099 S Kenton St,https://www.loopnet.com/Listing/7099-S-Kenton-St-Centennial-CO/6542016/,"Centennial, CO 80112",1.18,976600.0,39.588430849644,-104.861817781283,16997.23,20000,XL,84.99%,2298,HBSCO DANS TRASH AT YOUR DISPOSAL (110 trucks) | BUCKLEY POWDER CO (217 trucks) | IHC SCOTT INC (214 trucks) | ORICA USA INC (215 trucks) | GLOBAL TRANSPORTATION LLC (442 trucks) | CH2M OMI CH2MHILL JACOBS (183 trucks) | AMERICAN FURNITURE WAREHOUSE CO (340 trucks) | TERRACARE ASSOCIATES LLC (156 trucks) | ENTERPRISE RENT-A-CAR NATIONAL RENT A CAR ALAMO RENT A CAR (421 trucks),137000,16282,15473155.56,"$976,600.00"
Sol_017,6322 Ivanhoe St,https://www.loopnet.com/Listing/6322-Ivanhoe-St-Commerce-City-CO/30497175/,"Commerce City, CO 80022",1.24,1500000.0,39.811481968412,-104.920723282229,19512.55,20000,XL,97.56%,2643,UNITED SITE SERVICES OF NEVADA INC (409 trucks) | UNITED SITE SERVICES OF COLORADO INC (147 trucks) | OFFEN PETROLEUM LLC (269 trucks) | WESTERN DISTRIBUTING TRANSPORTATION CORP (155 trucks) | READY MIX CONCRETE COMPANY (191 trucks) | RMS CRANES (139 trucks) | EAGLE ROCK DISTRIBUTING COMPANY OF COLORADO LLC (148 trucks) | WASTE CONNECTIONS OF COLORADO INC (486 trucks) | SUPERSHUTTLE DENVER (125 trucks) | SURESHOT DRILLING LLC ATOZ FIELD SERVICES LLC DRILL TECH LLC PINNACLE DEVELOPMENT INC HDD SPECIALISTS LLC (135 trucks) | COCAL LANDSCAPE SERVICES INC (153 trucks) | WEST DIRECT OIL (140 trucks) | BURNCO COLORADO LLC (146 trucks),137000,16282,15473155.56,"$1,500,000.00"
Sol_017,765 Aspen Ridge Drive Dr,https://www.loopnet.com/Listing/765-Aspen-Ridge-Drive-Dr-Lafayette-CO/32931931/,"Lafayette, CO 80026",1.43,556000.0,40.006898203868,-105.107210150504,4585.06,5000,M,91.70%,619,BOULDER VALLEY SCHOOL DISTRICT RE-2 (134 trucks) | VIA MOBILITY SERVICES (196 trucks) | VIA MOBILITY SERVICES (116 trucks) | CU (173 trucks),137000,16282,15473155.56,"$556,000.00"
Sol_017,6109 W 48th Ave,https://www.loopnet.com/Listing/6109-W-48th-Ave-Wheat-Ridge-CO/32583003/,"Wheat Ridge, CO 80033",1.76,1141446.56,39.784078257989,-105.064430676896,5965.4,10000,L,59.65%,845,CITY OF ARVADA (100 trucks) | SITEWISE LLC (145 trucks) | COMPASS VEHICLE RENTAL INC (170 trucks) | COLD FRONT (121 trucks) | NAVAJO EXPRESS INC (309 trucks),137000,16282,15473155.56,"$1,141,446.56"
Sol_017,5480 Montana Vista Way,https://www.loopnet.com/Listing/5480-Montana-Vista-Way-Castle-Rock-CO/31324562/,"Castle Rock, CO 80108",2.0,1745643.0,39.413964345372,-104.86151758933,2577.81,5000,M,51.56%,389,TOWN OF CASTLE ROCK  (109 trucks) | GREAT SOUTHWESTERN CONSTRUCTION INC (280 trucks),137000,16282,15473155.56,"$1,745,643.00"
Sol_018,17160 W Colfax Ave,https://www.loopnet.com/Listing/17160-W-Colfax-Ave-Golden-CO/29520298/,"Golden, CO 80401",0.63,500000.0,39.722253633534,-105.192465086092,5488.67,10000,L,54.89%,807,ENIVIRONMENTAL LANDWORKS COMPANY INC (115 trucks) | HOLCIM WCR INC (298 trucks) | JEFFCO SCHOOLS (274 trucks) | JEFFERSON COUNTY (120 trucks),105000,11322,7423512.5600000005,"$500,000.00"
Sol_018,3401 S Yosemite St,https://www.loopnet.com/Listing/3401-S-Yosemite-St-Denver-CO/39837277/,"Denver, CO 80231",0.64,675000.0,39.654049416843,-104.88550562639,7298.1900000000005,10000,L,72.98%,1256,COMCAST (194 trucks) | SWINGLE TREE & LANDSCAPE CARE (135 trucks) | CITY LIGHT AND POWER INC (121 trucks) | WHEEL PROS LLC (182 trucks) | CITY OF AURORA (271 trucks) | AURORA PUBLIC SCHOOLS (127 trucks) | METCO LANDSCAPING INC (226 trucks),105000,11322,7423512.5600000005,"$675,000.00"
Sol_018,9190 W 84th Ave,https://www.loopnet.com/Listing/9190-W-84th-Ave-Arvada-CO/38160305/,"Arvada, CO 80005",0.67,499000.0,39.849854027782,-105.100317795342,2457.7,5000,M,49.15%,296,ALPINE MILLWORK COMPANY DBA ROCKY MOUNTAIN RELOAD (141 trucks) | GEOSTABILIZATION INTERNATIONAL LLC (155 trucks),105000,11322,7423512.5600000005,"$499,000.00"
Sol_018,NEC N Fairgrounds Ave,https://www.loopnet.com/Listing/NEC-N-Fairgrounds-Ave-Windsor-CO/29890025/,"Windsor, CO 80528",0.74,483449.0,40.437732372143,-104.982630626628,4243.52,5000,M,84.87%,684,LARIMER COUNTY (131 trucks) | NOVUS AG LLC (444 trucks) | LOVELAND MUNICIPALITY (109 trucks),105000,11322,7423512.5600000005,"$483,449.00"
Sol_018,11958 Lincoln Ave,https://www.loopnet.com/Listing/Lincoln-Ave-Parker-CO/39741118/,"Parker, CO 80138",0.86,495000.0,39.536519536914,-104.76116705724,4937.0,5000,M,98.74%,725,ACCELERATED SERVICES LLC (373 trucks) | CHERRY CREEK SCHOOLS (352 trucks),105000,11322,7423512.5600000005,"$495,000.00"
Sol_018,6375 Lookout Rd,https://www.loopnet.com/Listing/6375-Lookout-Rd-Boulder-CO/35970288/,"Boulder, CO 80301",0.96,1260000.0,40.07191054992,-105.205474218915,5984.259999999999,10000,L,59.84%,1004,VIA MOBILITY SERVICES (196 trucks) | VIA MOBILITY SERVICES (116 trucks) | BOULDER VALLEY SCHOOL DISTRICT RE-2 (134 trucks) | CU (173 trucks) | CITY OF LONGMONT (211 trucks) | ST VRAIN VALLEY SCHOOL DISTRICT (174 trucks),105000,11322,7423512.5600000005,"$1,260,000.00"
Sol_018,12015 Irma Dr,https://www.loopnet.com/Listing/12015-Irma-Dr-Northglenn-CO/34662093/,"Northglenn, CO 80241",1.0,1098017.0,39.918832606598,-104.965887826386,11460.82,20000,XL,57.30%,1983,ADAMS 12 FIVE STAR SCHOOLS (182 trucks) | TRI-STATE GENERATION & TRANSMISSION ASSOCIATION INC (321 trucks) | CITY OF THORNTON (208 trucks) | CITY OF THORNTON (174 trucks) | BALIC TRANSPORT INC (120 trucks) | BURNCO COLORADO LLC (146 trucks) | WEST DIRECT OIL (140 trucks) | OFFEN PETROLEUM LLC (269 trucks) | ENVIRONMENTAL DESIGNS LLC (156 trucks) | SIM TRUCKING INC (120 trucks) | G&Z TRANSPORT LLC (147 trucks),105000,11322,7423512.5600000005,"$1,098,017.00"
Sol_018,2120 University Park Blvd,https://www.loopnet.com/Listing/2120-University-Park-Blvd-Colorado-Springs-CO/27680798/,"Colorado Springs, CO 80918",1.02,295000.0,38.910590363159,-104.78892179429,5689.619999999999,10000,L,56.90%,1031,GOODWILL OF COLORADO (134 trucks) | CITY OF COLORADO SPRINGS (326 trucks) | VECTRUS SYSTEMS CORPORATION (185 trucks) | COLORADO SPRINGS SCHOOL DISTRICT 11 (130 trucks) | El PASO COUNTY (112 trucks) | MOUNTAIN METROPOLITAN TRANSIT (144 trucks),105000,11322,7423512.5600000005,"$295,000.00"
Sol_018,7099 S Kenton St,https://www.loopnet.com/Listing/7099-S-Kenton-St-Centennial-CO/6542016/,"Centennial, CO 80112",1.18,976600.0,39.588430849644,-104.861817781283,16997.23,20000,XL,84.99%,2298,HBSCO DANS TRASH AT YOUR DISPOSAL (110 trucks) | BUCKLEY POWDER CO (217 trucks) | IHC SCOTT INC (214 trucks) | ORICA USA INC (215 trucks) | GLOBAL TRANSPORTATION LLC (442 trucks) | CH2M OMI CH2MHILL JACOBS (183 trucks) | AMERICAN FURNITURE WAREHOUSE CO (340 trucks) | TERRACARE ASSOCIATES LLC (156 trucks) | ENTERPRISE RENT-A-CAR NATIONAL RENT A CAR ALAMO RENT A CAR (421 trucks),105000,11322,7423512.5600000005,"$976,600.00"
Sol_018,6109 W 48th Ave,https://www.loopnet.com/Listing/6109-W-48th-Ave-Wheat-Ridge-CO/32583003/,"Wheat Ridge, CO 80033",1.76,1141446.56,39.784078257989,-105.064430676896,8749.11,10000,L,87.49%,1238,CITY OF ARVADA (100 trucks) | SITEWISE LLC (145 trucks) | COMPASS VEHICLE RENTAL INC (170 trucks) | COORS DISTRIBUTING COMPANY MILLER COORS LLC (105 trucks) | COLD FRONT (121 trucks) | NAVAJO EXPRESS INC (309 trucks) | SURESHOT DRILLING LLC ATOZ FIELD SERVICES LLC DRILL TECH LLC PINNACLE DEVELOPMENT INC HDD SPECIALISTS LLC (135 trucks) | COCAL LANDSCAPE SERVICES INC (153 trucks),105000,11322,7423512.5600000005,"$1,141,446.56"
Sol_019,17160 W Colfax Ave,https://www.loopnet.com/Listing/17160-W-Colfax-Ave-Golden-CO/29520298/,"Golden, CO 80401",0.63,500000.0,39.722253633534,-105.192465086092,5488.67,10000,L,54.89%,807,ENIVIRONMENTAL LANDWORKS COMPANY INC (115 trucks) | HOLCIM WCR INC (298 trucks) | JEFFCO SCHOOLS (274 trucks) | JEFFERSON COUNTY (120 trucks),105000,11928,7668512.5600000005,"$500,000.00"
Sol_019,3401 S Yosemite St,https://www.loopnet.com/Listing/3401-S-Yosemite-St-Denver-CO/39837277/,"Denver, CO 80231",0.64,675000.0,39.654049416843,-104.88550562639,7298.1900000000005,10000,L,72.98%,1256,COMCAST (194 trucks) | SWINGLE TREE & LANDSCAPE CARE (135 trucks) | CITY LIGHT AND POWER INC (121 trucks) | WHEEL PROS LLC (182 trucks) | CITY OF AURORA (271 trucks) | AURORA PUBLIC SCHOOLS (127 trucks) | METCO LANDSCAPING INC (226 trucks),105000,11928,7668512.5600000005,"$675,000.00"
Sol_019,9190 W 84th Ave,https://www.loopnet.com/Listing/9190-W-84th-Ave-Arvada-CO/38160305/,"Arvada, CO 80005",0.67,499000.0,39.849854027782,-105.100317795342,2457.7,5000,M,49.15%,296,ALPINE MILLWORK COMPANY DBA ROCKY MOUNTAIN RELOAD (141 trucks) | GEOSTABILIZATION INTERNATIONAL LLC (155 trucks),105000,11928,7668512.5600000005,"$499,000.00"
Sol_019,NEC N Fairgrounds Ave,https://www.loopnet.com/Listing/NEC-N-Fairgrounds-Ave-Windsor-CO/29890025/,"Windsor, CO 80528",0.74,483449.0,40.437732372143,-104.982630626628,4243.52,5000,M,84.87%,684,LARIMER COUNTY (131 trucks) | NOVUS AG LLC (444 trucks) | LOVELAND MUNICIPALITY (109 trucks),105000,11928,7668512.5600000005,"$483,449.00"
Sol_019,11958 Lincoln Ave,https://www.loopnet.com/Listing/Lincoln-Ave-Parker-CO/39741118/,"Parker, CO 80138",0.86,495000.0,39.536519536914,-104.76116705724,4937.0,5000,M,98.74%,725,ACCELERATED SERVICES LLC (373 trucks) | CHERRY CREEK SCHOOLS (352 trucks),105000,11928,7668512.5600000005,"$495,000.00"
Sol_019,3311 Ideal Drive Dr,https://www.loopnet.com/Listing/3311-Ideal-Drive-Dr-Frederick-CO/35744244/,"Frederick, CO 80516",1.0,949000.0,40.087044076103,-104.992966989518,4928.75,5000,M,98.58%,991,SUPREME TRANSPORT INC (183 trucks) | WARD ELECTRIC COMPANY INC (222 trucks) | CITY OF LONGMONT (211 trucks) | ST VRAIN VALLEY SCHOOL DISTRICT (174 trucks) | HEAT WAVES HOT OIL SERVICE LLC (201 trucks),105000,11928,7668512.5600000005,"$949,000.00"
Sol_019,12015 Irma Dr,https://www.loopnet.com/Listing/12015-Irma-Dr-Northglenn-CO/34662093/,"Northglenn, CO 80241",1.0,1098017.0,39.918832606598,-104.965887826386,11460.82,20000,XL,57.30%,1983,ADAMS 12 FIVE STAR SCHOOLS (182 trucks) | TRI-STATE GENERATION & TRANSMISSION ASSOCIATION INC (321 trucks) | CITY OF THORNTON (208 trucks) | CITY OF THORNTON (174 trucks) | BALIC TRANSPORT INC (120 trucks) | BURNCO COLORADO LLC (146 trucks) | WEST DIRECT OIL (140 trucks) | OFFEN PETROLEUM LLC (269 trucks) | ENVIRONMENTAL DESIGNS LLC (156 trucks) | SIM TRUCKING INC (120 trucks) | G&Z TRANSPORT LLC (147 trucks),105000,11928,7668512.5600000005,"$1,098,017.00"
Sol_019,2120 University Park Blvd,https://www.loopnet.com/Listing/2120-University-Park-Blvd-Colorado-Springs-CO/27680798/,"Colorado Springs, CO 80918",1.02,295000.0,38.910590363159,-104.78892179429,5689.619999999999,10000,L,56.90%,1031,GOODWILL OF COLORADO (134 trucks) | CITY OF COLORADO SPRINGS (326 trucks) | VECTRUS SYSTEMS CORPORATION (185 trucks) | COLORADO SPRINGS SCHOOL DISTRICT 11 (130 trucks) | El PASO COUNTY (112 trucks) | MOUNTAIN METROPOLITAN TRANSIT (144 trucks),105000,11928,7668512.5600000005,"$295,000.00"
Sol_019,7099 S Kenton St,https://www.loopnet.com/Listing/7099-S-Kenton-St-Centennial-CO/6542016/,"Centennial, CO 80112",1.18,976600.0,39.588430849644,-104.861817781283,16997.23,20000,XL,84.99%,2298,HBSCO DANS TRASH AT YOUR DISPOSAL (110 trucks) | BUCKLEY POWDER CO (217 trucks) | IHC SCOTT INC (214 trucks) | ORICA USA INC (215 trucks) | GLOBAL TRANSPORTATION LLC (442 trucks) | CH2M OMI CH2MHILL JACOBS (183 trucks) | AMERICAN FURNITURE WAREHOUSE CO (340 trucks) | TERRACARE ASSOCIATES LLC (156 trucks) | ENTERPRISE RENT-A-CAR NATIONAL RENT A CAR ALAMO RENT A CAR (421 trucks),105000,11928,7668512.5600000005,"$976,600.00"
Sol_019,765 Aspen Ridge Drive Dr,https://www.loopnet.com/Listing/765-Aspen-Ridge-Drive-Dr-Lafayette-CO/32931931/,"Lafayette, CO 80026",1.43,556000.0,40.006898203868,-105.107210150504,4585.06,5000,M,91.70%,619,BOULDER VALLEY SCHOOL DISTRICT RE-2 (134 trucks) | VIA MOBILITY SERVICES (196 trucks) | VIA MOBILITY SERVICES (116 trucks) | CU (173 trucks),105000,11928,7668512.5600000005,"$556,000.00"
Sol_019,6109 W 48th Ave,https://www.loopnet.com/Listing/6109-W-48th-Ave-Wheat-Ridge-CO/32583003/,"Wheat Ridge, CO 80033",1.76,1141446.56,39.784078257989,-105.064430676896,8749.11,10000,L,87.49%,1238,CITY OF ARVADA (100 trucks) | SITEWISE LLC (145 trucks) | COMPASS VEHICLE RENTAL INC (170 trucks) | COORS DISTRIBUTING COMPANY MILLER COORS LLC (105 trucks) | COLD FRONT (121 trucks) | NAVAJO EXPRESS INC (309 trucks) | SURESHOT DRILLING LLC ATOZ FIELD SERVICES LLC DRILL TECH LLC PINNACLE DEVELOPMENT INC HDD SPECIALISTS LLC (135 trucks) | COCAL LANDSCAPE SERVICES INC (153 trucks),105000,11928,7668512.5600000005,"$1,141,446.56"
Sol_020,2300 W County Road 54G,https://www.loopnet.com/Listing/2300-W-County-Road-54G-Laporte-CO/33671750/,"Laporte, CO 80535",0.46,330000.0,40.625878828869,-105.117877128123,1931.6100000000001,2000,S,96.58%,528,Poudre School District  (243 trucks) | CITY OF FORT COLLINS (285 trucks),127000,15454,11797512.56,"$330,000.00"
Sol_020,17160 W Colfax Ave,https://www.loopnet.com/Listing/17160-W-Colfax-Ave-Golden-CO/29520298/,"Golden, CO 80401",0.63,500000.0,39.722253633534,-105.192465086092,5488.67,10000,L,54.89%,807,ENIVIRONMENTAL LANDWORKS COMPANY INC (115 trucks) | HOLCIM WCR INC (298 trucks) | JEFFCO SCHOOLS (274 trucks) | JEFFERSON COUNTY (120 trucks),127000,15454,11797512.56,"$500,000.00"
Sol_020,3401 S Yosemite St,https://www.loopnet.com/Listing/3401-S-Yosemite-St-Denver-CO/39837277/,"Denver, CO 80231",0.64,675000.0,39.654049416843,-104.88550562639,4128.9400000000005,5000,M,82.58%,632,COMCAST (194 trucks) | SWINGLE TREE & LANDSCAPE CARE (135 trucks) | CITY LIGHT AND POWER INC (121 trucks) | WHEEL PROS LLC (182 trucks),127000,15454,11797512.56,"$675,000.00"
Sol_020,9190 W 84th Ave,https://www.loopnet.com/Listing/9190-W-84th-Ave-Arvada-CO/38160305/,"Arvada, CO 80005",0.67,499000.0,39.849854027782,-105.100317795342,2457.7,5000,M,49.15%,296,ALPINE MILLWORK COMPANY DBA ROCKY MOUNTAIN RELOAD (141 trucks) | GEOSTABILIZATION INTERNATIONAL LLC (155 trucks),127000,15454,11797512.56,"$499,000.00"
Sol_020,496 Laredo st,https://www.loopnet.com/Listing/496-Laredo-st-Aurora-CO/38708025/,"Aurora, CO 80011",0.7,500000.0,39.724337332754,-104.800258318335,8680.17,10000,L,86.80%,1261,AURORA PUBLIC SCHOOLS (127 trucks) | CITY OF AURORA (271 trucks) | METCO LANDSCAPING INC (226 trucks) | WAGNER EQUIPMENT CO (423 trucks) | SHAMROCK FOODS COMPANY (214 trucks),127000,15454,11797512.56,"$500,000.00"
Sol_020,NEC N Fairgrounds Ave,https://www.loopnet.com/Listing/NEC-N-Fairgrounds-Ave-Windsor-CO/29890025/,"Windsor, CO 80528",0.74,483449.0,40.437732372143,-104.982630626628,4243.52,5000,M,84.87%,684,LARIMER COUNTY (131 trucks) | NOVUS AG LLC (444 trucks) | LOVELAND MUNICIPALITY (109 trucks),127000,15454,11797512.56,"$483,449.00"
Sol_020,11958 Lincoln Ave,https://www.loopnet.com/Listing/Lincoln-Ave-Parker-CO/39741118/,"Parker, CO 80138",0.86,495000.0,39.536519536914,-104.76116705724,4937.0,5000,M,98.74%,725,ACCELERATED SERVICES LLC (373 trucks) | CHERRY CREEK SCHOOLS (352 trucks),127000,15454,11797512.56,"$495,000.00"
Sol_020,3311 Ideal Drive Dr,https://www.loopnet.com/Listing/3311-Ideal-Drive-Dr-Frederick-CO/35744244/,"Frederick, CO 80516",1.0,949000.0,40.087044076103,-104.992966989518,4928.75,5000,M,98.58%,991,SUPREME TRANSPORT INC (183 trucks) | WARD ELECTRIC COMPANY INC (222 trucks) | CITY OF LONGMONT (211 trucks) | ST VRAIN VALLEY SCHOOL DISTRICT (174 trucks) | HEAT WAVES HOT OIL SERVICE LLC (201 trucks),127000,15454,11797512.56,"$949,000.00"
Sol_020,12015 Irma Dr,https://www.loopnet.com/Listing/12015-Irma-Dr-Northglenn-CO/34662093/,"Northglenn, CO 80241",1.0,1098017.0,39.918832606598,-104.965887826386,7349.780000000001,10000,L,73.50%,1428,ADAMS 12 FIVE STAR SCHOOLS (182 trucks) | TRI-STATE GENERATION & TRANSMISSION ASSOCIATION INC (321 trucks) | CITY OF THORNTON (208 trucks) | CITY OF THORNTON (174 trucks) | BALIC TRANSPORT INC (120 trucks) | ENVIRONMENTAL DESIGNS LLC (156 trucks) | SIM TRUCKING INC (120 trucks) | G&Z TRANSPORT LLC (147 trucks),127000,15454,11797512.56,"$1,098,017.00"
Sol_020,2120 University Park Blvd,https://www.loopnet.com/Listing/2120-University-Park-Blvd-Colorado-Springs-CO/27680798/,"Colorado Springs, CO 80918",1.02,295000.0,38.910590363159,-104.78892179429,5689.619999999999,10000,L,56.90%,1031,GOODWILL OF COLORADO (134 trucks) | CITY OF COLORADO SPRINGS (326 trucks) | VECTRUS SYSTEMS CORPORATION (185 trucks) | COLORADO SPRINGS SCHOOL DISTRICT 11 (130 trucks) | El PASO COUNTY (112 trucks) | MOUNTAIN METROPOLITAN TRANSIT (144 trucks),127000,15454,11797512.56,"$295,000.00"
Sol_020,4265 Santa Fe Dr,https://www.loopnet.com/Listing/4265-Santa-Fe-Dr-Sheridan-CO/30482164/,"Sheridan, CO 80110",1.17,1799000.0,39.63876696462,-105.007023340305,4209.639999999999,5000,M,84.19%,507,KEESEN ENTERPRISES INC (263 trucks) | QUALITY LOGISTICS INC (135 trucks) | PACIFIC SHIPPING & TRUCKING CO INC (109 trucks),127000,15454,11797512.56,"$1,799,000.00"
Sol_020,7099 S Kenton St,https://www.loopnet.com/Listing/7099-S-Kenton-St-Centennial-CO/6542016/,"Centennial, CO 80112",1.18,976600.0,39.588430849644,-104.861817781283,16997.23,20000,XL,84.99%,2298,HBSCO DANS TRASH AT YOUR DISPOSAL (110 trucks) | BUCKLEY POWDER CO (217 trucks) | IHC SCOTT INC (214 trucks) | ORICA USA INC (215 trucks) | GLOBAL TRANSPORTATION LLC (442 trucks) | CH2M OMI CH2MHILL JACOBS (183 trucks) | AMERICAN FURNITURE WAREHOUSE CO (340 trucks) | TERRACARE ASSOCIATES LLC (156 trucks) | ENTERPRISE RENT-A-CAR NATIONAL RENT A CAR ALAMO RENT A CAR (421 trucks),127000,15454,11797512.56,"$976,600.00"
Sol_020,6322 Ivanhoe St,https://www.loopnet.com/Listing/6322-Ivanhoe-St-Commerce-City-CO/30497175/,"Commerce City, CO 80022",1.24,1500000.0,39.811481968412,-104.920723282229,19960.92,20000,XL,99.80%,2697,UNITED SITE SERVICES OF NEVADA INC (409 trucks) | UNITED SITE SERVICES OF COLORADO INC (147 trucks) | OFFEN PETROLEUM LLC (269 trucks) | WESTERN DISTRIBUTING TRANSPORTATION CORP (155 trucks) | READY MIX CONCRETE COMPANY (191 trucks) | RMS CRANES (139 trucks) | EAGLE ROCK DISTRIBUTING COMPANY OF COLORADO LLC (148 trucks) | WASTE CONNECTIONS OF COLORADO INC (486 trucks) | SUPERSHUTTLE DENVER (125 trucks) | SURESHOT DRILLING LLC ATOZ FIELD SERVICES LLC DRILL TECH LLC PINNACLE DEVELOPMENT INC HDD SPECIALISTS LLC (135 trucks) | COCAL LANDSCAPE SERVICES INC (153 trucks) | U S TRANSPORT INC (200 trucks) | WEST DIRECT OIL (140 trucks),127000,15454,11797512.56,"$1,500,000.00"
Sol_020,765 Aspen Ridge Drive Dr,https://www.loopnet.com/Listing/765-Aspen-Ridge-Drive-Dr-Lafayette-CO/32931931/,"Lafayette, CO 80026",1.43,556000.0,40.006898203868,-105.107210150504,4585.06,5000,M,91.70%,619,BOULDER VALLEY SCHOOL DISTRICT RE-2 (134 trucks) | VIA MOBILITY SERVICES (196 trucks) | VIA MOBILITY SERVICES (116 trucks) | CU (173 trucks),127000,15454,11797512.56,"$556,000.00"
Sol_020,6109 W 48th Ave,https://www.loopnet.com/Listing/6109-W-48th-Ave-Wheat-Ridge-CO/32583003/,"Wheat Ridge, CO 80033",1.76,1141446.56,39.784078257989,-105.064430676896,6837.22,10000,L,68.37%,950,CITY OF ARVADA (100 trucks) | SITEWISE LLC (145 trucks) | COMPASS VEHICLE RENTAL INC (170 trucks) | COORS DISTRIBUTING COMPANY MILLER COORS LLC (105 trucks) | COLD FRONT (121 trucks) | NAVAJO EXPRESS INC (309 trucks),127000,15454,11797512.56,"$1,141,446.56"
Sol_021,2300 W County Road 54G,https://www.loopnet.com/Listing/2300-W-County-Road-54G-Laporte-CO/33671750/,"Laporte, CO 80535",0.46,330000.0,40.625878828869,-105.117877128123,1931.6100000000001,2000,S,96.58%,528,Poudre School District  (243 trucks) | CITY OF FORT COLLINS (285 trucks),132000,15600,12146512.56,"$330,000.00"
Sol_021,17160 W Colfax Ave,https://www.loopnet.com/Listing/17160-W-Colfax-Ave-Golden-CO/29520298/,"Golden, CO 80401",0.63,500000.0,39.722253633534,-105.192465086092,5488.67,10000,L,54.89%,807,ENIVIRONMENTAL LANDWORKS COMPANY INC (115 trucks) | HOLCIM WCR INC (298 trucks) | JEFFCO SCHOOLS (274 trucks) | JEFFERSON COUNTY (120 trucks),132000,15600,12146512.56,"$500,000.00"
Sol_021,3401 S Yosemite St,https://www.loopnet.com/Listing/3401-S-Yosemite-St-Denver-CO/39837277/,"Denver, CO 80231",0.64,675000.0,39.654049416843,-104.88550562639,4128.9400000000005,5000,M,82.58%,632,COMCAST (194 trucks) | SWINGLE TREE & LANDSCAPE CARE (135 trucks) | CITY LIGHT AND POWER INC (121 trucks) | WHEEL PROS LLC (182 trucks),132000,15600,12146512.56,"$675,000.00"
Sol_021,9190 W 84th Ave,https://www.loopnet.com/Listing/9190-W-84th-Ave-Arvada-CO/38160305/,"Arvada, CO 80005",0.67,499000.0,39.849854027782,-105.100317795342,2457.7,5000,M,49.15%,296,ALPINE MILLWORK COMPANY DBA ROCKY MOUNTAIN RELOAD (141 trucks) | GEOSTABILIZATION INTERNATIONAL LLC (155 trucks),132000,15600,12146512.56,"$499,000.00"
Sol_021,496 Laredo st,https://www.loopnet.com/Listing/496-Laredo-st-Aurora-CO/38708025/,"Aurora, CO 80011",0.7,500000.0,39.724337332754,-104.800258318335,8680.17,10000,L,86.80%,1261,AURORA PUBLIC SCHOOLS (127 trucks) | CITY OF AURORA (271 trucks) | METCO LANDSCAPING INC (226 trucks) | WAGNER EQUIPMENT CO (423 trucks) | SHAMROCK FOODS COMPANY (214 trucks),132000,15600,12146512.56,"$500,000.00"
Sol_021,NEC N Fairgrounds Ave,https://www.loopnet.com/Listing/NEC-N-Fairgrounds-Ave-Windsor-CO/29890025/,"Windsor, CO 80528",0.74,483449.0,40.437732372143,-104.982630626628,4243.52,5000,M,84.87%,684,LARIMER COUNTY (131 trucks) | NOVUS AG LLC (444 trucks) | LOVELAND MUNICIPALITY (109 trucks),132000,15600,12146512.56,"$483,449.00"
Sol_021,11958 Lincoln Ave,https://www.loopnet.com/Listing/Lincoln-Ave-Parker-CO/39741118/,"Parker, CO 80138",0.86,495000.0,39.536519536914,-104.76116705724,4937.0,5000,M,98.74%,725,ACCELERATED SERVICES LLC (373 trucks) | CHERRY CREEK SCHOOLS (352 trucks),132000,15600,12146512.56,"$495,000.00"
Sol_021,3311 Ideal Drive Dr,https://www.loopnet.com/Listing/3311-Ideal-Drive-Dr-Frederick-CO/35744244/,"Frederick, CO 80516",1.0,949000.0,40.087044076103,-104.992966989518,4928.75,5000,M,98.58%,991,SUPREME TRANSPORT INC (183 trucks) | WARD ELECTRIC COMPANY INC (222 trucks) | CITY OF LONGMONT (211 trucks) | ST VRAIN VALLEY SCHOOL DISTRICT (174 trucks) | HEAT WAVES HOT OIL SERVICE LLC (201 trucks),132000,15600,12146512.56,"$949,000.00"
Sol_021,12015 Irma Dr,https://www.loopnet.com/Listing/12015-Irma-Dr-Northglenn-CO/34662093/,"Northglenn, CO 80241",1.0,1098017.0,39.918832606598,-104.965887826386,6463.27,10000,L,64.63%,1046,ADAMS 12 FIVE STAR SCHOOLS (182 trucks) | TRI-STATE GENERATION & TRANSMISSION ASSOCIATION INC (321 trucks) | BALIC TRANSPORT INC (120 trucks) | ENVIRONMENTAL DESIGNS LLC (156 trucks) | SIM TRUCKING INC (120 trucks) | G&Z TRANSPORT LLC (147 trucks),132000,15600,12146512.56,"$1,098,017.00"
Sol_021,2120 University Park Blvd,https://www.loopnet.com/Listing/2120-University-Park-Blvd-Colorado-Springs-CO/27680798/,"Colorado Springs, CO 80918",1.02,295000.0,38.910590363159,-104.78892179429,5689.619999999999,10000,L,56.90%,1031,GOODWILL OF COLORADO (134 trucks) | CITY OF COLORADO SPRINGS (326 trucks) | VECTRUS SYSTEMS CORPORATION (185 trucks) | COLORADO SPRINGS SCHOOL DISTRICT 11 (130 trucks) | El PASO COUNTY (112 trucks) | MOUNTAIN METROPOLITAN TRANSIT (144 trucks),132000,15600,12146512.56,"$295,000.00"
Sol_021,4265 Santa Fe Dr,https://www.loopnet.com/Listing/4265-Santa-Fe-Dr-Sheridan-CO/30482164/,"Sheridan, CO 80110",1.17,1799000.0,39.63876696462,-105.007023340305,4209.639999999999,5000,M,84.19%,507,KEESEN ENTERPRISES INC (263 trucks) | QUALITY LOGISTICS INC (135 trucks) | PACIFIC SHIPPING & TRUCKING CO INC (109 trucks),132000,15600,12146512.56,"$1,799,000.00"
Sol_021,7099 S Kenton St,https://www.loopnet.com/Listing/7099-S-Kenton-St-Centennial-CO/6542016/,"Centennial, CO 80112",1.18,976600.0,39.588430849644,-104.861817781283,16997.23,20000,XL,84.99%,2298,HBSCO DANS TRASH AT YOUR DISPOSAL (110 trucks) | BUCKLEY POWDER CO (217 trucks) | IHC SCOTT INC (214 trucks) | ORICA USA INC (215 trucks) | GLOBAL TRANSPORTATION LLC (442 trucks) | CH2M OMI CH2MHILL JACOBS (183 trucks) | AMERICAN FURNITURE WAREHOUSE CO (340 trucks) | TERRACARE ASSOCIATES LLC (156 trucks) | ENTERPRISE RENT-A-CAR NATIONAL RENT A CAR ALAMO RENT A CAR (421 trucks),132000,15600,12146512.56,"$976,600.00"
Sol_021,6322 Ivanhoe St,https://www.loopnet.com/Listing/6322-Ivanhoe-St-Commerce-City-CO/30497175/,"Commerce City, CO 80022",1.24,1500000.0,39.811481968412,-104.920723282229,19261.269999999997,20000,XL,96.31%,2555,UNITED SITE SERVICES OF NEVADA INC (409 trucks) | UNITED SITE SERVICES OF COLORADO INC (147 trucks) | OFFEN PETROLEUM LLC (269 trucks) | WESTERN DISTRIBUTING TRANSPORTATION CORP (155 trucks) | READY MIX CONCRETE COMPANY (191 trucks) | RMS CRANES (139 trucks) | EAGLE ROCK DISTRIBUTING COMPANY OF COLORADO LLC (148 trucks) | WASTE CONNECTIONS OF COLORADO INC (486 trucks) | SUPERSHUTTLE DENVER (125 trucks) | U S TRANSPORT INC (200 trucks) | WEST DIRECT OIL (140 trucks) | BURNCO COLORADO LLC (146 trucks),132000,15600,12146512.56,"$1,500,000.00"
Sol_021,8850 Huron St,https://www.loopnet.com/Listing/8850-Huron-St-Thornton-CO/33061072/,"Thornton, CO 80260",1.26,349000.0,39.858426283979,-104.995662022846,6814.530000000001,10000,L,68.15%,1100,CITY OF THORNTON (208 trucks) | CITY OF THORNTON (174 trucks) | COCAL LANDSCAPE SERVICES INC (153 trucks) | COLD FRONT (121 trucks) | NAVAJO EXPRESS INC (309 trucks) | SURESHOT DRILLING LLC ATOZ FIELD SERVICES LLC DRILL TECH LLC PINNACLE DEVELOPMENT INC HDD SPECIALISTS LLC (135 trucks),132000,15600,12146512.56,"$349,000.00"
Sol_021,765 Aspen Ridge Drive Dr,https://www.loopnet.com/Listing/765-Aspen-Ridge-Drive-Dr-Lafayette-CO/32931931/,"Lafayette, CO 80026",1.43,556000.0,40.006898203868,-105.107210150504,4585.06,5000,M,91.70%,619,BOULDER VALLEY SCHOOL DISTRICT RE-2 (134 trucks) | VIA MOBILITY SERVICES (196 trucks) | VIA MOBILITY SERVICES (116 trucks) | CU (173 trucks),132000,15600,12146512.56,"$556,000.00"
Sol_021,6109 W 48th Ave,https://www.loopnet.com/Listing/6109-W-48th-Ave-Wheat-Ridge-CO/32583003/,"Wheat Ridge, CO 80033",1.76,1141446.56,39.784078257989,-105.064430676896,2821.09,5000,M,56.42%,520,CITY OF ARVADA (100 trucks) | SITEWISE LLC (145 trucks) | COMPASS VEHICLE RENTAL INC (170 trucks) | COORS DISTRIBUTING COMPANY MILLER COORS LLC (105 trucks),132000,15600,12146512.56,"$1,141,446.56"
Sol_022,2300 W County Road 54G,https://www.loopnet.com/Listing/2300-W-County-Road-54G-Laporte-CO/33671750/,"Laporte, CO 80535",0.46,330000.0,40.625878828869,-105.117877128123,1931.6100000000001,2000,S,96.58%,528,Poudre School District  (243 trucks) | CITY OF FORT COLLINS (285 trucks),133000,15627,13201979.72,"$330,000.00"
Sol_022,17160 W Colfax Ave,https://www.loopnet.com/Listing/17160-W-Colfax-Ave-Golden-CO/29520298/,"Golden, CO 80401",0.63,500000.0,39.722253633534,-105.192465086092,5488.67,10000,L,54.89%,807,ENIVIRONMENTAL LANDWORKS COMPANY INC (115 trucks) | HOLCIM WCR INC (298 trucks) | JEFFCO SCHOOLS (274 trucks) | JEFFERSON COUNTY (120 trucks),133000,15627,13201979.72,"$500,000.00"
Sol_022,3401 S Yosemite St,https://www.loopnet.com/Listing/3401-S-Yosemite-St-Denver-CO/39837277/,"Denver, CO 80231",0.64,675000.0,39.654049416843,-104.88550562639,4128.9400000000005,5000,M,82.58%,632,COMCAST (194 trucks) | SWINGLE TREE & LANDSCAPE CARE (135 trucks) | CITY LIGHT AND POWER INC (121 trucks) | WHEEL PROS LLC (182 trucks),133000,15627,13201979.72,"$675,000.00"
Sol_022,Highway 34 Business & 83rd Avenue,https://www.loopnet.com/Listing/Highway-34-Business-83rd-Avenue-Greeley-CO/27017249/,"Greeley, CO 80634",0.66,877824.16,40.421498483243,-104.813483201346,336.5,1000,XS,33.65%,145,WELD COUNTY PUBLIC WORKS DEPARTMENT (145 trucks),133000,15627,13201979.72,"$877,824.16"
Sol_022,9190 W 84th Ave,https://www.loopnet.com/Listing/9190-W-84th-Ave-Arvada-CO/38160305/,"Arvada, CO 80005",0.67,499000.0,39.849854027782,-105.100317795342,2457.7,5000,M,49.15%,296,ALPINE MILLWORK COMPANY DBA ROCKY MOUNTAIN RELOAD (141 trucks) | GEOSTABILIZATION INTERNATIONAL LLC (155 trucks),133000,15627,13201979.72,"$499,000.00"
Sol_022,496 Laredo st,https://www.loopnet.com/Listing/496-Laredo-st-Aurora-CO/38708025/,"Aurora, CO 80011",0.7,500000.0,39.724337332754,-104.800258318335,8680.17,10000,L,86.80%,1261,AURORA PUBLIC SCHOOLS (127 trucks) | CITY OF AURORA (271 trucks) | METCO LANDSCAPING INC (226 trucks) | WAGNER EQUIPMENT CO (423 trucks) | SHAMROCK FOODS COMPANY (214 trucks),133000,15627,13201979.72,"$500,000.00"
Sol_022,NEC N Fairgrounds Ave,https://www.loopnet.com/Listing/NEC-N-Fairgrounds-Ave-Windsor-CO/29890025/,"Windsor, CO 80528",0.74,483449.0,40.437732372143,-104.982630626628,4243.52,5000,M,84.87%,684,LARIMER COUNTY (131 trucks) | NOVUS AG LLC (444 trucks) | LOVELAND MUNICIPALITY (109 trucks),133000,15627,13201979.72,"$483,449.00"
Sol_022,11958 Lincoln Ave,https://www.loopnet.com/Listing/Lincoln-Ave-Parker-CO/39741118/,"Parker, CO 80138",0.86,495000.0,39.536519536914,-104.76116705724,4937.0,5000,M,98.74%,725,ACCELERATED SERVICES LLC (373 trucks) | CHERRY CREEK SCHOOLS (352 trucks),133000,15627,13201979.72,"$495,000.00"
Sol_022,12353 E 104th Pl,https://www.loopnet.com/Listing/12353-E-104th-Pl-Commerce-City-CO/39324469/,"Commerce City, CO 80022",0.95,580000.0,39.886646182224,-104.843759389987,5864.049999999999,10000,L,58.64%,829,ENVIRONMENTAL DESIGNS LLC (156 trucks) | BALIC TRANSPORT INC (120 trucks) | BURNCO COLORADO LLC (146 trucks) | WEST DIRECT OIL (140 trucks) | SIM TRUCKING INC (120 trucks) | G&Z TRANSPORT LLC (147 trucks),133000,15627,13201979.72,"$580,000.00"
Sol_022,3311 Ideal Drive Dr,https://www.loopnet.com/Listing/3311-Ideal-Drive-Dr-Frederick-CO/35744244/,"Frederick, CO 80516",1.0,949000.0,40.087044076103,-104.992966989518,4928.75,5000,M,98.58%,991,SUPREME TRANSPORT INC (183 trucks) | WARD ELECTRIC COMPANY INC (222 trucks) | CITY OF LONGMONT (211 trucks) | ST VRAIN VALLEY SCHOOL DISTRICT (174 trucks) | HEAT WAVES HOT OIL SERVICE LLC (201 trucks),133000,15627,13201979.72,"$949,000.00"
Sol_022,12015 Irma Dr,https://www.loopnet.com/Listing/12015-Irma-Dr-Northglenn-CO/34662093/,"Northglenn, CO 80241",1.0,1098017.0,39.918832606598,-104.965887826386,3363.2500000000005,5000,M,67.27%,885,ADAMS 12 FIVE STAR SCHOOLS (182 trucks) | TRI-STATE GENERATION & TRANSMISSION ASSOCIATION INC (321 trucks) | CITY OF THORNTON (208 trucks) | CITY OF THORNTON (174 trucks),133000,15627,13201979.72,"$1,098,017.00"
Sol_022,2120 University Park Blvd,https://www.loopnet.com/Listing/2120-University-Park-Blvd-Colorado-Springs-CO/27680798/,"Colorado Springs, CO 80918",1.02,295000.0,38.910590363159,-104.78892179429,5689.619999999999,10000,L,56.90%,1031,GOODWILL OF COLORADO (134 trucks) | CITY OF COLORADO SPRINGS (326 trucks) | VECTRUS SYSTEMS CORPORATION (185 trucks) | COLORADO SPRINGS SCHOOL DISTRICT 11 (130 trucks) | El PASO COUNTY (112 trucks) | MOUNTAIN METROPOLITAN TRANSIT (144 trucks),133000,15627,13201979.72,"$295,000.00"
Sol_022,7099 S Kenton St,https://www.loopnet.com/Listing/7099-S-Kenton-St-Centennial-CO/6542016/,"Centennial, CO 80112",1.18,976600.0,39.588430849644,-104.861817781283,16997.23,20000,XL,84.99%,2298,HBSCO DANS TRASH AT YOUR DISPOSAL (110 trucks) | BUCKLEY POWDER CO (217 trucks) | IHC SCOTT INC (214 trucks) | ORICA USA INC (215 trucks) | GLOBAL TRANSPORTATION LLC (442 trucks) | CH2M OMI CH2MHILL JACOBS (183 trucks) | AMERICAN FURNITURE WAREHOUSE CO (340 trucks) | TERRACARE ASSOCIATES LLC (156 trucks) | ENTERPRISE RENT-A-CAR NATIONAL RENT A CAR ALAMO RENT A CAR (421 trucks),133000,15627,13201979.72,"$976,600.00"
Sol_022,6322 Ivanhoe St,https://www.loopnet.com/Listing/6322-Ivanhoe-St-Commerce-City-CO/30497175/,"Commerce City, CO 80022",1.24,1500000.0,39.811481968412,-104.920723282229,19295.64,20000,XL,96.48%,2557,UNITED SITE SERVICES OF NEVADA INC (409 trucks) | UNITED SITE SERVICES OF COLORADO INC (147 trucks) | OFFEN PETROLEUM LLC (269 trucks) | WESTERN DISTRIBUTING TRANSPORTATION CORP (155 trucks) | READY MIX CONCRETE COMPANY (191 trucks) | RMS CRANES (139 trucks) | EAGLE ROCK DISTRIBUTING COMPANY OF COLORADO LLC (148 trucks) | WASTE CONNECTIONS OF COLORADO INC (486 trucks) | SUPERSHUTTLE DENVER (125 trucks) | SURESHOT DRILLING LLC ATOZ FIELD SERVICES LLC DRILL TECH LLC PINNACLE DEVELOPMENT INC HDD SPECIALISTS LLC (135 trucks) | COCAL LANDSCAPE SERVICES INC (153 trucks) | U S TRANSPORT INC (200 trucks),133000,15627,13201979.72,"$1,500,000.00"
Sol_022,765 Aspen Ridge Drive Dr,https://www.loopnet.com/Listing/765-Aspen-Ridge-Drive-Dr-Lafayette-CO/32931931/,"Lafayette, CO 80026",1.43,556000.0,40.006898203868,-105.107210150504,4585.06,5000,M,91.70%,619,BOULDER VALLEY SCHOOL DISTRICT RE-2 (134 trucks) | VIA MOBILITY SERVICES (196 trucks) | VIA MOBILITY SERVICES (116 trucks) | CU (173 trucks),133000,15627,13201979.72,"$556,000.00"
Sol_022,6109 W 48th Ave,https://www.loopnet.com/Listing/6109-W-48th-Ave-Wheat-Ridge-CO/32583003/,"Wheat Ridge, CO 80033",1.76,1141446.56,39.784078257989,-105.064430676896,6837.22,10000,L,68.37%,950,CITY OF ARVADA (100 trucks) | SITEWISE LLC (145 trucks) | COMPASS VEHICLE RENTAL INC (170 trucks) | COORS DISTRIBUTING COMPANY MILLER COORS LLC (105 trucks) | COLD FRONT (121 trucks) | NAVAJO EXPRESS INC (309 trucks),133000,15627,13201979.72,"$1,141,446.56"
Sol_022,5480 Montana Vista Way,https://www.loopnet.com/Listing/5480-Montana-Vista-Way-Castle-Rock-CO/31324562/,"Castle Rock, CO 80108",2.0,1745643.0,39.413964345372,-104.86151758933,2577.81,5000,M,51.56%,389,TOWN OF CASTLE ROCK  (109 trucks) | GREAT SOUTHWESTERN CONSTRUCTION INC (280 trucks),133000,15627,13201979.72,"$1,745,643.00"
Sol_023,2300 W County Road 54G,https://www.loopnet.com/Listing/2300-W-County-Road-54G-Laporte-CO/33671750/,"Laporte, CO 80535",0.46,330000.0,40.625878828869,-105.117877128123,1931.6100000000001,2000,S,96.58%,528,Poudre School District  (243 trucks) | CITY OF FORT COLLINS (285 trucks),138000,16134,15000979.72,"$330,000.00"
Sol_023,17160 W Colfax Ave,https://www.loopnet.com/Listing/17160-W-Colfax-Ave-Golden-CO/29520298/,"Golden, CO 80401",0.63,500000.0,39.722253633534,-105.192465086092,5488.67,10000,L,54.89%,807,ENIVIRONMENTAL LANDWORKS COMPANY INC (115 trucks) | HOLCIM WCR INC (298 trucks) | JEFFCO SCHOOLS (274 trucks) | JEFFERSON COUNTY (120 trucks),138000,16134,15000979.72,"$500,000.00"
Sol_023,3401 S Yosemite St,https://www.loopnet.com/Listing/3401-S-Yosemite-St-Denver-CO/39837277/,"Denver, CO 80231",0.64,675000.0,39.654049416843,-104.88550562639,4128.9400000000005,5000,M,82.58%,632,COMCAST (194 trucks) | SWINGLE TREE & LANDSCAPE CARE (135 trucks) | CITY LIGHT AND POWER INC (121 trucks) | WHEEL PROS LLC (182 trucks),138000,16134,15000979.72,"$675,000.00"
Sol_023,Highway 34 Business & 83rd Avenue,https://www.loopnet.com/Listing/Highway-34-Business-83rd-Avenue-Greeley-CO/27017249/,"Greeley, CO 80634",0.66,877824.16,40.421498483243,-104.813483201346,336.5,1000,XS,33.65%,145,WELD COUNTY PUBLIC WORKS DEPARTMENT (145 trucks),138000,16134,15000979.72,"$877,824.16"
Sol_023,9190 W 84th Ave,https://www.loopnet.com/Listing/9190-W-84th-Ave-Arvada-CO/38160305/,"Arvada, CO 80005",0.67,499000.0,39.849854027782,-105.100317795342,2457.7,5000,M,49.15%,296,ALPINE MILLWORK COMPANY DBA ROCKY MOUNTAIN RELOAD (141 trucks) | GEOSTABILIZATION INTERNATIONAL LLC (155 trucks),138000,16134,15000979.72,"$499,000.00"
Sol_023,496 Laredo st,https://www.loopnet.com/Listing/496-Laredo-st-Aurora-CO/38708025/,"Aurora, CO 80011",0.7,500000.0,39.724337332754,-104.800258318335,8680.17,10000,L,86.80%,1261,AURORA PUBLIC SCHOOLS (127 trucks) | CITY OF AURORA (271 trucks) | METCO LANDSCAPING INC (226 trucks) | WAGNER EQUIPMENT CO (423 trucks) | SHAMROCK FOODS COMPANY (214 trucks),138000,16134,15000979.72,"$500,000.00"
Sol_023,NEC N Fairgrounds Ave,https://www.loopnet.com/Listing/NEC-N-Fairgrounds-Ave-Windsor-CO/29890025/,"Windsor, CO 80528",0.74,483449.0,40.437732372143,-104.982630626628,4243.52,5000,M,84.87%,684,LARIMER COUNTY (131 trucks) | NOVUS AG LLC (444 trucks) | LOVELAND MUNICIPALITY (109 trucks),138000,16134,15000979.72,"$483,449.00"
Sol_023,11958 Lincoln Ave,https://www.loopnet.com/Listing/Lincoln-Ave-Parker-CO/39741118/,"Parker, CO 80138",0.86,495000.0,39.536519536914,-104.76116705724,4937.0,5000,M,98.74%,725,ACCELERATED SERVICES LLC (373 trucks) | CHERRY CREEK SCHOOLS (352 trucks),138000,16134,15000979.72,"$495,000.00"
Sol_023,12353 E 104th Pl,https://www.loopnet.com/Listing/12353-E-104th-Pl-Commerce-City-CO/39324469/,"Commerce City, CO 80022",0.95,580000.0,39.886646182224,-104.843759389987,5864.049999999999,10000,L,58.64%,829,ENVIRONMENTAL DESIGNS LLC (156 trucks) | BALIC TRANSPORT INC (120 trucks) | BURNCO COLORADO LLC (146 trucks) | WEST DIRECT OIL (140 trucks) | SIM TRUCKING INC (120 trucks) | G&Z TRANSPORT LLC (147 trucks),138000,16134,15000979.72,"$580,000.00"
Sol_023,3311 Ideal Drive Dr,https://www.loopnet.com/Listing/3311-Ideal-Drive-Dr-Frederick-CO/35744244/,"Frederick, CO 80516",1.0,949000.0,40.087044076103,-104.992966989518,4928.75,5000,M,98.58%,991,SUPREME TRANSPORT INC (183 trucks) | WARD ELECTRIC COMPANY INC (222 trucks) | CITY OF LONGMONT (211 trucks) | ST VRAIN VALLEY SCHOOL DISTRICT (174 trucks) | HEAT WAVES HOT OIL SERVICE LLC (201 trucks),138000,16134,15000979.72,"$949,000.00"
Sol_023,12015 Irma Dr,https://www.loopnet.com/Listing/12015-Irma-Dr-Northglenn-CO/34662093/,"Northglenn, CO 80241",1.0,1098017.0,39.918832606598,-104.965887826386,3363.2500000000005,5000,M,67.27%,885,ADAMS 12 FIVE STAR SCHOOLS (182 trucks) | TRI-STATE GENERATION & TRANSMISSION ASSOCIATION INC (321 trucks) | CITY OF THORNTON (208 trucks) | CITY OF THORNTON (174 trucks),138000,16134,15000979.72,"$1,098,017.00"
Sol_023,2120 University Park Blvd,https://www.loopnet.com/Listing/2120-University-Park-Blvd-Colorado-Springs-CO/27680798/,"Colorado Springs, CO 80918",1.02,295000.0,38.910590363159,-104.78892179429,5689.619999999999,10000,L,56.90%,1031,GOODWILL OF COLORADO (134 trucks) | CITY OF COLORADO SPRINGS (326 trucks) | VECTRUS SYSTEMS CORPORATION (185 trucks) | COLORADO SPRINGS SCHOOL DISTRICT 11 (130 trucks) | El PASO COUNTY (112 trucks) | MOUNTAIN METROPOLITAN TRANSIT (144 trucks),138000,16134,15000979.72,"$295,000.00"
Sol_023,4265 Santa Fe Dr,https://www.loopnet.com/Listing/4265-Santa-Fe-Dr-Sheridan-CO/30482164/,"Sheridan, CO 80110",1.17,1799000.0,39.63876696462,-105.007023340305,4209.639999999999,5000,M,84.19%,507,KEESEN ENTERPRISES INC (263 trucks) | QUALITY LOGISTICS INC (135 trucks) | PACIFIC SHIPPING & TRUCKING CO INC (109 trucks),138000,16134,15000979.72,"$1,799,000.00"
Sol_023,7099 S Kenton St,https://www.loopnet.com/Listing/7099-S-Kenton-St-Centennial-CO/6542016/,"Centennial, CO 80112",1.18,976600.0,39.588430849644,-104.861817781283,16997.23,20000,XL,84.99%,2298,HBSCO DANS TRASH AT YOUR DISPOSAL (110 trucks) | BUCKLEY POWDER CO (217 trucks) | IHC SCOTT INC (214 trucks) | ORICA USA INC (215 trucks) | GLOBAL TRANSPORTATION LLC (442 trucks) | CH2M OMI CH2MHILL JACOBS (183 trucks) | AMERICAN FURNITURE WAREHOUSE CO (340 trucks) | TERRACARE ASSOCIATES LLC (156 trucks) | ENTERPRISE RENT-A-CAR NATIONAL RENT A CAR ALAMO RENT A CAR (421 trucks),138000,16134,15000979.72,"$976,600.00"
Sol_023,6322 Ivanhoe St,https://www.loopnet.com/Listing/6322-Ivanhoe-St-Commerce-City-CO/30497175/,"Commerce City, CO 80022",1.24,1500000.0,39.811481968412,-104.920723282229,19295.64,20000,XL,96.48%,2557,UNITED SITE SERVICES OF NEVADA INC (409 trucks) | UNITED SITE SERVICES OF COLORADO INC (147 trucks) | OFFEN PETROLEUM LLC (269 trucks) | WESTERN DISTRIBUTING TRANSPORTATION CORP (155 trucks) | READY MIX CONCRETE COMPANY (191 trucks) | RMS CRANES (139 trucks) | EAGLE ROCK DISTRIBUTING COMPANY OF COLORADO LLC (148 trucks) | WASTE CONNECTIONS OF COLORADO INC (486 trucks) | SUPERSHUTTLE DENVER (125 trucks) | SURESHOT DRILLING LLC ATOZ FIELD SERVICES LLC DRILL TECH LLC PINNACLE DEVELOPMENT INC HDD SPECIALISTS LLC (135 trucks) | COCAL LANDSCAPE SERVICES INC (153 trucks) | U S TRANSPORT INC (200 trucks),138000,16134,15000979.72,"$1,500,000.00"
Sol_023,765 Aspen Ridge Drive Dr,https://www.loopnet.com/Listing/765-Aspen-Ridge-Drive-Dr-Lafayette-CO/32931931/,"Lafayette, CO 80026",1.43,556000.0,40.006898203868,-105.107210150504,4585.06,5000,M,91.70%,619,BOULDER VALLEY SCHOOL DISTRICT RE-2 (134 trucks) | VIA MOBILITY SERVICES (196 trucks) | VIA MOBILITY SERVICES (116 trucks) | CU (173 trucks),138000,16134,15000979.72,"$556,000.00"
Sol_023,6109 W 48th Ave,https://www.loopnet.com/Listing/6109-W-48th-Ave-Wheat-Ridge-CO/32583003/,"Wheat Ridge, CO 80033",1.76,1141446.56,39.784078257989,-105.064430676896,6837.22,10000,L,68.37%,950,CITY OF ARVADA (100 trucks) | SITEWISE LLC (145 trucks) | COMPASS VEHICLE RENTAL INC (170 trucks) | COORS DISTRIBUTING COMPANY MILLER COORS LLC (105 trucks) | COLD FRONT (121 trucks) | NAVAJO EXPRESS INC (309 trucks),138000,16134,15000979.72,"$1,141,446.56"
Sol_023,5480 Montana Vista Way,https://www.loopnet.com/Listing/5480-Montana-Vista-Way-Castle-Rock-CO/31324562/,"Castle Rock, CO 80108",2.0,1745643.0,39.413964345372,-104.86151758933,2577.81,5000,M,51.56%,389,TOWN OF CASTLE ROCK  (109 trucks) | GREAT SOUTHWESTERN CONSTRUCTION INC (280 trucks),138000,16134,15000979.72,"$1,745,643.00"
Sol_024,2300 W County Road 54G,https://www.loopnet.com/Listing/2300-W-County-Road-54G-Laporte-CO/33671750/,"Laporte, CO 80535",0.46,330000.0,40.625878828869,-105.117877128123,1931.6100000000001,2000,S,96.58%,528,Poudre School District  (243 trucks) | CITY OF FORT COLLINS (285 trucks),137000,16282,15473155.56,"$330,000.00"
Sol_024,17160 W Colfax Ave,https://www.loopnet.com/Listing/17160-W-Colfax-Ave-Golden-CO/29520298/,"Golden, CO 80401",0.63,500000.0,39.722253633534,-105.192465086092,5488.67,10000,L,54.89%,807,ENIVIRONMENTAL LANDWORKS COMPANY INC (115 trucks) | HOLCIM WCR INC (298 trucks) | JEFFCO SCHOOLS (274 trucks) | JEFFERSON COUNTY (120 trucks),137000,16282,15473155.56,"$500,000.00"
Sol_024,3401 S Yosemite St,https://www.loopnet.com/Listing/3401-S-Yosemite-St-Denver-CO/39837277/,"Denver, CO 80231",0.64,675000.0,39.654049416843,-104.88550562639,4128.9400000000005,5000,M,82.58%,632,COMCAST (194 trucks) | SWINGLE TREE & LANDSCAPE CARE (135 trucks) | CITY LIGHT AND POWER INC (121 trucks) | WHEEL PROS LLC (182 trucks),137000,16282,15473155.56,"$675,000.00"
Sol_024,9190 W 84th Ave,https://www.loopnet.com/Listing/9190-W-84th-Ave-Arvada-CO/38160305/,"Arvada, CO 80005",0.67,499000.0,39.849854027782,-105.100317795342,2457.7,5000,M,49.15%,296,ALPINE MILLWORK COMPANY DBA ROCKY MOUNTAIN RELOAD (141 trucks) | GEOSTABILIZATION INTERNATIONAL LLC (155 trucks),137000,16282,15473155.56,"$499,000.00"
Sol_024,496 Laredo st,https://www.loopnet.com/Listing/496-Laredo-st-Aurora-CO/38708025/,"Aurora, CO 80011",0.7,500000.0,39.724337332754,-104.800258318335,8680.17,10000,L,86.80%,1261,AURORA PUBLIC SCHOOLS (127 trucks) | CITY OF AURORA (271 trucks) | METCO LANDSCAPING INC (226 trucks) | WAGNER EQUIPMENT CO (423 trucks) | SHAMROCK FOODS COMPANY (214 trucks),137000,16282,15473155.56,"$500,000.00"
Sol_024,NEC N Fairgrounds Ave,https://www.loopnet.com/Listing/NEC-N-Fairgrounds-Ave-Windsor-CO/29890025/,"Windsor, CO 80528",0.74,483449.0,40.437732372143,-104.982630626628,4243.52,5000,M,84.87%,684,LARIMER COUNTY (131 trucks) | NOVUS AG LLC (444 trucks) | LOVELAND MUNICIPALITY (109 trucks),137000,16282,15473155.56,"$483,449.00"
Sol_024,11958 Lincoln Ave,https://www.loopnet.com/Listing/Lincoln-Ave-Parker-CO/39741118/,"Parker, CO 80138",0.86,495000.0,39.536519536914,-104.76116705724,4937.0,5000,M,98.74%,725,ACCELERATED SERVICES LLC (373 trucks) | CHERRY CREEK SCHOOLS (352 trucks),137000,16282,15473155.56,"$495,000.00"
Sol_024,2450 Curtis St,https://www.loopnet.com/Listing/2450-Curtis-St-Denver-CO/34878162/,"Denver, CO 80205",0.93,1930000.0,39.755035173034,-104.984190298703,4453.87,5000,M,89.08%,598,RES (149 trucks) | MPLX G&P (144 trucks) | COORS DISTRIBUTING COMPANY MILLER COORS LLC (105 trucks) | U S TRANSPORT INC (200 trucks),137000,16282,15473155.56,"$1,930,000.00"
Sol_024,3311 Ideal Drive Dr,https://www.loopnet.com/Listing/3311-Ideal-Drive-Dr-Frederick-CO/35744244/,"Frederick, CO 80516",1.0,949000.0,40.087044076103,-104.992966989518,4928.75,5000,M,98.58%,991,SUPREME TRANSPORT INC (183 trucks) | WARD ELECTRIC COMPANY INC (222 trucks) | CITY OF LONGMONT (211 trucks) | ST VRAIN VALLEY SCHOOL DISTRICT (174 trucks) | HEAT WAVES HOT OIL SERVICE LLC (201 trucks),137000,16282,15473155.56,"$949,000.00"
Sol_024,12015 Irma Dr,https://www.loopnet.com/Listing/12015-Irma-Dr-Northglenn-CO/34662093/,"Northglenn, CO 80241",1.0,1098017.0,39.918832606598,-104.965887826386,7349.780000000001,10000,L,73.50%,1428,ADAMS 12 FIVE STAR SCHOOLS (182 trucks) | TRI-STATE GENERATION & TRANSMISSION ASSOCIATION INC (321 trucks) | CITY OF THORNTON (208 trucks) | CITY OF THORNTON (174 trucks) | BALIC TRANSPORT INC (120 trucks) | ENVIRONMENTAL DESIGNS LLC (156 trucks) | SIM TRUCKING INC (120 trucks) | G&Z TRANSPORT LLC (147 trucks),137000,16282,15473155.56,"$1,098,017.00"
Sol_024,2120 University Park Blvd,https://www.loopnet.com/Listing/2120-University-Park-Blvd-Colorado-Springs-CO/27680798/,"Colorado Springs, CO 80918",1.02,295000.0,38.910590363159,-104.78892179429,5689.619999999999,10000,L,56.90%,1031,GOODWILL OF COLORADO (134 trucks) | CITY OF COLORADO SPRINGS (326 trucks) | VECTRUS SYSTEMS CORPORATION (185 trucks) | COLORADO SPRINGS SCHOOL DISTRICT 11 (130 trucks) | El PASO COUNTY (112 trucks) | MOUNTAIN METROPOLITAN TRANSIT (144 trucks),137000,16282,15473155.56,"$295,000.00"
Sol_024,4265 Santa Fe Dr,https://www.loopnet.com/Listing/4265-Santa-Fe-Dr-Sheridan-CO/30482164/,"Sheridan, CO 80110",1.17,1799000.0,39.63876696462,-105.007023340305,4209.639999999999,5000,M,84.19%,507,KEESEN ENTERPRISES INC (263 trucks) | QUALITY LOGISTICS INC (135 trucks) | PACIFIC SHIPPING & TRUCKING CO INC (109 trucks),137000,16282,15473155.56,"$1,799,000.00"
Sol_024,7099 S Kenton St,https://www.loopnet.com/Listing/7099-S-Kenton-St-Centennial-CO/6542016/,"Centennial, CO 80112",1.18,976600.0,39.588430849644,-104.861817781283,16997.23,20000,XL,84.99%,2298,HBSCO DANS TRASH AT YOUR DISPOSAL (110 trucks) | BUCKLEY POWDER CO (217 trucks) | IHC SCOTT INC (214 trucks) | ORICA USA INC (215 trucks) | GLOBAL TRANSPORTATION LLC (442 trucks) | CH2M OMI CH2MHILL JACOBS (183 trucks) | AMERICAN FURNITURE WAREHOUSE CO (340 trucks) | TERRACARE ASSOCIATES LLC (156 trucks) | ENTERPRISE RENT-A-CAR NATIONAL RENT A CAR ALAMO RENT A CAR (421 trucks),137000,16282,15473155.56,"$976,600.00"
Sol_024,6322 Ivanhoe St,https://www.loopnet.com/Listing/6322-Ivanhoe-St-Commerce-City-CO/30497175/,"Commerce City, CO 80022",1.24,1500000.0,39.811481968412,-104.920723282229,19512.55,20000,XL,97.56%,2643,UNITED SITE SERVICES OF NEVADA INC (409 trucks) | UNITED SITE SERVICES OF COLORADO INC (147 trucks) | OFFEN PETROLEUM LLC (269 trucks) | WESTERN DISTRIBUTING TRANSPORTATION CORP (155 trucks) | READY MIX CONCRETE COMPANY (191 trucks) | RMS CRANES (139 trucks) | EAGLE ROCK DISTRIBUTING COMPANY OF COLORADO LLC (148 trucks) | WASTE CONNECTIONS OF COLORADO INC (486 trucks) | SUPERSHUTTLE DENVER (125 trucks) | SURESHOT DRILLING LLC ATOZ FIELD SERVICES LLC DRILL TECH LLC PINNACLE DEVELOPMENT INC HDD SPECIALISTS LLC (135 trucks) | COCAL LANDSCAPE SERVICES INC (153 trucks) | WEST DIRECT OIL (140 trucks) | BURNCO COLORADO LLC (146 trucks),137000,16282,15473155.56,"$1,500,000.00"
Sol_024,765 Aspen Ridge Drive Dr,https://www.loopnet.com/Listing/765-Aspen-Ridge-Drive-Dr-Lafayette-CO/32931931/,"Lafayette, CO 80026",1.43,556000.0,40.006898203868,-105.107210150504,4585.06,5000,M,91.70%,619,BOULDER VALLEY SCHOOL DISTRICT RE-2 (134 trucks) | VIA MOBILITY SERVICES (196 trucks) | VIA MOBILITY SERVICES (116 trucks) | CU (173 trucks),137000,16282,15473155.56,"$556,000.00"
Sol_024,6109 W 48th Ave,https://www.loopnet.com/Listing/6109-W-48th-Ave-Wheat-Ridge-CO/32583003/,"Wheat Ridge, CO 80033",1.76,1141446.56,39.784078257989,-105.064430676896,5965.4,10000,L,59.65%,845,CITY OF ARVADA (100 trucks) | SITEWISE LLC (145 trucks) | COMPASS VEHICLE RENTAL INC (170 trucks) | COLD FRONT (121 trucks) | NAVAJO EXPRESS INC (309 trucks),137000,16282,15473155.56,"$1,141,446.56"
Sol_024,5480 Montana Vista Way,https://www.loopnet.com/Listing/5480-Montana-Vista-Way-Castle-Rock-CO/31324562/,"Castle Rock, CO 80108",2.0,1745643.0,39.413964345372,-104.86151758933,2577.81,5000,M,51.56%,389,TOWN OF CASTLE ROCK  (109 trucks) | GREAT SOUTHWESTERN CONSTRUCTION INC (280 trucks),137000,16282,15473155.56,"$1,745,643.00"
Sol_025,2300 W County Road 54G,https://www.loopnet.com/Listing/2300-W-County-Road-54G-Laporte-CO/33671750/,"Laporte, CO 80535",0.46,330000.0,40.625878828869,-105.117877128123,1931.6100000000001,2000,S,96.58%,528,Poudre School District  (243 trucks) | CITY OF FORT COLLINS (285 trucks),137000,15989,14123155.56,"$330,000.00"
Sol_025,17160 W Colfax Ave,https://www.loopnet.com/Listing/17160-W-Colfax-Ave-Golden-CO/29520298/,"Golden, CO 80401",0.63,500000.0,39.722253633534,-105.192465086092,5488.67,10000,L,54.89%,807,ENIVIRONMENTAL LANDWORKS COMPANY INC (115 trucks) | HOLCIM WCR INC (298 trucks) | JEFFCO SCHOOLS (274 trucks) | JEFFERSON COUNTY (120 trucks),137000,15989,14123155.56,"$500,000.00"
Sol_025,3401 S Yosemite St,https://www.loopnet.com/Listing/3401-S-Yosemite-St-Denver-CO/39837277/,"Denver, CO 80231",0.64,675000.0,39.654049416843,-104.88550562639,4128.9400000000005,5000,M,82.58%,632,COMCAST (194 trucks) | SWINGLE TREE & LANDSCAPE CARE (135 trucks) | CITY LIGHT AND POWER INC (121 trucks) | WHEEL PROS LLC (182 trucks),137000,15989,14123155.56,"$675,000.00"
Sol_025,9190 W 84th Ave,https://www.loopnet.com/Listing/9190-W-84th-Ave-Arvada-CO/38160305/,"Arvada, CO 80005",0.67,499000.0,39.849854027782,-105.100317795342,2457.7,5000,M,49.15%,296,ALPINE MILLWORK COMPANY DBA ROCKY MOUNTAIN RELOAD (141 trucks) | GEOSTABILIZATION INTERNATIONAL LLC (155 trucks),137000,15989,14123155.56,"$499,000.00"
Sol_025,496 Laredo st,https://www.loopnet.com/Listing/496-Laredo-st-Aurora-CO/38708025/,"Aurora, CO 80011",0.7,500000.0,39.724337332754,-104.800258318335,8680.17,10000,L,86.80%,1261,AURORA PUBLIC SCHOOLS (127 trucks) | CITY OF AURORA (271 trucks) | METCO LANDSCAPING INC (226 trucks) | WAGNER EQUIPMENT CO (423 trucks) | SHAMROCK FOODS COMPANY (214 trucks),137000,15989,14123155.56,"$500,000.00"
Sol_025,NEC N Fairgrounds Ave,https://www.loopnet.com/Listing/NEC-N-Fairgrounds-Ave-Windsor-CO/29890025/,"Windsor, CO 80528",0.74,483449.0,40.437732372143,-104.982630626628,4243.52,5000,M,84.87%,684,LARIMER COUNTY (131 trucks) | NOVUS AG LLC (444 trucks) | LOVELAND MUNICIPALITY (109 trucks),137000,15989,14123155.56,"$483,449.00"
Sol_025,11958 Lincoln Ave,https://www.loopnet.com/Listing/Lincoln-Ave-Parker-CO/39741118/,"Parker, CO 80138",0.86,495000.0,39.536519536914,-104.76116705724,4937.0,5000,M,98.74%,725,ACCELERATED SERVICES LLC (373 trucks) | CHERRY CREEK SCHOOLS (352 trucks),137000,15989,14123155.56,"$495,000.00"
Sol_025,12353 E 104th Pl,https://www.loopnet.com/Listing/12353-E-104th-Pl-Commerce-City-CO/39324469/,"Commerce City, CO 80022",0.95,580000.0,39.886646182224,-104.843759389987,5864.049999999999,10000,L,58.64%,829,ENVIRONMENTAL DESIGNS LLC (156 trucks) | BALIC TRANSPORT INC (120 trucks) | BURNCO COLORADO LLC (146 trucks) | WEST DIRECT OIL (140 trucks) | SIM TRUCKING INC (120 trucks) | G&Z TRANSPORT LLC (147 trucks),137000,15989,14123155.56,"$580,000.00"
Sol_025,3311 Ideal Drive Dr,https://www.loopnet.com/Listing/3311-Ideal-Drive-Dr-Frederick-CO/35744244/,"Frederick, CO 80516",1.0,949000.0,40.087044076103,-104.992966989518,4928.75,5000,M,98.58%,991,SUPREME TRANSPORT INC (183 trucks) | WARD ELECTRIC COMPANY INC (222 trucks) | CITY OF LONGMONT (211 trucks) | ST VRAIN VALLEY SCHOOL DISTRICT (174 trucks) | HEAT WAVES HOT OIL SERVICE LLC (201 trucks),137000,15989,14123155.56,"$949,000.00"
Sol_025,12015 Irma Dr,https://www.loopnet.com/Listing/12015-Irma-Dr-Northglenn-CO/34662093/,"Northglenn, CO 80241",1.0,1098017.0,39.918832606598,-104.965887826386,3363.2500000000005,5000,M,67.27%,885,ADAMS 12 FIVE STAR SCHOOLS (182 trucks) | TRI-STATE GENERATION & TRANSMISSION ASSOCIATION INC (321 trucks) | CITY OF THORNTON (208 trucks) | CITY OF THORNTON (174 trucks),137000,15989,14123155.56,"$1,098,017.00"
Sol_025,2120 University Park Blvd,https://www.loopnet.com/Listing/2120-University-Park-Blvd-Colorado-Springs-CO/27680798/,"Colorado Springs, CO 80918",1.02,295000.0,38.910590363159,-104.78892179429,5689.619999999999,10000,L,56.90%,1031,GOODWILL OF COLORADO (134 trucks) | CITY OF COLORADO SPRINGS (326 trucks) | VECTRUS SYSTEMS CORPORATION (185 trucks) | COLORADO SPRINGS SCHOOL DISTRICT 11 (130 trucks) | El PASO COUNTY (112 trucks) | MOUNTAIN METROPOLITAN TRANSIT (144 trucks),137000,15989,14123155.56,"$295,000.00"
Sol_025,4265 Santa Fe Dr,https://www.loopnet.com/Listing/4265-Santa-Fe-Dr-Sheridan-CO/30482164/,"Sheridan, CO 80110",1.17,1799000.0,39.63876696462,-105.007023340305,4209.639999999999,5000,M,84.19%,507,KEESEN ENTERPRISES INC (263 trucks) | QUALITY LOGISTICS INC (135 trucks) | PACIFIC SHIPPING & TRUCKING CO INC (109 trucks),137000,15989,14123155.56,"$1,799,000.00"
Sol_025,7099 S Kenton St,https://www.loopnet.com/Listing/7099-S-Kenton-St-Centennial-CO/6542016/,"Centennial, CO 80112",1.18,976600.0,39.588430849644,-104.861817781283,16997.23,20000,XL,84.99%,2298,HBSCO DANS TRASH AT YOUR DISPOSAL (110 trucks) | BUCKLEY POWDER CO (217 trucks) | IHC SCOTT INC (214 trucks) | ORICA USA INC (215 trucks) | GLOBAL TRANSPORTATION LLC (442 trucks) | CH2M OMI CH2MHILL JACOBS (183 trucks) | AMERICAN FURNITURE WAREHOUSE CO (340 trucks) | TERRACARE ASSOCIATES LLC (156 trucks) | ENTERPRISE RENT-A-CAR NATIONAL RENT A CAR ALAMO RENT A CAR (421 trucks),137000,15989,14123155.56,"$976,600.00"
Sol_025,6322 Ivanhoe St,https://www.loopnet.com/Listing/6322-Ivanhoe-St-Commerce-City-CO/30497175/,"Commerce City, CO 80022",1.24,1500000.0,39.811481968412,-104.920723282229,19295.64,20000,XL,96.48%,2557,UNITED SITE SERVICES OF NEVADA INC (409 trucks) | UNITED SITE SERVICES OF COLORADO INC (147 trucks) | OFFEN PETROLEUM LLC (269 trucks) | WESTERN DISTRIBUTING TRANSPORTATION CORP (155 trucks) | READY MIX CONCRETE COMPANY (191 trucks) | RMS CRANES (139 trucks) | EAGLE ROCK DISTRIBUTING COMPANY OF COLORADO LLC (148 trucks) | WASTE CONNECTIONS OF COLORADO INC (486 trucks) | SUPERSHUTTLE DENVER (125 trucks) | SURESHOT DRILLING LLC ATOZ FIELD SERVICES LLC DRILL TECH LLC PINNACLE DEVELOPMENT INC HDD SPECIALISTS LLC (135 trucks) | COCAL LANDSCAPE SERVICES INC (153 trucks) | U S TRANSPORT INC (200 trucks),137000,15989,14123155.56,"$1,500,000.00"
Sol_025,765 Aspen Ridge Drive Dr,https://www.loopnet.com/Listing/765-Aspen-Ridge-Drive-Dr-Lafayette-CO/32931931/,"Lafayette, CO 80026",1.43,556000.0,40.006898203868,-105.107210150504,4585.06,5000,M,91.70%,619,BOULDER VALLEY SCHOOL DISTRICT RE-2 (134 trucks) | VIA MOBILITY SERVICES (196 trucks) | VIA MOBILITY SERVICES (116 trucks) | CU (173 trucks),137000,15989,14123155.56,"$556,000.00"
Sol_025,6109 W 48th Ave,https://www.loopnet.com/Listing/6109-W-48th-Ave-Wheat-Ridge-CO/32583003/,"Wheat Ridge, CO 80033",1.76,1141446.56,39.784078257989,-105.064430676896,6837.22,10000,L,68.37%,950,CITY OF ARVADA (100 trucks) | SITEWISE LLC (145 trucks) | COMPASS VEHICLE RENTAL INC (170 trucks) | COORS DISTRIBUTING COMPANY MILLER COORS LLC (105 trucks) | COLD FRONT (121 trucks) | NAVAJO EXPRESS INC (309 trucks),137000,15989,14123155.56,"$1,141,446.56"
Sol_025,5480 Montana Vista Way,https://www.loopnet.com/Listing/5480-Montana-Vista-Way-Castle-Rock-CO/31324562/,"Castle Rock, CO 80108",2.0,1745643.0,39.413964345372,-104.86151758933,2577.81,5000,M,51.56%,389,TOWN OF CASTLE ROCK  (109 trucks) | GREAT SOUTHWESTERN CONSTRUCTION INC (280 trucks),137000,15989,14123155.56,"$1,745,643.00"
Sol_026,2300 W County Road 54G,https://www.loopnet.com/Listing/2300-W-County-Road-54G-Laporte-CO/33671750/,"Laporte, CO 80535",0.46,330000.0,40.625878828869,-105.117877128123,1931.6100000000001,2000,S,96.58%,528,Poudre School District  (243 trucks) | CITY OF FORT COLLINS (285 trucks),138000,16283,16350979.72,"$330,000.00"
Sol_026,17160 W Colfax Ave,https://www.loopnet.com/Listing/17160-W-Colfax-Ave-Golden-CO/29520298/,"Golden, CO 80401",0.63,500000.0,39.722253633534,-105.192465086092,5488.67,10000,L,54.89%,807,ENIVIRONMENTAL LANDWORKS COMPANY INC (115 trucks) | HOLCIM WCR INC (298 trucks) | JEFFCO SCHOOLS (274 trucks) | JEFFERSON COUNTY (120 trucks),138000,16283,16350979.72,"$500,000.00"
Sol_026,3401 S Yosemite St,https://www.loopnet.com/Listing/3401-S-Yosemite-St-Denver-CO/39837277/,"Denver, CO 80231",0.64,675000.0,39.654049416843,-104.88550562639,4128.9400000000005,5000,M,82.58%,632,COMCAST (194 trucks) | SWINGLE TREE & LANDSCAPE CARE (135 trucks) | CITY LIGHT AND POWER INC (121 trucks) | WHEEL PROS LLC (182 trucks),138000,16283,16350979.72,"$675,000.00"
Sol_026,Highway 34 Business & 83rd Avenue,https://www.loopnet.com/Listing/Highway-34-Business-83rd-Avenue-Greeley-CO/27017249/,"Greeley, CO 80634",0.66,877824.16,40.421498483243,-104.813483201346,336.5,1000,XS,33.65%,145,WELD COUNTY PUBLIC WORKS DEPARTMENT (145 trucks),138000,16283,16350979.72,"$877,824.16"
Sol_026,9190 W 84th Ave,https://www.loopnet.com/Listing/9190-W-84th-Ave-Arvada-CO/38160305/,"Arvada, CO 80005",0.67,499000.0,39.849854027782,-105.100317795342,2457.7,5000,M,49.15%,296,ALPINE MILLWORK COMPANY DBA ROCKY MOUNTAIN RELOAD (141 trucks) | GEOSTABILIZATION INTERNATIONAL LLC (155 trucks),138000,16283,16350979.72,"$499,000.00"
Sol_026,496 Laredo st,https://www.loopnet.com/Listing/496-Laredo-st-Aurora-CO/38708025/,"Aurora, CO 80011",0.7,500000.0,39.724337332754,-104.800258318335,8680.17,10000,L,86.80%,1261,AURORA PUBLIC SCHOOLS (127 trucks) | CITY OF AURORA (271 trucks) | METCO LANDSCAPING INC (226 trucks) | WAGNER EQUIPMENT CO (423 trucks) | SHAMROCK FOODS COMPANY (214 trucks),138000,16283,16350979.72,"$500,000.00"
Sol_026,NEC N Fairgrounds Ave,https://www.loopnet.com/Listing/NEC-N-Fairgrounds-Ave-Windsor-CO/29890025/,"Windsor, CO 80528",0.74,483449.0,40.437732372143,-104.982630626628,4243.52,5000,M,84.87%,684,LARIMER COUNTY (131 trucks) | NOVUS AG LLC (444 trucks) | LOVELAND MUNICIPALITY (109 trucks),138000,16283,16350979.72,"$483,449.00"
Sol_026,11958 Lincoln Ave,https://www.loopnet.com/Listing/Lincoln-Ave-Parker-CO/39741118/,"Parker, CO 80138",0.86,495000.0,39.536519536914,-104.76116705724,4937.0,5000,M,98.74%,725,ACCELERATED SERVICES LLC (373 trucks) | CHERRY CREEK SCHOOLS (352 trucks),138000,16283,16350979.72,"$495,000.00"
Sol_026,2450 Curtis St,https://www.loopnet.com/Listing/2450-Curtis-St-Denver-CO/34878162/,"Denver, CO 80205",0.93,1930000.0,39.755035173034,-104.984190298703,3769.58,5000,M,75.39%,454,RES (149 trucks) | COORS DISTRIBUTING COMPANY MILLER COORS LLC (105 trucks) | U S TRANSPORT INC (200 trucks),138000,16283,16350979.72,"$1,930,000.00"
Sol_026,3311 Ideal Drive Dr,https://www.loopnet.com/Listing/3311-Ideal-Drive-Dr-Frederick-CO/35744244/,"Frederick, CO 80516",1.0,949000.0,40.087044076103,-104.992966989518,4928.75,5000,M,98.58%,991,SUPREME TRANSPORT INC (183 trucks) | WARD ELECTRIC COMPANY INC (222 trucks) | CITY OF LONGMONT (211 trucks) | ST VRAIN VALLEY SCHOOL DISTRICT (174 trucks) | HEAT WAVES HOT OIL SERVICE LLC (201 trucks),138000,16283,16350979.72,"$949,000.00"
Sol_026,12015 Irma Dr,https://www.loopnet.com/Listing/12015-Irma-Dr-Northglenn-CO/34662093/,"Northglenn, CO 80241",1.0,1098017.0,39.918832606598,-104.965887826386,7349.780000000001,10000,L,73.50%,1428,ADAMS 12 FIVE STAR SCHOOLS (182 trucks) | TRI-STATE GENERATION & TRANSMISSION ASSOCIATION INC (321 trucks) | CITY OF THORNTON (208 trucks) | CITY OF THORNTON (174 trucks) | BALIC TRANSPORT INC (120 trucks) | ENVIRONMENTAL DESIGNS LLC (156 trucks) | SIM TRUCKING INC (120 trucks) | G&Z TRANSPORT LLC (147 trucks),138000,16283,16350979.72,"$1,098,017.00"
Sol_026,2120 University Park Blvd,https://www.loopnet.com/Listing/2120-University-Park-Blvd-Colorado-Springs-CO/27680798/,"Colorado Springs, CO 80918",1.02,295000.0,38.910590363159,-104.78892179429,5689.619999999999,10000,L,56.90%,1031,GOODWILL OF COLORADO (134 trucks) | CITY OF COLORADO SPRINGS (326 trucks) | VECTRUS SYSTEMS CORPORATION (185 trucks) | COLORADO SPRINGS SCHOOL DISTRICT 11 (130 trucks) | El PASO COUNTY (112 trucks) | MOUNTAIN METROPOLITAN TRANSIT (144 trucks),138000,16283,16350979.72,"$295,000.00"
Sol_026,4265 Santa Fe Dr,https://www.loopnet.com/Listing/4265-Santa-Fe-Dr-Sheridan-CO/30482164/,"Sheridan, CO 80110",1.17,1799000.0,39.63876696462,-105.007023340305,4209.639999999999,5000,M,84.19%,507,KEESEN ENTERPRISES INC (263 trucks) | QUALITY LOGISTICS INC (135 trucks) | PACIFIC SHIPPING & TRUCKING CO INC (109 trucks),138000,16283,16350979.72,"$1,799,000.00"
Sol_026,7099 S Kenton St,https://www.loopnet.com/Listing/7099-S-Kenton-St-Centennial-CO/6542016/,"Centennial, CO 80112",1.18,976600.0,39.588430849644,-104.861817781283,16997.23,20000,XL,84.99%,2298,HBSCO DANS TRASH AT YOUR DISPOSAL (110 trucks) | BUCKLEY POWDER CO (217 trucks) | IHC SCOTT INC (214 trucks) | ORICA USA INC (215 trucks) | GLOBAL TRANSPORTATION LLC (442 trucks) | CH2M OMI CH2MHILL JACOBS (183 trucks) | AMERICAN FURNITURE WAREHOUSE CO (340 trucks) | TERRACARE ASSOCIATES LLC (156 trucks) | ENTERPRISE RENT-A-CAR NATIONAL RENT A CAR ALAMO RENT A CAR (421 trucks),138000,16283,16350979.72,"$976,600.00"
Sol_026,6322 Ivanhoe St,https://www.loopnet.com/Listing/6322-Ivanhoe-St-Commerce-City-CO/30497175/,"Commerce City, CO 80022",1.24,1500000.0,39.811481968412,-104.920723282229,19512.55,20000,XL,97.56%,2643,UNITED SITE SERVICES OF NEVADA INC (409 trucks) | UNITED SITE SERVICES OF COLORADO INC (147 trucks) | OFFEN PETROLEUM LLC (269 trucks) | WESTERN DISTRIBUTING TRANSPORTATION CORP (155 trucks) | READY MIX CONCRETE COMPANY (191 trucks) | RMS CRANES (139 trucks) | EAGLE ROCK DISTRIBUTING COMPANY OF COLORADO LLC (148 trucks) | WASTE CONNECTIONS OF COLORADO INC (486 trucks) | SUPERSHUTTLE DENVER (125 trucks) | SURESHOT DRILLING LLC ATOZ FIELD SERVICES LLC DRILL TECH LLC PINNACLE DEVELOPMENT INC HDD SPECIALISTS LLC (135 trucks) | COCAL LANDSCAPE SERVICES INC (153 trucks) | WEST DIRECT OIL (140 trucks) | BURNCO COLORADO LLC (146 trucks),138000,16283,16350979.72,"$1,500,000.00"
Sol_026,765 Aspen Ridge Drive Dr,https://www.loopnet.com/Listing/765-Aspen-Ridge-Drive-Dr-Lafayette-CO/32931931/,"Lafayette, CO 80026",1.43,556000.0,40.006898203868,-105.107210150504,4585.06,5000,M,91.70%,619,BOULDER VALLEY SCHOOL DISTRICT RE-2 (134 trucks) | VIA MOBILITY SERVICES (196 trucks) | VIA MOBILITY SERVICES (116 trucks) | CU (173 trucks),138000,16283,16350979.72,"$556,000.00"
Sol_026,6109 W 48th Ave,https://www.loopnet.com/Listing/6109-W-48th-Ave-Wheat-Ridge-CO/32583003/,"Wheat Ridge, CO 80033",1.76,1141446.56,39.784078257989,-105.064430676896,5965.4,10000,L,59.65%,845,CITY OF ARVADA (100 trucks) | SITEWISE LLC (145 trucks) | COMPASS VEHICLE RENTAL INC (170 trucks) | COLD FRONT (121 trucks) | NAVAJO EXPRESS INC (309 trucks),138000,16283,16350979.72,"$1,141,446.56"
Sol_026,5480 Montana Vista Way,https://www.loopnet.com/Listing/5480-Montana-Vista-Way-Castle-Rock-CO/31324562/,"Castle Rock, CO 80108",2.0,1745643.0,39.413964345372,-104.86151758933,2577.81,5000,M,51.56%,389,TOWN OF CASTLE ROCK  (109 trucks) | GREAT SOUTHWESTERN CONSTRUCTION INC (280 trucks),138000,16283,16350979.72,"$1,745,643.00"
Sol_027,17160 W Colfax Ave,https://www.loopnet.com/Listing/17160-W-Colfax-Ave-Golden-CO/29520298/,"Golden, CO 80401",0.63,500000.0,39.722253633534,-105.192465086092,5488.67,10000,L,54.89%,807,ENIVIRONMENTAL LANDWORKS COMPANY INC (115 trucks) | HOLCIM WCR INC (298 trucks) | JEFFCO SCHOOLS (274 trucks) | JEFFERSON COUNTY (120 trucks),110000,11959,7923512.5600000005,"$500,000.00"
Sol_027,3401 S Yosemite St,https://www.loopnet.com/Listing/3401-S-Yosemite-St-Denver-CO/39837277/,"Denver, CO 80231",0.64,675000.0,39.654049416843,-104.88550562639,4128.9400000000005,5000,M,82.58%,632,COMCAST (194 trucks) | SWINGLE TREE & LANDSCAPE CARE (135 trucks) | CITY LIGHT AND POWER INC (121 trucks) | WHEEL PROS LLC (182 trucks),110000,11959,7923512.5600000005,"$675,000.00"
Sol_027,9190 W 84th Ave,https://www.loopnet.com/Listing/9190-W-84th-Ave-Arvada-CO/38160305/,"Arvada, CO 80005",0.67,499000.0,39.849854027782,-105.100317795342,2457.7,5000,M,49.15%,296,ALPINE MILLWORK COMPANY DBA ROCKY MOUNTAIN RELOAD (141 trucks) | GEOSTABILIZATION INTERNATIONAL LLC (155 trucks),110000,11959,7923512.5600000005,"$499,000.00"
Sol_027,496 Laredo st,https://www.loopnet.com/Listing/496-Laredo-st-Aurora-CO/38708025/,"Aurora, CO 80011",0.7,500000.0,39.724337332754,-104.800258318335,8680.17,10000,L,86.80%,1261,AURORA PUBLIC SCHOOLS (127 trucks) | CITY OF AURORA (271 trucks) | METCO LANDSCAPING INC (226 trucks) | WAGNER EQUIPMENT CO (423 trucks) | SHAMROCK FOODS COMPANY (214 trucks),110000,11959,7923512.5600000005,"$500,000.00"
Sol_027,NEC N Fairgrounds Ave,https://www.loopnet.com/Listing/NEC-N-Fairgrounds-Ave-Windsor-CO/29890025/,"Windsor, CO 80528",0.74,483449.0,40.437732372143,-104.982630626628,4243.52,5000,M,84.87%,684,LARIMER COUNTY (131 trucks) | NOVUS AG LLC (444 trucks) | LOVELAND MUNICIPALITY (109 trucks),110000,11959,7923512.5600000005,"$483,449.00"
Sol_027,11958 Lincoln Ave,https://www.loopnet.com/Listing/Lincoln-Ave-Parker-CO/39741118/,"Parker, CO 80138",0.86,495000.0,39.536519536914,-104.76116705724,4937.0,5000,M,98.74%,725,ACCELERATED SERVICES LLC (373 trucks) | CHERRY CREEK SCHOOLS (352 trucks),110000,11959,7923512.5600000005,"$495,000.00"
Sol_027,6375 Lookout Rd,https://www.loopnet.com/Listing/6375-Lookout-Rd-Boulder-CO/35970288/,"Boulder, CO 80301",0.96,1260000.0,40.07191054992,-105.205474218915,5984.259999999999,10000,L,59.84%,1004,VIA MOBILITY SERVICES (196 trucks) | VIA MOBILITY SERVICES (116 trucks) | BOULDER VALLEY SCHOOL DISTRICT RE-2 (134 trucks) | CU (173 trucks) | CITY OF LONGMONT (211 trucks) | ST VRAIN VALLEY SCHOOL DISTRICT (174 trucks),110000,11959,7923512.5600000005,"$1,260,000.00"
Sol_027,12015 Irma Dr,https://www.loopnet.com/Listing/12015-Irma-Dr-Northglenn-CO/34662093/,"Northglenn, CO 80241",1.0,1098017.0,39.918832606598,-104.965887826386,11460.82,20000,XL,57.30%,1983,ADAMS 12 FIVE STAR SCHOOLS (182 trucks) | TRI-STATE GENERATION & TRANSMISSION ASSOCIATION INC (321 trucks) | CITY OF THORNTON (208 trucks) | CITY OF THORNTON (174 trucks) | BALIC TRANSPORT INC (120 trucks) | BURNCO COLORADO LLC (146 trucks) | WEST DIRECT OIL (140 trucks) | OFFEN PETROLEUM LLC (269 trucks) | ENVIRONMENTAL DESIGNS LLC (156 trucks) | SIM TRUCKING INC (120 trucks) | G&Z TRANSPORT LLC (147 trucks),110000,11959,7923512.5600000005,"$1,098,017.00"
Sol_027,2120 University Park Blvd,https://www.loopnet.com/Listing/2120-University-Park-Blvd-Colorado-Springs-CO/27680798/,"Colorado Springs, CO 80918",1.02,295000.0,38.910590363159,-104.78892179429,5689.619999999999,10000,L,56.90%,1031,GOODWILL OF COLORADO (134 trucks) | CITY OF COLORADO SPRINGS (326 trucks) | VECTRUS SYSTEMS CORPORATION (185 trucks) | COLORADO SPRINGS SCHOOL DISTRICT 11 (130 trucks) | El PASO COUNTY (112 trucks) | MOUNTAIN METROPOLITAN TRANSIT (144 trucks),110000,11959,7923512.5600000005,"$295,000.00"
Sol_027,7099 S Kenton St,https://www.loopnet.com/Listing/7099-S-Kenton-St-Centennial-CO/6542016/,"Centennial, CO 80112",1.18,976600.0,39.588430849644,-104.861817781283,16997.23,20000,XL,84.99%,2298,HBSCO DANS TRASH AT YOUR DISPOSAL (110 trucks) | BUCKLEY POWDER CO (217 trucks) | IHC SCOTT INC (214 trucks) | ORICA USA INC (215 trucks) | GLOBAL TRANSPORTATION LLC (442 trucks) | CH2M OMI CH2MHILL JACOBS (183 trucks) | AMERICAN FURNITURE WAREHOUSE CO (340 trucks) | TERRACARE ASSOCIATES LLC (156 trucks) | ENTERPRISE RENT-A-CAR NATIONAL RENT A CAR ALAMO RENT A CAR (421 trucks),110000,11959,7923512.5600000005,"$976,600.00"
Sol_027,6109 W 48th Ave,https://www.loopnet.com/Listing/6109-W-48th-Ave-Wheat-Ridge-CO/32583003/,"Wheat Ridge, CO 80033",1.76,1141446.56,39.784078257989,-105.064430676896,8749.11,10000,L,87.49%,1238,CITY OF ARVADA (100 trucks) | SITEWISE LLC (145 trucks) | COMPASS VEHICLE RENTAL INC (170 trucks) | COORS DISTRIBUTING COMPANY MILLER COORS LLC (105 trucks) | COLD FRONT (121 trucks) | NAVAJO EXPRESS INC (309 trucks) | SURESHOT DRILLING LLC ATOZ FIELD SERVICES LLC DRILL TECH LLC PINNACLE DEVELOPMENT INC HDD SPECIALISTS LLC (135 trucks) | COCAL LANDSCAPE SERVICES INC (153 trucks),110000,11959,7923512.5600000005,"$1,141,446.56"
Sol_028,2300 W County Road 54G,https://www.loopnet.com/Listing/2300-W-County-Road-54G-Laporte-CO/33671750/,"Laporte, CO 80535",0.46,330000.0,40.625878828869,-105.117877128123,1931.6100000000001,2000,S,96.58%,528,Poudre School District  (243 trucks) | CITY OF FORT COLLINS (285 trucks),112000,12313,7549512.5600000005,"$330,000.00"
Sol_028,17160 W Colfax Ave,https://www.loopnet.com/Listing/17160-W-Colfax-Ave-Golden-CO/29520298/,"Golden, CO 80401",0.63,500000.0,39.722253633534,-105.192465086092,5488.67,10000,L,54.89%,807,ENIVIRONMENTAL LANDWORKS COMPANY INC (115 trucks) | HOLCIM WCR INC (298 trucks) | JEFFCO SCHOOLS (274 trucks) | JEFFERSON COUNTY (120 trucks),112000,12313,7549512.5600000005,"$500,000.00"
Sol_028,3401 S Yosemite St,https://www.loopnet.com/Listing/3401-S-Yosemite-St-Denver-CO/39837277/,"Denver, CO 80231",0.64,675000.0,39.654049416843,-104.88550562639,4128.9400000000005,5000,M,82.58%,632,COMCAST (194 trucks) | SWINGLE TREE & LANDSCAPE CARE (135 trucks) | CITY LIGHT AND POWER INC (121 trucks) | WHEEL PROS LLC (182 trucks),112000,12313,7549512.5600000005,"$675,000.00"
Sol_028,9190 W 84th Ave,https://www.loopnet.com/Listing/9190-W-84th-Ave-Arvada-CO/38160305/,"Arvada, CO 80005",0.67,499000.0,39.849854027782,-105.100317795342,2457.7,5000,M,49.15%,296,ALPINE MILLWORK COMPANY DBA ROCKY MOUNTAIN RELOAD (141 trucks) | GEOSTABILIZATION INTERNATIONAL LLC (155 trucks),112000,12313,7549512.5600000005,"$499,000.00"
Sol_028,496 Laredo st,https://www.loopnet.com/Listing/496-Laredo-st-Aurora-CO/38708025/,"Aurora, CO 80011",0.7,500000.0,39.724337332754,-104.800258318335,8680.17,10000,L,86.80%,1261,AURORA PUBLIC SCHOOLS (127 trucks) | CITY OF AURORA (271 trucks) | METCO LANDSCAPING INC (226 trucks) | WAGNER EQUIPMENT CO (423 trucks) | SHAMROCK FOODS COMPANY (214 trucks),112000,12313,7549512.5600000005,"$500,000.00"
Sol_028,NEC N Fairgrounds Ave,https://www.loopnet.com/Listing/NEC-N-Fairgrounds-Ave-Windsor-CO/29890025/,"Windsor, CO 80528",0.74,483449.0,40.437732372143,-104.982630626628,4243.52,5000,M,84.87%,684,LARIMER COUNTY (131 trucks) | NOVUS AG LLC (444 trucks) | LOVELAND MUNICIPALITY (109 trucks),112000,12313,7549512.5600000005,"$483,449.00"
Sol_028,11958 Lincoln Ave,https://www.loopnet.com/Listing/Lincoln-Ave-Parker-CO/39741118/,"Parker, CO 80138",0.86,495000.0,39.536519536914,-104.76116705724,4937.0,5000,M,98.74%,725,ACCELERATED SERVICES LLC (373 trucks) | CHERRY CREEK SCHOOLS (352 trucks),112000,12313,7549512.5600000005,"$495,000.00"
Sol_028,12015 Irma Dr,https://www.loopnet.com/Listing/12015-Irma-Dr-Northglenn-CO/34662093/,"Northglenn, CO 80241",1.0,1098017.0,39.918832606598,-104.965887826386,11460.82,20000,XL,57.30%,1983,ADAMS 12 FIVE STAR SCHOOLS (182 trucks) | TRI-STATE GENERATION & TRANSMISSION ASSOCIATION INC (321 trucks) | CITY OF THORNTON (208 trucks) | CITY OF THORNTON (174 trucks) | BALIC TRANSPORT INC (120 trucks) | BURNCO COLORADO LLC (146 trucks) | WEST DIRECT OIL (140 trucks) | OFFEN PETROLEUM LLC (269 trucks) | ENVIRONMENTAL DESIGNS LLC (156 trucks) | SIM TRUCKING INC (120 trucks) | G&Z TRANSPORT LLC (147 trucks),112000,12313,7549512.5600000005,"$1,098,017.00"
Sol_028,2120 University Park Blvd,https://www.loopnet.com/Listing/2120-University-Park-Blvd-Colorado-Springs-CO/27680798/,"Colorado Springs, CO 80918",1.02,295000.0,38.910590363159,-104.78892179429,5689.619999999999,10000,L,56.90%,1031,GOODWILL OF COLORADO (134 trucks) | CITY OF COLORADO SPRINGS (326 trucks) | VECTRUS SYSTEMS CORPORATION (185 trucks) | COLORADO SPRINGS SCHOOL DISTRICT 11 (130 trucks) | El PASO COUNTY (112 trucks) | MOUNTAIN METROPOLITAN TRANSIT (144 trucks),112000,12313,7549512.5600000005,"$295,000.00"
Sol_028,7099 S Kenton St,https://www.loopnet.com/Listing/7099-S-Kenton-St-Centennial-CO/6542016/,"Centennial, CO 80112",1.18,976600.0,39.588430849644,-104.861817781283,16997.23,20000,XL,84.99%,2298,HBSCO DANS TRASH AT YOUR DISPOSAL (110 trucks) | BUCKLEY POWDER CO (217 trucks) | IHC SCOTT INC (214 trucks) | ORICA USA INC (215 trucks) | GLOBAL TRANSPORTATION LLC (442 trucks) | CH2M OMI CH2MHILL JACOBS (183 trucks) | AMERICAN FURNITURE WAREHOUSE CO (340 trucks) | TERRACARE ASSOCIATES LLC (156 trucks) | ENTERPRISE RENT-A-CAR NATIONAL RENT A CAR ALAMO RENT A CAR (421 trucks),112000,12313,7549512.5600000005,"$976,600.00"
Sol_028,765 Aspen Ridge Drive Dr,https://www.loopnet.com/Listing/765-Aspen-Ridge-Drive-Dr-Lafayette-CO/32931931/,"Lafayette, CO 80026",1.43,556000.0,40.006898203868,-105.107210150504,5074.7300000000005,10000,L,50.75%,830,BOULDER VALLEY SCHOOL DISTRICT RE-2 (134 trucks) | VIA MOBILITY SERVICES (196 trucks) | VIA MOBILITY SERVICES (116 trucks) | CU (173 trucks) | CITY OF LONGMONT (211 trucks),112000,12313,7549512.5600000005,"$556,000.00"
Sol_028,6109 W 48th Ave,https://www.loopnet.com/Listing/6109-W-48th-Ave-Wheat-Ridge-CO/32583003/,"Wheat Ridge, CO 80033",1.76,1141446.56,39.784078257989,-105.064430676896,8749.11,10000,L,87.49%,1238,CITY OF ARVADA (100 trucks) | SITEWISE LLC (145 trucks) | COMPASS VEHICLE RENTAL INC (170 trucks) | COORS DISTRIBUTING COMPANY MILLER COORS LLC (105 trucks) | COLD FRONT (121 trucks) | NAVAJO EXPRESS INC (309 trucks) | SURESHOT DRILLING LLC ATOZ FIELD SERVICES LLC DRILL TECH LLC PINNACLE DEVELOPMENT INC HDD SPECIALISTS LLC (135 trucks) | COCAL LANDSCAPE SERVICES INC (153 trucks),112000,12313,7549512.5600000005,"$1,141,446.56"
Sol_029,2300 W County Road 54G,https://www.loopnet.com/Listing/2300-W-County-Road-54G-Laporte-CO/33671750/,"Laporte, CO 80535",0.46,330000.0,40.625878828869,-105.117877128123,1931.6100000000001,2000,S,96.58%,528,Poudre School District  (243 trucks) | CITY OF FORT COLLINS (285 trucks),117000,13304,8549512.56,"$330,000.00"
Sol_029,17160 W Colfax Ave,https://www.loopnet.com/Listing/17160-W-Colfax-Ave-Golden-CO/29520298/,"Golden, CO 80401",0.63,500000.0,39.722253633534,-105.192465086092,5488.67,10000,L,54.89%,807,ENIVIRONMENTAL LANDWORKS COMPANY INC (115 trucks) | HOLCIM WCR INC (298 trucks) | JEFFCO SCHOOLS (274 trucks) | JEFFERSON COUNTY (120 trucks),117000,13304,8549512.56,"$500,000.00"
Sol_029,3401 S Yosemite St,https://www.loopnet.com/Listing/3401-S-Yosemite-St-Denver-CO/39837277/,"Denver, CO 80231",0.64,675000.0,39.654049416843,-104.88550562639,5421.700000000001,10000,L,54.22%,1030,COMCAST (194 trucks) | SWINGLE TREE & LANDSCAPE CARE (135 trucks) | CITY LIGHT AND POWER INC (121 trucks) | WHEEL PROS LLC (182 trucks) | CITY OF AURORA (271 trucks) | AURORA PUBLIC SCHOOLS (127 trucks),117000,13304,8549512.56,"$675,000.00"
Sol_029,9190 W 84th Ave,https://www.loopnet.com/Listing/9190-W-84th-Ave-Arvada-CO/38160305/,"Arvada, CO 80005",0.67,499000.0,39.849854027782,-105.100317795342,2457.7,5000,M,49.15%,296,ALPINE MILLWORK COMPANY DBA ROCKY MOUNTAIN RELOAD (141 trucks) | GEOSTABILIZATION INTERNATIONAL LLC (155 trucks),117000,13304,8549512.56,"$499,000.00"
Sol_029,NEC N Fairgrounds Ave,https://www.loopnet.com/Listing/NEC-N-Fairgrounds-Ave-Windsor-CO/29890025/,"Windsor, CO 80528",0.74,483449.0,40.437732372143,-104.982630626628,4243.52,5000,M,84.87%,684,LARIMER COUNTY (131 trucks) | NOVUS AG LLC (444 trucks) | LOVELAND MUNICIPALITY (109 trucks),117000,13304,8549512.56,"$483,449.00"
Sol_029,11958 Lincoln Ave,https://www.loopnet.com/Listing/Lincoln-Ave-Parker-CO/39741118/,"Parker, CO 80138",0.86,495000.0,39.536519536914,-104.76116705724,4937.0,5000,M,98.74%,725,ACCELERATED SERVICES LLC (373 trucks) | CHERRY CREEK SCHOOLS (352 trucks),117000,13304,8549512.56,"$495,000.00"
Sol_029,12015 Irma Dr,https://www.loopnet.com/Listing/12015-Irma-Dr-Northglenn-CO/34662093/,"Northglenn, CO 80241",1.0,1098017.0,39.918832606598,-104.965887826386,7349.780000000001,10000,L,73.50%,1428,ADAMS 12 FIVE STAR SCHOOLS (182 trucks) | TRI-STATE GENERATION & TRANSMISSION ASSOCIATION INC (321 trucks) | CITY OF THORNTON (208 trucks) | CITY OF THORNTON (174 trucks) | BALIC TRANSPORT INC (120 trucks) | ENVIRONMENTAL DESIGNS LLC (156 trucks) | SIM TRUCKING INC (120 trucks) | G&Z TRANSPORT LLC (147 trucks),117000,13304,8549512.56,"$1,098,017.00"
Sol_029,2120 University Park Blvd,https://www.loopnet.com/Listing/2120-University-Park-Blvd-Colorado-Springs-CO/27680798/,"Colorado Springs, CO 80918",1.02,295000.0,38.910590363159,-104.78892179429,5689.619999999999,10000,L,56.90%,1031,GOODWILL OF COLORADO (134 trucks) | CITY OF COLORADO SPRINGS (326 trucks) | VECTRUS SYSTEMS CORPORATION (185 trucks) | COLORADO SPRINGS SCHOOL DISTRICT 11 (130 trucks) | El PASO COUNTY (112 trucks) | MOUNTAIN METROPOLITAN TRANSIT (144 trucks),117000,13304,8549512.56,"$295,000.00"
Sol_029,7099 S Kenton St,https://www.loopnet.com/Listing/7099-S-Kenton-St-Centennial-CO/6542016/,"Centennial, CO 80112",1.18,976600.0,39.588430849644,-104.861817781283,16997.23,20000,XL,84.99%,2298,HBSCO DANS TRASH AT YOUR DISPOSAL (110 trucks) | BUCKLEY POWDER CO (217 trucks) | IHC SCOTT INC (214 trucks) | ORICA USA INC (215 trucks) | GLOBAL TRANSPORTATION LLC (442 trucks) | CH2M OMI CH2MHILL JACOBS (183 trucks) | AMERICAN FURNITURE WAREHOUSE CO (340 trucks) | TERRACARE ASSOCIATES LLC (156 trucks) | ENTERPRISE RENT-A-CAR NATIONAL RENT A CAR ALAMO RENT A CAR (421 trucks),117000,13304,8549512.56,"$976,600.00"
Sol_029,6322 Ivanhoe St,https://www.loopnet.com/Listing/6322-Ivanhoe-St-Commerce-City-CO/30497175/,"Commerce City, CO 80022",1.24,1500000.0,39.811481968412,-104.920723282229,19960.92,20000,XL,99.80%,2697,UNITED SITE SERVICES OF NEVADA INC (409 trucks) | UNITED SITE SERVICES OF COLORADO INC (147 trucks) | OFFEN PETROLEUM LLC (269 trucks) | WESTERN DISTRIBUTING TRANSPORTATION CORP (155 trucks) | READY MIX CONCRETE COMPANY (191 trucks) | RMS CRANES (139 trucks) | EAGLE ROCK DISTRIBUTING COMPANY OF COLORADO LLC (148 trucks) | WASTE CONNECTIONS OF COLORADO INC (486 trucks) | SUPERSHUTTLE DENVER (125 trucks) | SURESHOT DRILLING LLC ATOZ FIELD SERVICES LLC DRILL TECH LLC PINNACLE DEVELOPMENT INC HDD SPECIALISTS LLC (135 trucks) | COCAL LANDSCAPE SERVICES INC (153 trucks) | U S TRANSPORT INC (200 trucks) | WEST DIRECT OIL (140 trucks),117000,13304,8549512.56,"$1,500,000.00"
Sol_029,765 Aspen Ridge Drive Dr,https://www.loopnet.com/Listing/765-Aspen-Ridge-Drive-Dr-Lafayette-CO/32931931/,"Lafayette, CO 80026",1.43,556000.0,40.006898203868,-105.107210150504,5074.7300000000005,10000,L,50.75%,830,BOULDER VALLEY SCHOOL DISTRICT RE-2 (134 trucks) | VIA MOBILITY SERVICES (196 trucks) | VIA MOBILITY SERVICES (116 trucks) | CU (173 trucks) | CITY OF LONGMONT (211 trucks),117000,13304,8549512.56,"$556,000.00"
Sol_029,6109 W 48th Ave,https://www.loopnet.com/Listing/6109-W-48th-Ave-Wheat-Ridge-CO/32583003/,"Wheat Ridge, CO 80033",1.76,1141446.56,39.784078257989,-105.064430676896,6837.22,10000,L,68.37%,950,CITY OF ARVADA (100 trucks) | SITEWISE LLC (145 trucks) | COMPASS VEHICLE RENTAL INC (170 trucks) | COORS DISTRIBUTING COMPANY MILLER COORS LLC (105 trucks) | COLD FRONT (121 trucks) | NAVAJO EXPRESS INC (309 trucks),117000,13304,8549512.56,"$1,141,446.56"
Sol_030,2300 W County Road 54G,https://www.loopnet.com/Listing/2300-W-County-Road-54G-Laporte-CO/33671750/,"Laporte, CO 80535",0.46,330000.0,40.625878828869,-105.117877128123,1931.6100000000001,2000,S,96.58%,528,Poudre School District  (243 trucks) | CITY OF FORT COLLINS (285 trucks),128000,15202,10727511.56,"$330,000.00"
Sol_030,17160 W Colfax Ave,https://www.loopnet.com/Listing/17160-W-Colfax-Ave-Golden-CO/29520298/,"Golden, CO 80401",0.63,500000.0,39.722253633534,-105.192465086092,5488.67,10000,L,54.89%,807,ENIVIRONMENTAL LANDWORKS COMPANY INC (115 trucks) | HOLCIM WCR INC (298 trucks) | JEFFCO SCHOOLS (274 trucks) | JEFFERSON COUNTY (120 trucks),128000,15202,10727511.56,"$500,000.00"
Sol_030,3401 S Yosemite St,https://www.loopnet.com/Listing/3401-S-Yosemite-St-Denver-CO/39837277/,"Denver, CO 80231",0.64,675000.0,39.654049416843,-104.88550562639,4128.9400000000005,5000,M,82.58%,632,COMCAST (194 trucks) | SWINGLE TREE & LANDSCAPE CARE (135 trucks) | CITY LIGHT AND POWER INC (121 trucks) | WHEEL PROS LLC (182 trucks),128000,15202,10727511.56,"$675,000.00"
Sol_030,7300 W Jefferson Ave,https://www.loopnet.com/Listing/7300-W-Jefferson-Ave-Lakewood-CO/38419312/,"Lakewood, CO 80235",0.66,379999.0,39.649773884125,-105.079540805378,905.03,1000,XS,90.50%,109,PACIFIC SHIPPING & TRUCKING CO INC (109 trucks),128000,15202,10727511.56,"$379,999.00"
Sol_030,9190 W 84th Ave,https://www.loopnet.com/Listing/9190-W-84th-Ave-Arvada-CO/38160305/,"Arvada, CO 80005",0.67,499000.0,39.849854027782,-105.100317795342,2457.7,5000,M,49.15%,296,ALPINE MILLWORK COMPANY DBA ROCKY MOUNTAIN RELOAD (141 trucks) | GEOSTABILIZATION INTERNATIONAL LLC (155 trucks),128000,15202,10727511.56,"$499,000.00"
Sol_030,496 Laredo st,https://www.loopnet.com/Listing/496-Laredo-st-Aurora-CO/38708025/,"Aurora, CO 80011",0.7,500000.0,39.724337332754,-104.800258318335,8680.17,10000,L,86.80%,1261,AURORA PUBLIC SCHOOLS (127 trucks) | CITY OF AURORA (271 trucks) | METCO LANDSCAPING INC (226 trucks) | WAGNER EQUIPMENT CO (423 trucks) | SHAMROCK FOODS COMPANY (214 trucks),128000,15202,10727511.56,"$500,000.00"
Sol_030,NEC N Fairgrounds Ave,https://www.loopnet.com/Listing/NEC-N-Fairgrounds-Ave-Windsor-CO/29890025/,"Windsor, CO 80528",0.74,483449.0,40.437732372143,-104.982630626628,4243.52,5000,M,84.87%,684,LARIMER COUNTY (131 trucks) | NOVUS AG LLC (444 trucks) | LOVELAND MUNICIPALITY (109 trucks),128000,15202,10727511.56,"$483,449.00"
Sol_030,11958 Lincoln Ave,https://www.loopnet.com/Listing/Lincoln-Ave-Parker-CO/39741118/,"Parker, CO 80138",0.86,495000.0,39.536519536914,-104.76116705724,4937.0,5000,M,98.74%,725,ACCELERATED SERVICES LLC (373 trucks) | CHERRY CREEK SCHOOLS (352 trucks),128000,15202,10727511.56,"$495,000.00"
Sol_030,3311 Ideal Drive Dr,https://www.loopnet.com/Listing/3311-Ideal-Drive-Dr-Frederick-CO/35744244/,"Frederick, CO 80516",1.0,949000.0,40.087044076103,-104.992966989518,4928.75,5000,M,98.58%,991,SUPREME TRANSPORT INC (183 trucks) | WARD ELECTRIC COMPANY INC (222 trucks) | CITY OF LONGMONT (211 trucks) | ST VRAIN VALLEY SCHOOL DISTRICT (174 trucks) | HEAT WAVES HOT OIL SERVICE LLC (201 trucks),128000,15202,10727511.56,"$949,000.00"
Sol_030,12015 Irma Dr,https://www.loopnet.com/Listing/12015-Irma-Dr-Northglenn-CO/34662093/,"Northglenn, CO 80241",1.0,1098017.0,39.918832606598,-104.965887826386,6463.27,10000,L,64.63%,1046,ADAMS 12 FIVE STAR SCHOOLS (182 trucks) | TRI-STATE GENERATION & TRANSMISSION ASSOCIATION INC (321 trucks) | BALIC TRANSPORT INC (120 trucks) | ENVIRONMENTAL DESIGNS LLC (156 trucks) | SIM TRUCKING INC (120 trucks) | G&Z TRANSPORT LLC (147 trucks),128000,15202,10727511.56,"$1,098,017.00"
Sol_030,2120 University Park Blvd,https://www.loopnet.com/Listing/2120-University-Park-Blvd-Colorado-Springs-CO/27680798/,"Colorado Springs, CO 80918",1.02,295000.0,38.910590363159,-104.78892179429,5689.619999999999,10000,L,56.90%,1031,GOODWILL OF COLORADO (134 trucks) | CITY OF COLORADO SPRINGS (326 trucks) | VECTRUS SYSTEMS CORPORATION (185 trucks) | COLORADO SPRINGS SCHOOL DISTRICT 11 (130 trucks) | El PASO COUNTY (112 trucks) | MOUNTAIN METROPOLITAN TRANSIT (144 trucks),128000,15202,10727511.56,"$295,000.00"
Sol_030,7099 S Kenton St,https://www.loopnet.com/Listing/7099-S-Kenton-St-Centennial-CO/6542016/,"Centennial, CO 80112",1.18,976600.0,39.588430849644,-104.861817781283,16997.23,20000,XL,84.99%,2298,HBSCO DANS TRASH AT YOUR DISPOSAL (110 trucks) | BUCKLEY POWDER CO (217 trucks) | IHC SCOTT INC (214 trucks) | ORICA USA INC (215 trucks) | GLOBAL TRANSPORTATION LLC (442 trucks) | CH2M OMI CH2MHILL JACOBS (183 trucks) | AMERICAN FURNITURE WAREHOUSE CO (340 trucks) | TERRACARE ASSOCIATES LLC (156 trucks) | ENTERPRISE RENT-A-CAR NATIONAL RENT A CAR ALAMO RENT A CAR (421 trucks),128000,15202,10727511.56,"$976,600.00"
Sol_030,6322 Ivanhoe St,https://www.loopnet.com/Listing/6322-Ivanhoe-St-Commerce-City-CO/30497175/,"Commerce City, CO 80022",1.24,1500000.0,39.811481968412,-104.920723282229,19261.269999999997,20000,XL,96.31%,2555,UNITED SITE SERVICES OF NEVADA INC (409 trucks) | UNITED SITE SERVICES OF COLORADO INC (147 trucks) | OFFEN PETROLEUM LLC (269 trucks) | WESTERN DISTRIBUTING TRANSPORTATION CORP (155 trucks) | READY MIX CONCRETE COMPANY (191 trucks) | RMS CRANES (139 trucks) | EAGLE ROCK DISTRIBUTING COMPANY OF COLORADO LLC (148 trucks) | WASTE CONNECTIONS OF COLORADO INC (486 trucks) | SUPERSHUTTLE DENVER (125 trucks) | U S TRANSPORT INC (200 trucks) | WEST DIRECT OIL (140 trucks) | BURNCO COLORADO LLC (146 trucks),128000,15202,10727511.56,"$1,500,000.00"
Sol_030,8850 Huron St,https://www.loopnet.com/Listing/8850-Huron-St-Thornton-CO/33061072/,"Thornton, CO 80260",1.26,349000.0,39.858426283979,-104.995662022846,6814.530000000001,10000,L,68.15%,1100,CITY OF THORNTON (208 trucks) | CITY OF THORNTON (174 trucks) | COCAL LANDSCAPE SERVICES INC (153 trucks) | COLD FRONT (121 trucks) | NAVAJO EXPRESS INC (309 trucks) | SURESHOT DRILLING LLC ATOZ FIELD SERVICES LLC DRILL TECH LLC PINNACLE DEVELOPMENT INC HDD SPECIALISTS LLC (135 trucks),128000,15202,10727511.56,"$349,000.00"
Sol_030,765 Aspen Ridge Drive Dr,https://www.loopnet.com/Listing/765-Aspen-Ridge-Drive-Dr-Lafayette-CO/32931931/,"Lafayette, CO 80026",1.43,556000.0,40.006898203868,-105.107210150504,4585.06,5000,M,91.70%,619,BOULDER VALLEY SCHOOL DISTRICT RE-2 (134 trucks) | VIA MOBILITY SERVICES (196 trucks) | VIA MOBILITY SERVICES (116 trucks) | CU (173 trucks),128000,15202,10727511.56,"$556,000.00"
Sol_030,6109 W 48th Ave,https://www.loopnet.com/Listing/6109-W-48th-Ave-Wheat-Ridge-CO/32583003/,"Wheat Ridge, CO 80033",1.76,1141446.56,39.784078257989,-105.064430676896,2821.09,5000,M,56.42%,520,CITY OF ARVADA (100 trucks) | SITEWISE LLC (145 trucks) | COMPASS VEHICLE RENTAL INC (170 trucks) | COORS DISTRIBUTING COMPANY MILLER COORS LLC (105 trucks),128000,15202,10727511.56,"$1,141,446.56"
Sol_031,2300 W County Road 54G,https://www.loopnet.com/Listing/2300-W-County-Road-54G-Laporte-CO/33671750/,"Laporte, CO 80535",0.46,330000.0,40.625878828869,-105.117877128123,1931.6100000000001,2000,S,96.58%,528,Poudre School District  (243 trucks) | CITY OF FORT COLLINS (285 trucks),128000,15238,11456336.72,"$330,000.00"
Sol_031,17160 W Colfax Ave,https://www.loopnet.com/Listing/17160-W-Colfax-Ave-Golden-CO/29520298/,"Golden, CO 80401",0.63,500000.0,39.722253633534,-105.192465086092,5488.67,10000,L,54.89%,807,ENIVIRONMENTAL LANDWORKS COMPANY INC (115 trucks) | HOLCIM WCR INC (298 trucks) | JEFFCO SCHOOLS (274 trucks) | JEFFERSON COUNTY (120 trucks),128000,15238,11456336.72,"$500,000.00"
Sol_031,3401 S Yosemite St,https://www.loopnet.com/Listing/3401-S-Yosemite-St-Denver-CO/39837277/,"Denver, CO 80231",0.64,675000.0,39.654049416843,-104.88550562639,4128.9400000000005,5000,M,82.58%,632,COMCAST (194 trucks) | SWINGLE TREE & LANDSCAPE CARE (135 trucks) | CITY LIGHT AND POWER INC (121 trucks) | WHEEL PROS LLC (182 trucks),128000,15238,11456336.72,"$675,000.00"
Sol_031,Highway 34 Business & 83rd Avenue,https://www.loopnet.com/Listing/Highway-34-Business-83rd-Avenue-Greeley-CO/27017249/,"Greeley, CO 80634",0.66,877824.16,40.421498483243,-104.813483201346,336.5,1000,XS,33.65%,145,WELD COUNTY PUBLIC WORKS DEPARTMENT (145 trucks),128000,15238,11456336.72,"$877,824.16"
Sol_031,9190 W 84th Ave,https://www.loopnet.com/Listing/9190-W-84th-Ave-Arvada-CO/38160305/,"Arvada, CO 80005",0.67,499000.0,39.849854027782,-105.100317795342,2457.7,5000,M,49.15%,296,ALPINE MILLWORK COMPANY DBA ROCKY MOUNTAIN RELOAD (141 trucks) | GEOSTABILIZATION INTERNATIONAL LLC (155 trucks),128000,15238,11456336.72,"$499,000.00"
Sol_031,496 Laredo st,https://www.loopnet.com/Listing/496-Laredo-st-Aurora-CO/38708025/,"Aurora, CO 80011",0.7,500000.0,39.724337332754,-104.800258318335,8680.17,10000,L,86.80%,1261,AURORA PUBLIC SCHOOLS (127 trucks) | CITY OF AURORA (271 trucks) | METCO LANDSCAPING INC (226 trucks) | WAGNER EQUIPMENT CO (423 trucks) | SHAMROCK FOODS COMPANY (214 trucks),128000,15238,11456336.72,"$500,000.00"
Sol_031,NEC N Fairgrounds Ave,https://www.loopnet.com/Listing/NEC-N-Fairgrounds-Ave-Windsor-CO/29890025/,"Windsor, CO 80528",0.74,483449.0,40.437732372143,-104.982630626628,4243.52,5000,M,84.87%,684,LARIMER COUNTY (131 trucks) | NOVUS AG LLC (444 trucks) | LOVELAND MUNICIPALITY (109 trucks),128000,15238,11456336.72,"$483,449.00"
Sol_031,11958 Lincoln Ave,https://www.loopnet.com/Listing/Lincoln-Ave-Parker-CO/39741118/,"Parker, CO 80138",0.86,495000.0,39.536519536914,-104.76116705724,4937.0,5000,M,98.74%,725,ACCELERATED SERVICES LLC (373 trucks) | CHERRY CREEK SCHOOLS (352 trucks),128000,15238,11456336.72,"$495,000.00"
Sol_031,12353 E 104th Pl,https://www.loopnet.com/Listing/12353-E-104th-Pl-Commerce-City-CO/39324469/,"Commerce City, CO 80022",0.95,580000.0,39.886646182224,-104.843759389987,5864.049999999999,10000,L,58.64%,829,ENVIRONMENTAL DESIGNS LLC (156 trucks) | BALIC TRANSPORT INC (120 trucks) | BURNCO COLORADO LLC (146 trucks) | WEST DIRECT OIL (140 trucks) | SIM TRUCKING INC (120 trucks) | G&Z TRANSPORT LLC (147 trucks),128000,15238,11456336.72,"$580,000.00"
Sol_031,3311 Ideal Drive Dr,https://www.loopnet.com/Listing/3311-Ideal-Drive-Dr-Frederick-CO/35744244/,"Frederick, CO 80516",1.0,949000.0,40.087044076103,-104.992966989518,4928.75,5000,M,98.58%,991,SUPREME TRANSPORT INC (183 trucks) | WARD ELECTRIC COMPANY INC (222 trucks) | CITY OF LONGMONT (211 trucks) | ST VRAIN VALLEY SCHOOL DISTRICT (174 trucks) | HEAT WAVES HOT OIL SERVICE LLC (201 trucks),128000,15238,11456336.72,"$949,000.00"
Sol_031,12015 Irma Dr,https://www.loopnet.com/Listing/12015-Irma-Dr-Northglenn-CO/34662093/,"Northglenn, CO 80241",1.0,1098017.0,39.918832606598,-104.965887826386,3363.2500000000005,5000,M,67.27%,885,ADAMS 12 FIVE STAR SCHOOLS (182 trucks) | TRI-STATE GENERATION & TRANSMISSION ASSOCIATION INC (321 trucks) | CITY OF THORNTON (208 trucks) | CITY OF THORNTON (174 trucks),128000,15238,11456336.72,"$1,098,017.00"
Sol_031,2120 University Park Blvd,https://www.loopnet.com/Listing/2120-University-Park-Blvd-Colorado-Springs-CO/27680798/,"Colorado Springs, CO 80918",1.02,295000.0,38.910590363159,-104.78892179429,5689.619999999999,10000,L,56.90%,1031,GOODWILL OF COLORADO (134 trucks) | CITY OF COLORADO SPRINGS (326 trucks) | VECTRUS SYSTEMS CORPORATION (185 trucks) | COLORADO SPRINGS SCHOOL DISTRICT 11 (130 trucks) | El PASO COUNTY (112 trucks) | MOUNTAIN METROPOLITAN TRANSIT (144 trucks),128000,15238,11456336.72,"$295,000.00"
Sol_031,7099 S Kenton St,https://www.loopnet.com/Listing/7099-S-Kenton-St-Centennial-CO/6542016/,"Centennial, CO 80112",1.18,976600.0,39.588430849644,-104.861817781283,16997.23,20000,XL,84.99%,2298,HBSCO DANS TRASH AT YOUR DISPOSAL (110 trucks) | BUCKLEY POWDER CO (217 trucks) | IHC SCOTT INC (214 trucks) | ORICA USA INC (215 trucks) | GLOBAL TRANSPORTATION LLC (442 trucks) | CH2M OMI CH2MHILL JACOBS (183 trucks) | AMERICAN FURNITURE WAREHOUSE CO (340 trucks) | TERRACARE ASSOCIATES LLC (156 trucks) | ENTERPRISE RENT-A-CAR NATIONAL RENT A CAR ALAMO RENT A CAR (421 trucks),128000,15238,11456336.72,"$976,600.00"
Sol_031,6322 Ivanhoe St,https://www.loopnet.com/Listing/6322-Ivanhoe-St-Commerce-City-CO/30497175/,"Commerce City, CO 80022",1.24,1500000.0,39.811481968412,-104.920723282229,19295.64,20000,XL,96.48%,2557,UNITED SITE SERVICES OF NEVADA INC (409 trucks) | UNITED SITE SERVICES OF COLORADO INC (147 trucks) | OFFEN PETROLEUM LLC (269 trucks) | WESTERN DISTRIBUTING TRANSPORTATION CORP (155 trucks) | READY MIX CONCRETE COMPANY (191 trucks) | RMS CRANES (139 trucks) | EAGLE ROCK DISTRIBUTING COMPANY OF COLORADO LLC (148 trucks) | WASTE CONNECTIONS OF COLORADO INC (486 trucks) | SUPERSHUTTLE DENVER (125 trucks) | SURESHOT DRILLING LLC ATOZ FIELD SERVICES LLC DRILL TECH LLC PINNACLE DEVELOPMENT INC HDD SPECIALISTS LLC (135 trucks) | COCAL LANDSCAPE SERVICES INC (153 trucks) | U S TRANSPORT INC (200 trucks),128000,15238,11456336.72,"$1,500,000.00"
Sol_031,765 Aspen Ridge Drive Dr,https://www.loopnet.com/Listing/765-Aspen-Ridge-Drive-Dr-Lafayette-CO/32931931/,"Lafayette, CO 80026",1.43,556000.0,40.006898203868,-105.107210150504,4585.06,5000,M,91.70%,619,BOULDER VALLEY SCHOOL DISTRICT RE-2 (134 trucks) | VIA MOBILITY SERVICES (196 trucks) | VIA MOBILITY SERVICES (116 trucks) | CU (173 trucks),128000,15238,11456336.72,"$556,000.00"
Sol_031,6109 W 48th Ave,https://www.loopnet.com/Listing/6109-W-48th-Ave-Wheat-Ridge-CO/32583003/,"Wheat Ridge, CO 80033",1.76,1141446.56,39.784078257989,-105.064430676896,6837.22,10000,L,68.37%,950,CITY OF ARVADA (100 trucks) | SITEWISE LLC (145 trucks) | COMPASS VEHICLE RENTAL INC (170 trucks) | COORS DISTRIBUTING COMPANY MILLER COORS LLC (105 trucks) | COLD FRONT (121 trucks) | NAVAJO EXPRESS INC (309 trucks),128000,15238,11456336.72,"$1,141,446.56"
Sol_032,2300 W County Road 54G,https://www.loopnet.com/Listing/2300-W-County-Road-54G-Laporte-CO/33671750/,"Laporte, CO 80535",0.46,330000.0,40.625878828869,-105.117877128123,1931.6100000000001,2000,S,96.58%,528,Poudre School District  (243 trucks) | CITY OF FORT COLLINS (285 trucks),132000,15843,13543155.56,"$330,000.00"
Sol_032,17160 W Colfax Ave,https://www.loopnet.com/Listing/17160-W-Colfax-Ave-Golden-CO/29520298/,"Golden, CO 80401",0.63,500000.0,39.722253633534,-105.192465086092,5488.67,10000,L,54.89%,807,ENIVIRONMENTAL LANDWORKS COMPANY INC (115 trucks) | HOLCIM WCR INC (298 trucks) | JEFFCO SCHOOLS (274 trucks) | JEFFERSON COUNTY (120 trucks),132000,15843,13543155.56,"$500,000.00"
Sol_032,3401 S Yosemite St,https://www.loopnet.com/Listing/3401-S-Yosemite-St-Denver-CO/39837277/,"Denver, CO 80231",0.64,675000.0,39.654049416843,-104.88550562639,4128.9400000000005,5000,M,82.58%,632,COMCAST (194 trucks) | SWINGLE TREE & LANDSCAPE CARE (135 trucks) | CITY LIGHT AND POWER INC (121 trucks) | WHEEL PROS LLC (182 trucks),132000,15843,13543155.56,"$675,000.00"
Sol_032,9190 W 84th Ave,https://www.loopnet.com/Listing/9190-W-84th-Ave-Arvada-CO/38160305/,"Arvada, CO 80005",0.67,499000.0,39.849854027782,-105.100317795342,2457.7,5000,M,49.15%,296,ALPINE MILLWORK COMPANY DBA ROCKY MOUNTAIN RELOAD (141 trucks) | GEOSTABILIZATION INTERNATIONAL LLC (155 trucks),132000,15843,13543155.56,"$499,000.00"
Sol_032,496 Laredo st,https://www.loopnet.com/Listing/496-Laredo-st-Aurora-CO/38708025/,"Aurora, CO 80011",0.7,500000.0,39.724337332754,-104.800258318335,8680.17,10000,L,86.80%,1261,AURORA PUBLIC SCHOOLS (127 trucks) | CITY OF AURORA (271 trucks) | METCO LANDSCAPING INC (226 trucks) | WAGNER EQUIPMENT CO (423 trucks) | SHAMROCK FOODS COMPANY (214 trucks),132000,15843,13543155.56,"$500,000.00"
Sol_032,NEC N Fairgrounds Ave,https://www.loopnet.com/Listing/NEC-N-Fairgrounds-Ave-Windsor-CO/29890025/,"Windsor, CO 80528",0.74,483449.0,40.437732372143,-104.982630626628,4243.52,5000,M,84.87%,684,LARIMER COUNTY (131 trucks) | NOVUS AG LLC (444 trucks) | LOVELAND MUNICIPALITY (109 trucks),132000,15843,13543155.56,"$483,449.00"
Sol_032,11958 Lincoln Ave,https://www.loopnet.com/Listing/Lincoln-Ave-Parker-CO/39741118/,"Parker, CO 80138",0.86,495000.0,39.536519536914,-104.76116705724,4937.0,5000,M,98.74%,725,ACCELERATED SERVICES LLC (373 trucks) | CHERRY CREEK SCHOOLS (352 trucks),132000,15843,13543155.56,"$495,000.00"
Sol_032,3311 Ideal Drive Dr,https://www.loopnet.com/Listing/3311-Ideal-Drive-Dr-Frederick-CO/35744244/,"Frederick, CO 80516",1.0,949000.0,40.087044076103,-104.992966989518,4928.75,5000,M,98.58%,991,SUPREME TRANSPORT INC (183 trucks) | WARD ELECTRIC COMPANY INC (222 trucks) | CITY OF LONGMONT (211 trucks) | ST VRAIN VALLEY SCHOOL DISTRICT (174 trucks) | HEAT WAVES HOT OIL SERVICE LLC (201 trucks),132000,15843,13543155.56,"$949,000.00"
Sol_032,12015 Irma Dr,https://www.loopnet.com/Listing/12015-Irma-Dr-Northglenn-CO/34662093/,"Northglenn, CO 80241",1.0,1098017.0,39.918832606598,-104.965887826386,7349.780000000001,10000,L,73.50%,1428,ADAMS 12 FIVE STAR SCHOOLS (182 trucks) | TRI-STATE GENERATION & TRANSMISSION ASSOCIATION INC (321 trucks) | CITY OF THORNTON (208 trucks) | CITY OF THORNTON (174 trucks) | BALIC TRANSPORT INC (120 trucks) | ENVIRONMENTAL DESIGNS LLC (156 trucks) | SIM TRUCKING INC (120 trucks) | G&Z TRANSPORT LLC (147 trucks),132000,15843,13543155.56,"$1,098,017.00"
Sol_032,2120 University Park Blvd,https://www.loopnet.com/Listing/2120-University-Park-Blvd-Colorado-Springs-CO/27680798/,"Colorado Springs, CO 80918",1.02,295000.0,38.910590363159,-104.78892179429,5689.619999999999,10000,L,56.90%,1031,GOODWILL OF COLORADO (134 trucks) | CITY OF COLORADO SPRINGS (326 trucks) | VECTRUS SYSTEMS CORPORATION (185 trucks) | COLORADO SPRINGS SCHOOL DISTRICT 11 (130 trucks) | El PASO COUNTY (112 trucks) | MOUNTAIN METROPOLITAN TRANSIT (144 trucks),132000,15843,13543155.56,"$295,000.00"
Sol_032,4265 Santa Fe Dr,https://www.loopnet.com/Listing/4265-Santa-Fe-Dr-Sheridan-CO/30482164/,"Sheridan, CO 80110",1.17,1799000.0,39.63876696462,-105.007023340305,4209.639999999999,5000,M,84.19%,507,KEESEN ENTERPRISES INC (263 trucks) | QUALITY LOGISTICS INC (135 trucks) | PACIFIC SHIPPING & TRUCKING CO INC (109 trucks),132000,15843,13543155.56,"$1,799,000.00"
Sol_032,7099 S Kenton St,https://www.loopnet.com/Listing/7099-S-Kenton-St-Centennial-CO/6542016/,"Centennial, CO 80112",1.18,976600.0,39.588430849644,-104.861817781283,16997.23,20000,XL,84.99%,2298,HBSCO DANS TRASH AT YOUR DISPOSAL (110 trucks) | BUCKLEY POWDER CO (217 trucks) | IHC SCOTT INC (214 trucks) | ORICA USA INC (215 trucks) | GLOBAL TRANSPORTATION LLC (442 trucks) | CH2M OMI CH2MHILL JACOBS (183 trucks) | AMERICAN FURNITURE WAREHOUSE CO (340 trucks) | TERRACARE ASSOCIATES LLC (156 trucks) | ENTERPRISE RENT-A-CAR NATIONAL RENT A CAR ALAMO RENT A CAR (421 trucks),132000,15843,13543155.56,"$976,600.00"
Sol_032,6322 Ivanhoe St,https://www.loopnet.com/Listing/6322-Ivanhoe-St-Commerce-City-CO/30497175/,"Commerce City, CO 80022",1.24,1500000.0,39.811481968412,-104.920723282229,19960.92,20000,XL,99.80%,2697,UNITED SITE SERVICES OF NEVADA INC (409 trucks) | UNITED SITE SERVICES OF COLORADO INC (147 trucks) | OFFEN PETROLEUM LLC (269 trucks) | WESTERN DISTRIBUTING TRANSPORTATION CORP (155 trucks) | READY MIX CONCRETE COMPANY (191 trucks) | RMS CRANES (139 trucks) | EAGLE ROCK DISTRIBUTING COMPANY OF COLORADO LLC (148 trucks) | WASTE CONNECTIONS OF COLORADO INC (486 trucks) | SUPERSHUTTLE DENVER (125 trucks) | SURESHOT DRILLING LLC ATOZ FIELD SERVICES LLC DRILL TECH LLC PINNACLE DEVELOPMENT INC HDD SPECIALISTS LLC (135 trucks) | COCAL LANDSCAPE SERVICES INC (153 trucks) | U S TRANSPORT INC (200 trucks) | WEST DIRECT OIL (140 trucks),132000,15843,13543155.56,"$1,500,000.00"
Sol_032,765 Aspen Ridge Drive Dr,https://www.loopnet.com/Listing/765-Aspen-Ridge-Drive-Dr-Lafayette-CO/32931931/,"Lafayette, CO 80026",1.43,556000.0,40.006898203868,-105.107210150504,4585.06,5000,M,91.70%,619,BOULDER VALLEY SCHOOL DISTRICT RE-2 (134 trucks) | VIA MOBILITY SERVICES (196 trucks) | VIA MOBILITY SERVICES (116 trucks) | CU (173 trucks),132000,15843,13543155.56,"$556,000.00"
Sol_032,6109 W 48th Ave,https://www.loopnet.com/Listing/6109-W-48th-Ave-Wheat-Ridge-CO/32583003/,"Wheat Ridge, CO 80033",1.76,1141446.56,39.784078257989,-105.064430676896,6837.22,10000,L,68.37%,950,CITY OF ARVADA (100 trucks) | SITEWISE LLC (145 trucks) | COMPASS VEHICLE RENTAL INC (170 trucks) | COORS DISTRIBUTING COMPANY MILLER COORS LLC (105 trucks) | COLD FRONT (121 trucks) | NAVAJO EXPRESS INC (309 trucks),132000,15843,13543155.56,"$1,141,446.56"
Sol_032,5480 Montana Vista Way,https://www.loopnet.com/Listing/5480-Montana-Vista-Way-Castle-Rock-CO/31324562/,"Castle Rock, CO 80108",2.0,1745643.0,39.413964345372,-104.86151758933,2577.81,5000,M,51.56%,389,TOWN OF CASTLE ROCK  (109 trucks) | GREAT SOUTHWESTERN CONSTRUCTION INC (280 trucks),132000,15843,13543155.56,"$1,745,643.00"
Sol_033,17160 W Colfax Ave,https://www.loopnet.com/Listing/17160-W-Colfax-Ave-Golden-CO/29520298/,"Golden, CO 80401",0.63,500000.0,39.722253633534,-105.192465086092,5488.67,10000,L,54.89%,807,ENIVIRONMENTAL LANDWORKS COMPANY INC (115 trucks) | HOLCIM WCR INC (298 trucks) | JEFFCO SCHOOLS (274 trucks) | JEFFERSON COUNTY (120 trucks),110000,12565,8168512.5600000005,"$500,000.00"
Sol_033,3401 S Yosemite St,https://www.loopnet.com/Listing/3401-S-Yosemite-St-Denver-CO/39837277/,"Denver, CO 80231",0.64,675000.0,39.654049416843,-104.88550562639,4128.9400000000005,5000,M,82.58%,632,COMCAST (194 trucks) | SWINGLE TREE & LANDSCAPE CARE (135 trucks) | CITY LIGHT AND POWER INC (121 trucks) | WHEEL PROS LLC (182 trucks),110000,12565,8168512.5600000005,"$675,000.00"
Sol_033,9190 W 84th Ave,https://www.loopnet.com/Listing/9190-W-84th-Ave-Arvada-CO/38160305/,"Arvada, CO 80005",0.67,499000.0,39.849854027782,-105.100317795342,2457.7,5000,M,49.15%,296,ALPINE MILLWORK COMPANY DBA ROCKY MOUNTAIN RELOAD (141 trucks) | GEOSTABILIZATION INTERNATIONAL LLC (155 trucks),110000,12565,8168512.5600000005,"$499,000.00"
Sol_033,496 Laredo st,https://www.loopnet.com/Listing/496-Laredo-st-Aurora-CO/38708025/,"Aurora, CO 80011",0.7,500000.0,39.724337332754,-104.800258318335,8680.17,10000,L,86.80%,1261,AURORA PUBLIC SCHOOLS (127 trucks) | CITY OF AURORA (271 trucks) | METCO LANDSCAPING INC (226 trucks) | WAGNER EQUIPMENT CO (423 trucks) | SHAMROCK FOODS COMPANY (214 trucks),110000,12565,8168512.5600000005,"$500,000.00"
Sol_033,NEC N Fairgrounds Ave,https://www.loopnet.com/Listing/NEC-N-Fairgrounds-Ave-Windsor-CO/29890025/,"Windsor, CO 80528",0.74,483449.0,40.437732372143,-104.982630626628,4243.52,5000,M,84.87%,684,LARIMER COUNTY (131 trucks) | NOVUS AG LLC (444 trucks) | LOVELAND MUNICIPALITY (109 trucks),110000,12565,8168512.5600000005,"$483,449.00"
Sol_033,11958 Lincoln Ave,https://www.loopnet.com/Listing/Lincoln-Ave-Parker-CO/39741118/,"Parker, CO 80138",0.86,495000.0,39.536519536914,-104.76116705724,4937.0,5000,M,98.74%,725,ACCELERATED SERVICES LLC (373 trucks) | CHERRY CREEK SCHOOLS (352 trucks),110000,12565,8168512.5600000005,"$495,000.00"
Sol_033,3311 Ideal Drive Dr,https://www.loopnet.com/Listing/3311-Ideal-Drive-Dr-Frederick-CO/35744244/,"Frederick, CO 80516",1.0,949000.0,40.087044076103,-104.992966989518,4928.75,5000,M,98.58%,991,SUPREME TRANSPORT INC (183 trucks) | WARD ELECTRIC COMPANY INC (222 trucks) | CITY OF LONGMONT (211 trucks) | ST VRAIN VALLEY SCHOOL DISTRICT (174 trucks) | HEAT WAVES HOT OIL SERVICE LLC (201 trucks),110000,12565,8168512.5600000005,"$949,000.00"
Sol_033,12015 Irma Dr,https://www.loopnet.com/Listing/12015-Irma-Dr-Northglenn-CO/34662093/,"Northglenn, CO 80241",1.0,1098017.0,39.918832606598,-104.965887826386,11460.82,20000,XL,57.30%,1983,ADAMS 12 FIVE STAR SCHOOLS (182 trucks) | TRI-STATE GENERATION & TRANSMISSION ASSOCIATION INC (321 trucks) | CITY OF THORNTON (208 trucks) | CITY OF THORNTON (174 trucks) | BALIC TRANSPORT INC (120 trucks) | BURNCO COLORADO LLC (146 trucks) | WEST DIRECT OIL (140 trucks) | OFFEN PETROLEUM LLC (269 trucks) | ENVIRONMENTAL DESIGNS LLC (156 trucks) | SIM TRUCKING INC (120 trucks) | G&Z TRANSPORT LLC (147 trucks),110000,12565,8168512.5600000005,"$1,098,017.00"
Sol_033,2120 University Park Blvd,https://www.loopnet.com/Listing/2120-University-Park-Blvd-Colorado-Springs-CO/27680798/,"Colorado Springs, CO 80918",1.02,295000.0,38.910590363159,-104.78892179429,5689.619999999999,10000,L,56.90%,1031,GOODWILL OF COLORADO (134 trucks) | CITY OF COLORADO SPRINGS (326 trucks) | VECTRUS SYSTEMS CORPORATION (185 trucks) | COLORADO SPRINGS SCHOOL DISTRICT 11 (130 trucks) | El PASO COUNTY (112 trucks) | MOUNTAIN METROPOLITAN TRANSIT (144 trucks),110000,12565,8168512.5600000005,"$295,000.00"
Sol_033,7099 S Kenton St,https://www.loopnet.com/Listing/7099-S-Kenton-St-Centennial-CO/6542016/,"Centennial, CO 80112",1.18,976600.0,39.588430849644,-104.861817781283,16997.23,20000,XL,84.99%,2298,HBSCO DANS TRASH AT YOUR DISPOSAL (110 trucks) | BUCKLEY POWDER CO (217 trucks) | IHC SCOTT INC (214 trucks) | ORICA USA INC (215 trucks) | GLOBAL TRANSPORTATION LLC (442 trucks) | CH2M OMI CH2MHILL JACOBS (183 trucks) | AMERICAN FURNITURE WAREHOUSE CO (340 trucks) | TERRACARE ASSOCIATES LLC (156 trucks) | ENTERPRISE RENT-A-CAR NATIONAL RENT A CAR ALAMO RENT A CAR (421 trucks),110000,12565,8168512.5600000005,"$976,600.00"
Sol_033,765 Aspen Ridge Drive Dr,https://www.loopnet.com/Listing/765-Aspen-Ridge-Drive-Dr-Lafayette-CO/32931931/,"Lafayette, CO 80026",1.43,556000.0,40.006898203868,-105.107210150504,4585.06,5000,M,91.70%,619,BOULDER VALLEY SCHOOL DISTRICT RE-2 (134 trucks) | VIA MOBILITY SERVICES (196 trucks) | VIA MOBILITY SERVICES (116 trucks) | CU (173 trucks),110000,12565,8168512.5600000005,"$556,000.00"
Sol_033,6109 W 48th Ave,https://www.loopnet.com/Listing/6109-W-48th-Ave-Wheat-Ridge-CO/32583003/,"Wheat Ridge, CO 80033",1.76,1141446.56,39.784078257989,-105.064430676896,8749.11,10000,L,87.49%,1238,CITY OF ARVADA (100 trucks) | SITEWISE LLC (145 trucks) | COMPASS VEHICLE RENTAL INC (170 trucks) | COORS DISTRIBUTING COMPANY MILLER COORS LLC (105 trucks) | COLD FRONT (121 trucks) | NAVAJO EXPRESS INC (309 trucks) | SURESHOT DRILLING LLC ATOZ FIELD SERVICES LLC DRILL TECH LLC PINNACLE DEVELOPMENT INC HDD SPECIALISTS LLC (135 trucks) | COCAL LANDSCAPE SERVICES INC (153 trucks),110000,12565,8168512.5600000005,"$1,141,446.56"
Sol_034,2300 W County Road 54G,https://www.loopnet.com/Listing/2300-W-County-Road-54G-Laporte-CO/33671750/,"Laporte, CO 80535",0.46,330000.0,40.625878828869,-105.117877128123,1931.6100000000001,2000,S,96.58%,528,Poudre School District  (243 trucks) | CITY OF FORT COLLINS (285 trucks),117000,13304,8549512.56,"$330,000.00"
Sol_034,17160 W Colfax Ave,https://www.loopnet.com/Listing/17160-W-Colfax-Ave-Golden-CO/29520298/,"Golden, CO 80401",0.63,500000.0,39.722253633534,-105.192465086092,5488.67,10000,L,54.89%,807,ENIVIRONMENTAL LANDWORKS COMPANY INC (115 trucks) | HOLCIM WCR INC (298 trucks) | JEFFCO SCHOOLS (274 trucks) | JEFFERSON COUNTY (120 trucks),117000,13304,8549512.56,"$500,000.00"
Sol_034,3401 S Yosemite St,https://www.loopnet.com/Listing/3401-S-Yosemite-St-Denver-CO/39837277/,"Denver, CO 80231",0.64,675000.0,39.654049416843,-104.88550562639,5421.700000000001,10000,L,54.22%,1030,COMCAST (194 trucks) | SWINGLE TREE & LANDSCAPE CARE (135 trucks) | CITY LIGHT AND POWER INC (121 trucks) | WHEEL PROS LLC (182 trucks) | CITY OF AURORA (271 trucks) | AURORA PUBLIC SCHOOLS (127 trucks),117000,13304,8549512.56,"$675,000.00"
Sol_034,9190 W 84th Ave,https://www.loopnet.com/Listing/9190-W-84th-Ave-Arvada-CO/38160305/,"Arvada, CO 80005",0.67,499000.0,39.849854027782,-105.100317795342,2457.7,5000,M,49.15%,296,ALPINE MILLWORK COMPANY DBA ROCKY MOUNTAIN RELOAD (141 trucks) | GEOSTABILIZATION INTERNATIONAL LLC (155 trucks),117000,13304,8549512.56,"$499,000.00"
Sol_034,NEC N Fairgrounds Ave,https://www.loopnet.com/Listing/NEC-N-Fairgrounds-Ave-Windsor-CO/29890025/,"Windsor, CO 80528",0.74,483449.0,40.437732372143,-104.982630626628,4243.52,5000,M,84.87%,684,LARIMER COUNTY (131 trucks) | NOVUS AG LLC (444 trucks) | LOVELAND MUNICIPALITY (109 trucks),117000,13304,8549512.56,"$483,449.00"
Sol_034,11958 Lincoln Ave,https://www.loopnet.com/Listing/Lincoln-Ave-Parker-CO/39741118/,"Parker, CO 80138",0.86,495000.0,39.536519536914,-104.76116705724,4937.0,5000,M,98.74%,725,ACCELERATED SERVICES LLC (373 trucks) | CHERRY CREEK SCHOOLS (352 trucks),117000,13304,8549512.56,"$495,000.00"
Sol_034,12015 Irma Dr,https://www.loopnet.com/Listing/12015-Irma-Dr-Northglenn-CO/34662093/,"Northglenn, CO 80241",1.0,1098017.0,39.918832606598,-104.965887826386,7349.780000000001,10000,L,73.50%,1428,ADAMS 12 FIVE STAR SCHOOLS (182 trucks) | TRI-STATE GENERATION & TRANSMISSION ASSOCIATION INC (321 trucks) | CITY OF THORNTON (208 trucks) | CITY OF THORNTON (174 trucks) | BALIC TRANSPORT INC (120 trucks) | ENVIRONMENTAL DESIGNS LLC (156 trucks) | SIM TRUCKING INC (120 trucks) | G&Z TRANSPORT LLC (147 trucks),117000,13304,8549512.56,"$1,098,017.00"
Sol_034,2120 University Park Blvd,https://www.loopnet.com/Listing/2120-University-Park-Blvd-Colorado-Springs-CO/27680798/,"Colorado Springs, CO 80918",1.02,295000.0,38.910590363159,-104.78892179429,5689.619999999999,10000,L,56.90%,1031,GOODWILL OF COLORADO (134 trucks) | CITY OF COLORADO SPRINGS (326 trucks) | VECTRUS SYSTEMS CORPORATION (185 trucks) | COLORADO SPRINGS SCHOOL DISTRICT 11 (130 trucks) | El PASO COUNTY (112 trucks) | MOUNTAIN METROPOLITAN TRANSIT (144 trucks),117000,13304,8549512.56,"$295,000.00"
Sol_034,7099 S Kenton St,https://www.loopnet.com/Listing/7099-S-Kenton-St-Centennial-CO/6542016/,"Centennial, CO 80112",1.18,976600.0,39.588430849644,-104.861817781283,16997.23,20000,XL,84.99%,2298,HBSCO DANS TRASH AT YOUR DISPOSAL (110 trucks) | BUCKLEY POWDER CO (217 trucks) | IHC SCOTT INC (214 trucks) | ORICA USA INC (215 trucks) | GLOBAL TRANSPORTATION LLC (442 trucks) | CH2M OMI CH2MHILL JACOBS (183 trucks) | AMERICAN FURNITURE WAREHOUSE CO (340 trucks) | TERRACARE ASSOCIATES LLC (156 trucks) | ENTERPRISE RENT-A-CAR NATIONAL RENT A CAR ALAMO RENT A CAR (421 trucks),117000,13304,8549512.56,"$976,600.00"
Sol_034,6322 Ivanhoe St,https://www.loopnet.com/Listing/6322-Ivanhoe-St-Commerce-City-CO/30497175/,"Commerce City, CO 80022",1.24,1500000.0,39.811481968412,-104.920723282229,19960.92,20000,XL,99.80%,2697,UNITED SITE SERVICES OF NEVADA INC (409 trucks) | UNITED SITE SERVICES OF COLORADO INC (147 trucks) | OFFEN PETROLEUM LLC (269 trucks) | WESTERN DISTRIBUTING TRANSPORTATION CORP (155 trucks) | READY MIX CONCRETE COMPANY (191 trucks) | RMS CRANES (139 trucks) | EAGLE ROCK DISTRIBUTING COMPANY OF COLORADO LLC (148 trucks) | WASTE CONNECTIONS OF COLORADO INC (486 trucks) | SUPERSHUTTLE DENVER (125 trucks) | SURESHOT DRILLING LLC ATOZ FIELD SERVICES LLC DRILL TECH LLC PINNACLE DEVELOPMENT INC HDD SPECIALISTS LLC (135 trucks) | COCAL LANDSCAPE SERVICES INC (153 trucks) | U S TRANSPORT INC (200 trucks) | WEST DIRECT OIL (140 trucks),117000,13304,8549512.56,"$1,500,000.00"
Sol_034,765 Aspen Ridge Drive Dr,https://www.loopnet.com/Listing/765-Aspen-Ridge-Drive-Dr-Lafayette-CO/32931931/,"Lafayette, CO 80026",1.43,556000.0,40.006898203868,-105.107210150504,5074.7300000000005,10000,L,50.75%,830,BOULDER VALLEY SCHOOL DISTRICT RE-2 (134 trucks) | VIA MOBILITY SERVICES (196 trucks) | VIA MOBILITY SERVICES (116 trucks) | CU (173 trucks) | CITY OF LONGMONT (211 trucks),117000,13304,8549512.56,"$556,000.00"
Sol_034,6109 W 48th Ave,https://www.loopnet.com/Listing/6109-W-48th-Ave-Wheat-Ridge-CO/32583003/,"Wheat Ridge, CO 80033",1.76,1141446.56,39.784078257989,-105.064430676896,6837.22,10000,L,68.37%,950,CITY OF ARVADA (100 trucks) | SITEWISE LLC (145 trucks) | COMPASS VEHICLE RENTAL INC (170 trucks) | COORS DISTRIBUTING COMPANY MILLER COORS LLC (105 trucks) | COLD FRONT (121 trucks) | NAVAJO EXPRESS INC (309 trucks),117000,13304,8549512.56,"$1,141,446.56"
Sol_035,2300 W County Road 54G,https://www.loopnet.com/Listing/2300-W-County-Road-54G-Laporte-CO/33671750/,"Laporte, CO 80535",0.46,330000.0,40.625878828869,-105.117877128123,1931.6100000000001,2000,S,96.58%,528,Poudre School District  (243 trucks) | CITY OF FORT COLLINS (285 trucks),127000,15093,10347512.56,"$330,000.00"
Sol_035,17160 W Colfax Ave,https://www.loopnet.com/Listing/17160-W-Colfax-Ave-Golden-CO/29520298/,"Golden, CO 80401",0.63,500000.0,39.722253633534,-105.192465086092,5488.67,10000,L,54.89%,807,ENIVIRONMENTAL LANDWORKS COMPANY INC (115 trucks) | HOLCIM WCR INC (298 trucks) | JEFFCO SCHOOLS (274 trucks) | JEFFERSON COUNTY (120 trucks),127000,15093,10347512.56,"$500,000.00"
Sol_035,3401 S Yosemite St,https://www.loopnet.com/Listing/3401-S-Yosemite-St-Denver-CO/39837277/,"Denver, CO 80231",0.64,675000.0,39.654049416843,-104.88550562639,4128.9400000000005,5000,M,82.58%,632,COMCAST (194 trucks) | SWINGLE TREE & LANDSCAPE CARE (135 trucks) | CITY LIGHT AND POWER INC (121 trucks) | WHEEL PROS LLC (182 trucks),127000,15093,10347512.56,"$675,000.00"
Sol_035,9190 W 84th Ave,https://www.loopnet.com/Listing/9190-W-84th-Ave-Arvada-CO/38160305/,"Arvada, CO 80005",0.67,499000.0,39.849854027782,-105.100317795342,2457.7,5000,M,49.15%,296,ALPINE MILLWORK COMPANY DBA ROCKY MOUNTAIN RELOAD (141 trucks) | GEOSTABILIZATION INTERNATIONAL LLC (155 trucks),127000,15093,10347512.56,"$499,000.00"
Sol_035,496 Laredo st,https://www.loopnet.com/Listing/496-Laredo-st-Aurora-CO/38708025/,"Aurora, CO 80011",0.7,500000.0,39.724337332754,-104.800258318335,8680.17,10000,L,86.80%,1261,AURORA PUBLIC SCHOOLS (127 trucks) | CITY OF AURORA (271 trucks) | METCO LANDSCAPING INC (226 trucks) | WAGNER EQUIPMENT CO (423 trucks) | SHAMROCK FOODS COMPANY (214 trucks),127000,15093,10347512.56,"$500,000.00"
Sol_035,NEC N Fairgrounds Ave,https://www.loopnet.com/Listing/NEC-N-Fairgrounds-Ave-Windsor-CO/29890025/,"Windsor, CO 80528",0.74,483449.0,40.437732372143,-104.982630626628,4243.52,5000,M,84.87%,684,LARIMER COUNTY (131 trucks) | NOVUS AG LLC (444 trucks) | LOVELAND MUNICIPALITY (109 trucks),127000,15093,10347512.56,"$483,449.00"
Sol_035,11958 Lincoln Ave,https://www.loopnet.com/Listing/Lincoln-Ave-Parker-CO/39741118/,"Parker, CO 80138",0.86,495000.0,39.536519536914,-104.76116705724,4937.0,5000,M,98.74%,725,ACCELERATED SERVICES LLC (373 trucks) | CHERRY CREEK SCHOOLS (352 trucks),127000,15093,10347512.56,"$495,000.00"
Sol_035,3311 Ideal Drive Dr,https://www.loopnet.com/Listing/3311-Ideal-Drive-Dr-Frederick-CO/35744244/,"Frederick, CO 80516",1.0,949000.0,40.087044076103,-104.992966989518,4928.75,5000,M,98.58%,991,SUPREME TRANSPORT INC (183 trucks) | WARD ELECTRIC COMPANY INC (222 trucks) | CITY OF LONGMONT (211 trucks) | ST VRAIN VALLEY SCHOOL DISTRICT (174 trucks) | HEAT WAVES HOT OIL SERVICE LLC (201 trucks),127000,15093,10347512.56,"$949,000.00"
Sol_035,12015 Irma Dr,https://www.loopnet.com/Listing/12015-Irma-Dr-Northglenn-CO/34662093/,"Northglenn, CO 80241",1.0,1098017.0,39.918832606598,-104.965887826386,6463.27,10000,L,64.63%,1046,ADAMS 12 FIVE STAR SCHOOLS (182 trucks) | TRI-STATE GENERATION & TRANSMISSION ASSOCIATION INC (321 trucks) | BALIC TRANSPORT INC (120 trucks) | ENVIRONMENTAL DESIGNS LLC (156 trucks) | SIM TRUCKING INC (120 trucks) | G&Z TRANSPORT LLC (147 trucks),127000,15093,10347512.56,"$1,098,017.00"
Sol_035,2120 University Park Blvd,https://www.loopnet.com/Listing/2120-University-Park-Blvd-Colorado-Springs-CO/27680798/,"Colorado Springs, CO 80918",1.02,295000.0,38.910590363159,-104.78892179429,5689.619999999999,10000,L,56.90%,1031,GOODWILL OF COLORADO (134 trucks) | CITY OF COLORADO SPRINGS (326 trucks) | VECTRUS SYSTEMS CORPORATION (185 trucks) | COLORADO SPRINGS SCHOOL DISTRICT 11 (130 trucks) | El PASO COUNTY (112 trucks) | MOUNTAIN METROPOLITAN TRANSIT (144 trucks),127000,15093,10347512.56,"$295,000.00"
Sol_035,7099 S Kenton St,https://www.loopnet.com/Listing/7099-S-Kenton-St-Centennial-CO/6542016/,"Centennial, CO 80112",1.18,976600.0,39.588430849644,-104.861817781283,16997.23,20000,XL,84.99%,2298,HBSCO DANS TRASH AT YOUR DISPOSAL (110 trucks) | BUCKLEY POWDER CO (217 trucks) | IHC SCOTT INC (214 trucks) | ORICA USA INC (215 trucks) | GLOBAL TRANSPORTATION LLC (442 trucks) | CH2M OMI CH2MHILL JACOBS (183 trucks) | AMERICAN FURNITURE WAREHOUSE CO (340 trucks) | TERRACARE ASSOCIATES LLC (156 trucks) | ENTERPRISE RENT-A-CAR NATIONAL RENT A CAR ALAMO RENT A CAR (421 trucks),127000,15093,10347512.56,"$976,600.00"
Sol_035,6322 Ivanhoe St,https://www.loopnet.com/Listing/6322-Ivanhoe-St-Commerce-City-CO/30497175/,"Commerce City, CO 80022",1.24,1500000.0,39.811481968412,-104.920723282229,19261.269999999997,20000,XL,96.31%,2555,UNITED SITE SERVICES OF NEVADA INC (409 trucks) | UNITED SITE SERVICES OF COLORADO INC (147 trucks) | OFFEN PETROLEUM LLC (269 trucks) | WESTERN DISTRIBUTING TRANSPORTATION CORP (155 trucks) | READY MIX CONCRETE COMPANY (191 trucks) | RMS CRANES (139 trucks) | EAGLE ROCK DISTRIBUTING COMPANY OF COLORADO LLC (148 trucks) | WASTE CONNECTIONS OF COLORADO INC (486 trucks) | SUPERSHUTTLE DENVER (125 trucks) | U S TRANSPORT INC (200 trucks) | WEST DIRECT OIL (140 trucks) | BURNCO COLORADO LLC (146 trucks),127000,15093,10347512.56,"$1,500,000.00"
Sol_035,8850 Huron St,https://www.loopnet.com/Listing/8850-Huron-St-Thornton-CO/33061072/,"Thornton, CO 80260",1.26,349000.0,39.858426283979,-104.995662022846,6814.530000000001,10000,L,68.15%,1100,CITY OF THORNTON (208 trucks) | CITY OF THORNTON (174 trucks) | COCAL LANDSCAPE SERVICES INC (153 trucks) | COLD FRONT (121 trucks) | NAVAJO EXPRESS INC (309 trucks) | SURESHOT DRILLING LLC ATOZ FIELD SERVICES LLC DRILL TECH LLC PINNACLE DEVELOPMENT INC HDD SPECIALISTS LLC (135 trucks),127000,15093,10347512.56,"$349,000.00"
Sol_035,765 Aspen Ridge Drive Dr,https://www.loopnet.com/Listing/765-Aspen-Ridge-Drive-Dr-Lafayette-CO/32931931/,"Lafayette, CO 80026",1.43,556000.0,40.006898203868,-105.107210150504,4585.06,5000,M,91.70%,619,BOULDER VALLEY SCHOOL DISTRICT RE-2 (134 trucks) | VIA MOBILITY SERVICES (196 trucks) | VIA MOBILITY SERVICES (116 trucks) | CU (173 trucks),127000,15093,10347512.56,"$556,000.00"
Sol_035,6109 W 48th Ave,https://www.loopnet.com/Listing/6109-W-48th-Ave-Wheat-Ridge-CO/32583003/,"Wheat Ridge, CO 80033",1.76,1141446.56,39.784078257989,-105.064430676896,2821.09,5000,M,56.42%,520,CITY OF ARVADA (100 trucks) | SITEWISE LLC (145 trucks) | COMPASS VEHICLE RENTAL INC (170 trucks) | COORS DISTRIBUTING COMPANY MILLER COORS LLC (105 trucks),127000,15093,10347512.56,"$1,141,446.56"
Sol_036,2300 W County Road 54G,https://www.loopnet.com/Listing/2300-W-County-Road-54G-Laporte-CO/33671750/,"Laporte, CO 80535",0.46,330000.0,40.625878828869,-105.117877128123,1931.6100000000001,2000,S,96.58%,528,Poudre School District  (243 trucks) | CITY OF FORT COLLINS (285 trucks),112000,13093,8498512.56,"$330,000.00"
Sol_036,17160 W Colfax Ave,https://www.loopnet.com/Listing/17160-W-Colfax-Ave-Golden-CO/29520298/,"Golden, CO 80401",0.63,500000.0,39.722253633534,-105.192465086092,5488.67,10000,L,54.89%,807,ENIVIRONMENTAL LANDWORKS COMPANY INC (115 trucks) | HOLCIM WCR INC (298 trucks) | JEFFCO SCHOOLS (274 trucks) | JEFFERSON COUNTY (120 trucks),112000,13093,8498512.56,"$500,000.00"
Sol_036,3401 S Yosemite St,https://www.loopnet.com/Listing/3401-S-Yosemite-St-Denver-CO/39837277/,"Denver, CO 80231",0.64,675000.0,39.654049416843,-104.88550562639,4128.9400000000005,5000,M,82.58%,632,COMCAST (194 trucks) | SWINGLE TREE & LANDSCAPE CARE (135 trucks) | CITY LIGHT AND POWER INC (121 trucks) | WHEEL PROS LLC (182 trucks),112000,13093,8498512.56,"$675,000.00"
Sol_036,9190 W 84th Ave,https://www.loopnet.com/Listing/9190-W-84th-Ave-Arvada-CO/38160305/,"Arvada, CO 80005",0.67,499000.0,39.849854027782,-105.100317795342,2457.7,5000,M,49.15%,296,ALPINE MILLWORK COMPANY DBA ROCKY MOUNTAIN RELOAD (141 trucks) | GEOSTABILIZATION INTERNATIONAL LLC (155 trucks),112000,13093,8498512.56,"$499,000.00"
Sol_036,496 Laredo st,https://www.loopnet.com/Listing/496-Laredo-st-Aurora-CO/38708025/,"Aurora, CO 80011",0.7,500000.0,39.724337332754,-104.800258318335,8680.17,10000,L,86.80%,1261,AURORA PUBLIC SCHOOLS (127 trucks) | CITY OF AURORA (271 trucks) | METCO LANDSCAPING INC (226 trucks) | WAGNER EQUIPMENT CO (423 trucks) | SHAMROCK FOODS COMPANY (214 trucks),112000,13093,8498512.56,"$500,000.00"
Sol_036,NEC N Fairgrounds Ave,https://www.loopnet.com/Listing/NEC-N-Fairgrounds-Ave-Windsor-CO/29890025/,"Windsor, CO 80528",0.74,483449.0,40.437732372143,-104.982630626628,4243.52,5000,M,84.87%,684,LARIMER COUNTY (131 trucks) | NOVUS AG LLC (444 trucks) | LOVELAND MUNICIPALITY (109 trucks),112000,13093,8498512.56,"$483,449.00"
Sol_036,11958 Lincoln Ave,https://www.loopnet.com/Listing/Lincoln-Ave-Parker-CO/39741118/,"Parker, CO 80138",0.86,495000.0,39.536519536914,-104.76116705724,4937.0,5000,M,98.74%,725,ACCELERATED SERVICES LLC (373 trucks) | CHERRY CREEK SCHOOLS (352 trucks),112000,13093,8498512.56,"$495,000.00"
Sol_036,3311 Ideal Drive Dr,https://www.loopnet.com/Listing/3311-Ideal-Drive-Dr-Frederick-CO/35744244/,"Frederick, CO 80516",1.0,949000.0,40.087044076103,-104.992966989518,4928.75,5000,M,98.58%,991,SUPREME TRANSPORT INC (183 trucks) | WARD ELECTRIC COMPANY INC (222 trucks) | CITY OF LONGMONT (211 trucks) | ST VRAIN VALLEY SCHOOL DISTRICT (174 trucks) | HEAT WAVES HOT OIL SERVICE LLC (201 trucks),112000,13093,8498512.56,"$949,000.00"
Sol_036,12015 Irma Dr,https://www.loopnet.com/Listing/12015-Irma-Dr-Northglenn-CO/34662093/,"Northglenn, CO 80241",1.0,1098017.0,39.918832606598,-104.965887826386,11460.82,20000,XL,57.30%,1983,ADAMS 12 FIVE STAR SCHOOLS (182 trucks) | TRI-STATE GENERATION & TRANSMISSION ASSOCIATION INC (321 trucks) | CITY OF THORNTON (208 trucks) | CITY OF THORNTON (174 trucks) | BALIC TRANSPORT INC (120 trucks) | BURNCO COLORADO LLC (146 trucks) | WEST DIRECT OIL (140 trucks) | OFFEN PETROLEUM LLC (269 trucks) | ENVIRONMENTAL DESIGNS LLC (156 trucks) | SIM TRUCKING INC (120 trucks) | G&Z TRANSPORT LLC (147 trucks),112000,13093,8498512.56,"$1,098,017.00"
Sol_036,2120 University Park Blvd,https://www.loopnet.com/Listing/2120-University-Park-Blvd-Colorado-Springs-CO/27680798/,"Colorado Springs, CO 80918",1.02,295000.0,38.910590363159,-104.78892179429,5689.619999999999,10000,L,56.90%,1031,GOODWILL OF COLORADO (134 trucks) | CITY OF COLORADO SPRINGS (326 trucks) | VECTRUS SYSTEMS CORPORATION (185 trucks) | COLORADO SPRINGS SCHOOL DISTRICT 11 (130 trucks) | El PASO COUNTY (112 trucks) | MOUNTAIN METROPOLITAN TRANSIT (144 trucks),112000,13093,8498512.56,"$295,000.00"
Sol_036,7099 S Kenton St,https://www.loopnet.com/Listing/7099-S-Kenton-St-Centennial-CO/6542016/,"Centennial, CO 80112",1.18,976600.0,39.588430849644,-104.861817781283,16997.23,20000,XL,84.99%,2298,HBSCO DANS TRASH AT YOUR DISPOSAL (110 trucks) | BUCKLEY POWDER CO (217 trucks) | IHC SCOTT INC (214 trucks) | ORICA USA INC (215 trucks) | GLOBAL TRANSPORTATION LLC (442 trucks) | CH2M OMI CH2MHILL JACOBS (183 trucks) | AMERICAN FURNITURE WAREHOUSE CO (340 trucks) | TERRACARE ASSOCIATES LLC (156 trucks) | ENTERPRISE RENT-A-CAR NATIONAL RENT A CAR ALAMO RENT A CAR (421 trucks),112000,13093,8498512.56,"$976,600.00"
Sol_036,765 Aspen Ridge Drive Dr,https://www.loopnet.com/Listing/765-Aspen-Ridge-Drive-Dr-Lafayette-CO/32931931/,"Lafayette, CO 80026",1.43,556000.0,40.006898203868,-105.107210150504,4585.06,5000,M,91.70%,619,BOULDER VALLEY SCHOOL DISTRICT RE-2 (134 trucks) | VIA MOBILITY SERVICES (196 trucks) | VIA MOBILITY SERVICES (116 trucks) | CU (173 trucks),112000,13093,8498512.56,"$556,000.00"
Sol_036,6109 W 48th Ave,https://www.loopnet.com/Listing/6109-W-48th-Ave-Wheat-Ridge-CO/32583003/,"Wheat Ridge, CO 80033",1.76,1141446.56,39.784078257989,-105.064430676896,8749.11,10000,L,87.49%,1238,CITY OF ARVADA (100 trucks) | SITEWISE LLC (145 trucks) | COMPASS VEHICLE RENTAL INC (170 trucks) | COORS DISTRIBUTING COMPANY MILLER COORS LLC (105 trucks) | COLD FRONT (121 trucks) | NAVAJO EXPRESS INC (309 trucks) | SURESHOT DRILLING LLC ATOZ FIELD SERVICES LLC DRILL TECH LLC PINNACLE DEVELOPMENT INC HDD SPECIALISTS LLC (135 trucks) | COCAL LANDSCAPE SERVICES INC (153 trucks),112000,13093,8498512.56,"$1,141,446.56"
Sol_037,2300 W County Road 54G,https://www.loopnet.com/Listing/2300-W-County-Road-54G-Laporte-CO/33671750/,"Laporte, CO 80535",0.46,330000.0,40.625878828869,-105.117877128123,1931.6100000000001,2000,S,96.58%,528,Poudre School District  (243 trucks) | CITY OF FORT COLLINS (285 trucks),117000,12946,7898512.5600000005,"$330,000.00"
Sol_037,17160 W Colfax Ave,https://www.loopnet.com/Listing/17160-W-Colfax-Ave-Golden-CO/29520298/,"Golden, CO 80401",0.63,500000.0,39.722253633534,-105.192465086092,5488.67,10000,L,54.89%,807,ENIVIRONMENTAL LANDWORKS COMPANY INC (115 trucks) | HOLCIM WCR INC (298 trucks) | JEFFCO SCHOOLS (274 trucks) | JEFFERSON COUNTY (120 trucks),117000,12946,7898512.5600000005,"$500,000.00"
Sol_037,3401 S Yosemite St,https://www.loopnet.com/Listing/3401-S-Yosemite-St-Denver-CO/39837277/,"Denver, CO 80231",0.64,675000.0,39.654049416843,-104.88550562639,4128.9400000000005,5000,M,82.58%,632,COMCAST (194 trucks) | SWINGLE TREE & LANDSCAPE CARE (135 trucks) | CITY LIGHT AND POWER INC (121 trucks) | WHEEL PROS LLC (182 trucks),117000,12946,7898512.5600000005,"$675,000.00"
Sol_037,9190 W 84th Ave,https://www.loopnet.com/Listing/9190-W-84th-Ave-Arvada-CO/38160305/,"Arvada, CO 80005",0.67,499000.0,39.849854027782,-105.100317795342,2457.7,5000,M,49.15%,296,ALPINE MILLWORK COMPANY DBA ROCKY MOUNTAIN RELOAD (141 trucks) | GEOSTABILIZATION INTERNATIONAL LLC (155 trucks),117000,12946,7898512.5600000005,"$499,000.00"
Sol_037,496 Laredo st,https://www.loopnet.com/Listing/496-Laredo-st-Aurora-CO/38708025/,"Aurora, CO 80011",0.7,500000.0,39.724337332754,-104.800258318335,8680.17,10000,L,86.80%,1261,AURORA PUBLIC SCHOOLS (127 trucks) | CITY OF AURORA (271 trucks) | METCO LANDSCAPING INC (226 trucks) | WAGNER EQUIPMENT CO (423 trucks) | SHAMROCK FOODS COMPANY (214 trucks),117000,12946,7898512.5600000005,"$500,000.00"
Sol_037,NEC N Fairgrounds Ave,https://www.loopnet.com/Listing/NEC-N-Fairgrounds-Ave-Windsor-CO/29890025/,"Windsor, CO 80528",0.74,483449.0,40.437732372143,-104.982630626628,4243.52,5000,M,84.87%,684,LARIMER COUNTY (131 trucks) | NOVUS AG LLC (444 trucks) | LOVELAND MUNICIPALITY (109 trucks),117000,12946,7898512.5600000005,"$483,449.00"
Sol_037,11958 Lincoln Ave,https://www.loopnet.com/Listing/Lincoln-Ave-Parker-CO/39741118/,"Parker, CO 80138",0.86,495000.0,39.536519536914,-104.76116705724,4937.0,5000,M,98.74%,725,ACCELERATED SERVICES LLC (373 trucks) | CHERRY CREEK SCHOOLS (352 trucks),117000,12946,7898512.5600000005,"$495,000.00"
Sol_037,12015 Irma Dr,https://www.loopnet.com/Listing/12015-Irma-Dr-Northglenn-CO/34662093/,"Northglenn, CO 80241",1.0,1098017.0,39.918832606598,-104.965887826386,8340.789999999999,10000,L,83.41%,1332,ADAMS 12 FIVE STAR SCHOOLS (182 trucks) | TRI-STATE GENERATION & TRANSMISSION ASSOCIATION INC (321 trucks) | BALIC TRANSPORT INC (120 trucks) | BURNCO COLORADO LLC (146 trucks) | WEST DIRECT OIL (140 trucks) | ENVIRONMENTAL DESIGNS LLC (156 trucks) | SIM TRUCKING INC (120 trucks) | G&Z TRANSPORT LLC (147 trucks),117000,12946,7898512.5600000005,"$1,098,017.00"
Sol_037,2120 University Park Blvd,https://www.loopnet.com/Listing/2120-University-Park-Blvd-Colorado-Springs-CO/27680798/,"Colorado Springs, CO 80918",1.02,295000.0,38.910590363159,-104.78892179429,5689.619999999999,10000,L,56.90%,1031,GOODWILL OF COLORADO (134 trucks) | CITY OF COLORADO SPRINGS (326 trucks) | VECTRUS SYSTEMS CORPORATION (185 trucks) | COLORADO SPRINGS SCHOOL DISTRICT 11 (130 trucks) | El PASO COUNTY (112 trucks) | MOUNTAIN METROPOLITAN TRANSIT (144 trucks),117000,12946,7898512.5600000005,"$295,000.00"
Sol_037,7099 S Kenton St,https://www.loopnet.com/Listing/7099-S-Kenton-St-Centennial-CO/6542016/,"Centennial, CO 80112",1.18,976600.0,39.588430849644,-104.861817781283,16997.23,20000,XL,84.99%,2298,HBSCO DANS TRASH AT YOUR DISPOSAL (110 trucks) | BUCKLEY POWDER CO (217 trucks) | IHC SCOTT INC (214 trucks) | ORICA USA INC (215 trucks) | GLOBAL TRANSPORTATION LLC (442 trucks) | CH2M OMI CH2MHILL JACOBS (183 trucks) | AMERICAN FURNITURE WAREHOUSE CO (340 trucks) | TERRACARE ASSOCIATES LLC (156 trucks) | ENTERPRISE RENT-A-CAR NATIONAL RENT A CAR ALAMO RENT A CAR (421 trucks),117000,12946,7898512.5600000005,"$976,600.00"
Sol_037,8850 Huron St,https://www.loopnet.com/Listing/8850-Huron-St-Thornton-CO/33061072/,"Thornton, CO 80260",1.26,349000.0,39.858426283979,-104.995662022846,14618.029999999999,20000,XL,73.09%,2002,CITY OF THORNTON (208 trucks) | CITY OF THORNTON (174 trucks) | COCAL LANDSCAPE SERVICES INC (153 trucks) | COLD FRONT (121 trucks) | READY MIX CONCRETE COMPANY (191 trucks) | NAVAJO EXPRESS INC (309 trucks) | WESTERN DISTRIBUTING TRANSPORTATION CORP (155 trucks) | RMS CRANES (139 trucks) | SURESHOT DRILLING LLC ATOZ FIELD SERVICES LLC DRILL TECH LLC PINNACLE DEVELOPMENT INC HDD SPECIALISTS LLC (135 trucks) | EAGLE ROCK DISTRIBUTING COMPANY OF COLORADO LLC (148 trucks) | OFFEN PETROLEUM LLC (269 trucks),117000,12946,7898512.5600000005,"$349,000.00"
Sol_037,765 Aspen Ridge Drive Dr,https://www.loopnet.com/Listing/765-Aspen-Ridge-Drive-Dr-Lafayette-CO/32931931/,"Lafayette, CO 80026",1.43,556000.0,40.006898203868,-105.107210150504,5074.7300000000005,10000,L,50.75%,830,BOULDER VALLEY SCHOOL DISTRICT RE-2 (134 trucks) | VIA MOBILITY SERVICES (196 trucks) | VIA MOBILITY SERVICES (116 trucks) | CU (173 trucks) | CITY OF LONGMONT (211 trucks),117000,12946,7898512.5600000005,"$556,000.00"
Sol_037,6109 W 48th Ave,https://www.loopnet.com/Listing/6109-W-48th-Ave-Wheat-Ridge-CO/32583003/,"Wheat Ridge, CO 80033",1.76,1141446.56,39.784078257989,-105.064430676896,2821.09,5000,M,56.42%,520,CITY OF ARVADA (100 trucks) | SITEWISE LLC (145 trucks) | COMPASS VEHICLE RENTAL INC (170 trucks) | COORS DISTRIBUTING COMPANY MILLER COORS LLC (105 trucks),117000,12946,7898512.5600000005,"$1,141,446.56"
Sol_038,17160 W Colfax Ave,https://www.loopnet.com/Listing/17160-W-Colfax-Ave-Golden-CO/29520298/,"Golden, CO 80401",0.63,500000.0,39.722253633534,-105.192465086092,5488.67,10000,L,54.89%,807,ENIVIRONMENTAL LANDWORKS COMPANY INC (115 trucks) | HOLCIM WCR INC (298 trucks) | JEFFCO SCHOOLS (274 trucks) | JEFFERSON COUNTY (120 trucks),115000,12776,8219512.5600000005,"$500,000.00"
Sol_038,3401 S Yosemite St,https://www.loopnet.com/Listing/3401-S-Yosemite-St-Denver-CO/39837277/,"Denver, CO 80231",0.64,675000.0,39.654049416843,-104.88550562639,5421.700000000001,10000,L,54.22%,1030,COMCAST (194 trucks) | SWINGLE TREE & LANDSCAPE CARE (135 trucks) | CITY LIGHT AND POWER INC (121 trucks) | WHEEL PROS LLC (182 trucks) | CITY OF AURORA (271 trucks) | AURORA PUBLIC SCHOOLS (127 trucks),115000,12776,8219512.5600000005,"$675,000.00"
Sol_038,9190 W 84th Ave,https://www.loopnet.com/Listing/9190-W-84th-Ave-Arvada-CO/38160305/,"Arvada, CO 80005",0.67,499000.0,39.849854027782,-105.100317795342,2457.7,5000,M,49.15%,296,ALPINE MILLWORK COMPANY DBA ROCKY MOUNTAIN RELOAD (141 trucks) | GEOSTABILIZATION INTERNATIONAL LLC (155 trucks),115000,12776,8219512.5600000005,"$499,000.00"
Sol_038,NEC N Fairgrounds Ave,https://www.loopnet.com/Listing/NEC-N-Fairgrounds-Ave-Windsor-CO/29890025/,"Windsor, CO 80528",0.74,483449.0,40.437732372143,-104.982630626628,4243.52,5000,M,84.87%,684,LARIMER COUNTY (131 trucks) | NOVUS AG LLC (444 trucks) | LOVELAND MUNICIPALITY (109 trucks),115000,12776,8219512.5600000005,"$483,449.00"
Sol_038,11958 Lincoln Ave,https://www.loopnet.com/Listing/Lincoln-Ave-Parker-CO/39741118/,"Parker, CO 80138",0.86,495000.0,39.536519536914,-104.76116705724,4937.0,5000,M,98.74%,725,ACCELERATED SERVICES LLC (373 trucks) | CHERRY CREEK SCHOOLS (352 trucks),115000,12776,8219512.5600000005,"$495,000.00"
Sol_038,12015 Irma Dr,https://www.loopnet.com/Listing/12015-Irma-Dr-Northglenn-CO/34662093/,"Northglenn, CO 80241",1.0,1098017.0,39.918832606598,-104.965887826386,7349.780000000001,10000,L,73.50%,1428,ADAMS 12 FIVE STAR SCHOOLS (182 trucks) | TRI-STATE GENERATION & TRANSMISSION ASSOCIATION INC (321 trucks) | CITY OF THORNTON (208 trucks) | CITY OF THORNTON (174 trucks) | BALIC TRANSPORT INC (120 trucks) | ENVIRONMENTAL DESIGNS LLC (156 trucks) | SIM TRUCKING INC (120 trucks) | G&Z TRANSPORT LLC (147 trucks),115000,12776,8219512.5600000005,"$1,098,017.00"
Sol_038,2120 University Park Blvd,https://www.loopnet.com/Listing/2120-University-Park-Blvd-Colorado-Springs-CO/27680798/,"Colorado Springs, CO 80918",1.02,295000.0,38.910590363159,-104.78892179429,5689.619999999999,10000,L,56.90%,1031,GOODWILL OF COLORADO (134 trucks) | CITY OF COLORADO SPRINGS (326 trucks) | VECTRUS SYSTEMS CORPORATION (185 trucks) | COLORADO SPRINGS SCHOOL DISTRICT 11 (130 trucks) | El PASO COUNTY (112 trucks) | MOUNTAIN METROPOLITAN TRANSIT (144 trucks),115000,12776,8219512.5600000005,"$295,000.00"
Sol_038,7099 S Kenton St,https://www.loopnet.com/Listing/7099-S-Kenton-St-Centennial-CO/6542016/,"Centennial, CO 80112",1.18,976600.0,39.588430849644,-104.861817781283,16997.23,20000,XL,84.99%,2298,HBSCO DANS TRASH AT YOUR DISPOSAL (110 trucks) | BUCKLEY POWDER CO (217 trucks) | IHC SCOTT INC (214 trucks) | ORICA USA INC (215 trucks) | GLOBAL TRANSPORTATION LLC (442 trucks) | CH2M OMI CH2MHILL JACOBS (183 trucks) | AMERICAN FURNITURE WAREHOUSE CO (340 trucks) | TERRACARE ASSOCIATES LLC (156 trucks) | ENTERPRISE RENT-A-CAR NATIONAL RENT A CAR ALAMO RENT A CAR (421 trucks),115000,12776,8219512.5600000005,"$976,600.00"
Sol_038,6322 Ivanhoe St,https://www.loopnet.com/Listing/6322-Ivanhoe-St-Commerce-City-CO/30497175/,"Commerce City, CO 80022",1.24,1500000.0,39.811481968412,-104.920723282229,19960.92,20000,XL,99.80%,2697,UNITED SITE SERVICES OF NEVADA INC (409 trucks) | UNITED SITE SERVICES OF COLORADO INC (147 trucks) | OFFEN PETROLEUM LLC (269 trucks) | WESTERN DISTRIBUTING TRANSPORTATION CORP (155 trucks) | READY MIX CONCRETE COMPANY (191 trucks) | RMS CRANES (139 trucks) | EAGLE ROCK DISTRIBUTING COMPANY OF COLORADO LLC (148 trucks) | WASTE CONNECTIONS OF COLORADO INC (486 trucks) | SUPERSHUTTLE DENVER (125 trucks) | SURESHOT DRILLING LLC ATOZ FIELD SERVICES LLC DRILL TECH LLC PINNACLE DEVELOPMENT INC HDD SPECIALISTS LLC (135 trucks) | COCAL LANDSCAPE SERVICES INC (153 trucks) | U S TRANSPORT INC (200 trucks) | WEST DIRECT OIL (140 trucks),115000,12776,8219512.5600000005,"$1,500,000.00"
Sol_038,765 Aspen Ridge Drive Dr,https://www.loopnet.com/Listing/765-Aspen-Ridge-Drive-Dr-Lafayette-CO/32931931/,"Lafayette, CO 80026",1.43,556000.0,40.006898203868,-105.107210150504,5074.7300000000005,10000,L,50.75%,830,BOULDER VALLEY SCHOOL DISTRICT RE-2 (134 trucks) | VIA MOBILITY SERVICES (196 trucks) | VIA MOBILITY SERVICES (116 trucks) | CU (173 trucks) | CITY OF LONGMONT (211 trucks),115000,12776,8219512.5600000005,"$556,000.00"
Sol_038,6109 W 48th Ave,https://www.loopnet.com/Listing/6109-W-48th-Ave-Wheat-Ridge-CO/32583003/,"Wheat Ridge, CO 80033",1.76,1141446.56,39.784078257989,-105.064430676896,6837.22,10000,L,68.37%,950,CITY OF ARVADA (100 trucks) | SITEWISE LLC (145 trucks) | COMPASS VEHICLE RENTAL INC (170 trucks) | COORS DISTRIBUTING COMPANY MILLER COORS LLC (105 trucks) | COLD FRONT (121 trucks) | NAVAJO EXPRESS INC (309 trucks),115000,12776,8219512.5600000005,"$1,141,446.56"
Sol_039,2300 W County Road 54G,https://www.loopnet.com/Listing/2300-W-County-Road-54G-Laporte-CO/33671750/,"Laporte, CO 80535",0.46,330000.0,40.625878828869,-105.117877128123,1931.6100000000001,2000,S,96.58%,528,Poudre School District  (243 trucks) | CITY OF FORT COLLINS (285 trucks),132000,15482,12093155.56,"$330,000.00"
Sol_039,17160 W Colfax Ave,https://www.loopnet.com/Listing/17160-W-Colfax-Ave-Golden-CO/29520298/,"Golden, CO 80401",0.63,500000.0,39.722253633534,-105.192465086092,5488.67,10000,L,54.89%,807,ENIVIRONMENTAL LANDWORKS COMPANY INC (115 trucks) | HOLCIM WCR INC (298 trucks) | JEFFCO SCHOOLS (274 trucks) | JEFFERSON COUNTY (120 trucks),132000,15482,12093155.56,"$500,000.00"
Sol_039,3401 S Yosemite St,https://www.loopnet.com/Listing/3401-S-Yosemite-St-Denver-CO/39837277/,"Denver, CO 80231",0.64,675000.0,39.654049416843,-104.88550562639,4128.9400000000005,5000,M,82.58%,632,COMCAST (194 trucks) | SWINGLE TREE & LANDSCAPE CARE (135 trucks) | CITY LIGHT AND POWER INC (121 trucks) | WHEEL PROS LLC (182 trucks),132000,15482,12093155.56,"$675,000.00"
Sol_039,9190 W 84th Ave,https://www.loopnet.com/Listing/9190-W-84th-Ave-Arvada-CO/38160305/,"Arvada, CO 80005",0.67,499000.0,39.849854027782,-105.100317795342,2457.7,5000,M,49.15%,296,ALPINE MILLWORK COMPANY DBA ROCKY MOUNTAIN RELOAD (141 trucks) | GEOSTABILIZATION INTERNATIONAL LLC (155 trucks),132000,15482,12093155.56,"$499,000.00"
Sol_039,496 Laredo st,https://www.loopnet.com/Listing/496-Laredo-st-Aurora-CO/38708025/,"Aurora, CO 80011",0.7,500000.0,39.724337332754,-104.800258318335,8680.17,10000,L,86.80%,1261,AURORA PUBLIC SCHOOLS (127 trucks) | CITY OF AURORA (271 trucks) | METCO LANDSCAPING INC (226 trucks) | WAGNER EQUIPMENT CO (423 trucks) | SHAMROCK FOODS COMPANY (214 trucks),132000,15482,12093155.56,"$500,000.00"
Sol_039,NEC N Fairgrounds Ave,https://www.loopnet.com/Listing/NEC-N-Fairgrounds-Ave-Windsor-CO/29890025/,"Windsor, CO 80528",0.74,483449.0,40.437732372143,-104.982630626628,4243.52,5000,M,84.87%,684,LARIMER COUNTY (131 trucks) | NOVUS AG LLC (444 trucks) | LOVELAND MUNICIPALITY (109 trucks),132000,15482,12093155.56,"$483,449.00"
Sol_039,11958 Lincoln Ave,https://www.loopnet.com/Listing/Lincoln-Ave-Parker-CO/39741118/,"Parker, CO 80138",0.86,495000.0,39.536519536914,-104.76116705724,4937.0,5000,M,98.74%,725,ACCELERATED SERVICES LLC (373 trucks) | CHERRY CREEK SCHOOLS (352 trucks),132000,15482,12093155.56,"$495,000.00"
Sol_039,3311 Ideal Drive Dr,https://www.loopnet.com/Listing/3311-Ideal-Drive-Dr-Frederick-CO/35744244/,"Frederick, CO 80516",1.0,949000.0,40.087044076103,-104.992966989518,4928.75,5000,M,98.58%,991,SUPREME TRANSPORT INC (183 trucks) | WARD ELECTRIC COMPANY INC (222 trucks) | CITY OF LONGMONT (211 trucks) | ST VRAIN VALLEY SCHOOL DISTRICT (174 trucks) | HEAT WAVES HOT OIL SERVICE LLC (201 trucks),132000,15482,12093155.56,"$949,000.00"
Sol_039,12015 Irma Dr,https://www.loopnet.com/Listing/12015-Irma-Dr-Northglenn-CO/34662093/,"Northglenn, CO 80241",1.0,1098017.0,39.918832606598,-104.965887826386,6463.27,10000,L,64.63%,1046,ADAMS 12 FIVE STAR SCHOOLS (182 trucks) | TRI-STATE GENERATION & TRANSMISSION ASSOCIATION INC (321 trucks) | BALIC TRANSPORT INC (120 trucks) | ENVIRONMENTAL DESIGNS LLC (156 trucks) | SIM TRUCKING INC (120 trucks) | G&Z TRANSPORT LLC (147 trucks),132000,15482,12093155.56,"$1,098,017.00"
Sol_039,2120 University Park Blvd,https://www.loopnet.com/Listing/2120-University-Park-Blvd-Colorado-Springs-CO/27680798/,"Colorado Springs, CO 80918",1.02,295000.0,38.910590363159,-104.78892179429,5689.619999999999,10000,L,56.90%,1031,GOODWILL OF COLORADO (134 trucks) | CITY OF COLORADO SPRINGS (326 trucks) | VECTRUS SYSTEMS CORPORATION (185 trucks) | COLORADO SPRINGS SCHOOL DISTRICT 11 (130 trucks) | El PASO COUNTY (112 trucks) | MOUNTAIN METROPOLITAN TRANSIT (144 trucks),132000,15482,12093155.56,"$295,000.00"
Sol_039,7099 S Kenton St,https://www.loopnet.com/Listing/7099-S-Kenton-St-Centennial-CO/6542016/,"Centennial, CO 80112",1.18,976600.0,39.588430849644,-104.861817781283,16997.23,20000,XL,84.99%,2298,HBSCO DANS TRASH AT YOUR DISPOSAL (110 trucks) | BUCKLEY POWDER CO (217 trucks) | IHC SCOTT INC (214 trucks) | ORICA USA INC (215 trucks) | GLOBAL TRANSPORTATION LLC (442 trucks) | CH2M OMI CH2MHILL JACOBS (183 trucks) | AMERICAN FURNITURE WAREHOUSE CO (340 trucks) | TERRACARE ASSOCIATES LLC (156 trucks) | ENTERPRISE RENT-A-CAR NATIONAL RENT A CAR ALAMO RENT A CAR (421 trucks),132000,15482,12093155.56,"$976,600.00"
Sol_039,6322 Ivanhoe St,https://www.loopnet.com/Listing/6322-Ivanhoe-St-Commerce-City-CO/30497175/,"Commerce City, CO 80022",1.24,1500000.0,39.811481968412,-104.920723282229,19261.269999999997,20000,XL,96.31%,2555,UNITED SITE SERVICES OF NEVADA INC (409 trucks) | UNITED SITE SERVICES OF COLORADO INC (147 trucks) | OFFEN PETROLEUM LLC (269 trucks) | WESTERN DISTRIBUTING TRANSPORTATION CORP (155 trucks) | READY MIX CONCRETE COMPANY (191 trucks) | RMS CRANES (139 trucks) | EAGLE ROCK DISTRIBUTING COMPANY OF COLORADO LLC (148 trucks) | WASTE CONNECTIONS OF COLORADO INC (486 trucks) | SUPERSHUTTLE DENVER (125 trucks) | U S TRANSPORT INC (200 trucks) | WEST DIRECT OIL (140 trucks) | BURNCO COLORADO LLC (146 trucks),132000,15482,12093155.56,"$1,500,000.00"
Sol_039,8850 Huron St,https://www.loopnet.com/Listing/8850-Huron-St-Thornton-CO/33061072/,"Thornton, CO 80260",1.26,349000.0,39.858426283979,-104.995662022846,6814.530000000001,10000,L,68.15%,1100,CITY OF THORNTON (208 trucks) | CITY OF THORNTON (174 trucks) | COCAL LANDSCAPE SERVICES INC (153 trucks) | COLD FRONT (121 trucks) | NAVAJO EXPRESS INC (309 trucks) | SURESHOT DRILLING LLC ATOZ FIELD SERVICES LLC DRILL TECH LLC PINNACLE DEVELOPMENT INC HDD SPECIALISTS LLC (135 trucks),132000,15482,12093155.56,"$349,000.00"
Sol_039,765 Aspen Ridge Drive Dr,https://www.loopnet.com/Listing/765-Aspen-Ridge-Drive-Dr-Lafayette-CO/32931931/,"Lafayette, CO 80026",1.43,556000.0,40.006898203868,-105.107210150504,4585.06,5000,M,91.70%,619,BOULDER VALLEY SCHOOL DISTRICT RE-2 (134 trucks) | VIA MOBILITY SERVICES (196 trucks) | VIA MOBILITY SERVICES (116 trucks) | CU (173 trucks),132000,15482,12093155.56,"$556,000.00"
Sol_039,6109 W 48th Ave,https://www.loopnet.com/Listing/6109-W-48th-Ave-Wheat-Ridge-CO/32583003/,"Wheat Ridge, CO 80033",1.76,1141446.56,39.784078257989,-105.064430676896,2821.09,5000,M,56.42%,520,CITY OF ARVADA (100 trucks) | SITEWISE LLC (145 trucks) | COMPASS VEHICLE RENTAL INC (170 trucks) | COORS DISTRIBUTING COMPANY MILLER COORS LLC (105 trucks),132000,15482,12093155.56,"$1,141,446.56"
Sol_039,5480 Montana Vista Way,https://www.loopnet.com/Listing/5480-Montana-Vista-Way-Castle-Rock-CO/31324562/,"Castle Rock, CO 80108",2.0,1745643.0,39.413964345372,-104.86151758933,2577.81,5000,M,51.56%,389,TOWN OF CASTLE ROCK  (109 trucks) | GREAT SOUTHWESTERN CONSTRUCTION INC (280 trucks),132000,15482,12093155.56,"$1,745,643.00"
Sol_040,2300 W County Road 54G,https://www.loopnet.com/Listing/2300-W-County-Road-54G-Laporte-CO/33671750/,"Laporte, CO 80535",0.46,330000.0,40.625878828869,-105.117877128123,1931.6100000000001,2000,S,96.58%,528,Poudre School District  (243 trucks) | CITY OF FORT COLLINS (285 trucks),132000,15843,13543155.56,"$330,000.00"
Sol_040,17160 W Colfax Ave,https://www.loopnet.com/Listing/17160-W-Colfax-Ave-Golden-CO/29520298/,"Golden, CO 80401",0.63,500000.0,39.722253633534,-105.192465086092,5488.67,10000,L,54.89%,807,ENIVIRONMENTAL LANDWORKS COMPANY INC (115 trucks) | HOLCIM WCR INC (298 trucks) | JEFFCO SCHOOLS (274 trucks) | JEFFERSON COUNTY (120 trucks),132000,15843,13543155.56,"$500,000.00"
Sol_040,3401 S Yosemite St,https://www.loopnet.com/Listing/3401-S-Yosemite-St-Denver-CO/39837277/,"Denver, CO 80231",0.64,675000.0,39.654049416843,-104.88550562639,4128.9400000000005,5000,M,82.58%,632,COMCAST (194 trucks) | SWINGLE TREE & LANDSCAPE CARE (135 trucks) | CITY LIGHT AND POWER INC (121 trucks) | WHEEL PROS LLC (182 trucks),132000,15843,13543155.56,"$675,000.00"
Sol_040,9190 W 84th Ave,https://www.loopnet.com/Listing/9190-W-84th-Ave-Arvada-CO/38160305/,"Arvada, CO 80005",0.67,499000.0,39.849854027782,-105.100317795342,2457.7,5000,M,49.15%,296,ALPINE MILLWORK COMPANY DBA ROCKY MOUNTAIN RELOAD (141 trucks) | GEOSTABILIZATION INTERNATIONAL LLC (155 trucks),132000,15843,13543155.56,"$499,000.00"
Sol_040,496 Laredo st,https://www.loopnet.com/Listing/496-Laredo-st-Aurora-CO/38708025/,"Aurora, CO 80011",0.7,500000.0,39.724337332754,-104.800258318335,8680.17,10000,L,86.80%,1261,AURORA PUBLIC SCHOOLS (127 trucks) | CITY OF AURORA (271 trucks) | METCO LANDSCAPING INC (226 trucks) | WAGNER EQUIPMENT CO (423 trucks) | SHAMROCK FOODS COMPANY (214 trucks),132000,15843,13543155.56,"$500,000.00"
Sol_040,NEC N Fairgrounds Ave,https://www.loopnet.com/Listing/NEC-N-Fairgrounds-Ave-Windsor-CO/29890025/,"Windsor, CO 80528",0.74,483449.0,40.437732372143,-104.982630626628,4243.52,5000,M,84.87%,684,LARIMER COUNTY (131 trucks) | NOVUS AG LLC (444 trucks) | LOVELAND MUNICIPALITY (109 trucks),132000,15843,13543155.56,"$483,449.00"
Sol_040,11958 Lincoln Ave,https://www.loopnet.com/Listing/Lincoln-Ave-Parker-CO/39741118/,"Parker, CO 80138",0.86,495000.0,39.536519536914,-104.76116705724,4937.0,5000,M,98.74%,725,ACCELERATED SERVICES LLC (373 trucks) | CHERRY CREEK SCHOOLS (352 trucks),132000,15843,13543155.56,"$495,000.00"
Sol_040,3311 Ideal Drive Dr,https://www.loopnet.com/Listing/3311-Ideal-Drive-Dr-Frederick-CO/35744244/,"Frederick, CO 80516",1.0,949000.0,40.087044076103,-104.992966989518,4928.75,5000,M,98.58%,991,SUPREME TRANSPORT INC (183 trucks) | WARD ELECTRIC COMPANY INC (222 trucks) | CITY OF LONGMONT (211 trucks) | ST VRAIN VALLEY SCHOOL DISTRICT (174 trucks) | HEAT WAVES HOT OIL SERVICE LLC (201 trucks),132000,15843,13543155.56,"$949,000.00"
Sol_040,12015 Irma Dr,https://www.loopnet.com/Listing/12015-Irma-Dr-Northglenn-CO/34662093/,"Northglenn, CO 80241",1.0,1098017.0,39.918832606598,-104.965887826386,7349.780000000001,10000,L,73.50%,1428,ADAMS 12 FIVE STAR SCHOOLS (182 trucks) | TRI-STATE GENERATION & TRANSMISSION ASSOCIATION INC (321 trucks) | CITY OF THORNTON (208 trucks) | CITY OF THORNTON (174 trucks) | BALIC TRANSPORT INC (120 trucks) | ENVIRONMENTAL DESIGNS LLC (156 trucks) | SIM TRUCKING INC (120 trucks) | G&Z TRANSPORT LLC (147 trucks),132000,15843,13543155.56,"$1,098,017.00"
Sol_040,2120 University Park Blvd,https://www.loopnet.com/Listing/2120-University-Park-Blvd-Colorado-Springs-CO/27680798/,"Colorado Springs, CO 80918",1.02,295000.0,38.910590363159,-104.78892179429,5689.619999999999,10000,L,56.90%,1031,GOODWILL OF COLORADO (134 trucks) | CITY OF COLORADO SPRINGS (326 trucks) | VECTRUS SYSTEMS CORPORATION (185 trucks) | COLORADO SPRINGS SCHOOL DISTRICT 11 (130 trucks) | El PASO COUNTY (112 trucks) | MOUNTAIN METROPOLITAN TRANSIT (144 trucks),132000,15843,13543155.56,"$295,000.00"
Sol_040,4265 Santa Fe Dr,https://www.loopnet.com/Listing/4265-Santa-Fe-Dr-Sheridan-CO/30482164/,"Sheridan, CO 80110",1.17,1799000.0,39.63876696462,-105.007023340305,4209.639999999999,5000,M,84.19%,507,KEESEN ENTERPRISES INC (263 trucks) | QUALITY LOGISTICS INC (135 trucks) | PACIFIC SHIPPING & TRUCKING CO INC (109 trucks),132000,15843,13543155.56,"$1,799,000.00"
Sol_040,7099 S Kenton St,https://www.loopnet.com/Listing/7099-S-Kenton-St-Centennial-CO/6542016/,"Centennial, CO 80112",1.18,976600.0,39.588430849644,-104.861817781283,16997.23,20000,XL,84.99%,2298,HBSCO DANS TRASH AT YOUR DISPOSAL (110 trucks) | BUCKLEY POWDER CO (217 trucks) | IHC SCOTT INC (214 trucks) | ORICA USA INC (215 trucks) | GLOBAL TRANSPORTATION LLC (442 trucks) | CH2M OMI CH2MHILL JACOBS (183 trucks) | AMERICAN FURNITURE WAREHOUSE CO (340 trucks) | TERRACARE ASSOCIATES LLC (156 trucks) | ENTERPRISE RENT-A-CAR NATIONAL RENT A CAR ALAMO RENT A CAR (421 trucks),132000,15843,13543155.56,"$976,600.00"
Sol_040,6322 Ivanhoe St,https://www.loopnet.com/Listing/6322-Ivanhoe-St-Commerce-City-CO/30497175/,"Commerce City, CO 80022",1.24,1500000.0,39.811481968412,-104.920723282229,19960.92,20000,XL,99.80%,2697,UNITED SITE SERVICES OF NEVADA INC (409 trucks) | UNITED SITE SERVICES OF COLORADO INC (147 trucks) | OFFEN PETROLEUM LLC (269 trucks) | WESTERN DISTRIBUTING TRANSPORTATION CORP (155 trucks) | READY MIX CONCRETE COMPANY (191 trucks) | RMS CRANES (139 trucks) | EAGLE ROCK DISTRIBUTING COMPANY OF COLORADO LLC (148 trucks) | WASTE CONNECTIONS OF COLORADO INC (486 trucks) | SUPERSHUTTLE DENVER (125 trucks) | SURESHOT DRILLING LLC ATOZ FIELD SERVICES LLC DRILL TECH LLC PINNACLE DEVELOPMENT INC HDD SPECIALISTS LLC (135 trucks) | COCAL LANDSCAPE SERVICES INC (153 trucks) | U S TRANSPORT INC (200 trucks) | WEST DIRECT OIL (140 trucks),132000,15843,13543155.56,"$1,500,000.00"
Sol_040,765 Aspen Ridge Drive Dr,https://www.loopnet.com/Listing/765-Aspen-Ridge-Drive-Dr-Lafayette-CO/32931931/,"Lafayette, CO 80026",1.43,556000.0,40.006898203868,-105.107210150504,4585.06,5000,M,91.70%,619,BOULDER VALLEY SCHOOL DISTRICT RE-2 (134 trucks) | VIA MOBILITY SERVICES (196 trucks) | VIA MOBILITY SERVICES (116 trucks) | CU (173 trucks),132000,15843,13543155.56,"$556,000.00"
Sol_040,6109 W 48th Ave,https://www.loopnet.com/Listing/6109-W-48th-Ave-Wheat-Ridge-CO/32583003/,"Wheat Ridge, CO 80033",1.76,1141446.56,39.784078257989,-105.064430676896,6837.22,10000,L,68.37%,950,CITY OF ARVADA (100 trucks) | SITEWISE LLC (145 trucks) | COMPASS VEHICLE RENTAL INC (170 trucks) | COORS DISTRIBUTING COMPANY MILLER COORS LLC (105 trucks) | COLD FRONT (121 trucks) | NAVAJO EXPRESS INC (309 trucks),132000,15843,13543155.56,"$1,141,446.56"
Sol_040,5480 Montana Vista Way,https://www.loopnet.com/Listing/5480-Montana-Vista-Way-Castle-Rock-CO/31324562/,"Castle Rock, CO 80108",2.0,1745643.0,39.413964345372,-104.86151758933,2577.81,5000,M,51.56%,389,TOWN OF CASTLE ROCK  (109 trucks) | GREAT SOUTHWESTERN CONSTRUCTION INC (280 trucks),132000,15843,13543155.56,"$1,745,643.00"
Sol_041,2300 W County Road 54G,https://www.loopnet.com/Listing/2300-W-County-Road-54G-Laporte-CO/33671750/,"Laporte, CO 80535",0.46,330000.0,40.625878828869,-105.117877128123,1931.6100000000001,2000,S,96.58%,528,Poudre School District  (243 trucks) | CITY OF FORT COLLINS (285 trucks),137000,15989,14123155.56,"$330,000.00"
Sol_041,17160 W Colfax Ave,https://www.loopnet.com/Listing/17160-W-Colfax-Ave-Golden-CO/29520298/,"Golden, CO 80401",0.63,500000.0,39.722253633534,-105.192465086092,5488.67,10000,L,54.89%,807,ENIVIRONMENTAL LANDWORKS COMPANY INC (115 trucks) | HOLCIM WCR INC (298 trucks) | JEFFCO SCHOOLS (274 trucks) | JEFFERSON COUNTY (120 trucks),137000,15989,14123155.56,"$500,000.00"
Sol_041,3401 S Yosemite St,https://www.loopnet.com/Listing/3401-S-Yosemite-St-Denver-CO/39837277/,"Denver, CO 80231",0.64,675000.0,39.654049416843,-104.88550562639,4128.9400000000005,5000,M,82.58%,632,COMCAST (194 trucks) | SWINGLE TREE & LANDSCAPE CARE (135 trucks) | CITY LIGHT AND POWER INC (121 trucks) | WHEEL PROS LLC (182 trucks),137000,15989,14123155.56,"$675,000.00"
Sol_041,9190 W 84th Ave,https://www.loopnet.com/Listing/9190-W-84th-Ave-Arvada-CO/38160305/,"Arvada, CO 80005",0.67,499000.0,39.849854027782,-105.100317795342,2457.7,5000,M,49.15%,296,ALPINE MILLWORK COMPANY DBA ROCKY MOUNTAIN RELOAD (141 trucks) | GEOSTABILIZATION INTERNATIONAL LLC (155 trucks),137000,15989,14123155.56,"$499,000.00"
Sol_041,496 Laredo st,https://www.loopnet.com/Listing/496-Laredo-st-Aurora-CO/38708025/,"Aurora, CO 80011",0.7,500000.0,39.724337332754,-104.800258318335,8680.17,10000,L,86.80%,1261,AURORA PUBLIC SCHOOLS (127 trucks) | CITY OF AURORA (271 trucks) | METCO LANDSCAPING INC (226 trucks) | WAGNER EQUIPMENT CO (423 trucks) | SHAMROCK FOODS COMPANY (214 trucks),137000,15989,14123155.56,"$500,000.00"
Sol_041,NEC N Fairgrounds Ave,https://www.loopnet.com/Listing/NEC-N-Fairgrounds-Ave-Windsor-CO/29890025/,"Windsor, CO 80528",0.74,483449.0,40.437732372143,-104.982630626628,4243.52,5000,M,84.87%,684,LARIMER COUNTY (131 trucks) | NOVUS AG LLC (444 trucks) | LOVELAND MUNICIPALITY (109 trucks),137000,15989,14123155.56,"$483,449.00"
Sol_041,11958 Lincoln Ave,https://www.loopnet.com/Listing/Lincoln-Ave-Parker-CO/39741118/,"Parker, CO 80138",0.86,495000.0,39.536519536914,-104.76116705724,4937.0,5000,M,98.74%,725,ACCELERATED SERVICES LLC (373 trucks) | CHERRY CREEK SCHOOLS (352 trucks),137000,15989,14123155.56,"$495,000.00"
Sol_041,12353 E 104th Pl,https://www.loopnet.com/Listing/12353-E-104th-Pl-Commerce-City-CO/39324469/,"Commerce City, CO 80022",0.95,580000.0,39.886646182224,-104.843759389987,5864.049999999999,10000,L,58.64%,829,ENVIRONMENTAL DESIGNS LLC (156 trucks) | BALIC TRANSPORT INC (120 trucks) | BURNCO COLORADO LLC (146 trucks) | WEST DIRECT OIL (140 trucks) | SIM TRUCKING INC (120 trucks) | G&Z TRANSPORT LLC (147 trucks),137000,15989,14123155.56,"$580,000.00"
Sol_041,3311 Ideal Drive Dr,https://www.loopnet.com/Listing/3311-Ideal-Drive-Dr-Frederick-CO/35744244/,"Frederick, CO 80516",1.0,949000.0,40.087044076103,-104.992966989518,4928.75,5000,M,98.58%,991,SUPREME TRANSPORT INC (183 trucks) | WARD ELECTRIC COMPANY INC (222 trucks) | CITY OF LONGMONT (211 trucks) | ST VRAIN VALLEY SCHOOL DISTRICT (174 trucks) | HEAT WAVES HOT OIL SERVICE LLC (201 trucks),137000,15989,14123155.56,"$949,000.00"
Sol_041,12015 Irma Dr,https://www.loopnet.com/Listing/12015-Irma-Dr-Northglenn-CO/34662093/,"Northglenn, CO 80241",1.0,1098017.0,39.918832606598,-104.965887826386,3363.2500000000005,5000,M,67.27%,885,ADAMS 12 FIVE STAR SCHOOLS (182 trucks) | TRI-STATE GENERATION & TRANSMISSION ASSOCIATION INC (321 trucks) | CITY OF THORNTON (208 trucks) | CITY OF THORNTON (174 trucks),137000,15989,14123155.56,"$1,098,017.00"
Sol_041,2120 University Park Blvd,https://www.loopnet.com/Listing/2120-University-Park-Blvd-Colorado-Springs-CO/27680798/,"Colorado Springs, CO 80918",1.02,295000.0,38.910590363159,-104.78892179429,5689.619999999999,10000,L,56.90%,1031,GOODWILL OF COLORADO (134 trucks) | CITY OF COLORADO SPRINGS (326 trucks) | VECTRUS SYSTEMS CORPORATION (185 trucks) | COLORADO SPRINGS SCHOOL DISTRICT 11 (130 trucks) | El PASO COUNTY (112 trucks) | MOUNTAIN METROPOLITAN TRANSIT (144 trucks),137000,15989,14123155.56,"$295,000.00"
Sol_041,4265 Santa Fe Dr,https://www.loopnet.com/Listing/4265-Santa-Fe-Dr-Sheridan-CO/30482164/,"Sheridan, CO 80110",1.17,1799000.0,39.63876696462,-105.007023340305,4209.639999999999,5000,M,84.19%,507,KEESEN ENTERPRISES INC (263 trucks) | QUALITY LOGISTICS INC (135 trucks) | PACIFIC SHIPPING & TRUCKING CO INC (109 trucks),137000,15989,14123155.56,"$1,799,000.00"
Sol_041,7099 S Kenton St,https://www.loopnet.com/Listing/7099-S-Kenton-St-Centennial-CO/6542016/,"Centennial, CO 80112",1.18,976600.0,39.588430849644,-104.861817781283,16997.23,20000,XL,84.99%,2298,HBSCO DANS TRASH AT YOUR DISPOSAL (110 trucks) | BUCKLEY POWDER CO (217 trucks) | IHC SCOTT INC (214 trucks) | ORICA USA INC (215 trucks) | GLOBAL TRANSPORTATION LLC (442 trucks) | CH2M OMI CH2MHILL JACOBS (183 trucks) | AMERICAN FURNITURE WAREHOUSE CO (340 trucks) | TERRACARE ASSOCIATES LLC (156 trucks) | ENTERPRISE RENT-A-CAR NATIONAL RENT A CAR ALAMO RENT A CAR (421 trucks),137000,15989,14123155.56,"$976,600.00"
Sol_041,6322 Ivanhoe St,https://www.loopnet.com/Listing/6322-Ivanhoe-St-Commerce-City-CO/30497175/,"Commerce City, CO 80022",1.24,1500000.0,39.811481968412,-104.920723282229,19295.64,20000,XL,96.48%,2557,UNITED SITE SERVICES OF NEVADA INC (409 trucks) | UNITED SITE SERVICES OF COLORADO INC (147 trucks) | OFFEN PETROLEUM LLC (269 trucks) | WESTERN DISTRIBUTING TRANSPORTATION CORP (155 trucks) | READY MIX CONCRETE COMPANY (191 trucks) | RMS CRANES (139 trucks) | EAGLE ROCK DISTRIBUTING COMPANY OF COLORADO LLC (148 trucks) | WASTE CONNECTIONS OF COLORADO INC (486 trucks) | SUPERSHUTTLE DENVER (125 trucks) | SURESHOT DRILLING LLC ATOZ FIELD SERVICES LLC DRILL TECH LLC PINNACLE DEVELOPMENT INC HDD SPECIALISTS LLC (135 trucks) | COCAL LANDSCAPE SERVICES INC (153 trucks) | U S TRANSPORT INC (200 trucks),137000,15989,14123155.56,"$1,500,000.00"
Sol_041,765 Aspen Ridge Drive Dr,https://www.loopnet.com/Listing/765-Aspen-Ridge-Drive-Dr-Lafayette-CO/32931931/,"Lafayette, CO 80026",1.43,556000.0,40.006898203868,-105.107210150504,4585.06,5000,M,91.70%,619,BOULDER VALLEY SCHOOL DISTRICT RE-2 (134 trucks) | VIA MOBILITY SERVICES (196 trucks) | VIA MOBILITY SERVICES (116 trucks) | CU (173 trucks),137000,15989,14123155.56,"$556,000.00"
Sol_041,6109 W 48th Ave,https://www.loopnet.com/Listing/6109-W-48th-Ave-Wheat-Ridge-CO/32583003/,"Wheat Ridge, CO 80033",1.76,1141446.56,39.784078257989,-105.064430676896,6837.22,10000,L,68.37%,950,CITY OF ARVADA (100 trucks) | SITEWISE LLC (145 trucks) | COMPASS VEHICLE RENTAL INC (170 trucks) | COORS DISTRIBUTING COMPANY MILLER COORS LLC (105 trucks) | COLD FRONT (121 trucks) | NAVAJO EXPRESS INC (309 trucks),137000,15989,14123155.56,"$1,141,446.56"
Sol_041,5480 Montana Vista Way,https://www.loopnet.com/Listing/5480-Montana-Vista-Way-Castle-Rock-CO/31324562/,"Castle Rock, CO 80108",2.0,1745643.0,39.413964345372,-104.86151758933,2577.81,5000,M,51.56%,389,TOWN OF CASTLE ROCK  (109 trucks) | GREAT SOUTHWESTERN CONSTRUCTION INC (280 trucks),137000,15989,14123155.56,"$1,745,643.00"
Sol_042,2300 W County Road 54G,https://www.loopnet.com/Listing/2300-W-County-Road-54G-Laporte-CO/33671750/,"Laporte, CO 80535",0.46,330000.0,40.625878828869,-105.117877128123,1931.6100000000001,2000,S,96.58%,528,Poudre School District  (243 trucks) | CITY OF FORT COLLINS (285 trucks),127000,15093,10347512.56,"$330,000.00"
Sol_042,17160 W Colfax Ave,https://www.loopnet.com/Listing/17160-W-Colfax-Ave-Golden-CO/29520298/,"Golden, CO 80401",0.63,500000.0,39.722253633534,-105.192465086092,5488.67,10000,L,54.89%,807,ENIVIRONMENTAL LANDWORKS COMPANY INC (115 trucks) | HOLCIM WCR INC (298 trucks) | JEFFCO SCHOOLS (274 trucks) | JEFFERSON COUNTY (120 trucks),127000,15093,10347512.56,"$500,000.00"
Sol_042,3401 S Yosemite St,https://www.loopnet.com/Listing/3401-S-Yosemite-St-Denver-CO/39837277/,"Denver, CO 80231",0.64,675000.0,39.654049416843,-104.88550562639,4128.9400000000005,5000,M,82.58%,632,COMCAST (194 trucks) | SWINGLE TREE & LANDSCAPE CARE (135 trucks) | CITY LIGHT AND POWER INC (121 trucks) | WHEEL PROS LLC (182 trucks),127000,15093,10347512.56,"$675,000.00"
Sol_042,9190 W 84th Ave,https://www.loopnet.com/Listing/9190-W-84th-Ave-Arvada-CO/38160305/,"Arvada, CO 80005",0.67,499000.0,39.849854027782,-105.100317795342,2457.7,5000,M,49.15%,296,ALPINE MILLWORK COMPANY DBA ROCKY MOUNTAIN RELOAD (141 trucks) | GEOSTABILIZATION INTERNATIONAL LLC (155 trucks),127000,15093,10347512.56,"$499,000.00"
Sol_042,496 Laredo st,https://www.loopnet.com/Listing/496-Laredo-st-Aurora-CO/38708025/,"Aurora, CO 80011",0.7,500000.0,39.724337332754,-104.800258318335,8680.17,10000,L,86.80%,1261,AURORA PUBLIC SCHOOLS (127 trucks) | CITY OF AURORA (271 trucks) | METCO LANDSCAPING INC (226 trucks) | WAGNER EQUIPMENT CO (423 trucks) | SHAMROCK FOODS COMPANY (214 trucks),127000,15093,10347512.56,"$500,000.00"
Sol_042,NEC N Fairgrounds Ave,https://www.loopnet.com/Listing/NEC-N-Fairgrounds-Ave-Windsor-CO/29890025/,"Windsor, CO 80528",0.74,483449.0,40.437732372143,-104.982630626628,4243.52,5000,M,84.87%,684,LARIMER COUNTY (131 trucks) | NOVUS AG LLC (444 trucks) | LOVELAND MUNICIPALITY (109 trucks),127000,15093,10347512.56,"$483,449.00"
Sol_042,11958 Lincoln Ave,https://www.loopnet.com/Listing/Lincoln-Ave-Parker-CO/39741118/,"Parker, CO 80138",0.86,495000.0,39.536519536914,-104.76116705724,4937.0,5000,M,98.74%,725,ACCELERATED SERVICES LLC (373 trucks) | CHERRY CREEK SCHOOLS (352 trucks),127000,15093,10347512.56,"$495,000.00"
Sol_042,3311 Ideal Drive Dr,https://www.loopnet.com/Listing/3311-Ideal-Drive-Dr-Frederick-CO/35744244/,"Frederick, CO 80516",1.0,949000.0,40.087044076103,-104.992966989518,4928.75,5000,M,98.58%,991,SUPREME TRANSPORT INC (183 trucks) | WARD ELECTRIC COMPANY INC (222 trucks) | CITY OF LONGMONT (211 trucks) | ST VRAIN VALLEY SCHOOL DISTRICT (174 trucks) | HEAT WAVES HOT OIL SERVICE LLC (201 trucks),127000,15093,10347512.56,"$949,000.00"
Sol_042,12015 Irma Dr,https://www.loopnet.com/Listing/12015-Irma-Dr-Northglenn-CO/34662093/,"Northglenn, CO 80241",1.0,1098017.0,39.918832606598,-104.965887826386,6463.27,10000,L,64.63%,1046,ADAMS 12 FIVE STAR SCHOOLS (182 trucks) | TRI-STATE GENERATION & TRANSMISSION ASSOCIATION INC (321 trucks) | BALIC TRANSPORT INC (120 trucks) | ENVIRONMENTAL DESIGNS LLC (156 trucks) | SIM TRUCKING INC (120 trucks) | G&Z TRANSPORT LLC (147 trucks),127000,15093,10347512.56,"$1,098,017.00"
Sol_042,2120 University Park Blvd,https://www.loopnet.com/Listing/2120-University-Park-Blvd-Colorado-Springs-CO/27680798/,"Colorado Springs, CO 80918",1.02,295000.0,38.910590363159,-104.78892179429,5689.619999999999,10000,L,56.90%,1031,GOODWILL OF COLORADO (134 trucks) | CITY OF COLORADO SPRINGS (326 trucks) | VECTRUS SYSTEMS CORPORATION (185 trucks) | COLORADO SPRINGS SCHOOL DISTRICT 11 (130 trucks) | El PASO COUNTY (112 trucks) | MOUNTAIN METROPOLITAN TRANSIT (144 trucks),127000,15093,10347512.56,"$295,000.00"
Sol_042,7099 S Kenton St,https://www.loopnet.com/Listing/7099-S-Kenton-St-Centennial-CO/6542016/,"Centennial, CO 80112",1.18,976600.0,39.588430849644,-104.861817781283,16997.23,20000,XL,84.99%,2298,HBSCO DANS TRASH AT YOUR DISPOSAL (110 trucks) | BUCKLEY POWDER CO (217 trucks) | IHC SCOTT INC (214 trucks) | ORICA USA INC (215 trucks) | GLOBAL TRANSPORTATION LLC (442 trucks) | CH2M OMI CH2MHILL JACOBS (183 trucks) | AMERICAN FURNITURE WAREHOUSE CO (340 trucks) | TERRACARE ASSOCIATES LLC (156 trucks) | ENTERPRISE RENT-A-CAR NATIONAL RENT A CAR ALAMO RENT A CAR (421 trucks),127000,15093,10347512.56,"$976,600.00"
Sol_042,6322 Ivanhoe St,https://www.loopnet.com/Listing/6322-Ivanhoe-St-Commerce-City-CO/30497175/,"Commerce City, CO 80022",1.24,1500000.0,39.811481968412,-104.920723282229,19261.269999999997,20000,XL,96.31%,2555,UNITED SITE SERVICES OF NEVADA INC (409 trucks) | UNITED SITE SERVICES OF COLORADO INC (147 trucks) | OFFEN PETROLEUM LLC (269 trucks) | WESTERN DISTRIBUTING TRANSPORTATION CORP (155 trucks) | READY MIX CONCRETE COMPANY (191 trucks) | RMS CRANES (139 trucks) | EAGLE ROCK DISTRIBUTING COMPANY OF COLORADO LLC (148 trucks) | WASTE CONNECTIONS OF COLORADO INC (486 trucks) | SUPERSHUTTLE DENVER (125 trucks) | U S TRANSPORT INC (200 trucks) | WEST DIRECT OIL (140 trucks) | BURNCO COLORADO LLC (146 trucks),127000,15093,10347512.56,"$1,500,000.00"
Sol_042,8850 Huron St,https://www.loopnet.com/Listing/8850-Huron-St-Thornton-CO/33061072/,"Thornton, CO 80260",1.26,349000.0,39.858426283979,-104.995662022846,6814.530000000001,10000,L,68.15%,1100,CITY OF THORNTON (208 trucks) | CITY OF THORNTON (174 trucks) | COCAL LANDSCAPE SERVICES INC (153 trucks) | COLD FRONT (121 trucks) | NAVAJO EXPRESS INC (309 trucks) | SURESHOT DRILLING LLC ATOZ FIELD SERVICES LLC DRILL TECH LLC PINNACLE DEVELOPMENT INC HDD SPECIALISTS LLC (135 trucks),127000,15093,10347512.56,"$349,000.00"
Sol_042,765 Aspen Ridge Drive Dr,https://www.loopnet.com/Listing/765-Aspen-Ridge-Drive-Dr-Lafayette-CO/32931931/,"Lafayette, CO 80026",1.43,556000.0,40.006898203868,-105.107210150504,4585.06,5000,M,91.70%,619,BOULDER VALLEY SCHOOL DISTRICT RE-2 (134 trucks) | VIA MOBILITY SERVICES (196 trucks) | VIA MOBILITY SERVICES (116 trucks) | CU (173 trucks),127000,15093,10347512.56,"$556,000.00"
Sol_042,6109 W 48th Ave,https://www.loopnet.com/Listing/6109-W-48th-Ave-Wheat-Ridge-CO/32583003/,"Wheat Ridge, CO 80033",1.76,1141446.56,39.784078257989,-105.064430676896,2821.09,5000,M,56.42%,520,CITY OF ARVADA (100 trucks) | SITEWISE LLC (145 trucks) | COMPASS VEHICLE RENTAL INC (170 trucks) | COORS DISTRIBUTING COMPANY MILLER COORS LLC (105 trucks),127000,15093,10347512.56,"$1,141,446.56"
Sol_043,17160 W Colfax Ave,https://www.loopnet.com/Listing/17160-W-Colfax-Ave-Golden-CO/29520298/,"Golden, CO 80401",0.63,500000.0,39.722253633534,-105.192465086092,5488.67,10000,L,54.89%,807,ENIVIRONMENTAL LANDWORKS COMPANY INC (115 trucks) | HOLCIM WCR INC (298 trucks) | JEFFCO SCHOOLS (274 trucks) | JEFFERSON COUNTY (120 trucks),105000,11928,7668512.5600000005,"$500,000.00"
Sol_043,3401 S Yosemite St,https://www.loopnet.com/Listing/3401-S-Yosemite-St-Denver-CO/39837277/,"Denver, CO 80231",0.64,675000.0,39.654049416843,-104.88550562639,7298.1900000000005,10000,L,72.98%,1256,COMCAST (194 trucks) | SWINGLE TREE & LANDSCAPE CARE (135 trucks) | CITY LIGHT AND POWER INC (121 trucks) | WHEEL PROS LLC (182 trucks) | CITY OF AURORA (271 trucks) | AURORA PUBLIC SCHOOLS (127 trucks) | METCO LANDSCAPING INC (226 trucks),105000,11928,7668512.5600000005,"$675,000.00"
Sol_043,9190 W 84th Ave,https://www.loopnet.com/Listing/9190-W-84th-Ave-Arvada-CO/38160305/,"Arvada, CO 80005",0.67,499000.0,39.849854027782,-105.100317795342,2457.7,5000,M,49.15%,296,ALPINE MILLWORK COMPANY DBA ROCKY MOUNTAIN RELOAD (141 trucks) | GEOSTABILIZATION INTERNATIONAL LLC (155 trucks),105000,11928,7668512.5600000005,"$499,000.00"
Sol_043,NEC N Fairgrounds Ave,https://www.loopnet.com/Listing/NEC-N-Fairgrounds-Ave-Windsor-CO/29890025/,"Windsor, CO 80528",0.74,483449.0,40.437732372143,-104.982630626628,4243.52,5000,M,84.87%,684,LARIMER COUNTY (131 trucks) | NOVUS AG LLC (444 trucks) | LOVELAND MUNICIPALITY (109 trucks),105000,11928,7668512.5600000005,"$483,449.00"
Sol_043,11958 Lincoln Ave,https://www.loopnet.com/Listing/Lincoln-Ave-Parker-CO/39741118/,"Parker, CO 80138",0.86,495000.0,39.536519536914,-104.76116705724,4937.0,5000,M,98.74%,725,ACCELERATED SERVICES LLC (373 trucks) | CHERRY CREEK SCHOOLS (352 trucks),105000,11928,7668512.5600000005,"$495,000.00"
Sol_043,3311 Ideal Drive Dr,https://www.loopnet.com/Listing/3311-Ideal-Drive-Dr-Frederick-CO/35744244/,"Frederick, CO 80516",1.0,949000.0,40.087044076103,-104.992966989518,4928.75,5000,M,98.58%,991,SUPREME TRANSPORT INC (183 trucks) | WARD ELECTRIC COMPANY INC (222 trucks) | CITY OF LONGMONT (211 trucks) | ST VRAIN VALLEY SCHOOL DISTRICT (174 trucks) | HEAT WAVES HOT OIL SERVICE LLC (201 trucks),105000,11928,7668512.5600000005,"$949,000.00"
Sol_043,12015 Irma Dr,https://www.loopnet.com/Listing/12015-Irma-Dr-Northglenn-CO/34662093/,"Northglenn, CO 80241",1.0,1098017.0,39.918832606598,-104.965887826386,11460.82,20000,XL,57.30%,1983,ADAMS 12 FIVE STAR SCHOOLS (182 trucks) | TRI-STATE GENERATION & TRANSMISSION ASSOCIATION INC (321 trucks) | CITY OF THORNTON (208 trucks) | CITY OF THORNTON (174 trucks) | BALIC TRANSPORT INC (120 trucks) | BURNCO COLORADO LLC (146 trucks) | WEST DIRECT OIL (140 trucks) | OFFEN PETROLEUM LLC (269 trucks) | ENVIRONMENTAL DESIGNS LLC (156 trucks) | SIM TRUCKING INC (120 trucks) | G&Z TRANSPORT LLC (147 trucks),105000,11928,7668512.5600000005,"$1,098,017.00"
Sol_043,2120 University Park Blvd,https://www.loopnet.com/Listing/2120-University-Park-Blvd-Colorado-Springs-CO/27680798/,"Colorado Springs, CO 80918",1.02,295000.0,38.910590363159,-104.78892179429,5689.619999999999,10000,L,56.90%,1031,GOODWILL OF COLORADO (134 trucks) | CITY OF COLORADO SPRINGS (326 trucks) | VECTRUS SYSTEMS CORPORATION (185 trucks) | COLORADO SPRINGS SCHOOL DISTRICT 11 (130 trucks) | El PASO COUNTY (112 trucks) | MOUNTAIN METROPOLITAN TRANSIT (144 trucks),105000,11928,7668512.5600000005,"$295,000.00"
Sol_043,7099 S Kenton St,https://www.loopnet.com/Listing/7099-S-Kenton-St-Centennial-CO/6542016/,"Centennial, CO 80112",1.18,976600.0,39.588430849644,-104.861817781283,16997.23,20000,XL,84.99%,2298,HBSCO DANS TRASH AT YOUR DISPOSAL (110 trucks) | BUCKLEY POWDER CO (217 trucks) | IHC SCOTT INC (214 trucks) | ORICA USA INC (215 trucks) | GLOBAL TRANSPORTATION LLC (442 trucks) | CH2M OMI CH2MHILL JACOBS (183 trucks) | AMERICAN FURNITURE WAREHOUSE CO (340 trucks) | TERRACARE ASSOCIATES LLC (156 trucks) | ENTERPRISE RENT-A-CAR NATIONAL RENT A CAR ALAMO RENT A CAR (421 trucks),105000,11928,7668512.5600000005,"$976,600.00"
Sol_043,765 Aspen Ridge Drive Dr,https://www.loopnet.com/Listing/765-Aspen-Ridge-Drive-Dr-Lafayette-CO/32931931/,"Lafayette, CO 80026",1.43,556000.0,40.006898203868,-105.107210150504,4585.06,5000,M,91.70%,619,BOULDER VALLEY SCHOOL DISTRICT RE-2 (134 trucks) | VIA MOBILITY SERVICES (196 trucks) | VIA MOBILITY SERVICES (116 trucks) | CU (173 trucks),105000,11928,7668512.5600000005,"$556,000.00"
Sol_043,6109 W 48th Ave,https://www.loopnet.com/Listing/6109-W-48th-Ave-Wheat-Ridge-CO/32583003/,"Wheat Ridge, CO 80033",1.76,1141446.56,39.784078257989,-105.064430676896,8749.11,10000,L,87.49%,1238,CITY OF ARVADA (100 trucks) | SITEWISE LLC (145 trucks) | COMPASS VEHICLE RENTAL INC (170 trucks) | COORS DISTRIBUTING COMPANY MILLER COORS LLC (105 trucks) | COLD FRONT (121 trucks) | NAVAJO EXPRESS INC (309 trucks) | SURESHOT DRILLING LLC ATOZ FIELD SERVICES LLC DRILL TECH LLC PINNACLE DEVELOPMENT INC HDD SPECIALISTS LLC (135 trucks) | COCAL LANDSCAPE SERVICES INC (153 trucks),105000,11928,7668512.5600000005,"$1,141,446.56"
Sol_044,2300 W County Road 54G,https://www.loopnet.com/Listing/2300-W-County-Road-54G-Laporte-CO/33671750/,"Laporte, CO 80535",0.46,330000.0,40.625878828869,-105.117877128123,1931.6100000000001,2000,S,96.58%,528,Poudre School District  (243 trucks) | CITY OF FORT COLLINS (285 trucks),107000,11676,7049512.5600000005,"$330,000.00"
Sol_044,17160 W Colfax Ave,https://www.loopnet.com/Listing/17160-W-Colfax-Ave-Golden-CO/29520298/,"Golden, CO 80401",0.63,500000.0,39.722253633534,-105.192465086092,5488.67,10000,L,54.89%,807,ENIVIRONMENTAL LANDWORKS COMPANY INC (115 trucks) | HOLCIM WCR INC (298 trucks) | JEFFCO SCHOOLS (274 trucks) | JEFFERSON COUNTY (120 trucks),107000,11676,7049512.5600000005,"$500,000.00"
Sol_044,3401 S Yosemite St,https://www.loopnet.com/Listing/3401-S-Yosemite-St-Denver-CO/39837277/,"Denver, CO 80231",0.64,675000.0,39.654049416843,-104.88550562639,7298.1900000000005,10000,L,72.98%,1256,COMCAST (194 trucks) | SWINGLE TREE & LANDSCAPE CARE (135 trucks) | CITY LIGHT AND POWER INC (121 trucks) | WHEEL PROS LLC (182 trucks) | CITY OF AURORA (271 trucks) | AURORA PUBLIC SCHOOLS (127 trucks) | METCO LANDSCAPING INC (226 trucks),107000,11676,7049512.5600000005,"$675,000.00"
Sol_044,9190 W 84th Ave,https://www.loopnet.com/Listing/9190-W-84th-Ave-Arvada-CO/38160305/,"Arvada, CO 80005",0.67,499000.0,39.849854027782,-105.100317795342,2457.7,5000,M,49.15%,296,ALPINE MILLWORK COMPANY DBA ROCKY MOUNTAIN RELOAD (141 trucks) | GEOSTABILIZATION INTERNATIONAL LLC (155 trucks),107000,11676,7049512.5600000005,"$499,000.00"
Sol_044,NEC N Fairgrounds Ave,https://www.loopnet.com/Listing/NEC-N-Fairgrounds-Ave-Windsor-CO/29890025/,"Windsor, CO 80528",0.74,483449.0,40.437732372143,-104.982630626628,4243.52,5000,M,84.87%,684,LARIMER COUNTY (131 trucks) | NOVUS AG LLC (444 trucks) | LOVELAND MUNICIPALITY (109 trucks),107000,11676,7049512.5600000005,"$483,449.00"
Sol_044,11958 Lincoln Ave,https://www.loopnet.com/Listing/Lincoln-Ave-Parker-CO/39741118/,"Parker, CO 80138",0.86,495000.0,39.536519536914,-104.76116705724,4937.0,5000,M,98.74%,725,ACCELERATED SERVICES LLC (373 trucks) | CHERRY CREEK SCHOOLS (352 trucks),107000,11676,7049512.5600000005,"$495,000.00"
Sol_044,12015 Irma Dr,https://www.loopnet.com/Listing/12015-Irma-Dr-Northglenn-CO/34662093/,"Northglenn, CO 80241",1.0,1098017.0,39.918832606598,-104.965887826386,11460.82,20000,XL,57.30%,1983,ADAMS 12 FIVE STAR SCHOOLS (182 trucks) | TRI-STATE GENERATION & TRANSMISSION ASSOCIATION INC (321 trucks) | CITY OF THORNTON (208 trucks) | CITY OF THORNTON (174 trucks) | BALIC TRANSPORT INC (120 trucks) | BURNCO COLORADO LLC (146 trucks) | WEST DIRECT OIL (140 trucks) | OFFEN PETROLEUM LLC (269 trucks) | ENVIRONMENTAL DESIGNS LLC (156 trucks) | SIM TRUCKING INC (120 trucks) | G&Z TRANSPORT LLC (147 trucks),107000,11676,7049512.5600000005,"$1,098,017.00"
Sol_044,2120 University Park Blvd,https://www.loopnet.com/Listing/2120-University-Park-Blvd-Colorado-Springs-CO/27680798/,"Colorado Springs, CO 80918",1.02,295000.0,38.910590363159,-104.78892179429,5689.619999999999,10000,L,56.90%,1031,GOODWILL OF COLORADO (134 trucks) | CITY OF COLORADO SPRINGS (326 trucks) | VECTRUS SYSTEMS CORPORATION (185 trucks) | COLORADO SPRINGS SCHOOL DISTRICT 11 (130 trucks) | El PASO COUNTY (112 trucks) | MOUNTAIN METROPOLITAN TRANSIT (144 trucks),107000,11676,7049512.5600000005,"$295,000.00"
Sol_044,7099 S Kenton St,https://www.loopnet.com/Listing/7099-S-Kenton-St-Centennial-CO/6542016/,"Centennial, CO 80112",1.18,976600.0,39.588430849644,-104.861817781283,16997.23,20000,XL,84.99%,2298,HBSCO DANS TRASH AT YOUR DISPOSAL (110 trucks) | BUCKLEY POWDER CO (217 trucks) | IHC SCOTT INC (214 trucks) | ORICA USA INC (215 trucks) | GLOBAL TRANSPORTATION LLC (442 trucks) | CH2M OMI CH2MHILL JACOBS (183 trucks) | AMERICAN FURNITURE WAREHOUSE CO (340 trucks) | TERRACARE ASSOCIATES LLC (156 trucks) | ENTERPRISE RENT-A-CAR NATIONAL RENT A CAR ALAMO RENT A CAR (421 trucks),107000,11676,7049512.5600000005,"$976,600.00"
Sol_044,765 Aspen Ridge Drive Dr,https://www.loopnet.com/Listing/765-Aspen-Ridge-Drive-Dr-Lafayette-CO/32931931/,"Lafayette, CO 80026",1.43,556000.0,40.006898203868,-105.107210150504,5074.7300000000005,10000,L,50.75%,830,BOULDER VALLEY SCHOOL DISTRICT RE-2 (134 trucks) | VIA MOBILITY SERVICES (196 trucks) | VIA MOBILITY SERVICES (116 trucks) | CU (173 trucks) | CITY OF LONGMONT (211 trucks),107000,11676,7049512.5600000005,"$556,000.00"
Sol_044,6109 W 48th Ave,https://www.loopnet.com/Listing/6109-W-48th-Ave-Wheat-Ridge-CO/32583003/,"Wheat Ridge, CO 80033",1.76,1141446.56,39.784078257989,-105.064430676896,8749.11,10000,L,87.49%,1238,CITY OF ARVADA (100 trucks) | SITEWISE LLC (145 trucks) | COMPASS VEHICLE RENTAL INC (170 trucks) | COORS DISTRIBUTING COMPANY MILLER COORS LLC (105 trucks) | COLD FRONT (121 trucks) | NAVAJO EXPRESS INC (309 trucks) | SURESHOT DRILLING LLC ATOZ FIELD SERVICES LLC DRILL TECH LLC PINNACLE DEVELOPMENT INC HDD SPECIALISTS LLC (135 trucks) | COCAL LANDSCAPE SERVICES INC (153 trucks),107000,11676,7049512.5600000005,"$1,141,446.56"
Sol_045,17160 W Colfax Ave,https://www.loopnet.com/Listing/17160-W-Colfax-Ave-Golden-CO/29520298/,"Golden, CO 80401",0.63,500000.0,39.722253633534,-105.192465086092,5488.67,10000,L,54.89%,807,ENIVIRONMENTAL LANDWORKS COMPANY INC (115 trucks) | HOLCIM WCR INC (298 trucks) | JEFFCO SCHOOLS (274 trucks) | JEFFERSON COUNTY (120 trucks),120000,14419,9668512.56,"$500,000.00"
Sol_045,3401 S Yosemite St,https://www.loopnet.com/Listing/3401-S-Yosemite-St-Denver-CO/39837277/,"Denver, CO 80231",0.64,675000.0,39.654049416843,-104.88550562639,4128.9400000000005,5000,M,82.58%,632,COMCAST (194 trucks) | SWINGLE TREE & LANDSCAPE CARE (135 trucks) | CITY LIGHT AND POWER INC (121 trucks) | WHEEL PROS LLC (182 trucks),120000,14419,9668512.56,"$675,000.00"
Sol_045,9190 W 84th Ave,https://www.loopnet.com/Listing/9190-W-84th-Ave-Arvada-CO/38160305/,"Arvada, CO 80005",0.67,499000.0,39.849854027782,-105.100317795342,2457.7,5000,M,49.15%,296,ALPINE MILLWORK COMPANY DBA ROCKY MOUNTAIN RELOAD (141 trucks) | GEOSTABILIZATION INTERNATIONAL LLC (155 trucks),120000,14419,9668512.56,"$499,000.00"
Sol_045,496 Laredo st,https://www.loopnet.com/Listing/496-Laredo-st-Aurora-CO/38708025/,"Aurora, CO 80011",0.7,500000.0,39.724337332754,-104.800258318335,8680.17,10000,L,86.80%,1261,AURORA PUBLIC SCHOOLS (127 trucks) | CITY OF AURORA (271 trucks) | METCO LANDSCAPING INC (226 trucks) | WAGNER EQUIPMENT CO (423 trucks) | SHAMROCK FOODS COMPANY (214 trucks),120000,14419,9668512.56,"$500,000.00"
Sol_045,NEC N Fairgrounds Ave,https://www.loopnet.com/Listing/NEC-N-Fairgrounds-Ave-Windsor-CO/29890025/,"Windsor, CO 80528",0.74,483449.0,40.437732372143,-104.982630626628,4243.52,5000,M,84.87%,684,LARIMER COUNTY (131 trucks) | NOVUS AG LLC (444 trucks) | LOVELAND MUNICIPALITY (109 trucks),120000,14419,9668512.56,"$483,449.00"
Sol_045,11958 Lincoln Ave,https://www.loopnet.com/Listing/Lincoln-Ave-Parker-CO/39741118/,"Parker, CO 80138",0.86,495000.0,39.536519536914,-104.76116705724,4937.0,5000,M,98.74%,725,ACCELERATED SERVICES LLC (373 trucks) | CHERRY CREEK SCHOOLS (352 trucks),120000,14419,9668512.56,"$495,000.00"
Sol_045,3311 Ideal Drive Dr,https://www.loopnet.com/Listing/3311-Ideal-Drive-Dr-Frederick-CO/35744244/,"Frederick, CO 80516",1.0,949000.0,40.087044076103,-104.992966989518,4928.75,5000,M,98.58%,991,SUPREME TRANSPORT INC (183 trucks) | WARD ELECTRIC COMPANY INC (222 trucks) | CITY OF LONGMONT (211 trucks) | ST VRAIN VALLEY SCHOOL DISTRICT (174 trucks) | HEAT WAVES HOT OIL SERVICE LLC (201 trucks),120000,14419,9668512.56,"$949,000.00"
Sol_045,12015 Irma Dr,https://www.loopnet.com/Listing/12015-Irma-Dr-Northglenn-CO/34662093/,"Northglenn, CO 80241",1.0,1098017.0,39.918832606598,-104.965887826386,7349.780000000001,10000,L,73.50%,1428,ADAMS 12 FIVE STAR SCHOOLS (182 trucks) | TRI-STATE GENERATION & TRANSMISSION ASSOCIATION INC (321 trucks) | CITY OF THORNTON (208 trucks) | CITY OF THORNTON (174 trucks) | BALIC TRANSPORT INC (120 trucks) | ENVIRONMENTAL DESIGNS LLC (156 trucks) | SIM TRUCKING INC (120 trucks) | G&Z TRANSPORT LLC (147 trucks),120000,14419,9668512.56,"$1,098,017.00"
Sol_045,2120 University Park Blvd,https://www.loopnet.com/Listing/2120-University-Park-Blvd-Colorado-Springs-CO/27680798/,"Colorado Springs, CO 80918",1.02,295000.0,38.910590363159,-104.78892179429,5689.619999999999,10000,L,56.90%,1031,GOODWILL OF COLORADO (134 trucks) | CITY OF COLORADO SPRINGS (326 trucks) | VECTRUS SYSTEMS CORPORATION (185 trucks) | COLORADO SPRINGS SCHOOL DISTRICT 11 (130 trucks) | El PASO COUNTY (112 trucks) | MOUNTAIN METROPOLITAN TRANSIT (144 trucks),120000,14419,9668512.56,"$295,000.00"
Sol_045,7099 S Kenton St,https://www.loopnet.com/Listing/7099-S-Kenton-St-Centennial-CO/6542016/,"Centennial, CO 80112",1.18,976600.0,39.588430849644,-104.861817781283,16997.23,20000,XL,84.99%,2298,HBSCO DANS TRASH AT YOUR DISPOSAL (110 trucks) | BUCKLEY POWDER CO (217 trucks) | IHC SCOTT INC (214 trucks) | ORICA USA INC (215 trucks) | GLOBAL TRANSPORTATION LLC (442 trucks) | CH2M OMI CH2MHILL JACOBS (183 trucks) | AMERICAN FURNITURE WAREHOUSE CO (340 trucks) | TERRACARE ASSOCIATES LLC (156 trucks) | ENTERPRISE RENT-A-CAR NATIONAL RENT A CAR ALAMO RENT A CAR (421 trucks),120000,14419,9668512.56,"$976,600.00"
Sol_045,6322 Ivanhoe St,https://www.loopnet.com/Listing/6322-Ivanhoe-St-Commerce-City-CO/30497175/,"Commerce City, CO 80022",1.24,1500000.0,39.811481968412,-104.920723282229,19960.92,20000,XL,99.80%,2697,UNITED SITE SERVICES OF NEVADA INC (409 trucks) | UNITED SITE SERVICES OF COLORADO INC (147 trucks) | OFFEN PETROLEUM LLC (269 trucks) | WESTERN DISTRIBUTING TRANSPORTATION CORP (155 trucks) | READY MIX CONCRETE COMPANY (191 trucks) | RMS CRANES (139 trucks) | EAGLE ROCK DISTRIBUTING COMPANY OF COLORADO LLC (148 trucks) | WASTE CONNECTIONS OF COLORADO INC (486 trucks) | SUPERSHUTTLE DENVER (125 trucks) | SURESHOT DRILLING LLC ATOZ FIELD SERVICES LLC DRILL TECH LLC PINNACLE DEVELOPMENT INC HDD SPECIALISTS LLC (135 trucks) | COCAL LANDSCAPE SERVICES INC (153 trucks) | U S TRANSPORT INC (200 trucks) | WEST DIRECT OIL (140 trucks),120000,14419,9668512.56,"$1,500,000.00"
Sol_045,765 Aspen Ridge Drive Dr,https://www.loopnet.com/Listing/765-Aspen-Ridge-Drive-Dr-Lafayette-CO/32931931/,"Lafayette, CO 80026",1.43,556000.0,40.006898203868,-105.107210150504,4585.06,5000,M,91.70%,619,BOULDER VALLEY SCHOOL DISTRICT RE-2 (134 trucks) | VIA MOBILITY SERVICES (196 trucks) | VIA MOBILITY SERVICES (116 trucks) | CU (173 trucks),120000,14419,9668512.56,"$556,000.00"
Sol_045,6109 W 48th Ave,https://www.loopnet.com/Listing/6109-W-48th-Ave-Wheat-Ridge-CO/32583003/,"Wheat Ridge, CO 80033",1.76,1141446.56,39.784078257989,-105.064430676896,6837.22,10000,L,68.37%,950,CITY OF ARVADA (100 trucks) | SITEWISE LLC (145 trucks) | COMPASS VEHICLE RENTAL INC (170 trucks) | COORS DISTRIBUTING COMPANY MILLER COORS LLC (105 trucks) | COLD FRONT (121 trucks) | NAVAJO EXPRESS INC (309 trucks),120000,14419,9668512.56,"$1,141,446.56"
Sol_046,2300 W County Road 54G,https://www.loopnet.com/Listing/2300-W-County-Road-54G-Laporte-CO/33671750/,"Laporte, CO 80535",0.46,330000.0,40.625878828869,-105.117877128123,1931.6100000000001,2000,S,96.58%,528,Poudre School District  (243 trucks) | CITY OF FORT COLLINS (285 trucks),127000,15336,11744155.56,"$330,000.00"
Sol_046,17160 W Colfax Ave,https://www.loopnet.com/Listing/17160-W-Colfax-Ave-Golden-CO/29520298/,"Golden, CO 80401",0.63,500000.0,39.722253633534,-105.192465086092,5488.67,10000,L,54.89%,807,ENIVIRONMENTAL LANDWORKS COMPANY INC (115 trucks) | HOLCIM WCR INC (298 trucks) | JEFFCO SCHOOLS (274 trucks) | JEFFERSON COUNTY (120 trucks),127000,15336,11744155.56,"$500,000.00"
Sol_046,3401 S Yosemite St,https://www.loopnet.com/Listing/3401-S-Yosemite-St-Denver-CO/39837277/,"Denver, CO 80231",0.64,675000.0,39.654049416843,-104.88550562639,4128.9400000000005,5000,M,82.58%,632,COMCAST (194 trucks) | SWINGLE TREE & LANDSCAPE CARE (135 trucks) | CITY LIGHT AND POWER INC (121 trucks) | WHEEL PROS LLC (182 trucks),127000,15336,11744155.56,"$675,000.00"
Sol_046,9190 W 84th Ave,https://www.loopnet.com/Listing/9190-W-84th-Ave-Arvada-CO/38160305/,"Arvada, CO 80005",0.67,499000.0,39.849854027782,-105.100317795342,2457.7,5000,M,49.15%,296,ALPINE MILLWORK COMPANY DBA ROCKY MOUNTAIN RELOAD (141 trucks) | GEOSTABILIZATION INTERNATIONAL LLC (155 trucks),127000,15336,11744155.56,"$499,000.00"
Sol_046,496 Laredo st,https://www.loopnet.com/Listing/496-Laredo-st-Aurora-CO/38708025/,"Aurora, CO 80011",0.7,500000.0,39.724337332754,-104.800258318335,8680.17,10000,L,86.80%,1261,AURORA PUBLIC SCHOOLS (127 trucks) | CITY OF AURORA (271 trucks) | METCO LANDSCAPING INC (226 trucks) | WAGNER EQUIPMENT CO (423 trucks) | SHAMROCK FOODS COMPANY (214 trucks),127000,15336,11744155.56,"$500,000.00"
Sol_046,NEC N Fairgrounds Ave,https://www.loopnet.com/Listing/NEC-N-Fairgrounds-Ave-Windsor-CO/29890025/,"Windsor, CO 80528",0.74,483449.0,40.437732372143,-104.982630626628,4243.52,5000,M,84.87%,684,LARIMER COUNTY (131 trucks) | NOVUS AG LLC (444 trucks) | LOVELAND MUNICIPALITY (109 trucks),127000,15336,11744155.56,"$483,449.00"
Sol_046,11958 Lincoln Ave,https://www.loopnet.com/Listing/Lincoln-Ave-Parker-CO/39741118/,"Parker, CO 80138",0.86,495000.0,39.536519536914,-104.76116705724,4937.0,5000,M,98.74%,725,ACCELERATED SERVICES LLC (373 trucks) | CHERRY CREEK SCHOOLS (352 trucks),127000,15336,11744155.56,"$495,000.00"
Sol_046,3311 Ideal Drive Dr,https://www.loopnet.com/Listing/3311-Ideal-Drive-Dr-Frederick-CO/35744244/,"Frederick, CO 80516",1.0,949000.0,40.087044076103,-104.992966989518,4928.75,5000,M,98.58%,991,SUPREME TRANSPORT INC (183 trucks) | WARD ELECTRIC COMPANY INC (222 trucks) | CITY OF LONGMONT (211 trucks) | ST VRAIN VALLEY SCHOOL DISTRICT (174 trucks) | HEAT WAVES HOT OIL SERVICE LLC (201 trucks),127000,15336,11744155.56,"$949,000.00"
Sol_046,12015 Irma Dr,https://www.loopnet.com/Listing/12015-Irma-Dr-Northglenn-CO/34662093/,"Northglenn, CO 80241",1.0,1098017.0,39.918832606598,-104.965887826386,7349.780000000001,10000,L,73.50%,1428,ADAMS 12 FIVE STAR SCHOOLS (182 trucks) | TRI-STATE GENERATION & TRANSMISSION ASSOCIATION INC (321 trucks) | CITY OF THORNTON (208 trucks) | CITY OF THORNTON (174 trucks) | BALIC TRANSPORT INC (120 trucks) | ENVIRONMENTAL DESIGNS LLC (156 trucks) | SIM TRUCKING INC (120 trucks) | G&Z TRANSPORT LLC (147 trucks),127000,15336,11744155.56,"$1,098,017.00"
Sol_046,2120 University Park Blvd,https://www.loopnet.com/Listing/2120-University-Park-Blvd-Colorado-Springs-CO/27680798/,"Colorado Springs, CO 80918",1.02,295000.0,38.910590363159,-104.78892179429,5689.619999999999,10000,L,56.90%,1031,GOODWILL OF COLORADO (134 trucks) | CITY OF COLORADO SPRINGS (326 trucks) | VECTRUS SYSTEMS CORPORATION (185 trucks) | COLORADO SPRINGS SCHOOL DISTRICT 11 (130 trucks) | El PASO COUNTY (112 trucks) | MOUNTAIN METROPOLITAN TRANSIT (144 trucks),127000,15336,11744155.56,"$295,000.00"
Sol_046,7099 S Kenton St,https://www.loopnet.com/Listing/7099-S-Kenton-St-Centennial-CO/6542016/,"Centennial, CO 80112",1.18,976600.0,39.588430849644,-104.861817781283,16997.23,20000,XL,84.99%,2298,HBSCO DANS TRASH AT YOUR DISPOSAL (110 trucks) | BUCKLEY POWDER CO (217 trucks) | IHC SCOTT INC (214 trucks) | ORICA USA INC (215 trucks) | GLOBAL TRANSPORTATION LLC (442 trucks) | CH2M OMI CH2MHILL JACOBS (183 trucks) | AMERICAN FURNITURE WAREHOUSE CO (340 trucks) | TERRACARE ASSOCIATES LLC (156 trucks) | ENTERPRISE RENT-A-CAR NATIONAL RENT A CAR ALAMO RENT A CAR (421 trucks),127000,15336,11744155.56,"$976,600.00"
Sol_046,6322 Ivanhoe St,https://www.loopnet.com/Listing/6322-Ivanhoe-St-Commerce-City-CO/30497175/,"Commerce City, CO 80022",1.24,1500000.0,39.811481968412,-104.920723282229,19960.92,20000,XL,99.80%,2697,UNITED SITE SERVICES OF NEVADA INC (409 trucks) | UNITED SITE SERVICES OF COLORADO INC (147 trucks) | OFFEN PETROLEUM LLC (269 trucks) | WESTERN DISTRIBUTING TRANSPORTATION CORP (155 trucks) | READY MIX CONCRETE COMPANY (191 trucks) | RMS CRANES (139 trucks) | EAGLE ROCK DISTRIBUTING COMPANY OF COLORADO LLC (148 trucks) | WASTE CONNECTIONS OF COLORADO INC (486 trucks) | SUPERSHUTTLE DENVER (125 trucks) | SURESHOT DRILLING LLC ATOZ FIELD SERVICES LLC DRILL TECH LLC PINNACLE DEVELOPMENT INC HDD SPECIALISTS LLC (135 trucks) | COCAL LANDSCAPE SERVICES INC (153 trucks) | U S TRANSPORT INC (200 trucks) | WEST DIRECT OIL (140 trucks),127000,15336,11744155.56,"$1,500,000.00"
Sol_046,765 Aspen Ridge Drive Dr,https://www.loopnet.com/Listing/765-Aspen-Ridge-Drive-Dr-Lafayette-CO/32931931/,"Lafayette, CO 80026",1.43,556000.0,40.006898203868,-105.107210150504,4585.06,5000,M,91.70%,619,BOULDER VALLEY SCHOOL DISTRICT RE-2 (134 trucks) | VIA MOBILITY SERVICES (196 trucks) | VIA MOBILITY SERVICES (116 trucks) | CU (173 trucks),127000,15336,11744155.56,"$556,000.00"
Sol_046,6109 W 48th Ave,https://www.loopnet.com/Listing/6109-W-48th-Ave-Wheat-Ridge-CO/32583003/,"Wheat Ridge, CO 80033",1.76,1141446.56,39.784078257989,-105.064430676896,6837.22,10000,L,68.37%,950,CITY OF ARVADA (100 trucks) | SITEWISE LLC (145 trucks) | COMPASS VEHICLE RENTAL INC (170 trucks) | COORS DISTRIBUTING COMPANY MILLER COORS LLC (105 trucks) | COLD FRONT (121 trucks) | NAVAJO EXPRESS INC (309 trucks),127000,15336,11744155.56,"$1,141,446.56"
Sol_046,5480 Montana Vista Way,https://www.loopnet.com/Listing/5480-Montana-Vista-Way-Castle-Rock-CO/31324562/,"Castle Rock, CO 80108",2.0,1745643.0,39.413964345372,-104.86151758933,2577.81,5000,M,51.56%,389,TOWN OF CASTLE ROCK  (109 trucks) | GREAT SOUTHWESTERN CONSTRUCTION INC (280 trucks),127000,15336,11744155.56,"$1,745,643.00"
Sol_047,17160 W Colfax Ave,https://www.loopnet.com/Listing/17160-W-Colfax-Ave-Golden-CO/29520298/,"Golden, CO 80401",0.63,500000.0,39.722253633534,-105.192465086092,5488.67,10000,L,54.89%,807,ENIVIRONMENTAL LANDWORKS COMPANY INC (115 trucks) | HOLCIM WCR INC (298 trucks) | JEFFCO SCHOOLS (274 trucks) | JEFFERSON COUNTY (120 trucks),110000,11785,7219512.5600000005,"$500,000.00"
Sol_047,3401 S Yosemite St,https://www.loopnet.com/Listing/3401-S-Yosemite-St-Denver-CO/39837277/,"Denver, CO 80231",0.64,675000.0,39.654049416843,-104.88550562639,4128.9400000000005,5000,M,82.58%,632,COMCAST (194 trucks) | SWINGLE TREE & LANDSCAPE CARE (135 trucks) | CITY LIGHT AND POWER INC (121 trucks) | WHEEL PROS LLC (182 trucks),110000,11785,7219512.5600000005,"$675,000.00"
Sol_047,9190 W 84th Ave,https://www.loopnet.com/Listing/9190-W-84th-Ave-Arvada-CO/38160305/,"Arvada, CO 80005",0.67,499000.0,39.849854027782,-105.100317795342,2457.7,5000,M,49.15%,296,ALPINE MILLWORK COMPANY DBA ROCKY MOUNTAIN RELOAD (141 trucks) | GEOSTABILIZATION INTERNATIONAL LLC (155 trucks),110000,11785,7219512.5600000005,"$499,000.00"
Sol_047,496 Laredo st,https://www.loopnet.com/Listing/496-Laredo-st-Aurora-CO/38708025/,"Aurora, CO 80011",0.7,500000.0,39.724337332754,-104.800258318335,8680.17,10000,L,86.80%,1261,AURORA PUBLIC SCHOOLS (127 trucks) | CITY OF AURORA (271 trucks) | METCO LANDSCAPING INC (226 trucks) | WAGNER EQUIPMENT CO (423 trucks) | SHAMROCK FOODS COMPANY (214 trucks),110000,11785,7219512.5600000005,"$500,000.00"
Sol_047,NEC N Fairgrounds Ave,https://www.loopnet.com/Listing/NEC-N-Fairgrounds-Ave-Windsor-CO/29890025/,"Windsor, CO 80528",0.74,483449.0,40.437732372143,-104.982630626628,4243.52,5000,M,84.87%,684,LARIMER COUNTY (131 trucks) | NOVUS AG LLC (444 trucks) | LOVELAND MUNICIPALITY (109 trucks),110000,11785,7219512.5600000005,"$483,449.00"
Sol_047,11958 Lincoln Ave,https://www.loopnet.com/Listing/Lincoln-Ave-Parker-CO/39741118/,"Parker, CO 80138",0.86,495000.0,39.536519536914,-104.76116705724,4937.0,5000,M,98.74%,725,ACCELERATED SERVICES LLC (373 trucks) | CHERRY CREEK SCHOOLS (352 trucks),110000,11785,7219512.5600000005,"$495,000.00"
Sol_047,12015 Irma Dr,https://www.loopnet.com/Listing/12015-Irma-Dr-Northglenn-CO/34662093/,"Northglenn, CO 80241",1.0,1098017.0,39.918832606598,-104.965887826386,11460.82,20000,XL,57.30%,1983,ADAMS 12 FIVE STAR SCHOOLS (182 trucks) | TRI-STATE GENERATION & TRANSMISSION ASSOCIATION INC (321 trucks) | CITY OF THORNTON (208 trucks) | CITY OF THORNTON (174 trucks) | BALIC TRANSPORT INC (120 trucks) | BURNCO COLORADO LLC (146 trucks) | WEST DIRECT OIL (140 trucks) | OFFEN PETROLEUM LLC (269 trucks) | ENVIRONMENTAL DESIGNS LLC (156 trucks) | SIM TRUCKING INC (120 trucks) | G&Z TRANSPORT LLC (147 trucks),110000,11785,7219512.5600000005,"$1,098,017.00"
Sol_047,2120 University Park Blvd,https://www.loopnet.com/Listing/2120-University-Park-Blvd-Colorado-Springs-CO/27680798/,"Colorado Springs, CO 80918",1.02,295000.0,38.910590363159,-104.78892179429,5689.619999999999,10000,L,56.90%,1031,GOODWILL OF COLORADO (134 trucks) | CITY OF COLORADO SPRINGS (326 trucks) | VECTRUS SYSTEMS CORPORATION (185 trucks) | COLORADO SPRINGS SCHOOL DISTRICT 11 (130 trucks) | El PASO COUNTY (112 trucks) | MOUNTAIN METROPOLITAN TRANSIT (144 trucks),110000,11785,7219512.5600000005,"$295,000.00"
Sol_047,7099 S Kenton St,https://www.loopnet.com/Listing/7099-S-Kenton-St-Centennial-CO/6542016/,"Centennial, CO 80112",1.18,976600.0,39.588430849644,-104.861817781283,16997.23,20000,XL,84.99%,2298,HBSCO DANS TRASH AT YOUR DISPOSAL (110 trucks) | BUCKLEY POWDER CO (217 trucks) | IHC SCOTT INC (214 trucks) | ORICA USA INC (215 trucks) | GLOBAL TRANSPORTATION LLC (442 trucks) | CH2M OMI CH2MHILL JACOBS (183 trucks) | AMERICAN FURNITURE WAREHOUSE CO (340 trucks) | TERRACARE ASSOCIATES LLC (156 trucks) | ENTERPRISE RENT-A-CAR NATIONAL RENT A CAR ALAMO RENT A CAR (421 trucks),110000,11785,7219512.5600000005,"$976,600.00"
Sol_047,765 Aspen Ridge Drive Dr,https://www.loopnet.com/Listing/765-Aspen-Ridge-Drive-Dr-Lafayette-CO/32931931/,"Lafayette, CO 80026",1.43,556000.0,40.006898203868,-105.107210150504,5074.7300000000005,10000,L,50.75%,830,BOULDER VALLEY SCHOOL DISTRICT RE-2 (134 trucks) | VIA MOBILITY SERVICES (196 trucks) | VIA MOBILITY SERVICES (116 trucks) | CU (173 trucks) | CITY OF LONGMONT (211 trucks),110000,11785,7219512.5600000005,"$556,000.00"
Sol_047,6109 W 48th Ave,https://www.loopnet.com/Listing/6109-W-48th-Ave-Wheat-Ridge-CO/32583003/,"Wheat Ridge, CO 80033",1.76,1141446.56,39.784078257989,-105.064430676896,8749.11,10000,L,87.49%,1238,CITY OF ARVADA (100 trucks) | SITEWISE LLC (145 trucks) | COMPASS VEHICLE RENTAL INC (170 trucks) | COORS DISTRIBUTING COMPANY MILLER COORS LLC (105 trucks) | COLD FRONT (121 trucks) | NAVAJO EXPRESS INC (309 trucks) | SURESHOT DRILLING LLC ATOZ FIELD SERVICES LLC DRILL TECH LLC PINNACLE DEVELOPMENT INC HDD SPECIALISTS LLC (135 trucks) | COCAL LANDSCAPE SERVICES INC (153 trucks),110000,11785,7219512.5600000005,"$1,141,446.56"
Sol_048,17160 W Colfax Ave,https://www.loopnet.com/Listing/17160-W-Colfax-Ave-Golden-CO/29520298/,"Golden, CO 80401",0.63,500000.0,39.722253633534,-105.192465086092,5488.67,10000,L,54.89%,807,ENIVIRONMENTAL LANDWORKS COMPANY INC (115 trucks) | HOLCIM WCR INC (298 trucks) | JEFFCO SCHOOLS (274 trucks) | JEFFERSON COUNTY (120 trucks),115000,12776,8219512.5600000005,"$500,000.00"
Sol_048,3401 S Yosemite St,https://www.loopnet.com/Listing/3401-S-Yosemite-St-Denver-CO/39837277/,"Denver, CO 80231",0.64,675000.0,39.654049416843,-104.88550562639,5421.700000000001,10000,L,54.22%,1030,COMCAST (194 trucks) | SWINGLE TREE & LANDSCAPE CARE (135 trucks) | CITY LIGHT AND POWER INC (121 trucks) | WHEEL PROS LLC (182 trucks) | CITY OF AURORA (271 trucks) | AURORA PUBLIC SCHOOLS (127 trucks),115000,12776,8219512.5600000005,"$675,000.00"
Sol_048,9190 W 84th Ave,https://www.loopnet.com/Listing/9190-W-84th-Ave-Arvada-CO/38160305/,"Arvada, CO 80005",0.67,499000.0,39.849854027782,-105.100317795342,2457.7,5000,M,49.15%,296,ALPINE MILLWORK COMPANY DBA ROCKY MOUNTAIN RELOAD (141 trucks) | GEOSTABILIZATION INTERNATIONAL LLC (155 trucks),115000,12776,8219512.5600000005,"$499,000.00"
Sol_048,NEC N Fairgrounds Ave,https://www.loopnet.com/Listing/NEC-N-Fairgrounds-Ave-Windsor-CO/29890025/,"Windsor, CO 80528",0.74,483449.0,40.437732372143,-104.982630626628,4243.52,5000,M,84.87%,684,LARIMER COUNTY (131 trucks) | NOVUS AG LLC (444 trucks) | LOVELAND MUNICIPALITY (109 trucks),115000,12776,8219512.5600000005,"$483,449.00"
Sol_048,11958 Lincoln Ave,https://www.loopnet.com/Listing/Lincoln-Ave-Parker-CO/39741118/,"Parker, CO 80138",0.86,495000.0,39.536519536914,-104.76116705724,4937.0,5000,M,98.74%,725,ACCELERATED SERVICES LLC (373 trucks) | CHERRY CREEK SCHOOLS (352 trucks),115000,12776,8219512.5600000005,"$495,000.00"
Sol_048,12015 Irma Dr,https://www.loopnet.com/Listing/12015-Irma-Dr-Northglenn-CO/34662093/,"Northglenn, CO 80241",1.0,1098017.0,39.918832606598,-104.965887826386,7349.780000000001,10000,L,73.50%,1428,ADAMS 12 FIVE STAR SCHOOLS (182 trucks) | TRI-STATE GENERATION & TRANSMISSION ASSOCIATION INC (321 trucks) | CITY OF THORNTON (208 trucks) | CITY OF THORNTON (174 trucks) | BALIC TRANSPORT INC (120 trucks) | ENVIRONMENTAL DESIGNS LLC (156 trucks) | SIM TRUCKING INC (120 trucks) | G&Z TRANSPORT LLC (147 trucks),115000,12776,8219512.5600000005,"$1,098,017.00"
Sol_048,2120 University Park Blvd,https://www.loopnet.com/Listing/2120-University-Park-Blvd-Colorado-Springs-CO/27680798/,"Colorado Springs, CO 80918",1.02,295000.0,38.910590363159,-104.78892179429,5689.619999999999,10000,L,56.90%,1031,GOODWILL OF COLORADO (134 trucks) | CITY OF COLORADO SPRINGS (326 trucks) | VECTRUS SYSTEMS CORPORATION (185 trucks) | COLORADO SPRINGS SCHOOL DISTRICT 11 (130 trucks) | El PASO COUNTY (112 trucks) | MOUNTAIN METROPOLITAN TRANSIT (144 trucks),115000,12776,8219512.5600000005,"$295,000.00"
Sol_048,7099 S Kenton St,https://www.loopnet.com/Listing/7099-S-Kenton-St-Centennial-CO/6542016/,"Centennial, CO 80112",1.18,976600.0,39.588430849644,-104.861817781283,16997.23,20000,XL,84.99%,2298,HBSCO DANS TRASH AT YOUR DISPOSAL (110 trucks) | BUCKLEY POWDER CO (217 trucks) | IHC SCOTT INC (214 trucks) | ORICA USA INC (215 trucks) | GLOBAL TRANSPORTATION LLC (442 trucks) | CH2M OMI CH2MHILL JACOBS (183 trucks) | AMERICAN FURNITURE WAREHOUSE CO (340 trucks) | TERRACARE ASSOCIATES LLC (156 trucks) | ENTERPRISE RENT-A-CAR NATIONAL RENT A CAR ALAMO RENT A CAR (421 trucks),115000,12776,8219512.5600000005,"$976,600.00"
Sol_048,6322 Ivanhoe St,https://www.loopnet.com/Listing/6322-Ivanhoe-St-Commerce-City-CO/30497175/,"Commerce City, CO 80022",1.24,1500000.0,39.811481968412,-104.920723282229,19960.92,20000,XL,99.80%,2697,UNITED SITE SERVICES OF NEVADA INC (409 trucks) | UNITED SITE SERVICES OF COLORADO INC (147 trucks) | OFFEN PETROLEUM LLC (269 trucks) | WESTERN DISTRIBUTING TRANSPORTATION CORP (155 trucks) | READY MIX CONCRETE COMPANY (191 trucks) | RMS CRANES (139 trucks) | EAGLE ROCK DISTRIBUTING COMPANY OF COLORADO LLC (148 trucks) | WASTE CONNECTIONS OF COLORADO INC (486 trucks) | SUPERSHUTTLE DENVER (125 trucks) | SURESHOT DRILLING LLC ATOZ FIELD SERVICES LLC DRILL TECH LLC PINNACLE DEVELOPMENT INC HDD SPECIALISTS LLC (135 trucks) | COCAL LANDSCAPE SERVICES INC (153 trucks) | U S TRANSPORT INC (200 trucks) | WEST DIRECT OIL (140 trucks),115000,12776,8219512.5600000005,"$1,500,000.00"
Sol_048,765 Aspen Ridge Drive Dr,https://www.loopnet.com/Listing/765-Aspen-Ridge-Drive-Dr-Lafayette-CO/32931931/,"Lafayette, CO 80026",1.43,556000.0,40.006898203868,-105.107210150504,5074.7300000000005,10000,L,50.75%,830,BOULDER VALLEY SCHOOL DISTRICT RE-2 (134 trucks) | VIA MOBILITY SERVICES (196 trucks) | VIA MOBILITY SERVICES (116 trucks) | CU (173 trucks) | CITY OF LONGMONT (211 trucks),115000,12776,8219512.5600000005,"$556,000.00"
Sol_048,6109 W 48th Ave,https://www.loopnet.com/Listing/6109-W-48th-Ave-Wheat-Ridge-CO/32583003/,"Wheat Ridge, CO 80033",1.76,1141446.56,39.784078257989,-105.064430676896,6837.22,10000,L,68.37%,950,CITY OF ARVADA (100 trucks) | SITEWISE LLC (145 trucks) | COMPASS VEHICLE RENTAL INC (170 trucks) | COORS DISTRIBUTING COMPANY MILLER COORS LLC (105 trucks) | COLD FRONT (121 trucks) | NAVAJO EXPRESS INC (309 trucks),115000,12776,8219512.5600000005,"$1,141,446.56"
Sol_049,2300 W County Road 54G,https://www.loopnet.com/Listing/2300-W-County-Road-54G-Laporte-CO/33671750/,"Laporte, CO 80535",0.46,330000.0,40.625878828869,-105.117877128123,1931.6100000000001,2000,S,96.58%,528,Poudre School District  (243 trucks) | CITY OF FORT COLLINS (285 trucks),112000,13089,8347512.5600000005,"$330,000.00"
Sol_049,17160 W Colfax Ave,https://www.loopnet.com/Listing/17160-W-Colfax-Ave-Golden-CO/29520298/,"Golden, CO 80401",0.63,500000.0,39.722253633534,-105.192465086092,5488.67,10000,L,54.89%,807,ENIVIRONMENTAL LANDWORKS COMPANY INC (115 trucks) | HOLCIM WCR INC (298 trucks) | JEFFCO SCHOOLS (274 trucks) | JEFFERSON COUNTY (120 trucks),112000,13089,8347512.5600000005,"$500,000.00"
Sol_049,3401 S Yosemite St,https://www.loopnet.com/Listing/3401-S-Yosemite-St-Denver-CO/39837277/,"Denver, CO 80231",0.64,675000.0,39.654049416843,-104.88550562639,7298.1900000000005,10000,L,72.98%,1256,COMCAST (194 trucks) | SWINGLE TREE & LANDSCAPE CARE (135 trucks) | CITY LIGHT AND POWER INC (121 trucks) | WHEEL PROS LLC (182 trucks) | CITY OF AURORA (271 trucks) | AURORA PUBLIC SCHOOLS (127 trucks) | METCO LANDSCAPING INC (226 trucks),112000,13089,8347512.5600000005,"$675,000.00"
Sol_049,9190 W 84th Ave,https://www.loopnet.com/Listing/9190-W-84th-Ave-Arvada-CO/38160305/,"Arvada, CO 80005",0.67,499000.0,39.849854027782,-105.100317795342,2457.7,5000,M,49.15%,296,ALPINE MILLWORK COMPANY DBA ROCKY MOUNTAIN RELOAD (141 trucks) | GEOSTABILIZATION INTERNATIONAL LLC (155 trucks),112000,13089,8347512.5600000005,"$499,000.00"
Sol_049,NEC N Fairgrounds Ave,https://www.loopnet.com/Listing/NEC-N-Fairgrounds-Ave-Windsor-CO/29890025/,"Windsor, CO 80528",0.74,483449.0,40.437732372143,-104.982630626628,4243.52,5000,M,84.87%,684,LARIMER COUNTY (131 trucks) | NOVUS AG LLC (444 trucks) | LOVELAND MUNICIPALITY (109 trucks),112000,13089,8347512.5600000005,"$483,449.00"
Sol_049,11958 Lincoln Ave,https://www.loopnet.com/Listing/Lincoln-Ave-Parker-CO/39741118/,"Parker, CO 80138",0.86,495000.0,39.536519536914,-104.76116705724,4937.0,5000,M,98.74%,725,ACCELERATED SERVICES LLC (373 trucks) | CHERRY CREEK SCHOOLS (352 trucks),112000,13089,8347512.5600000005,"$495,000.00"
Sol_049,3311 Ideal Drive Dr,https://www.loopnet.com/Listing/3311-Ideal-Drive-Dr-Frederick-CO/35744244/,"Frederick, CO 80516",1.0,949000.0,40.087044076103,-104.992966989518,4928.75,5000,M,98.58%,991,SUPREME TRANSPORT INC (183 trucks) | WARD ELECTRIC COMPANY INC (222 trucks) | CITY OF LONGMONT (211 trucks) | ST VRAIN VALLEY SCHOOL DISTRICT (174 trucks) | HEAT WAVES HOT OIL SERVICE LLC (201 trucks),112000,13089,8347512.5600000005,"$949,000.00"
Sol_049,12015 Irma Dr,https://www.loopnet.com/Listing/12015-Irma-Dr-Northglenn-CO/34662093/,"Northglenn, CO 80241",1.0,1098017.0,39.918832606598,-104.965887826386,8340.789999999999,10000,L,83.41%,1332,ADAMS 12 FIVE STAR SCHOOLS (182 trucks) | TRI-STATE GENERATION & TRANSMISSION ASSOCIATION INC (321 trucks) | BALIC TRANSPORT INC (120 trucks) | BURNCO COLORADO LLC (146 trucks) | WEST DIRECT OIL (140 trucks) | ENVIRONMENTAL DESIGNS LLC (156 trucks) | SIM TRUCKING INC (120 trucks) | G&Z TRANSPORT LLC (147 trucks),112000,13089,8347512.5600000005,"$1,098,017.00"
Sol_049,2120 University Park Blvd,https://www.loopnet.com/Listing/2120-University-Park-Blvd-Colorado-Springs-CO/27680798/,"Colorado Springs, CO 80918",1.02,295000.0,38.910590363159,-104.78892179429,5689.619999999999,10000,L,56.90%,1031,GOODWILL OF COLORADO (134 trucks) | CITY OF COLORADO SPRINGS (326 trucks) | VECTRUS SYSTEMS CORPORATION (185 trucks) | COLORADO SPRINGS SCHOOL DISTRICT 11 (130 trucks) | El PASO COUNTY (112 trucks) | MOUNTAIN METROPOLITAN TRANSIT (144 trucks),112000,13089,8347512.5600000005,"$295,000.00"
Sol_049,7099 S Kenton St,https://www.loopnet.com/Listing/7099-S-Kenton-St-Centennial-CO/6542016/,"Centennial, CO 80112",1.18,976600.0,39.588430849644,-104.861817781283,16997.23,20000,XL,84.99%,2298,HBSCO DANS TRASH AT YOUR DISPOSAL (110 trucks) | BUCKLEY POWDER CO (217 trucks) | IHC SCOTT INC (214 trucks) | ORICA USA INC (215 trucks) | GLOBAL TRANSPORTATION LLC (442 trucks) | CH2M OMI CH2MHILL JACOBS (183 trucks) | AMERICAN FURNITURE WAREHOUSE CO (340 trucks) | TERRACARE ASSOCIATES LLC (156 trucks) | ENTERPRISE RENT-A-CAR NATIONAL RENT A CAR ALAMO RENT A CAR (421 trucks),112000,13089,8347512.5600000005,"$976,600.00"
Sol_049,8850 Huron St,https://www.loopnet.com/Listing/8850-Huron-St-Thornton-CO/33061072/,"Thornton, CO 80260",1.26,349000.0,39.858426283979,-104.995662022846,14618.029999999999,20000,XL,73.09%,2002,CITY OF THORNTON (208 trucks) | CITY OF THORNTON (174 trucks) | COCAL LANDSCAPE SERVICES INC (153 trucks) | COLD FRONT (121 trucks) | READY MIX CONCRETE COMPANY (191 trucks) | NAVAJO EXPRESS INC (309 trucks) | WESTERN DISTRIBUTING TRANSPORTATION CORP (155 trucks) | RMS CRANES (139 trucks) | SURESHOT DRILLING LLC ATOZ FIELD SERVICES LLC DRILL TECH LLC PINNACLE DEVELOPMENT INC HDD SPECIALISTS LLC (135 trucks) | EAGLE ROCK DISTRIBUTING COMPANY OF COLORADO LLC (148 trucks) | OFFEN PETROLEUM LLC (269 trucks),112000,13089,8347512.5600000005,"$349,000.00"
Sol_049,765 Aspen Ridge Drive Dr,https://www.loopnet.com/Listing/765-Aspen-Ridge-Drive-Dr-Lafayette-CO/32931931/,"Lafayette, CO 80026",1.43,556000.0,40.006898203868,-105.107210150504,4585.06,5000,M,91.70%,619,BOULDER VALLEY SCHOOL DISTRICT RE-2 (134 trucks) | VIA MOBILITY SERVICES (196 trucks) | VIA MOBILITY SERVICES (116 trucks) | CU (173 trucks),112000,13089,8347512.5600000005,"$556,000.00"
Sol_049,6109 W 48th Ave,https://www.loopnet.com/Listing/6109-W-48th-Ave-Wheat-Ridge-CO/32583003/,"Wheat Ridge, CO 80033",1.76,1141446.56,39.784078257989,-105.064430676896,2821.09,5000,M,56.42%,520,CITY OF ARVADA (100 trucks) | SITEWISE LLC (145 trucks) | COMPASS VEHICLE RENTAL INC (170 trucks) | COORS DISTRIBUTING COMPANY MILLER COORS LLC (105 trucks),112000,13089,8347512.5600000005,"$1,141,446.56"
Sol_050,17160 W Colfax Ave,https://www.loopnet.com/Listing/17160-W-Colfax-Ave-Golden-CO/29520298/,"Golden, CO 80401",0.63,500000.0,39.722253633534,-105.192465086092,5488.67,10000,L,54.89%,807,ENIVIRONMENTAL LANDWORKS COMPANY INC (115 trucks) | HOLCIM WCR INC (298 trucks) | JEFFCO SCHOOLS (274 trucks) | JEFFERSON COUNTY (120 trucks),115000,12418,7568512.5600000005,"$500,000.00"
Sol_050,3401 S Yosemite St,https://www.loopnet.com/Listing/3401-S-Yosemite-St-Denver-CO/39837277/,"Denver, CO 80231",0.64,675000.0,39.654049416843,-104.88550562639,4128.9400000000005,5000,M,82.58%,632,COMCAST (194 trucks) | SWINGLE TREE & LANDSCAPE CARE (135 trucks) | CITY LIGHT AND POWER INC (121 trucks) | WHEEL PROS LLC (182 trucks),115000,12418,7568512.5600000005,"$675,000.00"
Sol_050,9190 W 84th Ave,https://www.loopnet.com/Listing/9190-W-84th-Ave-Arvada-CO/38160305/,"Arvada, CO 80005",0.67,499000.0,39.849854027782,-105.100317795342,2457.7,5000,M,49.15%,296,ALPINE MILLWORK COMPANY DBA ROCKY MOUNTAIN RELOAD (141 trucks) | GEOSTABILIZATION INTERNATIONAL LLC (155 trucks),115000,12418,7568512.5600000005,"$499,000.00"
Sol_050,496 Laredo st,https://www.loopnet.com/Listing/496-Laredo-st-Aurora-CO/38708025/,"Aurora, CO 80011",0.7,500000.0,39.724337332754,-104.800258318335,8680.17,10000,L,86.80%,1261,AURORA PUBLIC SCHOOLS (127 trucks) | CITY OF AURORA (271 trucks) | METCO LANDSCAPING INC (226 trucks) | WAGNER EQUIPMENT CO (423 trucks) | SHAMROCK FOODS COMPANY (214 trucks),115000,12418,7568512.5600000005,"$500,000.00"
Sol_050,NEC N Fairgrounds Ave,https://www.loopnet.com/Listing/NEC-N-Fairgrounds-Ave-Windsor-CO/29890025/,"Windsor, CO 80528",0.74,483449.0,40.437732372143,-104.982630626628,4243.52,5000,M,84.87%,684,LARIMER COUNTY (131 trucks) | NOVUS AG LLC (444 trucks) | LOVELAND MUNICIPALITY (109 trucks),115000,12418,7568512.5600000005,"$483,449.00"
Sol_050,11958 Lincoln Ave,https://www.loopnet.com/Listing/Lincoln-Ave-Parker-CO/39741118/,"Parker, CO 80138",0.86,495000.0,39.536519536914,-104.76116705724,4937.0,5000,M,98.74%,725,ACCELERATED SERVICES LLC (373 trucks) | CHERRY CREEK SCHOOLS (352 trucks),115000,12418,7568512.5600000005,"$495,000.00"
Sol_050,12015 Irma Dr,https://www.loopnet.com/Listing/12015-Irma-Dr-Northglenn-CO/34662093/,"Northglenn, CO 80241",1.0,1098017.0,39.918832606598,-104.965887826386,8340.789999999999,10000,L,83.41%,1332,ADAMS 12 FIVE STAR SCHOOLS (182 trucks) | TRI-STATE GENERATION & TRANSMISSION ASSOCIATION INC (321 trucks) | BALIC TRANSPORT INC (120 trucks) | BURNCO COLORADO LLC (146 trucks) | WEST DIRECT OIL (140 trucks) | ENVIRONMENTAL DESIGNS LLC (156 trucks) | SIM TRUCKING INC (120 trucks) | G&Z TRANSPORT LLC (147 trucks),115000,12418,7568512.5600000005,"$1,098,017.00"
Sol_050,2120 University Park Blvd,https://www.loopnet.com/Listing/2120-University-Park-Blvd-Colorado-Springs-CO/27680798/,"Colorado Springs, CO 80918",1.02,295000.0,38.910590363159,-104.78892179429,5689.619999999999,10000,L,56.90%,1031,GOODWILL OF COLORADO (134 trucks) | CITY OF COLORADO SPRINGS (326 trucks) | VECTRUS SYSTEMS CORPORATION (185 trucks) | COLORADO SPRINGS SCHOOL DISTRICT 11 (130 trucks) | El PASO COUNTY (112 trucks) | MOUNTAIN METROPOLITAN TRANSIT (144 trucks),115000,12418,7568512.5600000005,"$295,000.00"
Sol_050,7099 S Kenton St,https://www.loopnet.com/Listing/7099-S-Kenton-St-Centennial-CO/6542016/,"Centennial, CO 80112",1.18,976600.0,39.588430849644,-104.861817781283,16997.23,20000,XL,84.99%,2298,HBSCO DANS TRASH AT YOUR DISPOSAL (110 trucks) | BUCKLEY POWDER CO (217 trucks) | IHC SCOTT INC (214 trucks) | ORICA USA INC (215 trucks) | GLOBAL TRANSPORTATION LLC (442 trucks) | CH2M OMI CH2MHILL JACOBS (183 trucks) | AMERICAN FURNITURE WAREHOUSE CO (340 trucks) | TERRACARE ASSOCIATES LLC (156 trucks) | ENTERPRISE RENT-A-CAR NATIONAL RENT A CAR ALAMO RENT A CAR (421 trucks),115000,12418,7568512.5600000005,"$976,600.00"
Sol_050,8850 Huron St,https://www.loopnet.com/Listing/8850-Huron-St-Thornton-CO/33061072/,"Thornton, CO 80260",1.26,349000.0,39.858426283979,-104.995662022846,14618.029999999999,20000,XL,73.09%,2002,CITY OF THORNTON (208 trucks) | CITY OF THORNTON (174 trucks) | COCAL LANDSCAPE SERVICES INC (153 trucks) | COLD FRONT (121 trucks) | READY MIX CONCRETE COMPANY (191 trucks) | NAVAJO EXPRESS INC (309 trucks) | WESTERN DISTRIBUTING TRANSPORTATION CORP (155 trucks) | RMS CRANES (139 trucks) | SURESHOT DRILLING LLC ATOZ FIELD SERVICES LLC DRILL TECH LLC PINNACLE DEVELOPMENT INC HDD SPECIALISTS LLC (135 trucks) | EAGLE ROCK DISTRIBUTING COMPANY OF COLORADO LLC (148 trucks) | OFFEN PETROLEUM LLC (269 trucks),115000,12418,7568512.5600000005,"$349,000.00"
Sol_050,765 Aspen Ridge Drive Dr,https://www.loopnet.com/Listing/765-Aspen-Ridge-Drive-Dr-Lafayette-CO/32931931/,"Lafayette, CO 80026",1.43,556000.0,40.006898203868,-105.107210150504,5074.7300000000005,10000,L,50.75%,830,BOULDER VALLEY SCHOOL DISTRICT RE-2 (134 trucks) | VIA MOBILITY SERVICES (196 trucks) | VIA MOBILITY SERVICES (116 trucks) | CU (173 trucks) | CITY OF LONGMONT (211 trucks),115000,12418,7568512.5600000005,"$556,000.00"
Sol_050,6109 W 48th Ave,https://www.loopnet.com/Listing/6109-W-48th-Ave-Wheat-Ridge-CO/32583003/,"Wheat Ridge, CO 80033",1.76,1141446.56,39.784078257989,-105.064430676896,2821.09,5000,M,56.42%,520,CITY OF ARVADA (100 trucks) | SITEWISE LLC (145 trucks) | COMPASS VEHICLE RENTAL INC (170 trucks) | COORS DISTRIBUTING COMPANY MILLER COORS LLC (105 trucks),115000,12418,7568512.5600000005,"$1,141,446.56"
Sol_051,2300 W County Road 54G,https://www.loopnet.com/Listing/2300-W-County-Road-54G-Laporte-CO/33671750/,"Laporte, CO 80535",0.46,330000.0,40.625878828869,-105.117877128123,1931.6100000000001,2000,S,96.58%,528,Poudre School District  (243 trucks) | CITY OF FORT COLLINS (285 trucks),133000,16038,15060510.82,"$330,000.00"
Sol_051,17160 W Colfax Ave,https://www.loopnet.com/Listing/17160-W-Colfax-Ave-Golden-CO/29520298/,"Golden, CO 80401",0.63,500000.0,39.722253633534,-105.192465086092,5488.67,10000,L,54.89%,807,ENIVIRONMENTAL LANDWORKS COMPANY INC (115 trucks) | HOLCIM WCR INC (298 trucks) | JEFFCO SCHOOLS (274 trucks) | JEFFERSON COUNTY (120 trucks),133000,16038,15060510.82,"$500,000.00"
Sol_051,3401 S Yosemite St,https://www.loopnet.com/Listing/3401-S-Yosemite-St-Denver-CO/39837277/,"Denver, CO 80231",0.64,675000.0,39.654049416843,-104.88550562639,4128.9400000000005,5000,M,82.58%,632,COMCAST (194 trucks) | SWINGLE TREE & LANDSCAPE CARE (135 trucks) | CITY LIGHT AND POWER INC (121 trucks) | WHEEL PROS LLC (182 trucks),133000,16038,15060510.82,"$675,000.00"
Sol_051,Highway 34 Business & 83rd Avenue,https://www.loopnet.com/Listing/Highway-34-Business-83rd-Avenue-Greeley-CO/27017249/,"Greeley, CO 80634",0.66,877824.16,40.421498483243,-104.813483201346,336.5,1000,XS,33.65%,145,WELD COUNTY PUBLIC WORKS DEPARTMENT (145 trucks),133000,16038,15060510.82,"$877,824.16"
Sol_051,9190 W 84th Ave,https://www.loopnet.com/Listing/9190-W-84th-Ave-Arvada-CO/38160305/,"Arvada, CO 80005",0.67,499000.0,39.849854027782,-105.100317795342,2457.7,5000,M,49.15%,296,ALPINE MILLWORK COMPANY DBA ROCKY MOUNTAIN RELOAD (141 trucks) | GEOSTABILIZATION INTERNATIONAL LLC (155 trucks),133000,16038,15060510.82,"$499,000.00"
Sol_051,NEC N Fairgrounds Ave,https://www.loopnet.com/Listing/NEC-N-Fairgrounds-Ave-Windsor-CO/29890025/,"Windsor, CO 80528",0.74,483449.0,40.437732372143,-104.982630626628,4243.52,5000,M,84.87%,684,LARIMER COUNTY (131 trucks) | NOVUS AG LLC (444 trucks) | LOVELAND MUNICIPALITY (109 trucks),133000,16038,15060510.82,"$483,449.00"
Sol_051,11958 Lincoln Ave,https://www.loopnet.com/Listing/Lincoln-Ave-Parker-CO/39741118/,"Parker, CO 80138",0.86,495000.0,39.536519536914,-104.76116705724,4937.0,5000,M,98.74%,725,ACCELERATED SERVICES LLC (373 trucks) | CHERRY CREEK SCHOOLS (352 trucks),133000,16038,15060510.82,"$495,000.00"
Sol_051,2450 Curtis St,https://www.loopnet.com/Listing/2450-Curtis-St-Denver-CO/34878162/,"Denver, CO 80205",0.93,1930000.0,39.755035173034,-104.984190298703,4453.87,5000,M,89.08%,598,RES (149 trucks) | MPLX G&P (144 trucks) | COORS DISTRIBUTING COMPANY MILLER COORS LLC (105 trucks) | U S TRANSPORT INC (200 trucks),133000,16038,15060510.82,"$1,930,000.00"
Sol_051,3311 Ideal Drive Dr,https://www.loopnet.com/Listing/3311-Ideal-Drive-Dr-Frederick-CO/35744244/,"Frederick, CO 80516",1.0,949000.0,40.087044076103,-104.992966989518,4928.75,5000,M,98.58%,991,SUPREME TRANSPORT INC (183 trucks) | WARD ELECTRIC COMPANY INC (222 trucks) | CITY OF LONGMONT (211 trucks) | ST VRAIN VALLEY SCHOOL DISTRICT (174 trucks) | HEAT WAVES HOT OIL SERVICE LLC (201 trucks),133000,16038,15060510.82,"$949,000.00"
Sol_051,12015 Irma Dr,https://www.loopnet.com/Listing/12015-Irma-Dr-Northglenn-CO/34662093/,"Northglenn, CO 80241",1.0,1098017.0,39.918832606598,-104.965887826386,7349.780000000001,10000,L,73.50%,1428,ADAMS 12 FIVE STAR SCHOOLS (182 trucks) | TRI-STATE GENERATION & TRANSMISSION ASSOCIATION INC (321 trucks) | CITY OF THORNTON (208 trucks) | CITY OF THORNTON (174 trucks) | BALIC TRANSPORT INC (120 trucks) | ENVIRONMENTAL DESIGNS LLC (156 trucks) | SIM TRUCKING INC (120 trucks) | G&Z TRANSPORT LLC (147 trucks),133000,16038,15060510.82,"$1,098,017.00"
Sol_051,2120 University Park Blvd,https://www.loopnet.com/Listing/2120-University-Park-Blvd-Colorado-Springs-CO/27680798/,"Colorado Springs, CO 80918",1.02,295000.0,38.910590363159,-104.78892179429,5689.619999999999,10000,L,56.90%,1031,GOODWILL OF COLORADO (134 trucks) | CITY OF COLORADO SPRINGS (326 trucks) | VECTRUS SYSTEMS CORPORATION (185 trucks) | COLORADO SPRINGS SCHOOL DISTRICT 11 (130 trucks) | El PASO COUNTY (112 trucks) | MOUNTAIN METROPOLITAN TRANSIT (144 trucks),133000,16038,15060510.82,"$295,000.00"
Sol_051,Colfax Ave & Airport Blvd,https://www.loopnet.com/Listing/Colfax-Ave-Airport-Blvd-Aurora-CO/24946845/,"Aurora, CO 80011",1.1,955174.1,39.740269989586,-104.791334022205,8680.17,10000,L,86.80%,1261,METCO LANDSCAPING INC (226 trucks) | WAGNER EQUIPMENT CO (423 trucks) | AURORA PUBLIC SCHOOLS (127 trucks) | CITY OF AURORA (271 trucks) | SHAMROCK FOODS COMPANY (214 trucks),133000,16038,15060510.82,"$955,174.10"
Sol_051,4265 Santa Fe Dr,https://www.loopnet.com/Listing/4265-Santa-Fe-Dr-Sheridan-CO/30482164/,"Sheridan, CO 80110",1.17,1799000.0,39.63876696462,-105.007023340305,4209.639999999999,5000,M,84.19%,507,KEESEN ENTERPRISES INC (263 trucks) | QUALITY LOGISTICS INC (135 trucks) | PACIFIC SHIPPING & TRUCKING CO INC (109 trucks),133000,16038,15060510.82,"$1,799,000.00"
Sol_051,7099 S Kenton St,https://www.loopnet.com/Listing/7099-S-Kenton-St-Centennial-CO/6542016/,"Centennial, CO 80112",1.18,976600.0,39.588430849644,-104.861817781283,16997.23,20000,XL,84.99%,2298,HBSCO DANS TRASH AT YOUR DISPOSAL (110 trucks) | BUCKLEY POWDER CO (217 trucks) | IHC SCOTT INC (214 trucks) | ORICA USA INC (215 trucks) | GLOBAL TRANSPORTATION LLC (442 trucks) | CH2M OMI CH2MHILL JACOBS (183 trucks) | AMERICAN FURNITURE WAREHOUSE CO (340 trucks) | TERRACARE ASSOCIATES LLC (156 trucks) | ENTERPRISE RENT-A-CAR NATIONAL RENT A CAR ALAMO RENT A CAR (421 trucks),133000,16038,15060510.82,"$976,600.00"
Sol_051,6322 Ivanhoe St,https://www.loopnet.com/Listing/6322-Ivanhoe-St-Commerce-City-CO/30497175/,"Commerce City, CO 80022",1.24,1500000.0,39.811481968412,-104.920723282229,19512.55,20000,XL,97.56%,2643,UNITED SITE SERVICES OF NEVADA INC (409 trucks) | UNITED SITE SERVICES OF COLORADO INC (147 trucks) | OFFEN PETROLEUM LLC (269 trucks) | WESTERN DISTRIBUTING TRANSPORTATION CORP (155 trucks) | READY MIX CONCRETE COMPANY (191 trucks) | RMS CRANES (139 trucks) | EAGLE ROCK DISTRIBUTING COMPANY OF COLORADO LLC (148 trucks) | WASTE CONNECTIONS OF COLORADO INC (486 trucks) | SUPERSHUTTLE DENVER (125 trucks) | SURESHOT DRILLING LLC ATOZ FIELD SERVICES LLC DRILL TECH LLC PINNACLE DEVELOPMENT INC HDD SPECIALISTS LLC (135 trucks) | COCAL LANDSCAPE SERVICES INC (153 trucks) | WEST DIRECT OIL (140 trucks) | BURNCO COLORADO LLC (146 trucks),133000,16038,15060510.82,"$1,500,000.00"
Sol_051,765 Aspen Ridge Drive Dr,https://www.loopnet.com/Listing/765-Aspen-Ridge-Drive-Dr-Lafayette-CO/32931931/,"Lafayette, CO 80026",1.43,556000.0,40.006898203868,-105.107210150504,4585.06,5000,M,91.70%,619,BOULDER VALLEY SCHOOL DISTRICT RE-2 (134 trucks) | VIA MOBILITY SERVICES (196 trucks) | VIA MOBILITY SERVICES (116 trucks) | CU (173 trucks),133000,16038,15060510.82,"$556,000.00"
Sol_051,6109 W 48th Ave,https://www.loopnet.com/Listing/6109-W-48th-Ave-Wheat-Ridge-CO/32583003/,"Wheat Ridge, CO 80033",1.76,1141446.56,39.784078257989,-105.064430676896,5965.4,10000,L,59.65%,845,CITY OF ARVADA (100 trucks) | SITEWISE LLC (145 trucks) | COMPASS VEHICLE RENTAL INC (170 trucks) | COLD FRONT (121 trucks) | NAVAJO EXPRESS INC (309 trucks),133000,16038,15060510.82,"$1,141,446.56"
Sol_052,17160 W Colfax Ave,https://www.loopnet.com/Listing/17160-W-Colfax-Ave-Golden-CO/29520298/,"Golden, CO 80401",0.63,500000.0,39.722253633534,-105.192465086092,5488.67,10000,L,54.89%,807,ENIVIRONMENTAL LANDWORKS COMPANY INC (115 trucks) | HOLCIM WCR INC (298 trucks) | JEFFCO SCHOOLS (274 trucks) | JEFFERSON COUNTY (120 trucks),110000,11785,7219512.5600000005,"$500,000.00"
Sol_052,3401 S Yosemite St,https://www.loopnet.com/Listing/3401-S-Yosemite-St-Denver-CO/39837277/,"Denver, CO 80231",0.64,675000.0,39.654049416843,-104.88550562639,4128.9400000000005,5000,M,82.58%,632,COMCAST (194 trucks) | SWINGLE TREE & LANDSCAPE CARE (135 trucks) | CITY LIGHT AND POWER INC (121 trucks) | WHEEL PROS LLC (182 trucks),110000,11785,7219512.5600000005,"$675,000.00"
Sol_052,9190 W 84th Ave,https://www.loopnet.com/Listing/9190-W-84th-Ave-Arvada-CO/38160305/,"Arvada, CO 80005",0.67,499000.0,39.849854027782,-105.100317795342,2457.7,5000,M,49.15%,296,ALPINE MILLWORK COMPANY DBA ROCKY MOUNTAIN RELOAD (141 trucks) | GEOSTABILIZATION INTERNATIONAL LLC (155 trucks),110000,11785,7219512.5600000005,"$499,000.00"
Sol_052,496 Laredo st,https://www.loopnet.com/Listing/496-Laredo-st-Aurora-CO/38708025/,"Aurora, CO 80011",0.7,500000.0,39.724337332754,-104.800258318335,8680.17,10000,L,86.80%,1261,AURORA PUBLIC SCHOOLS (127 trucks) | CITY OF AURORA (271 trucks) | METCO LANDSCAPING INC (226 trucks) | WAGNER EQUIPMENT CO (423 trucks) | SHAMROCK FOODS COMPANY (214 trucks),110000,11785,7219512.5600000005,"$500,000.00"
Sol_052,NEC N Fairgrounds Ave,https://www.loopnet.com/Listing/NEC-N-Fairgrounds-Ave-Windsor-CO/29890025/,"Windsor, CO 80528",0.74,483449.0,40.437732372143,-104.982630626628,4243.52,5000,M,84.87%,684,LARIMER COUNTY (131 trucks) | NOVUS AG LLC (444 trucks) | LOVELAND MUNICIPALITY (109 trucks),110000,11785,7219512.5600000005,"$483,449.00"
Sol_052,11958 Lincoln Ave,https://www.loopnet.com/Listing/Lincoln-Ave-Parker-CO/39741118/,"Parker, CO 80138",0.86,495000.0,39.536519536914,-104.76116705724,4937.0,5000,M,98.74%,725,ACCELERATED SERVICES LLC (373 trucks) | CHERRY CREEK SCHOOLS (352 trucks),110000,11785,7219512.5600000005,"$495,000.00"
Sol_052,12015 Irma Dr,https://www.loopnet.com/Listing/12015-Irma-Dr-Northglenn-CO/34662093/,"Northglenn, CO 80241",1.0,1098017.0,39.918832606598,-104.965887826386,11460.82,20000,XL,57.30%,1983,ADAMS 12 FIVE STAR SCHOOLS (182 trucks) | TRI-STATE GENERATION & TRANSMISSION ASSOCIATION INC (321 trucks) | CITY OF THORNTON (208 trucks) | CITY OF THORNTON (174 trucks) | BALIC TRANSPORT INC (120 trucks) | BURNCO COLORADO LLC (146 trucks) | WEST DIRECT OIL (140 trucks) | OFFEN PETROLEUM LLC (269 trucks) | ENVIRONMENTAL DESIGNS LLC (156 trucks) | SIM TRUCKING INC (120 trucks) | G&Z TRANSPORT LLC (147 trucks),110000,11785,7219512.5600000005,"$1,098,017.00"
Sol_052,2120 University Park Blvd,https://www.loopnet.com/Listing/2120-University-Park-Blvd-Colorado-Springs-CO/27680798/,"Colorado Springs, CO 80918",1.02,295000.0,38.910590363159,-104.78892179429,5689.619999999999,10000,L,56.90%,1031,GOODWILL OF COLORADO (134 trucks) | CITY OF COLORADO SPRINGS (326 trucks) | VECTRUS SYSTEMS CORPORATION (185 trucks) | COLORADO SPRINGS SCHOOL DISTRICT 11 (130 trucks) | El PASO COUNTY (112 trucks) | MOUNTAIN METROPOLITAN TRANSIT (144 trucks),110000,11785,7219512.5600000005,"$295,000.00"
Sol_052,7099 S Kenton St,https://www.loopnet.com/Listing/7099-S-Kenton-St-Centennial-CO/6542016/,"Centennial, CO 80112",1.18,976600.0,39.588430849644,-104.861817781283,16997.23,20000,XL,84.99%,2298,HBSCO DANS TRASH AT YOUR DISPOSAL (110 trucks) | BUCKLEY POWDER CO (217 trucks) | IHC SCOTT INC (214 trucks) | ORICA USA INC (215 trucks) | GLOBAL TRANSPORTATION LLC (442 trucks) | CH2M OMI CH2MHILL JACOBS (183 trucks) | AMERICAN FURNITURE WAREHOUSE CO (340 trucks) | TERRACARE ASSOCIATES LLC (156 trucks) | ENTERPRISE RENT-A-CAR NATIONAL RENT A CAR ALAMO RENT A CAR (421 trucks),110000,11785,7219512.5600000005,"$976,600.00"
Sol_052,765 Aspen Ridge Drive Dr,https://www.loopnet.com/Listing/765-Aspen-Ridge-Drive-Dr-Lafayette-CO/32931931/,"Lafayette, CO 80026",1.43,556000.0,40.006898203868,-105.107210150504,5074.7300000000005,10000,L,50.75%,830,BOULDER VALLEY SCHOOL DISTRICT RE-2 (134 trucks) | VIA MOBILITY SERVICES (196 trucks) | VIA MOBILITY SERVICES (116 trucks) | CU (173 trucks) | CITY OF LONGMONT (211 trucks),110000,11785,7219512.5600000005,"$556,000.00"
Sol_052,6109 W 48th Ave,https://www.loopnet.com/Listing/6109-W-48th-Ave-Wheat-Ridge-CO/32583003/,"Wheat Ridge, CO 80033",1.76,1141446.56,39.784078257989,-105.064430676896,8749.11,10000,L,87.49%,1238,CITY OF ARVADA (100 trucks) | SITEWISE LLC (145 trucks) | COMPASS VEHICLE RENTAL INC (170 trucks) | COORS DISTRIBUTING COMPANY MILLER COORS LLC (105 trucks) | COLD FRONT (121 trucks) | NAVAJO EXPRESS INC (309 trucks) | SURESHOT DRILLING LLC ATOZ FIELD SERVICES LLC DRILL TECH LLC PINNACLE DEVELOPMENT INC HDD SPECIALISTS LLC (135 trucks) | COCAL LANDSCAPE SERVICES INC (153 trucks),110000,11785,7219512.5600000005,"$1,141,446.56"
Sol_053,2300 W County Road 54G,https://www.loopnet.com/Listing/2300-W-County-Road-54G-Laporte-CO/33671750/,"Laporte, CO 80535",0.46,330000.0,40.625878828869,-105.117877128123,1931.6100000000001,2000,S,96.58%,528,Poudre School District  (243 trucks) | CITY OF FORT COLLINS (285 trucks),123000,14276,9429511.56,"$330,000.00"
Sol_053,17160 W Colfax Ave,https://www.loopnet.com/Listing/17160-W-Colfax-Ave-Golden-CO/29520298/,"Golden, CO 80401",0.63,500000.0,39.722253633534,-105.192465086092,5488.67,10000,L,54.89%,807,ENIVIRONMENTAL LANDWORKS COMPANY INC (115 trucks) | HOLCIM WCR INC (298 trucks) | JEFFCO SCHOOLS (274 trucks) | JEFFERSON COUNTY (120 trucks),123000,14276,9429511.56,"$500,000.00"
Sol_053,3401 S Yosemite St,https://www.loopnet.com/Listing/3401-S-Yosemite-St-Denver-CO/39837277/,"Denver, CO 80231",0.64,675000.0,39.654049416843,-104.88550562639,4128.9400000000005,5000,M,82.58%,632,COMCAST (194 trucks) | SWINGLE TREE & LANDSCAPE CARE (135 trucks) | CITY LIGHT AND POWER INC (121 trucks) | WHEEL PROS LLC (182 trucks),123000,14276,9429511.56,"$675,000.00"
Sol_053,7300 W Jefferson Ave,https://www.loopnet.com/Listing/7300-W-Jefferson-Ave-Lakewood-CO/38419312/,"Lakewood, CO 80235",0.66,379999.0,39.649773884125,-105.079540805378,905.03,1000,XS,90.50%,109,PACIFIC SHIPPING & TRUCKING CO INC (109 trucks),123000,14276,9429511.56,"$379,999.00"
Sol_053,9190 W 84th Ave,https://www.loopnet.com/Listing/9190-W-84th-Ave-Arvada-CO/38160305/,"Arvada, CO 80005",0.67,499000.0,39.849854027782,-105.100317795342,2457.7,5000,M,49.15%,296,ALPINE MILLWORK COMPANY DBA ROCKY MOUNTAIN RELOAD (141 trucks) | GEOSTABILIZATION INTERNATIONAL LLC (155 trucks),123000,14276,9429511.56,"$499,000.00"
Sol_053,496 Laredo st,https://www.loopnet.com/Listing/496-Laredo-st-Aurora-CO/38708025/,"Aurora, CO 80011",0.7,500000.0,39.724337332754,-104.800258318335,8680.17,10000,L,86.80%,1261,AURORA PUBLIC SCHOOLS (127 trucks) | CITY OF AURORA (271 trucks) | METCO LANDSCAPING INC (226 trucks) | WAGNER EQUIPMENT CO (423 trucks) | SHAMROCK FOODS COMPANY (214 trucks),123000,14276,9429511.56,"$500,000.00"
Sol_053,NEC N Fairgrounds Ave,https://www.loopnet.com/Listing/NEC-N-Fairgrounds-Ave-Windsor-CO/29890025/,"Windsor, CO 80528",0.74,483449.0,40.437732372143,-104.982630626628,4243.52,5000,M,84.87%,684,LARIMER COUNTY (131 trucks) | NOVUS AG LLC (444 trucks) | LOVELAND MUNICIPALITY (109 trucks),123000,14276,9429511.56,"$483,449.00"
Sol_053,11958 Lincoln Ave,https://www.loopnet.com/Listing/Lincoln-Ave-Parker-CO/39741118/,"Parker, CO 80138",0.86,495000.0,39.536519536914,-104.76116705724,4937.0,5000,M,98.74%,725,ACCELERATED SERVICES LLC (373 trucks) | CHERRY CREEK SCHOOLS (352 trucks),123000,14276,9429511.56,"$495,000.00"
Sol_053,12015 Irma Dr,https://www.loopnet.com/Listing/12015-Irma-Dr-Northglenn-CO/34662093/,"Northglenn, CO 80241",1.0,1098017.0,39.918832606598,-104.965887826386,7349.780000000001,10000,L,73.50%,1428,ADAMS 12 FIVE STAR SCHOOLS (182 trucks) | TRI-STATE GENERATION & TRANSMISSION ASSOCIATION INC (321 trucks) | CITY OF THORNTON (208 trucks) | CITY OF THORNTON (174 trucks) | BALIC TRANSPORT INC (120 trucks) | ENVIRONMENTAL DESIGNS LLC (156 trucks) | SIM TRUCKING INC (120 trucks) | G&Z TRANSPORT LLC (147 trucks),123000,14276,9429511.56,"$1,098,017.00"
Sol_053,2120 University Park Blvd,https://www.loopnet.com/Listing/2120-University-Park-Blvd-Colorado-Springs-CO/27680798/,"Colorado Springs, CO 80918",1.02,295000.0,38.910590363159,-104.78892179429,5689.619999999999,10000,L,56.90%,1031,GOODWILL OF COLORADO (134 trucks) | CITY OF COLORADO SPRINGS (326 trucks) | VECTRUS SYSTEMS CORPORATION (185 trucks) | COLORADO SPRINGS SCHOOL DISTRICT 11 (130 trucks) | El PASO COUNTY (112 trucks) | MOUNTAIN METROPOLITAN TRANSIT (144 trucks),123000,14276,9429511.56,"$295,000.00"
Sol_053,7099 S Kenton St,https://www.loopnet.com/Listing/7099-S-Kenton-St-Centennial-CO/6542016/,"Centennial, CO 80112",1.18,976600.0,39.588430849644,-104.861817781283,16997.23,20000,XL,84.99%,2298,HBSCO DANS TRASH AT YOUR DISPOSAL (110 trucks) | BUCKLEY POWDER CO (217 trucks) | IHC SCOTT INC (214 trucks) | ORICA USA INC (215 trucks) | GLOBAL TRANSPORTATION LLC (442 trucks) | CH2M OMI CH2MHILL JACOBS (183 trucks) | AMERICAN FURNITURE WAREHOUSE CO (340 trucks) | TERRACARE ASSOCIATES LLC (156 trucks) | ENTERPRISE RENT-A-CAR NATIONAL RENT A CAR ALAMO RENT A CAR (421 trucks),123000,14276,9429511.56,"$976,600.00"
Sol_053,6322 Ivanhoe St,https://www.loopnet.com/Listing/6322-Ivanhoe-St-Commerce-City-CO/30497175/,"Commerce City, CO 80022",1.24,1500000.0,39.811481968412,-104.920723282229,19960.92,20000,XL,99.80%,2697,UNITED SITE SERVICES OF NEVADA INC (409 trucks) | UNITED SITE SERVICES OF COLORADO INC (147 trucks) | OFFEN PETROLEUM LLC (269 trucks) | WESTERN DISTRIBUTING TRANSPORTATION CORP (155 trucks) | READY MIX CONCRETE COMPANY (191 trucks) | RMS CRANES (139 trucks) | EAGLE ROCK DISTRIBUTING COMPANY OF COLORADO LLC (148 trucks) | WASTE CONNECTIONS OF COLORADO INC (486 trucks) | SUPERSHUTTLE DENVER (125 trucks) | SURESHOT DRILLING LLC ATOZ FIELD SERVICES LLC DRILL TECH LLC PINNACLE DEVELOPMENT INC HDD SPECIALISTS LLC (135 trucks) | COCAL LANDSCAPE SERVICES INC (153 trucks) | U S TRANSPORT INC (200 trucks) | WEST DIRECT OIL (140 trucks),123000,14276,9429511.56,"$1,500,000.00"
Sol_053,765 Aspen Ridge Drive Dr,https://www.loopnet.com/Listing/765-Aspen-Ridge-Drive-Dr-Lafayette-CO/32931931/,"Lafayette, CO 80026",1.43,556000.0,40.006898203868,-105.107210150504,5074.7300000000005,10000,L,50.75%,830,BOULDER VALLEY SCHOOL DISTRICT RE-2 (134 trucks) | VIA MOBILITY SERVICES (196 trucks) | VIA MOBILITY SERVICES (116 trucks) | CU (173 trucks) | CITY OF LONGMONT (211 trucks),123000,14276,9429511.56,"$556,000.00"
Sol_053,6109 W 48th Ave,https://www.loopnet.com/Listing/6109-W-48th-Ave-Wheat-Ridge-CO/32583003/,"Wheat Ridge, CO 80033",1.76,1141446.56,39.784078257989,-105.064430676896,6837.22,10000,L,68.37%,950,CITY OF ARVADA (100 trucks) | SITEWISE LLC (145 trucks) | COMPASS VEHICLE RENTAL INC (170 trucks) | COORS DISTRIBUTING COMPANY MILLER COORS LLC (105 trucks) | COLD FRONT (121 trucks) | NAVAJO EXPRESS INC (309 trucks),123000,14276,9429511.56,"$1,141,446.56"
Sol_054,2300 W County Road 54G,https://www.loopnet.com/Listing/2300-W-County-Road-54G-Laporte-CO/33671750/,"Laporte, CO 80535",0.46,330000.0,40.625878828869,-105.117877128123,1931.6100000000001,2000,S,96.58%,528,Poudre School District  (243 trucks) | CITY OF FORT COLLINS (285 trucks),127000,14313,9629512.56,"$330,000.00"
Sol_054,17160 W Colfax Ave,https://www.loopnet.com/Listing/17160-W-Colfax-Ave-Golden-CO/29520298/,"Golden, CO 80401",0.63,500000.0,39.722253633534,-105.192465086092,5488.67,10000,L,54.89%,807,ENIVIRONMENTAL LANDWORKS COMPANY INC (115 trucks) | HOLCIM WCR INC (298 trucks) | JEFFCO SCHOOLS (274 trucks) | JEFFERSON COUNTY (120 trucks),127000,14313,9629512.56,"$500,000.00"
Sol_054,3401 S Yosemite St,https://www.loopnet.com/Listing/3401-S-Yosemite-St-Denver-CO/39837277/,"Denver, CO 80231",0.64,675000.0,39.654049416843,-104.88550562639,4128.9400000000005,5000,M,82.58%,632,COMCAST (194 trucks) | SWINGLE TREE & LANDSCAPE CARE (135 trucks) | CITY LIGHT AND POWER INC (121 trucks) | WHEEL PROS LLC (182 trucks),127000,14313,9629512.56,"$675,000.00"
Sol_054,9190 W 84th Ave,https://www.loopnet.com/Listing/9190-W-84th-Ave-Arvada-CO/38160305/,"Arvada, CO 80005",0.67,499000.0,39.849854027782,-105.100317795342,2457.7,5000,M,49.15%,296,ALPINE MILLWORK COMPANY DBA ROCKY MOUNTAIN RELOAD (141 trucks) | GEOSTABILIZATION INTERNATIONAL LLC (155 trucks),127000,14313,9629512.56,"$499,000.00"
Sol_054,496 Laredo st,https://www.loopnet.com/Listing/496-Laredo-st-Aurora-CO/38708025/,"Aurora, CO 80011",0.7,500000.0,39.724337332754,-104.800258318335,8680.17,10000,L,86.80%,1261,AURORA PUBLIC SCHOOLS (127 trucks) | CITY OF AURORA (271 trucks) | METCO LANDSCAPING INC (226 trucks) | WAGNER EQUIPMENT CO (423 trucks) | SHAMROCK FOODS COMPANY (214 trucks),127000,14313,9629512.56,"$500,000.00"
Sol_054,NEC N Fairgrounds Ave,https://www.loopnet.com/Listing/NEC-N-Fairgrounds-Ave-Windsor-CO/29890025/,"Windsor, CO 80528",0.74,483449.0,40.437732372143,-104.982630626628,4243.52,5000,M,84.87%,684,LARIMER COUNTY (131 trucks) | NOVUS AG LLC (444 trucks) | LOVELAND MUNICIPALITY (109 trucks),127000,14313,9629512.56,"$483,449.00"
Sol_054,11958 Lincoln Ave,https://www.loopnet.com/Listing/Lincoln-Ave-Parker-CO/39741118/,"Parker, CO 80138",0.86,495000.0,39.536519536914,-104.76116705724,4937.0,5000,M,98.74%,725,ACCELERATED SERVICES LLC (373 trucks) | CHERRY CREEK SCHOOLS (352 trucks),127000,14313,9629512.56,"$495,000.00"
Sol_054,12353 E 104th Pl,https://www.loopnet.com/Listing/12353-E-104th-Pl-Commerce-City-CO/39324469/,"Commerce City, CO 80022",0.95,580000.0,39.886646182224,-104.843759389987,5864.049999999999,10000,L,58.64%,829,ENVIRONMENTAL DESIGNS LLC (156 trucks) | BALIC TRANSPORT INC (120 trucks) | BURNCO COLORADO LLC (146 trucks) | WEST DIRECT OIL (140 trucks) | SIM TRUCKING INC (120 trucks) | G&Z TRANSPORT LLC (147 trucks),127000,14313,9629512.56,"$580,000.00"
Sol_054,12015 Irma Dr,https://www.loopnet.com/Listing/12015-Irma-Dr-Northglenn-CO/34662093/,"Northglenn, CO 80241",1.0,1098017.0,39.918832606598,-104.965887826386,3363.2500000000005,5000,M,67.27%,885,ADAMS 12 FIVE STAR SCHOOLS (182 trucks) | TRI-STATE GENERATION & TRANSMISSION ASSOCIATION INC (321 trucks) | CITY OF THORNTON (208 trucks) | CITY OF THORNTON (174 trucks),127000,14313,9629512.56,"$1,098,017.00"
Sol_054,2120 University Park Blvd,https://www.loopnet.com/Listing/2120-University-Park-Blvd-Colorado-Springs-CO/27680798/,"Colorado Springs, CO 80918",1.02,295000.0,38.910590363159,-104.78892179429,5689.619999999999,10000,L,56.90%,1031,GOODWILL OF COLORADO (134 trucks) | CITY OF COLORADO SPRINGS (326 trucks) | VECTRUS SYSTEMS CORPORATION (185 trucks) | COLORADO SPRINGS SCHOOL DISTRICT 11 (130 trucks) | El PASO COUNTY (112 trucks) | MOUNTAIN METROPOLITAN TRANSIT (144 trucks),127000,14313,9629512.56,"$295,000.00"
Sol_054,7099 S Kenton St,https://www.loopnet.com/Listing/7099-S-Kenton-St-Centennial-CO/6542016/,"Centennial, CO 80112",1.18,976600.0,39.588430849644,-104.861817781283,16997.23,20000,XL,84.99%,2298,HBSCO DANS TRASH AT YOUR DISPOSAL (110 trucks) | BUCKLEY POWDER CO (217 trucks) | IHC SCOTT INC (214 trucks) | ORICA USA INC (215 trucks) | GLOBAL TRANSPORTATION LLC (442 trucks) | CH2M OMI CH2MHILL JACOBS (183 trucks) | AMERICAN FURNITURE WAREHOUSE CO (340 trucks) | TERRACARE ASSOCIATES LLC (156 trucks) | ENTERPRISE RENT-A-CAR NATIONAL RENT A CAR ALAMO RENT A CAR (421 trucks),127000,14313,9629512.56,"$976,600.00"
Sol_054,6322 Ivanhoe St,https://www.loopnet.com/Listing/6322-Ivanhoe-St-Commerce-City-CO/30497175/,"Commerce City, CO 80022",1.24,1500000.0,39.811481968412,-104.920723282229,19295.64,20000,XL,96.48%,2557,UNITED SITE SERVICES OF NEVADA INC (409 trucks) | UNITED SITE SERVICES OF COLORADO INC (147 trucks) | OFFEN PETROLEUM LLC (269 trucks) | WESTERN DISTRIBUTING TRANSPORTATION CORP (155 trucks) | READY MIX CONCRETE COMPANY (191 trucks) | RMS CRANES (139 trucks) | EAGLE ROCK DISTRIBUTING COMPANY OF COLORADO LLC (148 trucks) | WASTE CONNECTIONS OF COLORADO INC (486 trucks) | SUPERSHUTTLE DENVER (125 trucks) | SURESHOT DRILLING LLC ATOZ FIELD SERVICES LLC DRILL TECH LLC PINNACLE DEVELOPMENT INC HDD SPECIALISTS LLC (135 trucks) | COCAL LANDSCAPE SERVICES INC (153 trucks) | U S TRANSPORT INC (200 trucks),127000,14313,9629512.56,"$1,500,000.00"
Sol_054,765 Aspen Ridge Drive Dr,https://www.loopnet.com/Listing/765-Aspen-Ridge-Drive-Dr-Lafayette-CO/32931931/,"Lafayette, CO 80026",1.43,556000.0,40.006898203868,-105.107210150504,5074.7300000000005,10000,L,50.75%,830,BOULDER VALLEY SCHOOL DISTRICT RE-2 (134 trucks) | VIA MOBILITY SERVICES (196 trucks) | VIA MOBILITY SERVICES (116 trucks) | CU (173 trucks) | CITY OF LONGMONT (211 trucks),127000,14313,9629512.56,"$556,000.00"
Sol_054,6109 W 48th Ave,https://www.loopnet.com/Listing/6109-W-48th-Ave-Wheat-Ridge-CO/32583003/,"Wheat Ridge, CO 80033",1.76,1141446.56,39.784078257989,-105.064430676896,6837.22,10000,L,68.37%,950,CITY OF ARVADA (100 trucks) | SITEWISE LLC (145 trucks) | COMPASS VEHICLE RENTAL INC (170 trucks) | COORS DISTRIBUTING COMPANY MILLER COORS LLC (105 trucks) | COLD FRONT (121 trucks) | NAVAJO EXPRESS INC (309 trucks),127000,14313,9629512.56,"$1,141,446.56"
Sol_055,17160 W Colfax Ave,https://www.loopnet.com/Listing/17160-W-Colfax-Ave-Golden-CO/29520298/,"Golden, CO 80401",0.63,500000.0,39.722253633534,-105.192465086092,5488.67,10000,L,54.89%,807,ENIVIRONMENTAL LANDWORKS COMPANY INC (115 trucks) | HOLCIM WCR INC (298 trucks) | JEFFCO SCHOOLS (274 trucks) | JEFFERSON COUNTY (120 trucks),115000,12950,8923512.56,"$500,000.00"
Sol_055,3401 S Yosemite St,https://www.loopnet.com/Listing/3401-S-Yosemite-St-Denver-CO/39837277/,"Denver, CO 80231",0.64,675000.0,39.654049416843,-104.88550562639,5421.700000000001,10000,L,54.22%,1030,COMCAST (194 trucks) | SWINGLE TREE & LANDSCAPE CARE (135 trucks) | CITY LIGHT AND POWER INC (121 trucks) | WHEEL PROS LLC (182 trucks) | CITY OF AURORA (271 trucks) | AURORA PUBLIC SCHOOLS (127 trucks),115000,12950,8923512.56,"$675,000.00"
Sol_055,9190 W 84th Ave,https://www.loopnet.com/Listing/9190-W-84th-Ave-Arvada-CO/38160305/,"Arvada, CO 80005",0.67,499000.0,39.849854027782,-105.100317795342,2457.7,5000,M,49.15%,296,ALPINE MILLWORK COMPANY DBA ROCKY MOUNTAIN RELOAD (141 trucks) | GEOSTABILIZATION INTERNATIONAL LLC (155 trucks),115000,12950,8923512.56,"$499,000.00"
Sol_055,NEC N Fairgrounds Ave,https://www.loopnet.com/Listing/NEC-N-Fairgrounds-Ave-Windsor-CO/29890025/,"Windsor, CO 80528",0.74,483449.0,40.437732372143,-104.982630626628,4243.52,5000,M,84.87%,684,LARIMER COUNTY (131 trucks) | NOVUS AG LLC (444 trucks) | LOVELAND MUNICIPALITY (109 trucks),115000,12950,8923512.56,"$483,449.00"
Sol_055,11958 Lincoln Ave,https://www.loopnet.com/Listing/Lincoln-Ave-Parker-CO/39741118/,"Parker, CO 80138",0.86,495000.0,39.536519536914,-104.76116705724,4937.0,5000,M,98.74%,725,ACCELERATED SERVICES LLC (373 trucks) | CHERRY CREEK SCHOOLS (352 trucks),115000,12950,8923512.56,"$495,000.00"
Sol_055,6375 Lookout Rd,https://www.loopnet.com/Listing/6375-Lookout-Rd-Boulder-CO/35970288/,"Boulder, CO 80301",0.96,1260000.0,40.07191054992,-105.205474218915,5984.259999999999,10000,L,59.84%,1004,VIA MOBILITY SERVICES (196 trucks) | VIA MOBILITY SERVICES (116 trucks) | BOULDER VALLEY SCHOOL DISTRICT RE-2 (134 trucks) | CU (173 trucks) | CITY OF LONGMONT (211 trucks) | ST VRAIN VALLEY SCHOOL DISTRICT (174 trucks),115000,12950,8923512.56,"$1,260,000.00"
Sol_055,12015 Irma Dr,https://www.loopnet.com/Listing/12015-Irma-Dr-Northglenn-CO/34662093/,"Northglenn, CO 80241",1.0,1098017.0,39.918832606598,-104.965887826386,7349.780000000001,10000,L,73.50%,1428,ADAMS 12 FIVE STAR SCHOOLS (182 trucks) | TRI-STATE GENERATION & TRANSMISSION ASSOCIATION INC (321 trucks) | CITY OF THORNTON (208 trucks) | CITY OF THORNTON (174 trucks) | BALIC TRANSPORT INC (120 trucks) | ENVIRONMENTAL DESIGNS LLC (156 trucks) | SIM TRUCKING INC (120 trucks) | G&Z TRANSPORT LLC (147 trucks),115000,12950,8923512.56,"$1,098,017.00"
Sol_055,2120 University Park Blvd,https://www.loopnet.com/Listing/2120-University-Park-Blvd-Colorado-Springs-CO/27680798/,"Colorado Springs, CO 80918",1.02,295000.0,38.910590363159,-104.78892179429,5689.619999999999,10000,L,56.90%,1031,GOODWILL OF COLORADO (134 trucks) | CITY OF COLORADO SPRINGS (326 trucks) | VECTRUS SYSTEMS CORPORATION (185 trucks) | COLORADO SPRINGS SCHOOL DISTRICT 11 (130 trucks) | El PASO COUNTY (112 trucks) | MOUNTAIN METROPOLITAN TRANSIT (144 trucks),115000,12950,8923512.56,"$295,000.00"
Sol_055,7099 S Kenton St,https://www.loopnet.com/Listing/7099-S-Kenton-St-Centennial-CO/6542016/,"Centennial, CO 80112",1.18,976600.0,39.588430849644,-104.861817781283,16997.23,20000,XL,84.99%,2298,HBSCO DANS TRASH AT YOUR DISPOSAL (110 trucks) | BUCKLEY POWDER CO (217 trucks) | IHC SCOTT INC (214 trucks) | ORICA USA INC (215 trucks) | GLOBAL TRANSPORTATION LLC (442 trucks) | CH2M OMI CH2MHILL JACOBS (183 trucks) | AMERICAN FURNITURE WAREHOUSE CO (340 trucks) | TERRACARE ASSOCIATES LLC (156 trucks) | ENTERPRISE RENT-A-CAR NATIONAL RENT A CAR ALAMO RENT A CAR (421 trucks),115000,12950,8923512.56,"$976,600.00"
Sol_055,6322 Ivanhoe St,https://www.loopnet.com/Listing/6322-Ivanhoe-St-Commerce-City-CO/30497175/,"Commerce City, CO 80022",1.24,1500000.0,39.811481968412,-104.920723282229,19960.92,20000,XL,99.80%,2697,UNITED SITE SERVICES OF NEVADA INC (409 trucks) | UNITED SITE SERVICES OF COLORADO INC (147 trucks) | OFFEN PETROLEUM LLC (269 trucks) | WESTERN DISTRIBUTING TRANSPORTATION CORP (155 trucks) | READY MIX CONCRETE COMPANY (191 trucks) | RMS CRANES (139 trucks) | EAGLE ROCK DISTRIBUTING COMPANY OF COLORADO LLC (148 trucks) | WASTE CONNECTIONS OF COLORADO INC (486 trucks) | SUPERSHUTTLE DENVER (125 trucks) | SURESHOT DRILLING LLC ATOZ FIELD SERVICES LLC DRILL TECH LLC PINNACLE DEVELOPMENT INC HDD SPECIALISTS LLC (135 trucks) | COCAL LANDSCAPE SERVICES INC (153 trucks) | U S TRANSPORT INC (200 trucks) | WEST DIRECT OIL (140 trucks),115000,12950,8923512.56,"$1,500,000.00"
Sol_055,6109 W 48th Ave,https://www.loopnet.com/Listing/6109-W-48th-Ave-Wheat-Ridge-CO/32583003/,"Wheat Ridge, CO 80033",1.76,1141446.56,39.784078257989,-105.064430676896,6837.22,10000,L,68.37%,950,CITY OF ARVADA (100 trucks) | SITEWISE LLC (145 trucks) | COMPASS VEHICLE RENTAL INC (170 trucks) | COORS DISTRIBUTING COMPANY MILLER COORS LLC (105 trucks) | COLD FRONT (121 trucks) | NAVAJO EXPRESS INC (309 trucks),115000,12950,8923512.56,"$1,141,446.56"
Sol_056,2300 W County Road 54G,https://www.loopnet.com/Listing/2300-W-County-Road-54G-Laporte-CO/33671750/,"Laporte, CO 80535",0.46,330000.0,40.625878828869,-105.117877128123,1931.6100000000001,2000,S,96.58%,528,Poudre School District  (243 trucks) | CITY OF FORT COLLINS (285 trucks),128000,15202,10727511.56,"$330,000.00"
Sol_056,17160 W Colfax Ave,https://www.loopnet.com/Listing/17160-W-Colfax-Ave-Golden-CO/29520298/,"Golden, CO 80401",0.63,500000.0,39.722253633534,-105.192465086092,5488.67,10000,L,54.89%,807,ENIVIRONMENTAL LANDWORKS COMPANY INC (115 trucks) | HOLCIM WCR INC (298 trucks) | JEFFCO SCHOOLS (274 trucks) | JEFFERSON COUNTY (120 trucks),128000,15202,10727511.56,"$500,000.00"
Sol_056,3401 S Yosemite St,https://www.loopnet.com/Listing/3401-S-Yosemite-St-Denver-CO/39837277/,"Denver, CO 80231",0.64,675000.0,39.654049416843,-104.88550562639,4128.9400000000005,5000,M,82.58%,632,COMCAST (194 trucks) | SWINGLE TREE & LANDSCAPE CARE (135 trucks) | CITY LIGHT AND POWER INC (121 trucks) | WHEEL PROS LLC (182 trucks),128000,15202,10727511.56,"$675,000.00"
Sol_056,7300 W Jefferson Ave,https://www.loopnet.com/Listing/7300-W-Jefferson-Ave-Lakewood-CO/38419312/,"Lakewood, CO 80235",0.66,379999.0,39.649773884125,-105.079540805378,905.03,1000,XS,90.50%,109,PACIFIC SHIPPING & TRUCKING CO INC (109 trucks),128000,15202,10727511.56,"$379,999.00"
Sol_056,9190 W 84th Ave,https://www.loopnet.com/Listing/9190-W-84th-Ave-Arvada-CO/38160305/,"Arvada, CO 80005",0.67,499000.0,39.849854027782,-105.100317795342,2457.7,5000,M,49.15%,296,ALPINE MILLWORK COMPANY DBA ROCKY MOUNTAIN RELOAD (141 trucks) | GEOSTABILIZATION INTERNATIONAL LLC (155 trucks),128000,15202,10727511.56,"$499,000.00"
Sol_056,496 Laredo st,https://www.loopnet.com/Listing/496-Laredo-st-Aurora-CO/38708025/,"Aurora, CO 80011",0.7,500000.0,39.724337332754,-104.800258318335,8680.17,10000,L,86.80%,1261,AURORA PUBLIC SCHOOLS (127 trucks) | CITY OF AURORA (271 trucks) | METCO LANDSCAPING INC (226 trucks) | WAGNER EQUIPMENT CO (423 trucks) | SHAMROCK FOODS COMPANY (214 trucks),128000,15202,10727511.56,"$500,000.00"
Sol_056,NEC N Fairgrounds Ave,https://www.loopnet.com/Listing/NEC-N-Fairgrounds-Ave-Windsor-CO/29890025/,"Windsor, CO 80528",0.74,483449.0,40.437732372143,-104.982630626628,4243.52,5000,M,84.87%,684,LARIMER COUNTY (131 trucks) | NOVUS AG LLC (444 trucks) | LOVELAND MUNICIPALITY (109 trucks),128000,15202,10727511.56,"$483,449.00"
Sol_056,11958 Lincoln Ave,https://www.loopnet.com/Listing/Lincoln-Ave-Parker-CO/39741118/,"Parker, CO 80138",0.86,495000.0,39.536519536914,-104.76116705724,4937.0,5000,M,98.74%,725,ACCELERATED SERVICES LLC (373 trucks) | CHERRY CREEK SCHOOLS (352 trucks),128000,15202,10727511.56,"$495,000.00"
Sol_056,3311 Ideal Drive Dr,https://www.loopnet.com/Listing/3311-Ideal-Drive-Dr-Frederick-CO/35744244/,"Frederick, CO 80516",1.0,949000.0,40.087044076103,-104.992966989518,4928.75,5000,M,98.58%,991,SUPREME TRANSPORT INC (183 trucks) | WARD ELECTRIC COMPANY INC (222 trucks) | CITY OF LONGMONT (211 trucks) | ST VRAIN VALLEY SCHOOL DISTRICT (174 trucks) | HEAT WAVES HOT OIL SERVICE LLC (201 trucks),128000,15202,10727511.56,"$949,000.00"
Sol_056,12015 Irma Dr,https://www.loopnet.com/Listing/12015-Irma-Dr-Northglenn-CO/34662093/,"Northglenn, CO 80241",1.0,1098017.0,39.918832606598,-104.965887826386,6463.27,10000,L,64.63%,1046,ADAMS 12 FIVE STAR SCHOOLS (182 trucks) | TRI-STATE GENERATION & TRANSMISSION ASSOCIATION INC (321 trucks) | BALIC TRANSPORT INC (120 trucks) | ENVIRONMENTAL DESIGNS LLC (156 trucks) | SIM TRUCKING INC (120 trucks) | G&Z TRANSPORT LLC (147 trucks),128000,15202,10727511.56,"$1,098,017.00"
Sol_056,2120 University Park Blvd,https://www.loopnet.com/Listing/2120-University-Park-Blvd-Colorado-Springs-CO/27680798/,"Colorado Springs, CO 80918",1.02,295000.0,38.910590363159,-104.78892179429,5689.619999999999,10000,L,56.90%,1031,GOODWILL OF COLORADO (134 trucks) | CITY OF COLORADO SPRINGS (326 trucks) | VECTRUS SYSTEMS CORPORATION (185 trucks) | COLORADO SPRINGS SCHOOL DISTRICT 11 (130 trucks) | El PASO COUNTY (112 trucks) | MOUNTAIN METROPOLITAN TRANSIT (144 trucks),128000,15202,10727511.56,"$295,000.00"
Sol_056,7099 S Kenton St,https://www.loopnet.com/Listing/7099-S-Kenton-St-Centennial-CO/6542016/,"Centennial, CO 80112",1.18,976600.0,39.588430849644,-104.861817781283,16997.23,20000,XL,84.99%,2298,HBSCO DANS TRASH AT YOUR DISPOSAL (110 trucks) | BUCKLEY POWDER CO (217 trucks) | IHC SCOTT INC (214 trucks) | ORICA USA INC (215 trucks) | GLOBAL TRANSPORTATION LLC (442 trucks) | CH2M OMI CH2MHILL JACOBS (183 trucks) | AMERICAN FURNITURE WAREHOUSE CO (340 trucks) | TERRACARE ASSOCIATES LLC (156 trucks) | ENTERPRISE RENT-A-CAR NATIONAL RENT A CAR ALAMO RENT A CAR (421 trucks),128000,15202,10727511.56,"$976,600.00"
Sol_056,6322 Ivanhoe St,https://www.loopnet.com/Listing/6322-Ivanhoe-St-Commerce-City-CO/30497175/,"Commerce City, CO 80022",1.24,1500000.0,39.811481968412,-104.920723282229,19261.269999999997,20000,XL,96.31%,2555,UNITED SITE SERVICES OF NEVADA INC (409 trucks) | UNITED SITE SERVICES OF COLORADO INC (147 trucks) | OFFEN PETROLEUM LLC (269 trucks) | WESTERN DISTRIBUTING TRANSPORTATION CORP (155 trucks) | READY MIX CONCRETE COMPANY (191 trucks) | RMS CRANES (139 trucks) | EAGLE ROCK DISTRIBUTING COMPANY OF COLORADO LLC (148 trucks) | WASTE CONNECTIONS OF COLORADO INC (486 trucks) | SUPERSHUTTLE DENVER (125 trucks) | U S TRANSPORT INC (200 trucks) | WEST DIRECT OIL (140 trucks) | BURNCO COLORADO LLC (146 trucks),128000,15202,10727511.56,"$1,500,000.00"
Sol_056,8850 Huron St,https://www.loopnet.com/Listing/8850-Huron-St-Thornton-CO/33061072/,"Thornton, CO 80260",1.26,349000.0,39.858426283979,-104.995662022846,6814.530000000001,10000,L,68.15%,1100,CITY OF THORNTON (208 trucks) | CITY OF THORNTON (174 trucks) | COCAL LANDSCAPE SERVICES INC (153 trucks) | COLD FRONT (121 trucks) | NAVAJO EXPRESS INC (309 trucks) | SURESHOT DRILLING LLC ATOZ FIELD SERVICES LLC DRILL TECH LLC PINNACLE DEVELOPMENT INC HDD SPECIALISTS LLC (135 trucks),128000,15202,10727511.56,"$349,000.00"
Sol_056,765 Aspen Ridge Drive Dr,https://www.loopnet.com/Listing/765-Aspen-Ridge-Drive-Dr-Lafayette-CO/32931931/,"Lafayette, CO 80026",1.43,556000.0,40.006898203868,-105.107210150504,4585.06,5000,M,91.70%,619,BOULDER VALLEY SCHOOL DISTRICT RE-2 (134 trucks) | VIA MOBILITY SERVICES (196 trucks) | VIA MOBILITY SERVICES (116 trucks) | CU (173 trucks),128000,15202,10727511.56,"$556,000.00"
Sol_056,6109 W 48th Ave,https://www.loopnet.com/Listing/6109-W-48th-Ave-Wheat-Ridge-CO/32583003/,"Wheat Ridge, CO 80033",1.76,1141446.56,39.784078257989,-105.064430676896,2821.09,5000,M,56.42%,520,CITY OF ARVADA (100 trucks) | SITEWISE LLC (145 trucks) | COMPASS VEHICLE RENTAL INC (170 trucks) | COORS DISTRIBUTING COMPANY MILLER COORS LLC (105 trucks),128000,15202,10727511.56,"$1,141,446.56"
Sol_057,2300 W County Road 54G,https://www.loopnet.com/Listing/2300-W-County-Road-54G-Laporte-CO/33671750/,"Laporte, CO 80535",0.46,330000.0,40.625878828869,-105.117877128123,1931.6100000000001,2000,S,96.58%,528,Poudre School District  (243 trucks) | CITY OF FORT COLLINS (285 trucks),122000,14167,9049512.56,"$330,000.00"
Sol_057,17160 W Colfax Ave,https://www.loopnet.com/Listing/17160-W-Colfax-Ave-Golden-CO/29520298/,"Golden, CO 80401",0.63,500000.0,39.722253633534,-105.192465086092,5488.67,10000,L,54.89%,807,ENIVIRONMENTAL LANDWORKS COMPANY INC (115 trucks) | HOLCIM WCR INC (298 trucks) | JEFFCO SCHOOLS (274 trucks) | JEFFERSON COUNTY (120 trucks),122000,14167,9049512.56,"$500,000.00"
Sol_057,3401 S Yosemite St,https://www.loopnet.com/Listing/3401-S-Yosemite-St-Denver-CO/39837277/,"Denver, CO 80231",0.64,675000.0,39.654049416843,-104.88550562639,4128.9400000000005,5000,M,82.58%,632,COMCAST (194 trucks) | SWINGLE TREE & LANDSCAPE CARE (135 trucks) | CITY LIGHT AND POWER INC (121 trucks) | WHEEL PROS LLC (182 trucks),122000,14167,9049512.56,"$675,000.00"
Sol_057,9190 W 84th Ave,https://www.loopnet.com/Listing/9190-W-84th-Ave-Arvada-CO/38160305/,"Arvada, CO 80005",0.67,499000.0,39.849854027782,-105.100317795342,2457.7,5000,M,49.15%,296,ALPINE MILLWORK COMPANY DBA ROCKY MOUNTAIN RELOAD (141 trucks) | GEOSTABILIZATION INTERNATIONAL LLC (155 trucks),122000,14167,9049512.56,"$499,000.00"
Sol_057,496 Laredo st,https://www.loopnet.com/Listing/496-Laredo-st-Aurora-CO/38708025/,"Aurora, CO 80011",0.7,500000.0,39.724337332754,-104.800258318335,8680.17,10000,L,86.80%,1261,AURORA PUBLIC SCHOOLS (127 trucks) | CITY OF AURORA (271 trucks) | METCO LANDSCAPING INC (226 trucks) | WAGNER EQUIPMENT CO (423 trucks) | SHAMROCK FOODS COMPANY (214 trucks),122000,14167,9049512.56,"$500,000.00"
Sol_057,NEC N Fairgrounds Ave,https://www.loopnet.com/Listing/NEC-N-Fairgrounds-Ave-Windsor-CO/29890025/,"Windsor, CO 80528",0.74,483449.0,40.437732372143,-104.982630626628,4243.52,5000,M,84.87%,684,LARIMER COUNTY (131 trucks) | NOVUS AG LLC (444 trucks) | LOVELAND MUNICIPALITY (109 trucks),122000,14167,9049512.56,"$483,449.00"
Sol_057,11958 Lincoln Ave,https://www.loopnet.com/Listing/Lincoln-Ave-Parker-CO/39741118/,"Parker, CO 80138",0.86,495000.0,39.536519536914,-104.76116705724,4937.0,5000,M,98.74%,725,ACCELERATED SERVICES LLC (373 trucks) | CHERRY CREEK SCHOOLS (352 trucks),122000,14167,9049512.56,"$495,000.00"
Sol_057,12015 Irma Dr,https://www.loopnet.com/Listing/12015-Irma-Dr-Northglenn-CO/34662093/,"Northglenn, CO 80241",1.0,1098017.0,39.918832606598,-104.965887826386,7349.780000000001,10000,L,73.50%,1428,ADAMS 12 FIVE STAR SCHOOLS (182 trucks) | TRI-STATE GENERATION & TRANSMISSION ASSOCIATION INC (321 trucks) | CITY OF THORNTON (208 trucks) | CITY OF THORNTON (174 trucks) | BALIC TRANSPORT INC (120 trucks) | ENVIRONMENTAL DESIGNS LLC (156 trucks) | SIM TRUCKING INC (120 trucks) | G&Z TRANSPORT LLC (147 trucks),122000,14167,9049512.56,"$1,098,017.00"
Sol_057,2120 University Park Blvd,https://www.loopnet.com/Listing/2120-University-Park-Blvd-Colorado-Springs-CO/27680798/,"Colorado Springs, CO 80918",1.02,295000.0,38.910590363159,-104.78892179429,5689.619999999999,10000,L,56.90%,1031,GOODWILL OF COLORADO (134 trucks) | CITY OF COLORADO SPRINGS (326 trucks) | VECTRUS SYSTEMS CORPORATION (185 trucks) | COLORADO SPRINGS SCHOOL DISTRICT 11 (130 trucks) | El PASO COUNTY (112 trucks) | MOUNTAIN METROPOLITAN TRANSIT (144 trucks),122000,14167,9049512.56,"$295,000.00"
Sol_057,7099 S Kenton St,https://www.loopnet.com/Listing/7099-S-Kenton-St-Centennial-CO/6542016/,"Centennial, CO 80112",1.18,976600.0,39.588430849644,-104.861817781283,16997.23,20000,XL,84.99%,2298,HBSCO DANS TRASH AT YOUR DISPOSAL (110 trucks) | BUCKLEY POWDER CO (217 trucks) | IHC SCOTT INC (214 trucks) | ORICA USA INC (215 trucks) | GLOBAL TRANSPORTATION LLC (442 trucks) | CH2M OMI CH2MHILL JACOBS (183 trucks) | AMERICAN FURNITURE WAREHOUSE CO (340 trucks) | TERRACARE ASSOCIATES LLC (156 trucks) | ENTERPRISE RENT-A-CAR NATIONAL RENT A CAR ALAMO RENT A CAR (421 trucks),122000,14167,9049512.56,"$976,600.00"
Sol_057,6322 Ivanhoe St,https://www.loopnet.com/Listing/6322-Ivanhoe-St-Commerce-City-CO/30497175/,"Commerce City, CO 80022",1.24,1500000.0,39.811481968412,-104.920723282229,19960.92,20000,XL,99.80%,2697,UNITED SITE SERVICES OF NEVADA INC (409 trucks) | UNITED SITE SERVICES OF COLORADO INC (147 trucks) | OFFEN PETROLEUM LLC (269 trucks) | WESTERN DISTRIBUTING TRANSPORTATION CORP (155 trucks) | READY MIX CONCRETE COMPANY (191 trucks) | RMS CRANES (139 trucks) | EAGLE ROCK DISTRIBUTING COMPANY OF COLORADO LLC (148 trucks) | WASTE CONNECTIONS OF COLORADO INC (486 trucks) | SUPERSHUTTLE DENVER (125 trucks) | SURESHOT DRILLING LLC ATOZ FIELD SERVICES LLC DRILL TECH LLC PINNACLE DEVELOPMENT INC HDD SPECIALISTS LLC (135 trucks) | COCAL LANDSCAPE SERVICES INC (153 trucks) | U S TRANSPORT INC (200 trucks) | WEST DIRECT OIL (140 trucks),122000,14167,9049512.56,"$1,500,000.00"
Sol_057,765 Aspen Ridge Drive Dr,https://www.loopnet.com/Listing/765-Aspen-Ridge-Drive-Dr-Lafayette-CO/32931931/,"Lafayette, CO 80026",1.43,556000.0,40.006898203868,-105.107210150504,5074.7300000000005,10000,L,50.75%,830,BOULDER VALLEY SCHOOL DISTRICT RE-2 (134 trucks) | VIA MOBILITY SERVICES (196 trucks) | VIA MOBILITY SERVICES (116 trucks) | CU (173 trucks) | CITY OF LONGMONT (211 trucks),122000,14167,9049512.56,"$556,000.00"
Sol_057,6109 W 48th Ave,https://www.loopnet.com/Listing/6109-W-48th-Ave-Wheat-Ridge-CO/32583003/,"Wheat Ridge, CO 80033",1.76,1141446.56,39.784078257989,-105.064430676896,6837.22,10000,L,68.37%,950,CITY OF ARVADA (100 trucks) | SITEWISE LLC (145 trucks) | COMPASS VEHICLE RENTAL INC (170 trucks) | COORS DISTRIBUTING COMPANY MILLER COORS LLC (105 trucks) | COLD FRONT (121 trucks) | NAVAJO EXPRESS INC (309 trucks),122000,14167,9049512.56,"$1,141,446.56"
Sol_058,2300 W County Road 54G,https://www.loopnet.com/Listing/2300-W-County-Road-54G-Laporte-CO/33671750/,"Laporte, CO 80535",0.46,330000.0,40.625878828869,-105.117877128123,1931.6100000000001,2000,S,96.58%,528,Poudre School District  (243 trucks) | CITY OF FORT COLLINS (285 trucks),112000,12313,7549512.5600000005,"$330,000.00"
Sol_058,17160 W Colfax Ave,https://www.loopnet.com/Listing/17160-W-Colfax-Ave-Golden-CO/29520298/,"Golden, CO 80401",0.63,500000.0,39.722253633534,-105.192465086092,5488.67,10000,L,54.89%,807,ENIVIRONMENTAL LANDWORKS COMPANY INC (115 trucks) | HOLCIM WCR INC (298 trucks) | JEFFCO SCHOOLS (274 trucks) | JEFFERSON COUNTY (120 trucks),112000,12313,7549512.5600000005,"$500,000.00"
Sol_058,3401 S Yosemite St,https://www.loopnet.com/Listing/3401-S-Yosemite-St-Denver-CO/39837277/,"Denver, CO 80231",0.64,675000.0,39.654049416843,-104.88550562639,4128.9400000000005,5000,M,82.58%,632,COMCAST (194 trucks) | SWINGLE TREE & LANDSCAPE CARE (135 trucks) | CITY LIGHT AND POWER INC (121 trucks) | WHEEL PROS LLC (182 trucks),112000,12313,7549512.5600000005,"$675,000.00"
Sol_058,9190 W 84th Ave,https://www.loopnet.com/Listing/9190-W-84th-Ave-Arvada-CO/38160305/,"Arvada, CO 80005",0.67,499000.0,39.849854027782,-105.100317795342,2457.7,5000,M,49.15%,296,ALPINE MILLWORK COMPANY DBA ROCKY MOUNTAIN RELOAD (141 trucks) | GEOSTABILIZATION INTERNATIONAL LLC (155 trucks),112000,12313,7549512.5600000005,"$499,000.00"
Sol_058,496 Laredo st,https://www.loopnet.com/Listing/496-Laredo-st-Aurora-CO/38708025/,"Aurora, CO 80011",0.7,500000.0,39.724337332754,-104.800258318335,8680.17,10000,L,86.80%,1261,AURORA PUBLIC SCHOOLS (127 trucks) | CITY OF AURORA (271 trucks) | METCO LANDSCAPING INC (226 trucks) | WAGNER EQUIPMENT CO (423 trucks) | SHAMROCK FOODS COMPANY (214 trucks),112000,12313,7549512.5600000005,"$500,000.00"
Sol_058,NEC N Fairgrounds Ave,https://www.loopnet.com/Listing/NEC-N-Fairgrounds-Ave-Windsor-CO/29890025/,"Windsor, CO 80528",0.74,483449.0,40.437732372143,-104.982630626628,4243.52,5000,M,84.87%,684,LARIMER COUNTY (131 trucks) | NOVUS AG LLC (444 trucks) | LOVELAND MUNICIPALITY (109 trucks),112000,12313,7549512.5600000005,"$483,449.00"
Sol_058,11958 Lincoln Ave,https://www.loopnet.com/Listing/Lincoln-Ave-Parker-CO/39741118/,"Parker, CO 80138",0.86,495000.0,39.536519536914,-104.76116705724,4937.0,5000,M,98.74%,725,ACCELERATED SERVICES LLC (373 trucks) | CHERRY CREEK SCHOOLS (352 trucks),112000,12313,7549512.5600000005,"$495,000.00"
Sol_058,12015 Irma Dr,https://www.loopnet.com/Listing/12015-Irma-Dr-Northglenn-CO/34662093/,"Northglenn, CO 80241",1.0,1098017.0,39.918832606598,-104.965887826386,11460.82,20000,XL,57.30%,1983,ADAMS 12 FIVE STAR SCHOOLS (182 trucks) | TRI-STATE GENERATION & TRANSMISSION ASSOCIATION INC (321 trucks) | CITY OF THORNTON (208 trucks) | CITY OF THORNTON (174 trucks) | BALIC TRANSPORT INC (120 trucks) | BURNCO COLORADO LLC (146 trucks) | WEST DIRECT OIL (140 trucks) | OFFEN PETROLEUM LLC (269 trucks) | ENVIRONMENTAL DESIGNS LLC (156 trucks) | SIM TRUCKING INC (120 trucks) | G&Z TRANSPORT LLC (147 trucks),112000,12313,7549512.5600000005,"$1,098,017.00"
Sol_058,2120 University Park Blvd,https://www.loopnet.com/Listing/2120-University-Park-Blvd-Colorado-Springs-CO/27680798/,"Colorado Springs, CO 80918",1.02,295000.0,38.910590363159,-104.78892179429,5689.619999999999,10000,L,56.90%,1031,GOODWILL OF COLORADO (134 trucks) | CITY OF COLORADO SPRINGS (326 trucks) | VECTRUS SYSTEMS CORPORATION (185 trucks) | COLORADO SPRINGS SCHOOL DISTRICT 11 (130 trucks) | El PASO COUNTY (112 trucks) | MOUNTAIN METROPOLITAN TRANSIT (144 trucks),112000,12313,7549512.5600000005,"$295,000.00"
Sol_058,7099 S Kenton St,https://www.loopnet.com/Listing/7099-S-Kenton-St-Centennial-CO/6542016/,"Centennial, CO 80112",1.18,976600.0,39.588430849644,-104.861817781283,16997.23,20000,XL,84.99%,2298,HBSCO DANS TRASH AT YOUR DISPOSAL (110 trucks) | BUCKLEY POWDER CO (217 trucks) | IHC SCOTT INC (214 trucks) | ORICA USA INC (215 trucks) | GLOBAL TRANSPORTATION LLC (442 trucks) | CH2M OMI CH2MHILL JACOBS (183 trucks) | AMERICAN FURNITURE WAREHOUSE CO (340 trucks) | TERRACARE ASSOCIATES LLC (156 trucks) | ENTERPRISE RENT-A-CAR NATIONAL RENT A CAR ALAMO RENT A CAR (421 trucks),112000,12313,7549512.5600000005,"$976,600.00"
Sol_058,765 Aspen Ridge Drive Dr,https://www.loopnet.com/Listing/765-Aspen-Ridge-Drive-Dr-Lafayette-CO/32931931/,"Lafayette, CO 80026",1.43,556000.0,40.006898203868,-105.107210150504,5074.7300000000005,10000,L,50.75%,830,BOULDER VALLEY SCHOOL DISTRICT RE-2 (134 trucks) | VIA MOBILITY SERVICES (196 trucks) | VIA MOBILITY SERVICES (116 trucks) | CU (173 trucks) | CITY OF LONGMONT (211 trucks),112000,12313,7549512.5600000005,"$556,000.00"
Sol_058,6109 W 48th Ave,https://www.loopnet.com/Listing/6109-W-48th-Ave-Wheat-Ridge-CO/32583003/,"Wheat Ridge, CO 80033",1.76,1141446.56,39.784078257989,-105.064430676896,8749.11,10000,L,87.49%,1238,CITY OF ARVADA (100 trucks) | SITEWISE LLC (145 trucks) | COMPASS VEHICLE RENTAL INC (170 trucks) | COORS DISTRIBUTING COMPANY MILLER COORS LLC (105 trucks) | COLD FRONT (121 trucks) | NAVAJO EXPRESS INC (309 trucks) | SURESHOT DRILLING LLC ATOZ FIELD SERVICES LLC DRILL TECH LLC PINNACLE DEVELOPMENT INC HDD SPECIALISTS LLC (135 trucks) | COCAL LANDSCAPE SERVICES INC (153 trucks),112000,12313,7549512.5600000005,"$1,141,446.56"
Sol_059,17160 W Colfax Ave,https://www.loopnet.com/Listing/17160-W-Colfax-Ave-Golden-CO/29520298/,"Golden, CO 80401",0.63,500000.0,39.722253633534,-105.192465086092,5488.67,10000,L,54.89%,807,ENIVIRONMENTAL LANDWORKS COMPANY INC (115 trucks) | HOLCIM WCR INC (298 trucks) | JEFFCO SCHOOLS (274 trucks) | JEFFERSON COUNTY (120 trucks),120000,13639,8719512.56,"$500,000.00"
Sol_059,3401 S Yosemite St,https://www.loopnet.com/Listing/3401-S-Yosemite-St-Denver-CO/39837277/,"Denver, CO 80231",0.64,675000.0,39.654049416843,-104.88550562639,4128.9400000000005,5000,M,82.58%,632,COMCAST (194 trucks) | SWINGLE TREE & LANDSCAPE CARE (135 trucks) | CITY LIGHT AND POWER INC (121 trucks) | WHEEL PROS LLC (182 trucks),120000,13639,8719512.56,"$675,000.00"
Sol_059,9190 W 84th Ave,https://www.loopnet.com/Listing/9190-W-84th-Ave-Arvada-CO/38160305/,"Arvada, CO 80005",0.67,499000.0,39.849854027782,-105.100317795342,2457.7,5000,M,49.15%,296,ALPINE MILLWORK COMPANY DBA ROCKY MOUNTAIN RELOAD (141 trucks) | GEOSTABILIZATION INTERNATIONAL LLC (155 trucks),120000,13639,8719512.56,"$499,000.00"
Sol_059,496 Laredo st,https://www.loopnet.com/Listing/496-Laredo-st-Aurora-CO/38708025/,"Aurora, CO 80011",0.7,500000.0,39.724337332754,-104.800258318335,8680.17,10000,L,86.80%,1261,AURORA PUBLIC SCHOOLS (127 trucks) | CITY OF AURORA (271 trucks) | METCO LANDSCAPING INC (226 trucks) | WAGNER EQUIPMENT CO (423 trucks) | SHAMROCK FOODS COMPANY (214 trucks),120000,13639,8719512.56,"$500,000.00"
Sol_059,NEC N Fairgrounds Ave,https://www.loopnet.com/Listing/NEC-N-Fairgrounds-Ave-Windsor-CO/29890025/,"Windsor, CO 80528",0.74,483449.0,40.437732372143,-104.982630626628,4243.52,5000,M,84.87%,684,LARIMER COUNTY (131 trucks) | NOVUS AG LLC (444 trucks) | LOVELAND MUNICIPALITY (109 trucks),120000,13639,8719512.56,"$483,449.00"
Sol_059,11958 Lincoln Ave,https://www.loopnet.com/Listing/Lincoln-Ave-Parker-CO/39741118/,"Parker, CO 80138",0.86,495000.0,39.536519536914,-104.76116705724,4937.0,5000,M,98.74%,725,ACCELERATED SERVICES LLC (373 trucks) | CHERRY CREEK SCHOOLS (352 trucks),120000,13639,8719512.56,"$495,000.00"
Sol_059,12015 Irma Dr,https://www.loopnet.com/Listing/12015-Irma-Dr-Northglenn-CO/34662093/,"Northglenn, CO 80241",1.0,1098017.0,39.918832606598,-104.965887826386,7349.780000000001,10000,L,73.50%,1428,ADAMS 12 FIVE STAR SCHOOLS (182 trucks) | TRI-STATE GENERATION & TRANSMISSION ASSOCIATION INC (321 trucks) | CITY OF THORNTON (208 trucks) | CITY OF THORNTON (174 trucks) | BALIC TRANSPORT INC (120 trucks) | ENVIRONMENTAL DESIGNS LLC (156 trucks) | SIM TRUCKING INC (120 trucks) | G&Z TRANSPORT LLC (147 trucks),120000,13639,8719512.56,"$1,098,017.00"
Sol_059,2120 University Park Blvd,https://www.loopnet.com/Listing/2120-University-Park-Blvd-Colorado-Springs-CO/27680798/,"Colorado Springs, CO 80918",1.02,295000.0,38.910590363159,-104.78892179429,5689.619999999999,10000,L,56.90%,1031,GOODWILL OF COLORADO (134 trucks) | CITY OF COLORADO SPRINGS (326 trucks) | VECTRUS SYSTEMS CORPORATION (185 trucks) | COLORADO SPRINGS SCHOOL DISTRICT 11 (130 trucks) | El PASO COUNTY (112 trucks) | MOUNTAIN METROPOLITAN TRANSIT (144 trucks),120000,13639,8719512.56,"$295,000.00"
Sol_059,7099 S Kenton St,https://www.loopnet.com/Listing/7099-S-Kenton-St-Centennial-CO/6542016/,"Centennial, CO 80112",1.18,976600.0,39.588430849644,-104.861817781283,16997.23,20000,XL,84.99%,2298,HBSCO DANS TRASH AT YOUR DISPOSAL (110 trucks) | BUCKLEY POWDER CO (217 trucks) | IHC SCOTT INC (214 trucks) | ORICA USA INC (215 trucks) | GLOBAL TRANSPORTATION LLC (442 trucks) | CH2M OMI CH2MHILL JACOBS (183 trucks) | AMERICAN FURNITURE WAREHOUSE CO (340 trucks) | TERRACARE ASSOCIATES LLC (156 trucks) | ENTERPRISE RENT-A-CAR NATIONAL RENT A CAR ALAMO RENT A CAR (421 trucks),120000,13639,8719512.56,"$976,600.00"
Sol_059,6322 Ivanhoe St,https://www.loopnet.com/Listing/6322-Ivanhoe-St-Commerce-City-CO/30497175/,"Commerce City, CO 80022",1.24,1500000.0,39.811481968412,-104.920723282229,19960.92,20000,XL,99.80%,2697,UNITED SITE SERVICES OF NEVADA INC (409 trucks) | UNITED SITE SERVICES OF COLORADO INC (147 trucks) | OFFEN PETROLEUM LLC (269 trucks) | WESTERN DISTRIBUTING TRANSPORTATION CORP (155 trucks) | READY MIX CONCRETE COMPANY (191 trucks) | RMS CRANES (139 trucks) | EAGLE ROCK DISTRIBUTING COMPANY OF COLORADO LLC (148 trucks) | WASTE CONNECTIONS OF COLORADO INC (486 trucks) | SUPERSHUTTLE DENVER (125 trucks) | SURESHOT DRILLING LLC ATOZ FIELD SERVICES LLC DRILL TECH LLC PINNACLE DEVELOPMENT INC HDD SPECIALISTS LLC (135 trucks) | COCAL LANDSCAPE SERVICES INC (153 trucks) | U S TRANSPORT INC (200 trucks) | WEST DIRECT OIL (140 trucks),120000,13639,8719512.56,"$1,500,000.00"
Sol_059,765 Aspen Ridge Drive Dr,https://www.loopnet.com/Listing/765-Aspen-Ridge-Drive-Dr-Lafayette-CO/32931931/,"Lafayette, CO 80026",1.43,556000.0,40.006898203868,-105.107210150504,5074.7300000000005,10000,L,50.75%,830,BOULDER VALLEY SCHOOL DISTRICT RE-2 (134 trucks) | VIA MOBILITY SERVICES (196 trucks) | VIA MOBILITY SERVICES (116 trucks) | CU (173 trucks) | CITY OF LONGMONT (211 trucks),120000,13639,8719512.56,"$556,000.00"
Sol_059,6109 W 48th Ave,https://www.loopnet.com/Listing/6109-W-48th-Ave-Wheat-Ridge-CO/32583003/,"Wheat Ridge, CO 80033",1.76,1141446.56,39.784078257989,-105.064430676896,6837.22,10000,L,68.37%,950,CITY OF ARVADA (100 trucks) | SITEWISE LLC (145 trucks) | COMPASS VEHICLE RENTAL INC (170 trucks) | COORS DISTRIBUTING COMPANY MILLER COORS LLC (105 trucks) | COLD FRONT (121 trucks) | NAVAJO EXPRESS INC (309 trucks),120000,13639,8719512.56,"$1,141,446.56"
Sol_060,2300 W County Road 54G,https://www.loopnet.com/Listing/2300-W-County-Road-54G-Laporte-CO/33671750/,"Laporte, CO 80535",0.46,330000.0,40.625878828869,-105.117877128123,1931.6100000000001,2000,S,96.58%,528,Poudre School District  (243 trucks) | CITY OF FORT COLLINS (285 trucks),138000,16283,16350979.72,"$330,000.00"
Sol_060,17160 W Colfax Ave,https://www.loopnet.com/Listing/17160-W-Colfax-Ave-Golden-CO/29520298/,"Golden, CO 80401",0.63,500000.0,39.722253633534,-105.192465086092,5488.67,10000,L,54.89%,807,ENIVIRONMENTAL LANDWORKS COMPANY INC (115 trucks) | HOLCIM WCR INC (298 trucks) | JEFFCO SCHOOLS (274 trucks) | JEFFERSON COUNTY (120 trucks),138000,16283,16350979.72,"$500,000.00"
Sol_060,3401 S Yosemite St,https://www.loopnet.com/Listing/3401-S-Yosemite-St-Denver-CO/39837277/,"Denver, CO 80231",0.64,675000.0,39.654049416843,-104.88550562639,4128.9400000000005,5000,M,82.58%,632,COMCAST (194 trucks) | SWINGLE TREE & LANDSCAPE CARE (135 trucks) | CITY LIGHT AND POWER INC (121 trucks) | WHEEL PROS LLC (182 trucks),138000,16283,16350979.72,"$675,000.00"
Sol_060,Highway 34 Business & 83rd Avenue,https://www.loopnet.com/Listing/Highway-34-Business-83rd-Avenue-Greeley-CO/27017249/,"Greeley, CO 80634",0.66,877824.16,40.421498483243,-104.813483201346,336.5,1000,XS,33.65%,145,WELD COUNTY PUBLIC WORKS DEPARTMENT (145 trucks),138000,16283,16350979.72,"$877,824.16"
Sol_060,9190 W 84th Ave,https://www.loopnet.com/Listing/9190-W-84th-Ave-Arvada-CO/38160305/,"Arvada, CO 80005",0.67,499000.0,39.849854027782,-105.100317795342,2457.7,5000,M,49.15%,296,ALPINE MILLWORK COMPANY DBA ROCKY MOUNTAIN RELOAD (141 trucks) | GEOSTABILIZATION INTERNATIONAL LLC (155 trucks),138000,16283,16350979.72,"$499,000.00"
Sol_060,496 Laredo st,https://www.loopnet.com/Listing/496-Laredo-st-Aurora-CO/38708025/,"Aurora, CO 80011",0.7,500000.0,39.724337332754,-104.800258318335,8680.17,10000,L,86.80%,1261,AURORA PUBLIC SCHOOLS (127 trucks) | CITY OF AURORA (271 trucks) | METCO LANDSCAPING INC (226 trucks) | WAGNER EQUIPMENT CO (423 trucks) | SHAMROCK FOODS COMPANY (214 trucks),138000,16283,16350979.72,"$500,000.00"
Sol_060,NEC N Fairgrounds Ave,https://www.loopnet.com/Listing/NEC-N-Fairgrounds-Ave-Windsor-CO/29890025/,"Windsor, CO 80528",0.74,483449.0,40.437732372143,-104.982630626628,4243.52,5000,M,84.87%,684,LARIMER COUNTY (131 trucks) | NOVUS AG LLC (444 trucks) | LOVELAND MUNICIPALITY (109 trucks),138000,16283,16350979.72,"$483,449.00"
Sol_060,11958 Lincoln Ave,https://www.loopnet.com/Listing/Lincoln-Ave-Parker-CO/39741118/,"Parker, CO 80138",0.86,495000.0,39.536519536914,-104.76116705724,4937.0,5000,M,98.74%,725,ACCELERATED SERVICES LLC (373 trucks) | CHERRY CREEK SCHOOLS (352 trucks),138000,16283,16350979.72,"$495,000.00"
Sol_060,2450 Curtis St,https://www.loopnet.com/Listing/2450-Curtis-St-Denver-CO/34878162/,"Denver, CO 80205",0.93,1930000.0,39.755035173034,-104.984190298703,3769.58,5000,M,75.39%,454,RES (149 trucks) | COORS DISTRIBUTING COMPANY MILLER COORS LLC (105 trucks) | U S TRANSPORT INC (200 trucks),138000,16283,16350979.72,"$1,930,000.00"
Sol_060,3311 Ideal Drive Dr,https://www.loopnet.com/Listing/3311-Ideal-Drive-Dr-Frederick-CO/35744244/,"Frederick, CO 80516",1.0,949000.0,40.087044076103,-104.992966989518,4928.75,5000,M,98.58%,991,SUPREME TRANSPORT INC (183 trucks) | WARD ELECTRIC COMPANY INC (222 trucks) | CITY OF LONGMONT (211 trucks) | ST VRAIN VALLEY SCHOOL DISTRICT (174 trucks) | HEAT WAVES HOT OIL SERVICE LLC (201 trucks),138000,16283,16350979.72,"$949,000.00"
Sol_060,12015 Irma Dr,https://www.loopnet.com/Listing/12015-Irma-Dr-Northglenn-CO/34662093/,"Northglenn, CO 80241",1.0,1098017.0,39.918832606598,-104.965887826386,7349.780000000001,10000,L,73.50%,1428,ADAMS 12 FIVE STAR SCHOOLS (182 trucks) | TRI-STATE GENERATION & TRANSMISSION ASSOCIATION INC (321 trucks) | CITY OF THORNTON (208 trucks) | CITY OF THORNTON (174 trucks) | BALIC TRANSPORT INC (120 trucks) | ENVIRONMENTAL DESIGNS LLC (156 trucks) | SIM TRUCKING INC (120 trucks) | G&Z TRANSPORT LLC (147 trucks),138000,16283,16350979.72,"$1,098,017.00"
Sol_060,2120 University Park Blvd,https://www.loopnet.com/Listing/2120-University-Park-Blvd-Colorado-Springs-CO/27680798/,"Colorado Springs, CO 80918",1.02,295000.0,38.910590363159,-104.78892179429,5689.619999999999,10000,L,56.90%,1031,GOODWILL OF COLORADO (134 trucks) | CITY OF COLORADO SPRINGS (326 trucks) | VECTRUS SYSTEMS CORPORATION (185 trucks) | COLORADO SPRINGS SCHOOL DISTRICT 11 (130 trucks) | El PASO COUNTY (112 trucks) | MOUNTAIN METROPOLITAN TRANSIT (144 trucks),138000,16283,16350979.72,"$295,000.00"
Sol_060,4265 Santa Fe Dr,https://www.loopnet.com/Listing/4265-Santa-Fe-Dr-Sheridan-CO/30482164/,"Sheridan, CO 80110",1.17,1799000.0,39.63876696462,-105.007023340305,4209.639999999999,5000,M,84.19%,507,KEESEN ENTERPRISES INC (263 trucks) | QUALITY LOGISTICS INC (135 trucks) | PACIFIC SHIPPING & TRUCKING CO INC (109 trucks),138000,16283,16350979.72,"$1,799,000.00"
Sol_060,7099 S Kenton St,https://www.loopnet.com/Listing/7099-S-Kenton-St-Centennial-CO/6542016/,"Centennial, CO 80112",1.18,976600.0,39.588430849644,-104.861817781283,16997.23,20000,XL,84.99%,2298,HBSCO DANS TRASH AT YOUR DISPOSAL (110 trucks) | BUCKLEY POWDER CO (217 trucks) | IHC SCOTT INC (214 trucks) | ORICA USA INC (215 trucks) | GLOBAL TRANSPORTATION LLC (442 trucks) | CH2M OMI CH2MHILL JACOBS (183 trucks) | AMERICAN FURNITURE WAREHOUSE CO (340 trucks) | TERRACARE ASSOCIATES LLC (156 trucks) | ENTERPRISE RENT-A-CAR NATIONAL RENT A CAR ALAMO RENT A CAR (421 trucks),138000,16283,16350979.72,"$976,600.00"
Sol_060,6322 Ivanhoe St,https://www.loopnet.com/Listing/6322-Ivanhoe-St-Commerce-City-CO/30497175/,"Commerce City, CO 80022",1.24,1500000.0,39.811481968412,-104.920723282229,19512.55,20000,XL,97.56%,2643,UNITED SITE SERVICES OF NEVADA INC (409 trucks) | UNITED SITE SERVICES OF COLORADO INC (147 trucks) | OFFEN PETROLEUM LLC (269 trucks) | WESTERN DISTRIBUTING TRANSPORTATION CORP (155 trucks) | READY MIX CONCRETE COMPANY (191 trucks) | RMS CRANES (139 trucks) | EAGLE ROCK DISTRIBUTING COMPANY OF COLORADO LLC (148 trucks) | WASTE CONNECTIONS OF COLORADO INC (486 trucks) | SUPERSHUTTLE DENVER (125 trucks) | SURESHOT DRILLING LLC ATOZ FIELD SERVICES LLC DRILL TECH LLC PINNACLE DEVELOPMENT INC HDD SPECIALISTS LLC (135 trucks) | COCAL LANDSCAPE SERVICES INC (153 trucks) | WEST DIRECT OIL (140 trucks) | BURNCO COLORADO LLC (146 trucks),138000,16283,16350979.72,"$1,500,000.00"
Sol_060,765 Aspen Ridge Drive Dr,https://www.loopnet.com/Listing/765-Aspen-Ridge-Drive-Dr-Lafayette-CO/32931931/,"Lafayette, CO 80026",1.43,556000.0,40.006898203868,-105.107210150504,4585.06,5000,M,91.70%,619,BOULDER VALLEY SCHOOL DISTRICT RE-2 (134 trucks) | VIA MOBILITY SERVICES (196 trucks) | VIA MOBILITY SERVICES (116 trucks) | CU (173 trucks),138000,16283,16350979.72,"$556,000.00"
Sol_060,6109 W 48th Ave,https://www.loopnet.com/Listing/6109-W-48th-Ave-Wheat-Ridge-CO/32583003/,"Wheat Ridge, CO 80033",1.76,1141446.56,39.784078257989,-105.064430676896,5965.4,10000,L,59.65%,845,CITY OF ARVADA (100 trucks) | SITEWISE LLC (145 trucks) | COMPASS VEHICLE RENTAL INC (170 trucks) | COLD FRONT (121 trucks) | NAVAJO EXPRESS INC (309 trucks),138000,16283,16350979.72,"$1,141,446.56"
Sol_060,5480 Montana Vista Way,https://www.loopnet.com/Listing/5480-Montana-Vista-Way-Castle-Rock-CO/31324562/,"Castle Rock, CO 80108",2.0,1745643.0,39.413964345372,-104.86151758933,2577.81,5000,M,51.56%,389,TOWN OF CASTLE ROCK  (109 trucks) | GREAT SOUTHWESTERN CONSTRUCTION INC (280 trucks),138000,16283,16350979.72,"$1,745,643.00"
Sol_061,2300 W County Road 54G,https://www.loopnet.com/Listing/2300-W-County-Road-54G-Laporte-CO/33671750/,"Laporte, CO 80535",0.46,330000.0,40.625878828869,-105.117877128123,1931.6100000000001,2000,S,96.58%,528,Poudre School District  (243 trucks) | CITY OF FORT COLLINS (285 trucks),107000,12456,7998512.5600000005,"$330,000.00"
Sol_061,17160 W Colfax Ave,https://www.loopnet.com/Listing/17160-W-Colfax-Ave-Golden-CO/29520298/,"Golden, CO 80401",0.63,500000.0,39.722253633534,-105.192465086092,5488.67,10000,L,54.89%,807,ENIVIRONMENTAL LANDWORKS COMPANY INC (115 trucks) | HOLCIM WCR INC (298 trucks) | JEFFCO SCHOOLS (274 trucks) | JEFFERSON COUNTY (120 trucks),107000,12456,7998512.5600000005,"$500,000.00"
Sol_061,3401 S Yosemite St,https://www.loopnet.com/Listing/3401-S-Yosemite-St-Denver-CO/39837277/,"Denver, CO 80231",0.64,675000.0,39.654049416843,-104.88550562639,7298.1900000000005,10000,L,72.98%,1256,COMCAST (194 trucks) | SWINGLE TREE & LANDSCAPE CARE (135 trucks) | CITY LIGHT AND POWER INC (121 trucks) | WHEEL PROS LLC (182 trucks) | CITY OF AURORA (271 trucks) | AURORA PUBLIC SCHOOLS (127 trucks) | METCO LANDSCAPING INC (226 trucks),107000,12456,7998512.5600000005,"$675,000.00"
Sol_061,9190 W 84th Ave,https://www.loopnet.com/Listing/9190-W-84th-Ave-Arvada-CO/38160305/,"Arvada, CO 80005",0.67,499000.0,39.849854027782,-105.100317795342,2457.7,5000,M,49.15%,296,ALPINE MILLWORK COMPANY DBA ROCKY MOUNTAIN RELOAD (141 trucks) | GEOSTABILIZATION INTERNATIONAL LLC (155 trucks),107000,12456,7998512.5600000005,"$499,000.00"
Sol_061,NEC N Fairgrounds Ave,https://www.loopnet.com/Listing/NEC-N-Fairgrounds-Ave-Windsor-CO/29890025/,"Windsor, CO 80528",0.74,483449.0,40.437732372143,-104.982630626628,4243.52,5000,M,84.87%,684,LARIMER COUNTY (131 trucks) | NOVUS AG LLC (444 trucks) | LOVELAND MUNICIPALITY (109 trucks),107000,12456,7998512.5600000005,"$483,449.00"
Sol_061,11958 Lincoln Ave,https://www.loopnet.com/Listing/Lincoln-Ave-Parker-CO/39741118/,"Parker, CO 80138",0.86,495000.0,39.536519536914,-104.76116705724,4937.0,5000,M,98.74%,725,ACCELERATED SERVICES LLC (373 trucks) | CHERRY CREEK SCHOOLS (352 trucks),107000,12456,7998512.5600000005,"$495,000.00"
Sol_061,3311 Ideal Drive Dr,https://www.loopnet.com/Listing/3311-Ideal-Drive-Dr-Frederick-CO/35744244/,"Frederick, CO 80516",1.0,949000.0,40.087044076103,-104.992966989518,4928.75,5000,M,98.58%,991,SUPREME TRANSPORT INC (183 trucks) | WARD ELECTRIC COMPANY INC (222 trucks) | CITY OF LONGMONT (211 trucks) | ST VRAIN VALLEY SCHOOL DISTRICT (174 trucks) | HEAT WAVES HOT OIL SERVICE LLC (201 trucks),107000,12456,7998512.5600000005,"$949,000.00"
Sol_061,12015 Irma Dr,https://www.loopnet.com/Listing/12015-Irma-Dr-Northglenn-CO/34662093/,"Northglenn, CO 80241",1.0,1098017.0,39.918832606598,-104.965887826386,11460.82,20000,XL,57.30%,1983,ADAMS 12 FIVE STAR SCHOOLS (182 trucks) | TRI-STATE GENERATION & TRANSMISSION ASSOCIATION INC (321 trucks) | CITY OF THORNTON (208 trucks) | CITY OF THORNTON (174 trucks) | BALIC TRANSPORT INC (120 trucks) | BURNCO COLORADO LLC (146 trucks) | WEST DIRECT OIL (140 trucks) | OFFEN PETROLEUM LLC (269 trucks) | ENVIRONMENTAL DESIGNS LLC (156 trucks) | SIM TRUCKING INC (120 trucks) | G&Z TRANSPORT LLC (147 trucks),107000,12456,7998512.5600000005,"$1,098,017.00"
Sol_061,2120 University Park Blvd,https://www.loopnet.com/Listing/2120-University-Park-Blvd-Colorado-Springs-CO/27680798/,"Colorado Springs, CO 80918",1.02,295000.0,38.910590363159,-104.78892179429,5689.619999999999,10000,L,56.90%,1031,GOODWILL OF COLORADO (134 trucks) | CITY OF COLORADO SPRINGS (326 trucks) | VECTRUS SYSTEMS CORPORATION (185 trucks) | COLORADO SPRINGS SCHOOL DISTRICT 11 (130 trucks) | El PASO COUNTY (112 trucks) | MOUNTAIN METROPOLITAN TRANSIT (144 trucks),107000,12456,7998512.5600000005,"$295,000.00"
Sol_061,7099 S Kenton St,https://www.loopnet.com/Listing/7099-S-Kenton-St-Centennial-CO/6542016/,"Centennial, CO 80112",1.18,976600.0,39.588430849644,-104.861817781283,16997.23,20000,XL,84.99%,2298,HBSCO DANS TRASH AT YOUR DISPOSAL (110 trucks) | BUCKLEY POWDER CO (217 trucks) | IHC SCOTT INC (214 trucks) | ORICA USA INC (215 trucks) | GLOBAL TRANSPORTATION LLC (442 trucks) | CH2M OMI CH2MHILL JACOBS (183 trucks) | AMERICAN FURNITURE WAREHOUSE CO (340 trucks) | TERRACARE ASSOCIATES LLC (156 trucks) | ENTERPRISE RENT-A-CAR NATIONAL RENT A CAR ALAMO RENT A CAR (421 trucks),107000,12456,7998512.5600000005,"$976,600.00"
Sol_061,765 Aspen Ridge Drive Dr,https://www.loopnet.com/Listing/765-Aspen-Ridge-Drive-Dr-Lafayette-CO/32931931/,"Lafayette, CO 80026",1.43,556000.0,40.006898203868,-105.107210150504,4585.06,5000,M,91.70%,619,BOULDER VALLEY SCHOOL DISTRICT RE-2 (134 trucks) | VIA MOBILITY SERVICES (196 trucks) | VIA MOBILITY SERVICES (116 trucks) | CU (173 trucks),107000,12456,7998512.5600000005,"$556,000.00"
Sol_061,6109 W 48th Ave,https://www.loopnet.com/Listing/6109-W-48th-Ave-Wheat-Ridge-CO/32583003/,"Wheat Ridge, CO 80033",1.76,1141446.56,39.784078257989,-105.064430676896,8749.11,10000,L,87.49%,1238,CITY OF ARVADA (100 trucks) | SITEWISE LLC (145 trucks) | COMPASS VEHICLE RENTAL INC (170 trucks) | COORS DISTRIBUTING COMPANY MILLER COORS LLC (105 trucks) | COLD FRONT (121 trucks) | NAVAJO EXPRESS INC (309 trucks) | SURESHOT DRILLING LLC ATOZ FIELD SERVICES LLC DRILL TECH LLC PINNACLE DEVELOPMENT INC HDD SPECIALISTS LLC (135 trucks) | COCAL LANDSCAPE SERVICES INC (153 trucks),107000,12456,7998512.5600000005,"$1,141,446.56"
Sol_062,2300 W County Road 54G,https://www.loopnet.com/Listing/2300-W-County-Road-54G-Laporte-CO/33671750/,"Laporte, CO 80535",0.46,330000.0,40.625878828869,-105.117877128123,1931.6100000000001,2000,S,96.58%,528,Poudre School District  (243 trucks) | CITY OF FORT COLLINS (285 trucks),117000,13726,8847512.56,"$330,000.00"
Sol_062,17160 W Colfax Ave,https://www.loopnet.com/Listing/17160-W-Colfax-Ave-Golden-CO/29520298/,"Golden, CO 80401",0.63,500000.0,39.722253633534,-105.192465086092,5488.67,10000,L,54.89%,807,ENIVIRONMENTAL LANDWORKS COMPANY INC (115 trucks) | HOLCIM WCR INC (298 trucks) | JEFFCO SCHOOLS (274 trucks) | JEFFERSON COUNTY (120 trucks),117000,13726,8847512.56,"$500,000.00"
Sol_062,3401 S Yosemite St,https://www.loopnet.com/Listing/3401-S-Yosemite-St-Denver-CO/39837277/,"Denver, CO 80231",0.64,675000.0,39.654049416843,-104.88550562639,4128.9400000000005,5000,M,82.58%,632,COMCAST (194 trucks) | SWINGLE TREE & LANDSCAPE CARE (135 trucks) | CITY LIGHT AND POWER INC (121 trucks) | WHEEL PROS LLC (182 trucks),117000,13726,8847512.56,"$675,000.00"
Sol_062,9190 W 84th Ave,https://www.loopnet.com/Listing/9190-W-84th-Ave-Arvada-CO/38160305/,"Arvada, CO 80005",0.67,499000.0,39.849854027782,-105.100317795342,2457.7,5000,M,49.15%,296,ALPINE MILLWORK COMPANY DBA ROCKY MOUNTAIN RELOAD (141 trucks) | GEOSTABILIZATION INTERNATIONAL LLC (155 trucks),117000,13726,8847512.56,"$499,000.00"
Sol_062,496 Laredo st,https://www.loopnet.com/Listing/496-Laredo-st-Aurora-CO/38708025/,"Aurora, CO 80011",0.7,500000.0,39.724337332754,-104.800258318335,8680.17,10000,L,86.80%,1261,AURORA PUBLIC SCHOOLS (127 trucks) | CITY OF AURORA (271 trucks) | METCO LANDSCAPING INC (226 trucks) | WAGNER EQUIPMENT CO (423 trucks) | SHAMROCK FOODS COMPANY (214 trucks),117000,13726,8847512.56,"$500,000.00"
Sol_062,NEC N Fairgrounds Ave,https://www.loopnet.com/Listing/NEC-N-Fairgrounds-Ave-Windsor-CO/29890025/,"Windsor, CO 80528",0.74,483449.0,40.437732372143,-104.982630626628,4243.52,5000,M,84.87%,684,LARIMER COUNTY (131 trucks) | NOVUS AG LLC (444 trucks) | LOVELAND MUNICIPALITY (109 trucks),117000,13726,8847512.56,"$483,449.00"
Sol_062,11958 Lincoln Ave,https://www.loopnet.com/Listing/Lincoln-Ave-Parker-CO/39741118/,"Parker, CO 80138",0.86,495000.0,39.536519536914,-104.76116705724,4937.0,5000,M,98.74%,725,ACCELERATED SERVICES LLC (373 trucks) | CHERRY CREEK SCHOOLS (352 trucks),117000,13726,8847512.56,"$495,000.00"
Sol_062,3311 Ideal Drive Dr,https://www.loopnet.com/Listing/3311-Ideal-Drive-Dr-Frederick-CO/35744244/,"Frederick, CO 80516",1.0,949000.0,40.087044076103,-104.992966989518,4928.75,5000,M,98.58%,991,SUPREME TRANSPORT INC (183 trucks) | WARD ELECTRIC COMPANY INC (222 trucks) | CITY OF LONGMONT (211 trucks) | ST VRAIN VALLEY SCHOOL DISTRICT (174 trucks) | HEAT WAVES HOT OIL SERVICE LLC (201 trucks),117000,13726,8847512.56,"$949,000.00"
Sol_062,12015 Irma Dr,https://www.loopnet.com/Listing/12015-Irma-Dr-Northglenn-CO/34662093/,"Northglenn, CO 80241",1.0,1098017.0,39.918832606598,-104.965887826386,8340.789999999999,10000,L,83.41%,1332,ADAMS 12 FIVE STAR SCHOOLS (182 trucks) | TRI-STATE GENERATION & TRANSMISSION ASSOCIATION INC (321 trucks) | BALIC TRANSPORT INC (120 trucks) | BURNCO COLORADO LLC (146 trucks) | WEST DIRECT OIL (140 trucks) | ENVIRONMENTAL DESIGNS LLC (156 trucks) | SIM TRUCKING INC (120 trucks) | G&Z TRANSPORT LLC (147 trucks),117000,13726,8847512.56,"$1,098,017.00"
Sol_062,2120 University Park Blvd,https://www.loopnet.com/Listing/2120-University-Park-Blvd-Colorado-Springs-CO/27680798/,"Colorado Springs, CO 80918",1.02,295000.0,38.910590363159,-104.78892179429,5689.619999999999,10000,L,56.90%,1031,GOODWILL OF COLORADO (134 trucks) | CITY OF COLORADO SPRINGS (326 trucks) | VECTRUS SYSTEMS CORPORATION (185 trucks) | COLORADO SPRINGS SCHOOL DISTRICT 11 (130 trucks) | El PASO COUNTY (112 trucks) | MOUNTAIN METROPOLITAN TRANSIT (144 trucks),117000,13726,8847512.56,"$295,000.00"
Sol_062,7099 S Kenton St,https://www.loopnet.com/Listing/7099-S-Kenton-St-Centennial-CO/6542016/,"Centennial, CO 80112",1.18,976600.0,39.588430849644,-104.861817781283,16997.23,20000,XL,84.99%,2298,HBSCO DANS TRASH AT YOUR DISPOSAL (110 trucks) | BUCKLEY POWDER CO (217 trucks) | IHC SCOTT INC (214 trucks) | ORICA USA INC (215 trucks) | GLOBAL TRANSPORTATION LLC (442 trucks) | CH2M OMI CH2MHILL JACOBS (183 trucks) | AMERICAN FURNITURE WAREHOUSE CO (340 trucks) | TERRACARE ASSOCIATES LLC (156 trucks) | ENTERPRISE RENT-A-CAR NATIONAL RENT A CAR ALAMO RENT A CAR (421 trucks),117000,13726,8847512.56,"$976,600.00"
Sol_062,8850 Huron St,https://www.loopnet.com/Listing/8850-Huron-St-Thornton-CO/33061072/,"Thornton, CO 80260",1.26,349000.0,39.858426283979,-104.995662022846,14618.029999999999,20000,XL,73.09%,2002,CITY OF THORNTON (208 trucks) | CITY OF THORNTON (174 trucks) | COCAL LANDSCAPE SERVICES INC (153 trucks) | COLD FRONT (121 trucks) | READY MIX CONCRETE COMPANY (191 trucks) | NAVAJO EXPRESS INC (309 trucks) | WESTERN DISTRIBUTING TRANSPORTATION CORP (155 trucks) | RMS CRANES (139 trucks) | SURESHOT DRILLING LLC ATOZ FIELD SERVICES LLC DRILL TECH LLC PINNACLE DEVELOPMENT INC HDD SPECIALISTS LLC (135 trucks) | EAGLE ROCK DISTRIBUTING COMPANY OF COLORADO LLC (148 trucks) | OFFEN PETROLEUM LLC (269 trucks),117000,13726,8847512.56,"$349,000.00"
Sol_062,765 Aspen Ridge Drive Dr,https://www.loopnet.com/Listing/765-Aspen-Ridge-Drive-Dr-Lafayette-CO/32931931/,"Lafayette, CO 80026",1.43,556000.0,40.006898203868,-105.107210150504,4585.06,5000,M,91.70%,619,BOULDER VALLEY SCHOOL DISTRICT RE-2 (134 trucks) | VIA MOBILITY SERVICES (196 trucks) | VIA MOBILITY SERVICES (116 trucks) | CU (173 trucks),117000,13726,8847512.56,"$556,000.00"
Sol_062,6109 W 48th Ave,https://www.loopnet.com/Listing/6109-W-48th-Ave-Wheat-Ridge-CO/32583003/,"Wheat Ridge, CO 80033",1.76,1141446.56,39.784078257989,-105.064430676896,2821.09,5000,M,56.42%,520,CITY OF ARVADA (100 trucks) | SITEWISE LLC (145 trucks) | COMPASS VEHICLE RENTAL INC (170 trucks) | COORS DISTRIBUTING COMPANY MILLER COORS LLC (105 trucks),117000,13726,8847512.56,"$1,141,446.56"
Sol_063,17160 W Colfax Ave,https://www.loopnet.com/Listing/17160-W-Colfax-Ave-Golden-CO/29520298/,"Golden, CO 80401",0.63,500000.0,39.722253633534,-105.192465086092,5488.67,10000,L,54.89%,807,ENIVIRONMENTAL LANDWORKS COMPANY INC (115 trucks) | HOLCIM WCR INC (298 trucks) | JEFFCO SCHOOLS (274 trucks) | JEFFERSON COUNTY (120 trucks),110000,12565,8168512.5600000005,"$500,000.00"
Sol_063,3401 S Yosemite St,https://www.loopnet.com/Listing/3401-S-Yosemite-St-Denver-CO/39837277/,"Denver, CO 80231",0.64,675000.0,39.654049416843,-104.88550562639,4128.9400000000005,5000,M,82.58%,632,COMCAST (194 trucks) | SWINGLE TREE & LANDSCAPE CARE (135 trucks) | CITY LIGHT AND POWER INC (121 trucks) | WHEEL PROS LLC (182 trucks),110000,12565,8168512.5600000005,"$675,000.00"
Sol_063,9190 W 84th Ave,https://www.loopnet.com/Listing/9190-W-84th-Ave-Arvada-CO/38160305/,"Arvada, CO 80005",0.67,499000.0,39.849854027782,-105.100317795342,2457.7,5000,M,49.15%,296,ALPINE MILLWORK COMPANY DBA ROCKY MOUNTAIN RELOAD (141 trucks) | GEOSTABILIZATION INTERNATIONAL LLC (155 trucks),110000,12565,8168512.5600000005,"$499,000.00"
Sol_063,496 Laredo st,https://www.loopnet.com/Listing/496-Laredo-st-Aurora-CO/38708025/,"Aurora, CO 80011",0.7,500000.0,39.724337332754,-104.800258318335,8680.17,10000,L,86.80%,1261,AURORA PUBLIC SCHOOLS (127 trucks) | CITY OF AURORA (271 trucks) | METCO LANDSCAPING INC (226 trucks) | WAGNER EQUIPMENT CO (423 trucks) | SHAMROCK FOODS COMPANY (214 trucks),110000,12565,8168512.5600000005,"$500,000.00"
Sol_063,NEC N Fairgrounds Ave,https://www.loopnet.com/Listing/NEC-N-Fairgrounds-Ave-Windsor-CO/29890025/,"Windsor, CO 80528",0.74,483449.0,40.437732372143,-104.982630626628,4243.52,5000,M,84.87%,684,LARIMER COUNTY (131 trucks) | NOVUS AG LLC (444 trucks) | LOVELAND MUNICIPALITY (109 trucks),110000,12565,8168512.5600000005,"$483,449.00"
Sol_063,11958 Lincoln Ave,https://www.loopnet.com/Listing/Lincoln-Ave-Parker-CO/39741118/,"Parker, CO 80138",0.86,495000.0,39.536519536914,-104.76116705724,4937.0,5000,M,98.74%,725,ACCELERATED SERVICES LLC (373 trucks) | CHERRY CREEK SCHOOLS (352 trucks),110000,12565,8168512.5600000005,"$495,000.00"
Sol_063,3311 Ideal Drive Dr,https://www.loopnet.com/Listing/3311-Ideal-Drive-Dr-Frederick-CO/35744244/,"Frederick, CO 80516",1.0,949000.0,40.087044076103,-104.992966989518,4928.75,5000,M,98.58%,991,SUPREME TRANSPORT INC (183 trucks) | WARD ELECTRIC COMPANY INC (222 trucks) | CITY OF LONGMONT (211 trucks) | ST VRAIN VALLEY SCHOOL DISTRICT (174 trucks) | HEAT WAVES HOT OIL SERVICE LLC (201 trucks),110000,12565,8168512.5600000005,"$949,000.00"
Sol_063,12015 Irma Dr,https://www.loopnet.com/Listing/12015-Irma-Dr-Northglenn-CO/34662093/,"Northglenn, CO 80241",1.0,1098017.0,39.918832606598,-104.965887826386,11460.82,20000,XL,57.30%,1983,ADAMS 12 FIVE STAR SCHOOLS (182 trucks) | TRI-STATE GENERATION & TRANSMISSION ASSOCIATION INC (321 trucks) | CITY OF THORNTON (208 trucks) | CITY OF THORNTON (174 trucks) | BALIC TRANSPORT INC (120 trucks) | BURNCO COLORADO LLC (146 trucks) | WEST DIRECT OIL (140 trucks) | OFFEN PETROLEUM LLC (269 trucks) | ENVIRONMENTAL DESIGNS LLC (156 trucks) | SIM TRUCKING INC (120 trucks) | G&Z TRANSPORT LLC (147 trucks),110000,12565,8168512.5600000005,"$1,098,017.00"
Sol_063,2120 University Park Blvd,https://www.loopnet.com/Listing/2120-University-Park-Blvd-Colorado-Springs-CO/27680798/,"Colorado Springs, CO 80918",1.02,295000.0,38.910590363159,-104.78892179429,5689.619999999999,10000,L,56.90%,1031,GOODWILL OF COLORADO (134 trucks) | CITY OF COLORADO SPRINGS (326 trucks) | VECTRUS SYSTEMS CORPORATION (185 trucks) | COLORADO SPRINGS SCHOOL DISTRICT 11 (130 trucks) | El PASO COUNTY (112 trucks) | MOUNTAIN METROPOLITAN TRANSIT (144 trucks),110000,12565,8168512.5600000005,"$295,000.00"
Sol_063,7099 S Kenton St,https://www.loopnet.com/Listing/7099-S-Kenton-St-Centennial-CO/6542016/,"Centennial, CO 80112",1.18,976600.0,39.588430849644,-104.861817781283,16997.23,20000,XL,84.99%,2298,HBSCO DANS TRASH AT YOUR DISPOSAL (110 trucks) | BUCKLEY POWDER CO (217 trucks) | IHC SCOTT INC (214 trucks) | ORICA USA INC (215 trucks) | GLOBAL TRANSPORTATION LLC (442 trucks) | CH2M OMI CH2MHILL JACOBS (183 trucks) | AMERICAN FURNITURE WAREHOUSE CO (340 trucks) | TERRACARE ASSOCIATES LLC (156 trucks) | ENTERPRISE RENT-A-CAR NATIONAL RENT A CAR ALAMO RENT A CAR (421 trucks),110000,12565,8168512.5600000005,"$976,600.00"
Sol_063,765 Aspen Ridge Drive Dr,https://www.loopnet.com/Listing/765-Aspen-Ridge-Drive-Dr-Lafayette-CO/32931931/,"Lafayette, CO 80026",1.43,556000.0,40.006898203868,-105.107210150504,4585.06,5000,M,91.70%,619,BOULDER VALLEY SCHOOL DISTRICT RE-2 (134 trucks) | VIA MOBILITY SERVICES (196 trucks) | VIA MOBILITY SERVICES (116 trucks) | CU (173 trucks),110000,12565,8168512.5600000005,"$556,000.00"
Sol_063,6109 W 48th Ave,https://www.loopnet.com/Listing/6109-W-48th-Ave-Wheat-Ridge-CO/32583003/,"Wheat Ridge, CO 80033",1.76,1141446.56,39.784078257989,-105.064430676896,8749.11,10000,L,87.49%,1238,CITY OF ARVADA (100 trucks) | SITEWISE LLC (145 trucks) | COMPASS VEHICLE RENTAL INC (170 trucks) | COORS DISTRIBUTING COMPANY MILLER COORS LLC (105 trucks) | COLD FRONT (121 trucks) | NAVAJO EXPRESS INC (309 trucks) | SURESHOT DRILLING LLC ATOZ FIELD SERVICES LLC DRILL TECH LLC PINNACLE DEVELOPMENT INC HDD SPECIALISTS LLC (135 trucks) | COCAL LANDSCAPE SERVICES INC (153 trucks),110000,12565,8168512.5600000005,"$1,141,446.56"
Sol_064,2300 W County Road 54G,https://www.loopnet.com/Listing/2300-W-County-Road-54G-Laporte-CO/33671750/,"Laporte, CO 80535",0.46,330000.0,40.625878828869,-105.117877128123,1931.6100000000001,2000,S,96.58%,528,Poudre School District  (243 trucks) | CITY OF FORT COLLINS (285 trucks),128000,15238,11456336.72,"$330,000.00"
Sol_064,17160 W Colfax Ave,https://www.loopnet.com/Listing/17160-W-Colfax-Ave-Golden-CO/29520298/,"Golden, CO 80401",0.63,500000.0,39.722253633534,-105.192465086092,5488.67,10000,L,54.89%,807,ENIVIRONMENTAL LANDWORKS COMPANY INC (115 trucks) | HOLCIM WCR INC (298 trucks) | JEFFCO SCHOOLS (274 trucks) | JEFFERSON COUNTY (120 trucks),128000,15238,11456336.72,"$500,000.00"
Sol_064,3401 S Yosemite St,https://www.loopnet.com/Listing/3401-S-Yosemite-St-Denver-CO/39837277/,"Denver, CO 80231",0.64,675000.0,39.654049416843,-104.88550562639,4128.9400000000005,5000,M,82.58%,632,COMCAST (194 trucks) | SWINGLE TREE & LANDSCAPE CARE (135 trucks) | CITY LIGHT AND POWER INC (121 trucks) | WHEEL PROS LLC (182 trucks),128000,15238,11456336.72,"$675,000.00"
Sol_064,Highway 34 Business & 83rd Avenue,https://www.loopnet.com/Listing/Highway-34-Business-83rd-Avenue-Greeley-CO/27017249/,"Greeley, CO 80634",0.66,877824.16,40.421498483243,-104.813483201346,336.5,1000,XS,33.65%,145,WELD COUNTY PUBLIC WORKS DEPARTMENT (145 trucks),128000,15238,11456336.72,"$877,824.16"
Sol_064,9190 W 84th Ave,https://www.loopnet.com/Listing/9190-W-84th-Ave-Arvada-CO/38160305/,"Arvada, CO 80005",0.67,499000.0,39.849854027782,-105.100317795342,2457.7,5000,M,49.15%,296,ALPINE MILLWORK COMPANY DBA ROCKY MOUNTAIN RELOAD (141 trucks) | GEOSTABILIZATION INTERNATIONAL LLC (155 trucks),128000,15238,11456336.72,"$499,000.00"
Sol_064,496 Laredo st,https://www.loopnet.com/Listing/496-Laredo-st-Aurora-CO/38708025/,"Aurora, CO 80011",0.7,500000.0,39.724337332754,-104.800258318335,8680.17,10000,L,86.80%,1261,AURORA PUBLIC SCHOOLS (127 trucks) | CITY OF AURORA (271 trucks) | METCO LANDSCAPING INC (226 trucks) | WAGNER EQUIPMENT CO (423 trucks) | SHAMROCK FOODS COMPANY (214 trucks),128000,15238,11456336.72,"$500,000.00"
Sol_064,NEC N Fairgrounds Ave,https://www.loopnet.com/Listing/NEC-N-Fairgrounds-Ave-Windsor-CO/29890025/,"Windsor, CO 80528",0.74,483449.0,40.437732372143,-104.982630626628,4243.52,5000,M,84.87%,684,LARIMER COUNTY (131 trucks) | NOVUS AG LLC (444 trucks) | LOVELAND MUNICIPALITY (109 trucks),128000,15238,11456336.72,"$483,449.00"
Sol_064,11958 Lincoln Ave,https://www.loopnet.com/Listing/Lincoln-Ave-Parker-CO/39741118/,"Parker, CO 80138",0.86,495000.0,39.536519536914,-104.76116705724,4937.0,5000,M,98.74%,725,ACCELERATED SERVICES LLC (373 trucks) | CHERRY CREEK SCHOOLS (352 trucks),128000,15238,11456336.72,"$495,000.00"
Sol_064,12353 E 104th Pl,https://www.loopnet.com/Listing/12353-E-104th-Pl-Commerce-City-CO/39324469/,"Commerce City, CO 80022",0.95,580000.0,39.886646182224,-104.843759389987,5864.049999999999,10000,L,58.64%,829,ENVIRONMENTAL DESIGNS LLC (156 trucks) | BALIC TRANSPORT INC (120 trucks) | BURNCO COLORADO LLC (146 trucks) | WEST DIRECT OIL (140 trucks) | SIM TRUCKING INC (120 trucks) | G&Z TRANSPORT LLC (147 trucks),128000,15238,11456336.72,"$580,000.00"
Sol_064,3311 Ideal Drive Dr,https://www.loopnet.com/Listing/3311-Ideal-Drive-Dr-Frederick-CO/35744244/,"Frederick, CO 80516",1.0,949000.0,40.087044076103,-104.992966989518,4928.75,5000,M,98.58%,991,SUPREME TRANSPORT INC (183 trucks) | WARD ELECTRIC COMPANY INC (222 trucks) | CITY OF LONGMONT (211 trucks) | ST VRAIN VALLEY SCHOOL DISTRICT (174 trucks) | HEAT WAVES HOT OIL SERVICE LLC (201 trucks),128000,15238,11456336.72,"$949,000.00"
Sol_064,12015 Irma Dr,https://www.loopnet.com/Listing/12015-Irma-Dr-Northglenn-CO/34662093/,"Northglenn, CO 80241",1.0,1098017.0,39.918832606598,-104.965887826386,3363.2500000000005,5000,M,67.27%,885,ADAMS 12 FIVE STAR SCHOOLS (182 trucks) | TRI-STATE GENERATION & TRANSMISSION ASSOCIATION INC (321 trucks) | CITY OF THORNTON (208 trucks) | CITY OF THORNTON (174 trucks),128000,15238,11456336.72,"$1,098,017.00"
Sol_064,2120 University Park Blvd,https://www.loopnet.com/Listing/2120-University-Park-Blvd-Colorado-Springs-CO/27680798/,"Colorado Springs, CO 80918",1.02,295000.0,38.910590363159,-104.78892179429,5689.619999999999,10000,L,56.90%,1031,GOODWILL OF COLORADO (134 trucks) | CITY OF COLORADO SPRINGS (326 trucks) | VECTRUS SYSTEMS CORPORATION (185 trucks) | COLORADO SPRINGS SCHOOL DISTRICT 11 (130 trucks) | El PASO COUNTY (112 trucks) | MOUNTAIN METROPOLITAN TRANSIT (144 trucks),128000,15238,11456336.72,"$295,000.00"
Sol_064,7099 S Kenton St,https://www.loopnet.com/Listing/7099-S-Kenton-St-Centennial-CO/6542016/,"Centennial, CO 80112",1.18,976600.0,39.588430849644,-104.861817781283,16997.23,20000,XL,84.99%,2298,HBSCO DANS TRASH AT YOUR DISPOSAL (110 trucks) | BUCKLEY POWDER CO (217 trucks) | IHC SCOTT INC (214 trucks) | ORICA USA INC (215 trucks) | GLOBAL TRANSPORTATION LLC (442 trucks) | CH2M OMI CH2MHILL JACOBS (183 trucks) | AMERICAN FURNITURE WAREHOUSE CO (340 trucks) | TERRACARE ASSOCIATES LLC (156 trucks) | ENTERPRISE RENT-A-CAR NATIONAL RENT A CAR ALAMO RENT A CAR (421 trucks),128000,15238,11456336.72,"$976,600.00"
Sol_064,6322 Ivanhoe St,https://www.loopnet.com/Listing/6322-Ivanhoe-St-Commerce-City-CO/30497175/,"Commerce City, CO 80022",1.24,1500000.0,39.811481968412,-104.920723282229,19295.64,20000,XL,96.48%,2557,UNITED SITE SERVICES OF NEVADA INC (409 trucks) | UNITED SITE SERVICES OF COLORADO INC (147 trucks) | OFFEN PETROLEUM LLC (269 trucks) | WESTERN DISTRIBUTING TRANSPORTATION CORP (155 trucks) | READY MIX CONCRETE COMPANY (191 trucks) | RMS CRANES (139 trucks) | EAGLE ROCK DISTRIBUTING COMPANY OF COLORADO LLC (148 trucks) | WASTE CONNECTIONS OF COLORADO INC (486 trucks) | SUPERSHUTTLE DENVER (125 trucks) | SURESHOT DRILLING LLC ATOZ FIELD SERVICES LLC DRILL TECH LLC PINNACLE DEVELOPMENT INC HDD SPECIALISTS LLC (135 trucks) | COCAL LANDSCAPE SERVICES INC (153 trucks) | U S TRANSPORT INC (200 trucks),128000,15238,11456336.72,"$1,500,000.00"
Sol_064,765 Aspen Ridge Drive Dr,https://www.loopnet.com/Listing/765-Aspen-Ridge-Drive-Dr-Lafayette-CO/32931931/,"Lafayette, CO 80026",1.43,556000.0,40.006898203868,-105.107210150504,4585.06,5000,M,91.70%,619,BOULDER VALLEY SCHOOL DISTRICT RE-2 (134 trucks) | VIA MOBILITY SERVICES (196 trucks) | VIA MOBILITY SERVICES (116 trucks) | CU (173 trucks),128000,15238,11456336.72,"$556,000.00"
Sol_064,6109 W 48th Ave,https://www.loopnet.com/Listing/6109-W-48th-Ave-Wheat-Ridge-CO/32583003/,"Wheat Ridge, CO 80033",1.76,1141446.56,39.784078257989,-105.064430676896,6837.22,10000,L,68.37%,950,CITY OF ARVADA (100 trucks) | SITEWISE LLC (145 trucks) | COMPASS VEHICLE RENTAL INC (170 trucks) | COORS DISTRIBUTING COMPANY MILLER COORS LLC (105 trucks) | COLD FRONT (121 trucks) | NAVAJO EXPRESS INC (309 trucks),128000,15238,11456336.72,"$1,141,446.56"
Sol_065,2300 W County Road 54G,https://www.loopnet.com/Listing/2300-W-County-Road-54G-Laporte-CO/33671750/,"Laporte, CO 80535",0.46,330000.0,40.625878828869,-105.117877128123,1931.6100000000001,2000,S,96.58%,528,Poudre School District  (243 trucks) | CITY OF FORT COLLINS (285 trucks),127000,15336,11744155.56,"$330,000.00"
Sol_065,17160 W Colfax Ave,https://www.loopnet.com/Listing/17160-W-Colfax-Ave-Golden-CO/29520298/,"Golden, CO 80401",0.63,500000.0,39.722253633534,-105.192465086092,5488.67,10000,L,54.89%,807,ENIVIRONMENTAL LANDWORKS COMPANY INC (115 trucks) | HOLCIM WCR INC (298 trucks) | JEFFCO SCHOOLS (274 trucks) | JEFFERSON COUNTY (120 trucks),127000,15336,11744155.56,"$500,000.00"
Sol_065,3401 S Yosemite St,https://www.loopnet.com/Listing/3401-S-Yosemite-St-Denver-CO/39837277/,"Denver, CO 80231",0.64,675000.0,39.654049416843,-104.88550562639,4128.9400000000005,5000,M,82.58%,632,COMCAST (194 trucks) | SWINGLE TREE & LANDSCAPE CARE (135 trucks) | CITY LIGHT AND POWER INC (121 trucks) | WHEEL PROS LLC (182 trucks),127000,15336,11744155.56,"$675,000.00"
Sol_065,9190 W 84th Ave,https://www.loopnet.com/Listing/9190-W-84th-Ave-Arvada-CO/38160305/,"Arvada, CO 80005",0.67,499000.0,39.849854027782,-105.100317795342,2457.7,5000,M,49.15%,296,ALPINE MILLWORK COMPANY DBA ROCKY MOUNTAIN RELOAD (141 trucks) | GEOSTABILIZATION INTERNATIONAL LLC (155 trucks),127000,15336,11744155.56,"$499,000.00"
Sol_065,496 Laredo st,https://www.loopnet.com/Listing/496-Laredo-st-Aurora-CO/38708025/,"Aurora, CO 80011",0.7,500000.0,39.724337332754,-104.800258318335,8680.17,10000,L,86.80%,1261,AURORA PUBLIC SCHOOLS (127 trucks) | CITY OF AURORA (271 trucks) | METCO LANDSCAPING INC (226 trucks) | WAGNER EQUIPMENT CO (423 trucks) | SHAMROCK FOODS COMPANY (214 trucks),127000,15336,11744155.56,"$500,000.00"
Sol_065,NEC N Fairgrounds Ave,https://www.loopnet.com/Listing/NEC-N-Fairgrounds-Ave-Windsor-CO/29890025/,"Windsor, CO 80528",0.74,483449.0,40.437732372143,-104.982630626628,4243.52,5000,M,84.87%,684,LARIMER COUNTY (131 trucks) | NOVUS AG LLC (444 trucks) | LOVELAND MUNICIPALITY (109 trucks),127000,15336,11744155.56,"$483,449.00"
Sol_065,11958 Lincoln Ave,https://www.loopnet.com/Listing/Lincoln-Ave-Parker-CO/39741118/,"Parker, CO 80138",0.86,495000.0,39.536519536914,-104.76116705724,4937.0,5000,M,98.74%,725,ACCELERATED SERVICES LLC (373 trucks) | CHERRY CREEK SCHOOLS (352 trucks),127000,15336,11744155.56,"$495,000.00"
Sol_065,3311 Ideal Drive Dr,https://www.loopnet.com/Listing/3311-Ideal-Drive-Dr-Frederick-CO/35744244/,"Frederick, CO 80516",1.0,949000.0,40.087044076103,-104.992966989518,4928.75,5000,M,98.58%,991,SUPREME TRANSPORT INC (183 trucks) | WARD ELECTRIC COMPANY INC (222 trucks) | CITY OF LONGMONT (211 trucks) | ST VRAIN VALLEY SCHOOL DISTRICT (174 trucks) | HEAT WAVES HOT OIL SERVICE LLC (201 trucks),127000,15336,11744155.56,"$949,000.00"
Sol_065,12015 Irma Dr,https://www.loopnet.com/Listing/12015-Irma-Dr-Northglenn-CO/34662093/,"Northglenn, CO 80241",1.0,1098017.0,39.918832606598,-104.965887826386,7349.780000000001,10000,L,73.50%,1428,ADAMS 12 FIVE STAR SCHOOLS (182 trucks) | TRI-STATE GENERATION & TRANSMISSION ASSOCIATION INC (321 trucks) | CITY OF THORNTON (208 trucks) | CITY OF THORNTON (174 trucks) | BALIC TRANSPORT INC (120 trucks) | ENVIRONMENTAL DESIGNS LLC (156 trucks) | SIM TRUCKING INC (120 trucks) | G&Z TRANSPORT LLC (147 trucks),127000,15336,11744155.56,"$1,098,017.00"
Sol_065,2120 University Park Blvd,https://www.loopnet.com/Listing/2120-University-Park-Blvd-Colorado-Springs-CO/27680798/,"Colorado Springs, CO 80918",1.02,295000.0,38.910590363159,-104.78892179429,5689.619999999999,10000,L,56.90%,1031,GOODWILL OF COLORADO (134 trucks) | CITY OF COLORADO SPRINGS (326 trucks) | VECTRUS SYSTEMS CORPORATION (185 trucks) | COLORADO SPRINGS SCHOOL DISTRICT 11 (130 trucks) | El PASO COUNTY (112 trucks) | MOUNTAIN METROPOLITAN TRANSIT (144 trucks),127000,15336,11744155.56,"$295,000.00"
Sol_065,7099 S Kenton St,https://www.loopnet.com/Listing/7099-S-Kenton-St-Centennial-CO/6542016/,"Centennial, CO 80112",1.18,976600.0,39.588430849644,-104.861817781283,16997.23,20000,XL,84.99%,2298,HBSCO DANS TRASH AT YOUR DISPOSAL (110 trucks) | BUCKLEY POWDER CO (217 trucks) | IHC SCOTT INC (214 trucks) | ORICA USA INC (215 trucks) | GLOBAL TRANSPORTATION LLC (442 trucks) | CH2M OMI CH2MHILL JACOBS (183 trucks) | AMERICAN FURNITURE WAREHOUSE CO (340 trucks) | TERRACARE ASSOCIATES LLC (156 trucks) | ENTERPRISE RENT-A-CAR NATIONAL RENT A CAR ALAMO RENT A CAR (421 trucks),127000,15336,11744155.56,"$976,600.00"
Sol_065,6322 Ivanhoe St,https://www.loopnet.com/Listing/6322-Ivanhoe-St-Commerce-City-CO/30497175/,"Commerce City, CO 80022",1.24,1500000.0,39.811481968412,-104.920723282229,19960.92,20000,XL,99.80%,2697,UNITED SITE SERVICES OF NEVADA INC (409 trucks) | UNITED SITE SERVICES OF COLORADO INC (147 trucks) | OFFEN PETROLEUM LLC (269 trucks) | WESTERN DISTRIBUTING TRANSPORTATION CORP (155 trucks) | READY MIX CONCRETE COMPANY (191 trucks) | RMS CRANES (139 trucks) | EAGLE ROCK DISTRIBUTING COMPANY OF COLORADO LLC (148 trucks) | WASTE CONNECTIONS OF COLORADO INC (486 trucks) | SUPERSHUTTLE DENVER (125 trucks) | SURESHOT DRILLING LLC ATOZ FIELD SERVICES LLC DRILL TECH LLC PINNACLE DEVELOPMENT INC HDD SPECIALISTS LLC (135 trucks) | COCAL LANDSCAPE SERVICES INC (153 trucks) | U S TRANSPORT INC (200 trucks) | WEST DIRECT OIL (140 trucks),127000,15336,11744155.56,"$1,500,000.00"
Sol_065,765 Aspen Ridge Drive Dr,https://www.loopnet.com/Listing/765-Aspen-Ridge-Drive-Dr-Lafayette-CO/32931931/,"Lafayette, CO 80026",1.43,556000.0,40.006898203868,-105.107210150504,4585.06,5000,M,91.70%,619,BOULDER VALLEY SCHOOL DISTRICT RE-2 (134 trucks) | VIA MOBILITY SERVICES (196 trucks) | VIA MOBILITY SERVICES (116 trucks) | CU (173 trucks),127000,15336,11744155.56,"$556,000.00"
Sol_065,6109 W 48th Ave,https://www.loopnet.com/Listing/6109-W-48th-Ave-Wheat-Ridge-CO/32583003/,"Wheat Ridge, CO 80033",1.76,1141446.56,39.784078257989,-105.064430676896,6837.22,10000,L,68.37%,950,CITY OF ARVADA (100 trucks) | SITEWISE LLC (145 trucks) | COMPASS VEHICLE RENTAL INC (170 trucks) | COORS DISTRIBUTING COMPANY MILLER COORS LLC (105 trucks) | COLD FRONT (121 trucks) | NAVAJO EXPRESS INC (309 trucks),127000,15336,11744155.56,"$1,141,446.56"
Sol_065,5480 Montana Vista Way,https://www.loopnet.com/Listing/5480-Montana-Vista-Way-Castle-Rock-CO/31324562/,"Castle Rock, CO 80108",2.0,1745643.0,39.413964345372,-104.86151758933,2577.81,5000,M,51.56%,389,TOWN OF CASTLE ROCK  (109 trucks) | GREAT SOUTHWESTERN CONSTRUCTION INC (280 trucks),127000,15336,11744155.56,"$1,745,643.00"
Sol_066,2300 W County Road 54G,https://www.loopnet.com/Listing/2300-W-County-Road-54G-Laporte-CO/33671750/,"Laporte, CO 80535",0.46,330000.0,40.625878828869,-105.117877128123,1931.6100000000001,2000,S,96.58%,528,Poudre School District  (243 trucks) | CITY OF FORT COLLINS (285 trucks),133000,15745,13255336.72,"$330,000.00"
Sol_066,17160 W Colfax Ave,https://www.loopnet.com/Listing/17160-W-Colfax-Ave-Golden-CO/29520298/,"Golden, CO 80401",0.63,500000.0,39.722253633534,-105.192465086092,5488.67,10000,L,54.89%,807,ENIVIRONMENTAL LANDWORKS COMPANY INC (115 trucks) | HOLCIM WCR INC (298 trucks) | JEFFCO SCHOOLS (274 trucks) | JEFFERSON COUNTY (120 trucks),133000,15745,13255336.72,"$500,000.00"
Sol_066,3401 S Yosemite St,https://www.loopnet.com/Listing/3401-S-Yosemite-St-Denver-CO/39837277/,"Denver, CO 80231",0.64,675000.0,39.654049416843,-104.88550562639,4128.9400000000005,5000,M,82.58%,632,COMCAST (194 trucks) | SWINGLE TREE & LANDSCAPE CARE (135 trucks) | CITY LIGHT AND POWER INC (121 trucks) | WHEEL PROS LLC (182 trucks),133000,15745,13255336.72,"$675,000.00"
Sol_066,Highway 34 Business & 83rd Avenue,https://www.loopnet.com/Listing/Highway-34-Business-83rd-Avenue-Greeley-CO/27017249/,"Greeley, CO 80634",0.66,877824.16,40.421498483243,-104.813483201346,336.5,1000,XS,33.65%,145,WELD COUNTY PUBLIC WORKS DEPARTMENT (145 trucks),133000,15745,13255336.72,"$877,824.16"
Sol_066,9190 W 84th Ave,https://www.loopnet.com/Listing/9190-W-84th-Ave-Arvada-CO/38160305/,"Arvada, CO 80005",0.67,499000.0,39.849854027782,-105.100317795342,2457.7,5000,M,49.15%,296,ALPINE MILLWORK COMPANY DBA ROCKY MOUNTAIN RELOAD (141 trucks) | GEOSTABILIZATION INTERNATIONAL LLC (155 trucks),133000,15745,13255336.72,"$499,000.00"
Sol_066,496 Laredo st,https://www.loopnet.com/Listing/496-Laredo-st-Aurora-CO/38708025/,"Aurora, CO 80011",0.7,500000.0,39.724337332754,-104.800258318335,8680.17,10000,L,86.80%,1261,AURORA PUBLIC SCHOOLS (127 trucks) | CITY OF AURORA (271 trucks) | METCO LANDSCAPING INC (226 trucks) | WAGNER EQUIPMENT CO (423 trucks) | SHAMROCK FOODS COMPANY (214 trucks),133000,15745,13255336.72,"$500,000.00"
Sol_066,NEC N Fairgrounds Ave,https://www.loopnet.com/Listing/NEC-N-Fairgrounds-Ave-Windsor-CO/29890025/,"Windsor, CO 80528",0.74,483449.0,40.437732372143,-104.982630626628,4243.52,5000,M,84.87%,684,LARIMER COUNTY (131 trucks) | NOVUS AG LLC (444 trucks) | LOVELAND MUNICIPALITY (109 trucks),133000,15745,13255336.72,"$483,449.00"
Sol_066,11958 Lincoln Ave,https://www.loopnet.com/Listing/Lincoln-Ave-Parker-CO/39741118/,"Parker, CO 80138",0.86,495000.0,39.536519536914,-104.76116705724,4937.0,5000,M,98.74%,725,ACCELERATED SERVICES LLC (373 trucks) | CHERRY CREEK SCHOOLS (352 trucks),133000,15745,13255336.72,"$495,000.00"
Sol_066,12353 E 104th Pl,https://www.loopnet.com/Listing/12353-E-104th-Pl-Commerce-City-CO/39324469/,"Commerce City, CO 80022",0.95,580000.0,39.886646182224,-104.843759389987,5864.049999999999,10000,L,58.64%,829,ENVIRONMENTAL DESIGNS LLC (156 trucks) | BALIC TRANSPORT INC (120 trucks) | BURNCO COLORADO LLC (146 trucks) | WEST DIRECT OIL (140 trucks) | SIM TRUCKING INC (120 trucks) | G&Z TRANSPORT LLC (147 trucks),133000,15745,13255336.72,"$580,000.00"
Sol_066,3311 Ideal Drive Dr,https://www.loopnet.com/Listing/3311-Ideal-Drive-Dr-Frederick-CO/35744244/,"Frederick, CO 80516",1.0,949000.0,40.087044076103,-104.992966989518,4928.75,5000,M,98.58%,991,SUPREME TRANSPORT INC (183 trucks) | WARD ELECTRIC COMPANY INC (222 trucks) | CITY OF LONGMONT (211 trucks) | ST VRAIN VALLEY SCHOOL DISTRICT (174 trucks) | HEAT WAVES HOT OIL SERVICE LLC (201 trucks),133000,15745,13255336.72,"$949,000.00"
Sol_066,12015 Irma Dr,https://www.loopnet.com/Listing/12015-Irma-Dr-Northglenn-CO/34662093/,"Northglenn, CO 80241",1.0,1098017.0,39.918832606598,-104.965887826386,3363.2500000000005,5000,M,67.27%,885,ADAMS 12 FIVE STAR SCHOOLS (182 trucks) | TRI-STATE GENERATION & TRANSMISSION ASSOCIATION INC (321 trucks) | CITY OF THORNTON (208 trucks) | CITY OF THORNTON (174 trucks),133000,15745,13255336.72,"$1,098,017.00"
Sol_066,2120 University Park Blvd,https://www.loopnet.com/Listing/2120-University-Park-Blvd-Colorado-Springs-CO/27680798/,"Colorado Springs, CO 80918",1.02,295000.0,38.910590363159,-104.78892179429,5689.619999999999,10000,L,56.90%,1031,GOODWILL OF COLORADO (134 trucks) | CITY OF COLORADO SPRINGS (326 trucks) | VECTRUS SYSTEMS CORPORATION (185 trucks) | COLORADO SPRINGS SCHOOL DISTRICT 11 (130 trucks) | El PASO COUNTY (112 trucks) | MOUNTAIN METROPOLITAN TRANSIT (144 trucks),133000,15745,13255336.72,"$295,000.00"
Sol_066,4265 Santa Fe Dr,https://www.loopnet.com/Listing/4265-Santa-Fe-Dr-Sheridan-CO/30482164/,"Sheridan, CO 80110",1.17,1799000.0,39.63876696462,-105.007023340305,4209.639999999999,5000,M,84.19%,507,KEESEN ENTERPRISES INC (263 trucks) | QUALITY LOGISTICS INC (135 trucks) | PACIFIC SHIPPING & TRUCKING CO INC (109 trucks),133000,15745,13255336.72,"$1,799,000.00"
Sol_066,7099 S Kenton St,https://www.loopnet.com/Listing/7099-S-Kenton-St-Centennial-CO/6542016/,"Centennial, CO 80112",1.18,976600.0,39.588430849644,-104.861817781283,16997.23,20000,XL,84.99%,2298,HBSCO DANS TRASH AT YOUR DISPOSAL (110 trucks) | BUCKLEY POWDER CO (217 trucks) | IHC SCOTT INC (214 trucks) | ORICA USA INC (215 trucks) | GLOBAL TRANSPORTATION LLC (442 trucks) | CH2M OMI CH2MHILL JACOBS (183 trucks) | AMERICAN FURNITURE WAREHOUSE CO (340 trucks) | TERRACARE ASSOCIATES LLC (156 trucks) | ENTERPRISE RENT-A-CAR NATIONAL RENT A CAR ALAMO RENT A CAR (421 trucks),133000,15745,13255336.72,"$976,600.00"
Sol_066,6322 Ivanhoe St,https://www.loopnet.com/Listing/6322-Ivanhoe-St-Commerce-City-CO/30497175/,"Commerce City, CO 80022",1.24,1500000.0,39.811481968412,-104.920723282229,19295.64,20000,XL,96.48%,2557,UNITED SITE SERVICES OF NEVADA INC (409 trucks) | UNITED SITE SERVICES OF COLORADO INC (147 trucks) | OFFEN PETROLEUM LLC (269 trucks) | WESTERN DISTRIBUTING TRANSPORTATION CORP (155 trucks) | READY MIX CONCRETE COMPANY (191 trucks) | RMS CRANES (139 trucks) | EAGLE ROCK DISTRIBUTING COMPANY OF COLORADO LLC (148 trucks) | WASTE CONNECTIONS OF COLORADO INC (486 trucks) | SUPERSHUTTLE DENVER (125 trucks) | SURESHOT DRILLING LLC ATOZ FIELD SERVICES LLC DRILL TECH LLC PINNACLE DEVELOPMENT INC HDD SPECIALISTS LLC (135 trucks) | COCAL LANDSCAPE SERVICES INC (153 trucks) | U S TRANSPORT INC (200 trucks),133000,15745,13255336.72,"$1,500,000.00"
Sol_066,765 Aspen Ridge Drive Dr,https://www.loopnet.com/Listing/765-Aspen-Ridge-Drive-Dr-Lafayette-CO/32931931/,"Lafayette, CO 80026",1.43,556000.0,40.006898203868,-105.107210150504,4585.06,5000,M,91.70%,619,BOULDER VALLEY SCHOOL DISTRICT RE-2 (134 trucks) | VIA MOBILITY SERVICES (196 trucks) | VIA MOBILITY SERVICES (116 trucks) | CU (173 trucks),133000,15745,13255336.72,"$556,000.00"
Sol_066,6109 W 48th Ave,https://www.loopnet.com/Listing/6109-W-48th-Ave-Wheat-Ridge-CO/32583003/,"Wheat Ridge, CO 80033",1.76,1141446.56,39.784078257989,-105.064430676896,6837.22,10000,L,68.37%,950,CITY OF ARVADA (100 trucks) | SITEWISE LLC (145 trucks) | COMPASS VEHICLE RENTAL INC (170 trucks) | COORS DISTRIBUTING COMPANY MILLER COORS LLC (105 trucks) | COLD FRONT (121 trucks) | NAVAJO EXPRESS INC (309 trucks),133000,15745,13255336.72,"$1,141,446.56"
Sol_067,2300 W County Road 54G,https://www.loopnet.com/Listing/2300-W-County-Road-54G-Laporte-CO/33671750/,"Laporte, CO 80535",0.46,330000.0,40.625878828869,-105.117877128123,1931.6100000000001,2000,S,96.58%,528,Poudre School District  (243 trucks) | CITY OF FORT COLLINS (285 trucks),133000,16038,15060510.82,"$330,000.00"
Sol_067,17160 W Colfax Ave,https://www.loopnet.com/Listing/17160-W-Colfax-Ave-Golden-CO/29520298/,"Golden, CO 80401",0.63,500000.0,39.722253633534,-105.192465086092,5488.67,10000,L,54.89%,807,ENIVIRONMENTAL LANDWORKS COMPANY INC (115 trucks) | HOLCIM WCR INC (298 trucks) | JEFFCO SCHOOLS (274 trucks) | JEFFERSON COUNTY (120 trucks),133000,16038,15060510.82,"$500,000.00"
Sol_067,3401 S Yosemite St,https://www.loopnet.com/Listing/3401-S-Yosemite-St-Denver-CO/39837277/,"Denver, CO 80231",0.64,675000.0,39.654049416843,-104.88550562639,4128.9400000000005,5000,M,82.58%,632,COMCAST (194 trucks) | SWINGLE TREE & LANDSCAPE CARE (135 trucks) | CITY LIGHT AND POWER INC (121 trucks) | WHEEL PROS LLC (182 trucks),133000,16038,15060510.82,"$675,000.00"
Sol_067,Highway 34 Business & 83rd Avenue,https://www.loopnet.com/Listing/Highway-34-Business-83rd-Avenue-Greeley-CO/27017249/,"Greeley, CO 80634",0.66,877824.16,40.421498483243,-104.813483201346,336.5,1000,XS,33.65%,145,WELD COUNTY PUBLIC WORKS DEPARTMENT (145 trucks),133000,16038,15060510.82,"$877,824.16"
Sol_067,9190 W 84th Ave,https://www.loopnet.com/Listing/9190-W-84th-Ave-Arvada-CO/38160305/,"Arvada, CO 80005",0.67,499000.0,39.849854027782,-105.100317795342,2457.7,5000,M,49.15%,296,ALPINE MILLWORK COMPANY DBA ROCKY MOUNTAIN RELOAD (141 trucks) | GEOSTABILIZATION INTERNATIONAL LLC (155 trucks),133000,16038,15060510.82,"$499,000.00"
Sol_067,NEC N Fairgrounds Ave,https://www.loopnet.com/Listing/NEC-N-Fairgrounds-Ave-Windsor-CO/29890025/,"Windsor, CO 80528",0.74,483449.0,40.437732372143,-104.982630626628,4243.52,5000,M,84.87%,684,LARIMER COUNTY (131 trucks) | NOVUS AG LLC (444 trucks) | LOVELAND MUNICIPALITY (109 trucks),133000,16038,15060510.82,"$483,449.00"
Sol_067,11958 Lincoln Ave,https://www.loopnet.com/Listing/Lincoln-Ave-Parker-CO/39741118/,"Parker, CO 80138",0.86,495000.0,39.536519536914,-104.76116705724,4937.0,5000,M,98.74%,725,ACCELERATED SERVICES LLC (373 trucks) | CHERRY CREEK SCHOOLS (352 trucks),133000,16038,15060510.82,"$495,000.00"
Sol_067,2450 Curtis St,https://www.loopnet.com/Listing/2450-Curtis-St-Denver-CO/34878162/,"Denver, CO 80205",0.93,1930000.0,39.755035173034,-104.984190298703,4453.87,5000,M,89.08%,598,RES (149 trucks) | MPLX G&P (144 trucks) | COORS DISTRIBUTING COMPANY MILLER COORS LLC (105 trucks) | U S TRANSPORT INC (200 trucks),133000,16038,15060510.82,"$1,930,000.00"
Sol_067,3311 Ideal Drive Dr,https://www.loopnet.com/Listing/3311-Ideal-Drive-Dr-Frederick-CO/35744244/,"Frederick, CO 80516",1.0,949000.0,40.087044076103,-104.992966989518,4928.75,5000,M,98.58%,991,SUPREME TRANSPORT INC (183 trucks) | WARD ELECTRIC COMPANY INC (222 trucks) | CITY OF LONGMONT (211 trucks) | ST VRAIN VALLEY SCHOOL DISTRICT (174 trucks) | HEAT WAVES HOT OIL SERVICE LLC (201 trucks),133000,16038,15060510.82,"$949,000.00"
Sol_067,12015 Irma Dr,https://www.loopnet.com/Listing/12015-Irma-Dr-Northglenn-CO/34662093/,"Northglenn, CO 80241",1.0,1098017.0,39.918832606598,-104.965887826386,7349.780000000001,10000,L,73.50%,1428,ADAMS 12 FIVE STAR SCHOOLS (182 trucks) | TRI-STATE GENERATION & TRANSMISSION ASSOCIATION INC (321 trucks) | CITY OF THORNTON (208 trucks) | CITY OF THORNTON (174 trucks) | BALIC TRANSPORT INC (120 trucks) | ENVIRONMENTAL DESIGNS LLC (156 trucks) | SIM TRUCKING INC (120 trucks) | G&Z TRANSPORT LLC (147 trucks),133000,16038,15060510.82,"$1,098,017.00"
Sol_067,2120 University Park Blvd,https://www.loopnet.com/Listing/2120-University-Park-Blvd-Colorado-Springs-CO/27680798/,"Colorado Springs, CO 80918",1.02,295000.0,38.910590363159,-104.78892179429,5689.619999999999,10000,L,56.90%,1031,GOODWILL OF COLORADO (134 trucks) | CITY OF COLORADO SPRINGS (326 trucks) | VECTRUS SYSTEMS CORPORATION (185 trucks) | COLORADO SPRINGS SCHOOL DISTRICT 11 (130 trucks) | El PASO COUNTY (112 trucks) | MOUNTAIN METROPOLITAN TRANSIT (144 trucks),133000,16038,15060510.82,"$295,000.00"
Sol_067,Colfax Ave & Airport Blvd,https://www.loopnet.com/Listing/Colfax-Ave-Airport-Blvd-Aurora-CO/24946845/,"Aurora, CO 80011",1.1,955174.1,39.740269989586,-104.791334022205,8680.17,10000,L,86.80%,1261,METCO LANDSCAPING INC (226 trucks) | WAGNER EQUIPMENT CO (423 trucks) | AURORA PUBLIC SCHOOLS (127 trucks) | CITY OF AURORA (271 trucks) | SHAMROCK FOODS COMPANY (214 trucks),133000,16038,15060510.82,"$955,174.10"
Sol_067,4265 Santa Fe Dr,https://www.loopnet.com/Listing/4265-Santa-Fe-Dr-Sheridan-CO/30482164/,"Sheridan, CO 80110",1.17,1799000.0,39.63876696462,-105.007023340305,4209.639999999999,5000,M,84.19%,507,KEESEN ENTERPRISES INC (263 trucks) | QUALITY LOGISTICS INC (135 trucks) | PACIFIC SHIPPING & TRUCKING CO INC (109 trucks),133000,16038,15060510.82,"$1,799,000.00"
Sol_067,7099 S Kenton St,https://www.loopnet.com/Listing/7099-S-Kenton-St-Centennial-CO/6542016/,"Centennial, CO 80112",1.18,976600.0,39.588430849644,-104.861817781283,16997.23,20000,XL,84.99%,2298,HBSCO DANS TRASH AT YOUR DISPOSAL (110 trucks) | BUCKLEY POWDER CO (217 trucks) | IHC SCOTT INC (214 trucks) | ORICA USA INC (215 trucks) | GLOBAL TRANSPORTATION LLC (442 trucks) | CH2M OMI CH2MHILL JACOBS (183 trucks) | AMERICAN FURNITURE WAREHOUSE CO (340 trucks) | TERRACARE ASSOCIATES LLC (156 trucks) | ENTERPRISE RENT-A-CAR NATIONAL RENT A CAR ALAMO RENT A CAR (421 trucks),133000,16038,15060510.82,"$976,600.00"
Sol_067,6322 Ivanhoe St,https://www.loopnet.com/Listing/6322-Ivanhoe-St-Commerce-City-CO/30497175/,"Commerce City, CO 80022",1.24,1500000.0,39.811481968412,-104.920723282229,19512.55,20000,XL,97.56%,2643,UNITED SITE SERVICES OF NEVADA INC (409 trucks) | UNITED SITE SERVICES OF COLORADO INC (147 trucks) | OFFEN PETROLEUM LLC (269 trucks) | WESTERN DISTRIBUTING TRANSPORTATION CORP (155 trucks) | READY MIX CONCRETE COMPANY (191 trucks) | RMS CRANES (139 trucks) | EAGLE ROCK DISTRIBUTING COMPANY OF COLORADO LLC (148 trucks) | WASTE CONNECTIONS OF COLORADO INC (486 trucks) | SUPERSHUTTLE DENVER (125 trucks) | SURESHOT DRILLING LLC ATOZ FIELD SERVICES LLC DRILL TECH LLC PINNACLE DEVELOPMENT INC HDD SPECIALISTS LLC (135 trucks) | COCAL LANDSCAPE SERVICES INC (153 trucks) | WEST DIRECT OIL (140 trucks) | BURNCO COLORADO LLC (146 trucks),133000,16038,15060510.82,"$1,500,000.00"
Sol_067,765 Aspen Ridge Drive Dr,https://www.loopnet.com/Listing/765-Aspen-Ridge-Drive-Dr-Lafayette-CO/32931931/,"Lafayette, CO 80026",1.43,556000.0,40.006898203868,-105.107210150504,4585.06,5000,M,91.70%,619,BOULDER VALLEY SCHOOL DISTRICT RE-2 (134 trucks) | VIA MOBILITY SERVICES (196 trucks) | VIA MOBILITY SERVICES (116 trucks) | CU (173 trucks),133000,16038,15060510.82,"$556,000.00"
Sol_067,6109 W 48th Ave,https://www.loopnet.com/Listing/6109-W-48th-Ave-Wheat-Ridge-CO/32583003/,"Wheat Ridge, CO 80033",1.76,1141446.56,39.784078257989,-105.064430676896,5965.4,10000,L,59.65%,845,CITY OF ARVADA (100 trucks) | SITEWISE LLC (145 trucks) | COMPASS VEHICLE RENTAL INC (170 trucks) | COLD FRONT (121 trucks) | NAVAJO EXPRESS INC (309 trucks),133000,16038,15060510.82,"$1,141,446.56"
Sol_068,2300 W County Road 54G,https://www.loopnet.com/Listing/2300-W-County-Road-54G-Laporte-CO/33671750/,"Laporte, CO 80535",0.46,330000.0,40.625878828869,-105.117877128123,1931.6100000000001,2000,S,96.58%,528,Poudre School District  (243 trucks) | CITY OF FORT COLLINS (285 trucks),138000,16134,15000979.72,"$330,000.00"
Sol_068,17160 W Colfax Ave,https://www.loopnet.com/Listing/17160-W-Colfax-Ave-Golden-CO/29520298/,"Golden, CO 80401",0.63,500000.0,39.722253633534,-105.192465086092,5488.67,10000,L,54.89%,807,ENIVIRONMENTAL LANDWORKS COMPANY INC (115 trucks) | HOLCIM WCR INC (298 trucks) | JEFFCO SCHOOLS (274 trucks) | JEFFERSON COUNTY (120 trucks),138000,16134,15000979.72,"$500,000.00"
Sol_068,3401 S Yosemite St,https://www.loopnet.com/Listing/3401-S-Yosemite-St-Denver-CO/39837277/,"Denver, CO 80231",0.64,675000.0,39.654049416843,-104.88550562639,4128.9400000000005,5000,M,82.58%,632,COMCAST (194 trucks) | SWINGLE TREE & LANDSCAPE CARE (135 trucks) | CITY LIGHT AND POWER INC (121 trucks) | WHEEL PROS LLC (182 trucks),138000,16134,15000979.72,"$675,000.00"
Sol_068,Highway 34 Business & 83rd Avenue,https://www.loopnet.com/Listing/Highway-34-Business-83rd-Avenue-Greeley-CO/27017249/,"Greeley, CO 80634",0.66,877824.16,40.421498483243,-104.813483201346,336.5,1000,XS,33.65%,145,WELD COUNTY PUBLIC WORKS DEPARTMENT (145 trucks),138000,16134,15000979.72,"$877,824.16"
Sol_068,9190 W 84th Ave,https://www.loopnet.com/Listing/9190-W-84th-Ave-Arvada-CO/38160305/,"Arvada, CO 80005",0.67,499000.0,39.849854027782,-105.100317795342,2457.7,5000,M,49.15%,296,ALPINE MILLWORK COMPANY DBA ROCKY MOUNTAIN RELOAD (141 trucks) | GEOSTABILIZATION INTERNATIONAL LLC (155 trucks),138000,16134,15000979.72,"$499,000.00"
Sol_068,496 Laredo st,https://www.loopnet.com/Listing/496-Laredo-st-Aurora-CO/38708025/,"Aurora, CO 80011",0.7,500000.0,39.724337332754,-104.800258318335,8680.17,10000,L,86.80%,1261,AURORA PUBLIC SCHOOLS (127 trucks) | CITY OF AURORA (271 trucks) | METCO LANDSCAPING INC (226 trucks) | WAGNER EQUIPMENT CO (423 trucks) | SHAMROCK FOODS COMPANY (214 trucks),138000,16134,15000979.72,"$500,000.00"
Sol_068,NEC N Fairgrounds Ave,https://www.loopnet.com/Listing/NEC-N-Fairgrounds-Ave-Windsor-CO/29890025/,"Windsor, CO 80528",0.74,483449.0,40.437732372143,-104.982630626628,4243.52,5000,M,84.87%,684,LARIMER COUNTY (131 trucks) | NOVUS AG LLC (444 trucks) | LOVELAND MUNICIPALITY (109 trucks),138000,16134,15000979.72,"$483,449.00"
Sol_068,11958 Lincoln Ave,https://www.loopnet.com/Listing/Lincoln-Ave-Parker-CO/39741118/,"Parker, CO 80138",0.86,495000.0,39.536519536914,-104.76116705724,4937.0,5000,M,98.74%,725,ACCELERATED SERVICES LLC (373 trucks) | CHERRY CREEK SCHOOLS (352 trucks),138000,16134,15000979.72,"$495,000.00"
Sol_068,12353 E 104th Pl,https://www.loopnet.com/Listing/12353-E-104th-Pl-Commerce-City-CO/39324469/,"Commerce City, CO 80022",0.95,580000.0,39.886646182224,-104.843759389987,5864.049999999999,10000,L,58.64%,829,ENVIRONMENTAL DESIGNS LLC (156 trucks) | BALIC TRANSPORT INC (120 trucks) | BURNCO COLORADO LLC (146 trucks) | WEST DIRECT OIL (140 trucks) | SIM TRUCKING INC (120 trucks) | G&Z TRANSPORT LLC (147 trucks),138000,16134,15000979.72,"$580,000.00"
Sol_068,3311 Ideal Drive Dr,https://www.loopnet.com/Listing/3311-Ideal-Drive-Dr-Frederick-CO/35744244/,"Frederick, CO 80516",1.0,949000.0,40.087044076103,-104.992966989518,4928.75,5000,M,98.58%,991,SUPREME TRANSPORT INC (183 trucks) | WARD ELECTRIC COMPANY INC (222 trucks) | CITY OF LONGMONT (211 trucks) | ST VRAIN VALLEY SCHOOL DISTRICT (174 trucks) | HEAT WAVES HOT OIL SERVICE LLC (201 trucks),138000,16134,15000979.72,"$949,000.00"
Sol_068,12015 Irma Dr,https://www.loopnet.com/Listing/12015-Irma-Dr-Northglenn-CO/34662093/,"Northglenn, CO 80241",1.0,1098017.0,39.918832606598,-104.965887826386,3363.2500000000005,5000,M,67.27%,885,ADAMS 12 FIVE STAR SCHOOLS (182 trucks) | TRI-STATE GENERATION & TRANSMISSION ASSOCIATION INC (321 trucks) | CITY OF THORNTON (208 trucks) | CITY OF THORNTON (174 trucks),138000,16134,15000979.72,"$1,098,017.00"
Sol_068,2120 University Park Blvd,https://www.loopnet.com/Listing/2120-University-Park-Blvd-Colorado-Springs-CO/27680798/,"Colorado Springs, CO 80918",1.02,295000.0,38.910590363159,-104.78892179429,5689.619999999999,10000,L,56.90%,1031,GOODWILL OF COLORADO (134 trucks) | CITY OF COLORADO SPRINGS (326 trucks) | VECTRUS SYSTEMS CORPORATION (185 trucks) | COLORADO SPRINGS SCHOOL DISTRICT 11 (130 trucks) | El PASO COUNTY (112 trucks) | MOUNTAIN METROPOLITAN TRANSIT (144 trucks),138000,16134,15000979.72,"$295,000.00"
Sol_068,4265 Santa Fe Dr,https://www.loopnet.com/Listing/4265-Santa-Fe-Dr-Sheridan-CO/30482164/,"Sheridan, CO 80110",1.17,1799000.0,39.63876696462,-105.007023340305,4209.639999999999,5000,M,84.19%,507,KEESEN ENTERPRISES INC (263 trucks) | QUALITY LOGISTICS INC (135 trucks) | PACIFIC SHIPPING & TRUCKING CO INC (109 trucks),138000,16134,15000979.72,"$1,799,000.00"
Sol_068,7099 S Kenton St,https://www.loopnet.com/Listing/7099-S-Kenton-St-Centennial-CO/6542016/,"Centennial, CO 80112",1.18,976600.0,39.588430849644,-104.861817781283,16997.23,20000,XL,84.99%,2298,HBSCO DANS TRASH AT YOUR DISPOSAL (110 trucks) | BUCKLEY POWDER CO (217 trucks) | IHC SCOTT INC (214 trucks) | ORICA USA INC (215 trucks) | GLOBAL TRANSPORTATION LLC (442 trucks) | CH2M OMI CH2MHILL JACOBS (183 trucks) | AMERICAN FURNITURE WAREHOUSE CO (340 trucks) | TERRACARE ASSOCIATES LLC (156 trucks) | ENTERPRISE RENT-A-CAR NATIONAL RENT A CAR ALAMO RENT A CAR (421 trucks),138000,16134,15000979.72,"$976,600.00"
Sol_068,6322 Ivanhoe St,https://www.loopnet.com/Listing/6322-Ivanhoe-St-Commerce-City-CO/30497175/,"Commerce City, CO 80022",1.24,1500000.0,39.811481968412,-104.920723282229,19295.64,20000,XL,96.48%,2557,UNITED SITE SERVICES OF NEVADA INC (409 trucks) | UNITED SITE SERVICES OF COLORADO INC (147 trucks) | OFFEN PETROLEUM LLC (269 trucks) | WESTERN DISTRIBUTING TRANSPORTATION CORP (155 trucks) | READY MIX CONCRETE COMPANY (191 trucks) | RMS CRANES (139 trucks) | EAGLE ROCK DISTRIBUTING COMPANY OF COLORADO LLC (148 trucks) | WASTE CONNECTIONS OF COLORADO INC (486 trucks) | SUPERSHUTTLE DENVER (125 trucks) | SURESHOT DRILLING LLC ATOZ FIELD SERVICES LLC DRILL TECH LLC PINNACLE DEVELOPMENT INC HDD SPECIALISTS LLC (135 trucks) | COCAL LANDSCAPE SERVICES INC (153 trucks) | U S TRANSPORT INC (200 trucks),138000,16134,15000979.72,"$1,500,000.00"
Sol_068,765 Aspen Ridge Drive Dr,https://www.loopnet.com/Listing/765-Aspen-Ridge-Drive-Dr-Lafayette-CO/32931931/,"Lafayette, CO 80026",1.43,556000.0,40.006898203868,-105.107210150504,4585.06,5000,M,91.70%,619,BOULDER VALLEY SCHOOL DISTRICT RE-2 (134 trucks) | VIA MOBILITY SERVICES (196 trucks) | VIA MOBILITY SERVICES (116 trucks) | CU (173 trucks),138000,16134,15000979.72,"$556,000.00"
Sol_068,6109 W 48th Ave,https://www.loopnet.com/Listing/6109-W-48th-Ave-Wheat-Ridge-CO/32583003/,"Wheat Ridge, CO 80033",1.76,1141446.56,39.784078257989,-105.064430676896,6837.22,10000,L,68.37%,950,CITY OF ARVADA (100 trucks) | SITEWISE LLC (145 trucks) | COMPASS VEHICLE RENTAL INC (170 trucks) | COORS DISTRIBUTING COMPANY MILLER COORS LLC (105 trucks) | COLD FRONT (121 trucks) | NAVAJO EXPRESS INC (309 trucks),138000,16134,15000979.72,"$1,141,446.56"
Sol_068,5480 Montana Vista Way,https://www.loopnet.com/Listing/5480-Montana-Vista-Way-Castle-Rock-CO/31324562/,"Castle Rock, CO 80108",2.0,1745643.0,39.413964345372,-104.86151758933,2577.81,5000,M,51.56%,389,TOWN OF CASTLE ROCK  (109 trucks) | GREAT SOUTHWESTERN CONSTRUCTION INC (280 trucks),138000,16134,15000979.72,"$1,745,643.00"
Sol_069,2300 W County Road 54G,https://www.loopnet.com/Listing/2300-W-County-Road-54G-Laporte-CO/33671750/,"Laporte, CO 80535",0.46,330000.0,40.625878828869,-105.117877128123,1931.6100000000001,2000,S,96.58%,528,Poudre School District  (243 trucks) | CITY OF FORT COLLINS (285 trucks),117000,13726,8847512.56,"$330,000.00"
Sol_069,17160 W Colfax Ave,https://www.loopnet.com/Listing/17160-W-Colfax-Ave-Golden-CO/29520298/,"Golden, CO 80401",0.63,500000.0,39.722253633534,-105.192465086092,5488.67,10000,L,54.89%,807,ENIVIRONMENTAL LANDWORKS COMPANY INC (115 trucks) | HOLCIM WCR INC (298 trucks) | JEFFCO SCHOOLS (274 trucks) | JEFFERSON COUNTY (120 trucks),117000,13726,8847512.56,"$500,000.00"
Sol_069,3401 S Yosemite St,https://www.loopnet.com/Listing/3401-S-Yosemite-St-Denver-CO/39837277/,"Denver, CO 80231",0.64,675000.0,39.654049416843,-104.88550562639,4128.9400000000005,5000,M,82.58%,632,COMCAST (194 trucks) | SWINGLE TREE & LANDSCAPE CARE (135 trucks) | CITY LIGHT AND POWER INC (121 trucks) | WHEEL PROS LLC (182 trucks),117000,13726,8847512.56,"$675,000.00"
Sol_069,9190 W 84th Ave,https://www.loopnet.com/Listing/9190-W-84th-Ave-Arvada-CO/38160305/,"Arvada, CO 80005",0.67,499000.0,39.849854027782,-105.100317795342,2457.7,5000,M,49.15%,296,ALPINE MILLWORK COMPANY DBA ROCKY MOUNTAIN RELOAD (141 trucks) | GEOSTABILIZATION INTERNATIONAL LLC (155 trucks),117000,13726,8847512.56,"$499,000.00"
Sol_069,496 Laredo st,https://www.loopnet.com/Listing/496-Laredo-st-Aurora-CO/38708025/,"Aurora, CO 80011",0.7,500000.0,39.724337332754,-104.800258318335,8680.17,10000,L,86.80%,1261,AURORA PUBLIC SCHOOLS (127 trucks) | CITY OF AURORA (271 trucks) | METCO LANDSCAPING INC (226 trucks) | WAGNER EQUIPMENT CO (423 trucks) | SHAMROCK FOODS COMPANY (214 trucks),117000,13726,8847512.56,"$500,000.00"
Sol_069,NEC N Fairgrounds Ave,https://www.loopnet.com/Listing/NEC-N-Fairgrounds-Ave-Windsor-CO/29890025/,"Windsor, CO 80528",0.74,483449.0,40.437732372143,-104.982630626628,4243.52,5000,M,84.87%,684,LARIMER COUNTY (131 trucks) | NOVUS AG LLC (444 trucks) | LOVELAND MUNICIPALITY (109 trucks),117000,13726,8847512.56,"$483,449.00"
Sol_069,11958 Lincoln Ave,https://www.loopnet.com/Listing/Lincoln-Ave-Parker-CO/39741118/,"Parker, CO 80138",0.86,495000.0,39.536519536914,-104.76116705724,4937.0,5000,M,98.74%,725,ACCELERATED SERVICES LLC (373 trucks) | CHERRY CREEK SCHOOLS (352 trucks),117000,13726,8847512.56,"$495,000.00"
Sol_069,3311 Ideal Drive Dr,https://www.loopnet.com/Listing/3311-Ideal-Drive-Dr-Frederick-CO/35744244/,"Frederick, CO 80516",1.0,949000.0,40.087044076103,-104.992966989518,4928.75,5000,M,98.58%,991,SUPREME TRANSPORT INC (183 trucks) | WARD ELECTRIC COMPANY INC (222 trucks) | CITY OF LONGMONT (211 trucks) | ST VRAIN VALLEY SCHOOL DISTRICT (174 trucks) | HEAT WAVES HOT OIL SERVICE LLC (201 trucks),117000,13726,8847512.56,"$949,000.00"
Sol_069,12015 Irma Dr,https://www.loopnet.com/Listing/12015-Irma-Dr-Northglenn-CO/34662093/,"Northglenn, CO 80241",1.0,1098017.0,39.918832606598,-104.965887826386,8340.789999999999,10000,L,83.41%,1332,ADAMS 12 FIVE STAR SCHOOLS (182 trucks) | TRI-STATE GENERATION & TRANSMISSION ASSOCIATION INC (321 trucks) | BALIC TRANSPORT INC (120 trucks) | BURNCO COLORADO LLC (146 trucks) | WEST DIRECT OIL (140 trucks) | ENVIRONMENTAL DESIGNS LLC (156 trucks) | SIM TRUCKING INC (120 trucks) | G&Z TRANSPORT LLC (147 trucks),117000,13726,8847512.56,"$1,098,017.00"
Sol_069,2120 University Park Blvd,https://www.loopnet.com/Listing/2120-University-Park-Blvd-Colorado-Springs-CO/27680798/,"Colorado Springs, CO 80918",1.02,295000.0,38.910590363159,-104.78892179429,5689.619999999999,10000,L,56.90%,1031,GOODWILL OF COLORADO (134 trucks) | CITY OF COLORADO SPRINGS (326 trucks) | VECTRUS SYSTEMS CORPORATION (185 trucks) | COLORADO SPRINGS SCHOOL DISTRICT 11 (130 trucks) | El PASO COUNTY (112 trucks) | MOUNTAIN METROPOLITAN TRANSIT (144 trucks),117000,13726,8847512.56,"$295,000.00"
Sol_069,7099 S Kenton St,https://www.loopnet.com/Listing/7099-S-Kenton-St-Centennial-CO/6542016/,"Centennial, CO 80112",1.18,976600.0,39.588430849644,-104.861817781283,16997.23,20000,XL,84.99%,2298,HBSCO DANS TRASH AT YOUR DISPOSAL (110 trucks) | BUCKLEY POWDER CO (217 trucks) | IHC SCOTT INC (214 trucks) | ORICA USA INC (215 trucks) | GLOBAL TRANSPORTATION LLC (442 trucks) | CH2M OMI CH2MHILL JACOBS (183 trucks) | AMERICAN FURNITURE WAREHOUSE CO (340 trucks) | TERRACARE ASSOCIATES LLC (156 trucks) | ENTERPRISE RENT-A-CAR NATIONAL RENT A CAR ALAMO RENT A CAR (421 trucks),117000,13726,8847512.56,"$976,600.00"
Sol_069,8850 Huron St,https://www.loopnet.com/Listing/8850-Huron-St-Thornton-CO/33061072/,"Thornton, CO 80260",1.26,349000.0,39.858426283979,-104.995662022846,14618.029999999999,20000,XL,73.09%,2002,CITY OF THORNTON (208 trucks) | CITY OF THORNTON (174 trucks) | COCAL LANDSCAPE SERVICES INC (153 trucks) | COLD FRONT (121 trucks) | READY MIX CONCRETE COMPANY (191 trucks) | NAVAJO EXPRESS INC (309 trucks) | WESTERN DISTRIBUTING TRANSPORTATION CORP (155 trucks) | RMS CRANES (139 trucks) | SURESHOT DRILLING LLC ATOZ FIELD SERVICES LLC DRILL TECH LLC PINNACLE DEVELOPMENT INC HDD SPECIALISTS LLC (135 trucks) | EAGLE ROCK DISTRIBUTING COMPANY OF COLORADO LLC (148 trucks) | OFFEN PETROLEUM LLC (269 trucks),117000,13726,8847512.56,"$349,000.00"
Sol_069,765 Aspen Ridge Drive Dr,https://www.loopnet.com/Listing/765-Aspen-Ridge-Drive-Dr-Lafayette-CO/32931931/,"Lafayette, CO 80026",1.43,556000.0,40.006898203868,-105.107210150504,4585.06,5000,M,91.70%,619,BOULDER VALLEY SCHOOL DISTRICT RE-2 (134 trucks) | VIA MOBILITY SERVICES (196 trucks) | VIA MOBILITY SERVICES (116 trucks) | CU (173 trucks),117000,13726,8847512.56,"$556,000.00"
Sol_069,6109 W 48th Ave,https://www.loopnet.com/Listing/6109-W-48th-Ave-Wheat-Ridge-CO/32583003/,"Wheat Ridge, CO 80033",1.76,1141446.56,39.784078257989,-105.064430676896,2821.09,5000,M,56.42%,520,CITY OF ARVADA (100 trucks) | SITEWISE LLC (145 trucks) | COMPASS VEHICLE RENTAL INC (170 trucks) | COORS DISTRIBUTING COMPANY MILLER COORS LLC (105 trucks),117000,13726,8847512.56,"$1,141,446.56"
Sol_070,17160 W Colfax Ave,https://www.loopnet.com/Listing/17160-W-Colfax-Ave-Golden-CO/29520298/,"Golden, CO 80401",0.63,500000.0,39.722253633534,-105.192465086092,5488.67,10000,L,54.89%,807,ENIVIRONMENTAL LANDWORKS COMPANY INC (115 trucks) | HOLCIM WCR INC (298 trucks) | JEFFCO SCHOOLS (274 trucks) | JEFFERSON COUNTY (120 trucks),120000,13813,9423512.56,"$500,000.00"
Sol_070,3401 S Yosemite St,https://www.loopnet.com/Listing/3401-S-Yosemite-St-Denver-CO/39837277/,"Denver, CO 80231",0.64,675000.0,39.654049416843,-104.88550562639,4128.9400000000005,5000,M,82.58%,632,COMCAST (194 trucks) | SWINGLE TREE & LANDSCAPE CARE (135 trucks) | CITY LIGHT AND POWER INC (121 trucks) | WHEEL PROS LLC (182 trucks),120000,13813,9423512.56,"$675,000.00"
Sol_070,9190 W 84th Ave,https://www.loopnet.com/Listing/9190-W-84th-Ave-Arvada-CO/38160305/,"Arvada, CO 80005",0.67,499000.0,39.849854027782,-105.100317795342,2457.7,5000,M,49.15%,296,ALPINE MILLWORK COMPANY DBA ROCKY MOUNTAIN RELOAD (141 trucks) | GEOSTABILIZATION INTERNATIONAL LLC (155 trucks),120000,13813,9423512.56,"$499,000.00"
Sol_070,496 Laredo st,https://www.loopnet.com/Listing/496-Laredo-st-Aurora-CO/38708025/,"Aurora, CO 80011",0.7,500000.0,39.724337332754,-104.800258318335,8680.17,10000,L,86.80%,1261,AURORA PUBLIC SCHOOLS (127 trucks) | CITY OF AURORA (271 trucks) | METCO LANDSCAPING INC (226 trucks) | WAGNER EQUIPMENT CO (423 trucks) | SHAMROCK FOODS COMPANY (214 trucks),120000,13813,9423512.56,"$500,000.00"
Sol_070,NEC N Fairgrounds Ave,https://www.loopnet.com/Listing/NEC-N-Fairgrounds-Ave-Windsor-CO/29890025/,"Windsor, CO 80528",0.74,483449.0,40.437732372143,-104.982630626628,4243.52,5000,M,84.87%,684,LARIMER COUNTY (131 trucks) | NOVUS AG LLC (444 trucks) | LOVELAND MUNICIPALITY (109 trucks),120000,13813,9423512.56,"$483,449.00"
Sol_070,11958 Lincoln Ave,https://www.loopnet.com/Listing/Lincoln-Ave-Parker-CO/39741118/,"Parker, CO 80138",0.86,495000.0,39.536519536914,-104.76116705724,4937.0,5000,M,98.74%,725,ACCELERATED SERVICES LLC (373 trucks) | CHERRY CREEK SCHOOLS (352 trucks),120000,13813,9423512.56,"$495,000.00"
Sol_070,6375 Lookout Rd,https://www.loopnet.com/Listing/6375-Lookout-Rd-Boulder-CO/35970288/,"Boulder, CO 80301",0.96,1260000.0,40.07191054992,-105.205474218915,5984.259999999999,10000,L,59.84%,1004,VIA MOBILITY SERVICES (196 trucks) | VIA MOBILITY SERVICES (116 trucks) | BOULDER VALLEY SCHOOL DISTRICT RE-2 (134 trucks) | CU (173 trucks) | CITY OF LONGMONT (211 trucks) | ST VRAIN VALLEY SCHOOL DISTRICT (174 trucks),120000,13813,9423512.56,"$1,260,000.00"
Sol_070,12015 Irma Dr,https://www.loopnet.com/Listing/12015-Irma-Dr-Northglenn-CO/34662093/,"Northglenn, CO 80241",1.0,1098017.0,39.918832606598,-104.965887826386,7349.780000000001,10000,L,73.50%,1428,ADAMS 12 FIVE STAR SCHOOLS (182 trucks) | TRI-STATE GENERATION & TRANSMISSION ASSOCIATION INC (321 trucks) | CITY OF THORNTON (208 trucks) | CITY OF THORNTON (174 trucks) | BALIC TRANSPORT INC (120 trucks) | ENVIRONMENTAL DESIGNS LLC (156 trucks) | SIM TRUCKING INC (120 trucks) | G&Z TRANSPORT LLC (147 trucks),120000,13813,9423512.56,"$1,098,017.00"
Sol_070,2120 University Park Blvd,https://www.loopnet.com/Listing/2120-University-Park-Blvd-Colorado-Springs-CO/27680798/,"Colorado Springs, CO 80918",1.02,295000.0,38.910590363159,-104.78892179429,5689.619999999999,10000,L,56.90%,1031,GOODWILL OF COLORADO (134 trucks) | CITY OF COLORADO SPRINGS (326 trucks) | VECTRUS SYSTEMS CORPORATION (185 trucks) | COLORADO SPRINGS SCHOOL DISTRICT 11 (130 trucks) | El PASO COUNTY (112 trucks) | MOUNTAIN METROPOLITAN TRANSIT (144 trucks),120000,13813,9423512.56,"$295,000.00"
Sol_070,7099 S Kenton St,https://www.loopnet.com/Listing/7099-S-Kenton-St-Centennial-CO/6542016/,"Centennial, CO 80112",1.18,976600.0,39.588430849644,-104.861817781283,16997.23,20000,XL,84.99%,2298,HBSCO DANS TRASH AT YOUR DISPOSAL (110 trucks) | BUCKLEY POWDER CO (217 trucks) | IHC SCOTT INC (214 trucks) | ORICA USA INC (215 trucks) | GLOBAL TRANSPORTATION LLC (442 trucks) | CH2M OMI CH2MHILL JACOBS (183 trucks) | AMERICAN FURNITURE WAREHOUSE CO (340 trucks) | TERRACARE ASSOCIATES LLC (156 trucks) | ENTERPRISE RENT-A-CAR NATIONAL RENT A CAR ALAMO RENT A CAR (421 trucks),120000,13813,9423512.56,"$976,600.00"
Sol_070,6322 Ivanhoe St,https://www.loopnet.com/Listing/6322-Ivanhoe-St-Commerce-City-CO/30497175/,"Commerce City, CO 80022",1.24,1500000.0,39.811481968412,-104.920723282229,19960.92,20000,XL,99.80%,2697,UNITED SITE SERVICES OF NEVADA INC (409 trucks) | UNITED SITE SERVICES OF COLORADO INC (147 trucks) | OFFEN PETROLEUM LLC (269 trucks) | WESTERN DISTRIBUTING TRANSPORTATION CORP (155 trucks) | READY MIX CONCRETE COMPANY (191 trucks) | RMS CRANES (139 trucks) | EAGLE ROCK DISTRIBUTING COMPANY OF COLORADO LLC (148 trucks) | WASTE CONNECTIONS OF COLORADO INC (486 trucks) | SUPERSHUTTLE DENVER (125 trucks) | SURESHOT DRILLING LLC ATOZ FIELD SERVICES LLC DRILL TECH LLC PINNACLE DEVELOPMENT INC HDD SPECIALISTS LLC (135 trucks) | COCAL LANDSCAPE SERVICES INC (153 trucks) | U S TRANSPORT INC (200 trucks) | WEST DIRECT OIL (140 trucks),120000,13813,9423512.56,"$1,500,000.00"
Sol_070,6109 W 48th Ave,https://www.loopnet.com/Listing/6109-W-48th-Ave-Wheat-Ridge-CO/32583003/,"Wheat Ridge, CO 80033",1.76,1141446.56,39.784078257989,-105.064430676896,6837.22,10000,L,68.37%,950,CITY OF ARVADA (100 trucks) | SITEWISE LLC (145 trucks) | COMPASS VEHICLE RENTAL INC (170 trucks) | COORS DISTRIBUTING COMPANY MILLER COORS LLC (105 trucks) | COLD FRONT (121 trucks) | NAVAJO EXPRESS INC (309 trucks),120000,13813,9423512.56,"$1,141,446.56"
Sol_071,2300 W County Road 54G,https://www.loopnet.com/Listing/2300-W-County-Road-54G-Laporte-CO/33671750/,"Laporte, CO 80535",0.46,330000.0,40.625878828869,-105.117877128123,1931.6100000000001,2000,S,96.58%,528,Poudre School District  (243 trucks) | CITY OF FORT COLLINS (285 trucks),107000,12456,7998512.5600000005,"$330,000.00"
Sol_071,17160 W Colfax Ave,https://www.loopnet.com/Listing/17160-W-Colfax-Ave-Golden-CO/29520298/,"Golden, CO 80401",0.63,500000.0,39.722253633534,-105.192465086092,5488.67,10000,L,54.89%,807,ENIVIRONMENTAL LANDWORKS COMPANY INC (115 trucks) | HOLCIM WCR INC (298 trucks) | JEFFCO SCHOOLS (274 trucks) | JEFFERSON COUNTY (120 trucks),107000,12456,7998512.5600000005,"$500,000.00"
Sol_071,3401 S Yosemite St,https://www.loopnet.com/Listing/3401-S-Yosemite-St-Denver-CO/39837277/,"Denver, CO 80231",0.64,675000.0,39.654049416843,-104.88550562639,7298.1900000000005,10000,L,72.98%,1256,COMCAST (194 trucks) | SWINGLE TREE & LANDSCAPE CARE (135 trucks) | CITY LIGHT AND POWER INC (121 trucks) | WHEEL PROS LLC (182 trucks) | CITY OF AURORA (271 trucks) | AURORA PUBLIC SCHOOLS (127 trucks) | METCO LANDSCAPING INC (226 trucks),107000,12456,7998512.5600000005,"$675,000.00"
Sol_071,9190 W 84th Ave,https://www.loopnet.com/Listing/9190-W-84th-Ave-Arvada-CO/38160305/,"Arvada, CO 80005",0.67,499000.0,39.849854027782,-105.100317795342,2457.7,5000,M,49.15%,296,ALPINE MILLWORK COMPANY DBA ROCKY MOUNTAIN RELOAD (141 trucks) | GEOSTABILIZATION INTERNATIONAL LLC (155 trucks),107000,12456,7998512.5600000005,"$499,000.00"
Sol_071,NEC N Fairgrounds Ave,https://www.loopnet.com/Listing/NEC-N-Fairgrounds-Ave-Windsor-CO/29890025/,"Windsor, CO 80528",0.74,483449.0,40.437732372143,-104.982630626628,4243.52,5000,M,84.87%,684,LARIMER COUNTY (131 trucks) | NOVUS AG LLC (444 trucks) | LOVELAND MUNICIPALITY (109 trucks),107000,12456,7998512.5600000005,"$483,449.00"
Sol_071,11958 Lincoln Ave,https://www.loopnet.com/Listing/Lincoln-Ave-Parker-CO/39741118/,"Parker, CO 80138",0.86,495000.0,39.536519536914,-104.76116705724,4937.0,5000,M,98.74%,725,ACCELERATED SERVICES LLC (373 trucks) | CHERRY CREEK SCHOOLS (352 trucks),107000,12456,7998512.5600000005,"$495,000.00"
Sol_071,3311 Ideal Drive Dr,https://www.loopnet.com/Listing/3311-Ideal-Drive-Dr-Frederick-CO/35744244/,"Frederick, CO 80516",1.0,949000.0,40.087044076103,-104.992966989518,4928.75,5000,M,98.58%,991,SUPREME TRANSPORT INC (183 trucks) | WARD ELECTRIC COMPANY INC (222 trucks) | CITY OF LONGMONT (211 trucks) | ST VRAIN VALLEY SCHOOL DISTRICT (174 trucks) | HEAT WAVES HOT OIL SERVICE LLC (201 trucks),107000,12456,7998512.5600000005,"$949,000.00"
Sol_071,12015 Irma Dr,https://www.loopnet.com/Listing/12015-Irma-Dr-Northglenn-CO/34662093/,"Northglenn, CO 80241",1.0,1098017.0,39.918832606598,-104.965887826386,11460.82,20000,XL,57.30%,1983,ADAMS 12 FIVE STAR SCHOOLS (182 trucks) | TRI-STATE GENERATION & TRANSMISSION ASSOCIATION INC (321 trucks) | CITY OF THORNTON (208 trucks) | CITY OF THORNTON (174 trucks) | BALIC TRANSPORT INC (120 trucks) | BURNCO COLORADO LLC (146 trucks) | WEST DIRECT OIL (140 trucks) | OFFEN PETROLEUM LLC (269 trucks) | ENVIRONMENTAL DESIGNS LLC (156 trucks) | SIM TRUCKING INC (120 trucks) | G&Z TRANSPORT LLC (147 trucks),107000,12456,7998512.5600000005,"$1,098,017.00"
Sol_071,2120 University Park Blvd,https://www.loopnet.com/Listing/2120-University-Park-Blvd-Colorado-Springs-CO/27680798/,"Colorado Springs, CO 80918",1.02,295000.0,38.910590363159,-104.78892179429,5689.619999999999,10000,L,56.90%,1031,GOODWILL OF COLORADO (134 trucks) | CITY OF COLORADO SPRINGS (326 trucks) | VECTRUS SYSTEMS CORPORATION (185 trucks) | COLORADO SPRINGS SCHOOL DISTRICT 11 (130 trucks) | El PASO COUNTY (112 trucks) | MOUNTAIN METROPOLITAN TRANSIT (144 trucks),107000,12456,7998512.5600000005,"$295,000.00"
Sol_071,7099 S Kenton St,https://www.loopnet.com/Listing/7099-S-Kenton-St-Centennial-CO/6542016/,"Centennial, CO 80112",1.18,976600.0,39.588430849644,-104.861817781283,16997.23,20000,XL,84.99%,2298,HBSCO DANS TRASH AT YOUR DISPOSAL (110 trucks) | BUCKLEY POWDER CO (217 trucks) | IHC SCOTT INC (214 trucks) | ORICA USA INC (215 trucks) | GLOBAL TRANSPORTATION LLC (442 trucks) | CH2M OMI CH2MHILL JACOBS (183 trucks) | AMERICAN FURNITURE WAREHOUSE CO (340 trucks) | TERRACARE ASSOCIATES LLC (156 trucks) | ENTERPRISE RENT-A-CAR NATIONAL RENT A CAR ALAMO RENT A CAR (421 trucks),107000,12456,7998512.5600000005,"$976,600.00"
Sol_071,765 Aspen Ridge Drive Dr,https://www.loopnet.com/Listing/765-Aspen-Ridge-Drive-Dr-Lafayette-CO/32931931/,"Lafayette, CO 80026",1.43,556000.0,40.006898203868,-105.107210150504,4585.06,5000,M,91.70%,619,BOULDER VALLEY SCHOOL DISTRICT RE-2 (134 trucks) | VIA MOBILITY SERVICES (196 trucks) | VIA MOBILITY SERVICES (116 trucks) | CU (173 trucks),107000,12456,7998512.5600000005,"$556,000.00"
Sol_071,6109 W 48th Ave,https://www.loopnet.com/Listing/6109-W-48th-Ave-Wheat-Ridge-CO/32583003/,"Wheat Ridge, CO 80033",1.76,1141446.56,39.784078257989,-105.064430676896,8749.11,10000,L,87.49%,1238,CITY OF ARVADA (100 trucks) | SITEWISE LLC (145 trucks) | COMPASS VEHICLE RENTAL INC (170 trucks) | COORS DISTRIBUTING COMPANY MILLER COORS LLC (105 trucks) | COLD FRONT (121 trucks) | NAVAJO EXPRESS INC (309 trucks) | SURESHOT DRILLING LLC ATOZ FIELD SERVICES LLC DRILL TECH LLC PINNACLE DEVELOPMENT INC HDD SPECIALISTS LLC (135 trucks) | COCAL LANDSCAPE SERVICES INC (153 trucks),107000,12456,7998512.5600000005,"$1,141,446.56"
Sol_072,17160 W Colfax Ave,https://www.loopnet.com/Listing/17160-W-Colfax-Ave-Golden-CO/29520298/,"Golden, CO 80401",0.63,500000.0,39.722253633534,-105.192465086092,5488.67,10000,L,54.89%,807,ENIVIRONMENTAL LANDWORKS COMPANY INC (115 trucks) | HOLCIM WCR INC (298 trucks) | JEFFCO SCHOOLS (274 trucks) | JEFFERSON COUNTY (120 trucks),110000,11959,7923512.5600000005,"$500,000.00"
Sol_072,3401 S Yosemite St,https://www.loopnet.com/Listing/3401-S-Yosemite-St-Denver-CO/39837277/,"Denver, CO 80231",0.64,675000.0,39.654049416843,-104.88550562639,4128.9400000000005,5000,M,82.58%,632,COMCAST (194 trucks) | SWINGLE TREE & LANDSCAPE CARE (135 trucks) | CITY LIGHT AND POWER INC (121 trucks) | WHEEL PROS LLC (182 trucks),110000,11959,7923512.5600000005,"$675,000.00"
Sol_072,9190 W 84th Ave,https://www.loopnet.com/Listing/9190-W-84th-Ave-Arvada-CO/38160305/,"Arvada, CO 80005",0.67,499000.0,39.849854027782,-105.100317795342,2457.7,5000,M,49.15%,296,ALPINE MILLWORK COMPANY DBA ROCKY MOUNTAIN RELOAD (141 trucks) | GEOSTABILIZATION INTERNATIONAL LLC (155 trucks),110000,11959,7923512.5600000005,"$499,000.00"
Sol_072,496 Laredo st,https://www.loopnet.com/Listing/496-Laredo-st-Aurora-CO/38708025/,"Aurora, CO 80011",0.7,500000.0,39.724337332754,-104.800258318335,8680.17,10000,L,86.80%,1261,AURORA PUBLIC SCHOOLS (127 trucks) | CITY OF AURORA (271 trucks) | METCO LANDSCAPING INC (226 trucks) | WAGNER EQUIPMENT CO (423 trucks) | SHAMROCK FOODS COMPANY (214 trucks),110000,11959,7923512.5600000005,"$500,000.00"
Sol_072,NEC N Fairgrounds Ave,https://www.loopnet.com/Listing/NEC-N-Fairgrounds-Ave-Windsor-CO/29890025/,"Windsor, CO 80528",0.74,483449.0,40.437732372143,-104.982630626628,4243.52,5000,M,84.87%,684,LARIMER COUNTY (131 trucks) | NOVUS AG LLC (444 trucks) | LOVELAND MUNICIPALITY (109 trucks),110000,11959,7923512.5600000005,"$483,449.00"
Sol_072,11958 Lincoln Ave,https://www.loopnet.com/Listing/Lincoln-Ave-Parker-CO/39741118/,"Parker, CO 80138",0.86,495000.0,39.536519536914,-104.76116705724,4937.0,5000,M,98.74%,725,ACCELERATED SERVICES LLC (373 trucks) | CHERRY CREEK SCHOOLS (352 trucks),110000,11959,7923512.5600000005,"$495,000.00"
Sol_072,6375 Lookout Rd,https://www.loopnet.com/Listing/6375-Lookout-Rd-Boulder-CO/35970288/,"Boulder, CO 80301",0.96,1260000.0,40.07191054992,-105.205474218915,5984.259999999999,10000,L,59.84%,1004,VIA MOBILITY SERVICES (196 trucks) | VIA MOBILITY SERVICES (116 trucks) | BOULDER VALLEY SCHOOL DISTRICT RE-2 (134 trucks) | CU (173 trucks) | CITY OF LONGMONT (211 trucks) | ST VRAIN VALLEY SCHOOL DISTRICT (174 trucks),110000,11959,7923512.5600000005,"$1,260,000.00"
Sol_072,12015 Irma Dr,https://www.loopnet.com/Listing/12015-Irma-Dr-Northglenn-CO/34662093/,"Northglenn, CO 80241",1.0,1098017.0,39.918832606598,-104.965887826386,11460.82,20000,XL,57.30%,1983,ADAMS 12 FIVE STAR SCHOOLS (182 trucks) | TRI-STATE GENERATION & TRANSMISSION ASSOCIATION INC (321 trucks) | CITY OF THORNTON (208 trucks) | CITY OF THORNTON (174 trucks) | BALIC TRANSPORT INC (120 trucks) | BURNCO COLORADO LLC (146 trucks) | WEST DIRECT OIL (140 trucks) | OFFEN PETROLEUM LLC (269 trucks) | ENVIRONMENTAL DESIGNS LLC (156 trucks) | SIM TRUCKING INC (120 trucks) | G&Z TRANSPORT LLC (147 trucks),110000,11959,7923512.5600000005,"$1,098,017.00"
Sol_072,2120 University Park Blvd,https://www.loopnet.com/Listing/2120-University-Park-Blvd-Colorado-Springs-CO/27680798/,"Colorado Springs, CO 80918",1.02,295000.0,38.910590363159,-104.78892179429,5689.619999999999,10000,L,56.90%,1031,GOODWILL OF COLORADO (134 trucks) | CITY OF COLORADO SPRINGS (326 trucks) | VECTRUS SYSTEMS CORPORATION (185 trucks) | COLORADO SPRINGS SCHOOL DISTRICT 11 (130 trucks) | El PASO COUNTY (112 trucks) | MOUNTAIN METROPOLITAN TRANSIT (144 trucks),110000,11959,7923512.5600000005,"$295,000.00"
Sol_072,7099 S Kenton St,https://www.loopnet.com/Listing/7099-S-Kenton-St-Centennial-CO/6542016/,"Centennial, CO 80112",1.18,976600.0,39.588430849644,-104.861817781283,16997.23,20000,XL,84.99%,2298,HBSCO DANS TRASH AT YOUR DISPOSAL (110 trucks) | BUCKLEY POWDER CO (217 trucks) | IHC SCOTT INC (214 trucks) | ORICA USA INC (215 trucks) | GLOBAL TRANSPORTATION LLC (442 trucks) | CH2M OMI CH2MHILL JACOBS (183 trucks) | AMERICAN FURNITURE WAREHOUSE CO (340 trucks) | TERRACARE ASSOCIATES LLC (156 trucks) | ENTERPRISE RENT-A-CAR NATIONAL RENT A CAR ALAMO RENT A CAR (421 trucks),110000,11959,7923512.5600000005,"$976,600.00"
Sol_072,6109 W 48th Ave,https://www.loopnet.com/Listing/6109-W-48th-Ave-Wheat-Ridge-CO/32583003/,"Wheat Ridge, CO 80033",1.76,1141446.56,39.784078257989,-105.064430676896,8749.11,10000,L,87.49%,1238,CITY OF ARVADA (100 trucks) | SITEWISE LLC (145 trucks) | COMPASS VEHICLE RENTAL INC (170 trucks) | COORS DISTRIBUTING COMPANY MILLER COORS LLC (105 trucks) | COLD FRONT (121 trucks) | NAVAJO EXPRESS INC (309 trucks) | SURESHOT DRILLING LLC ATOZ FIELD SERVICES LLC DRILL TECH LLC PINNACLE DEVELOPMENT INC HDD SPECIALISTS LLC (135 trucks) | COCAL LANDSCAPE SERVICES INC (153 trucks),110000,11959,7923512.5600000005,"$1,141,446.56"
Sol_073,2300 W County Road 54G,https://www.loopnet.com/Listing/2300-W-County-Road-54G-Laporte-CO/33671750/,"Laporte, CO 80535",0.46,330000.0,40.625878828869,-105.117877128123,1931.6100000000001,2000,S,96.58%,528,Poudre School District  (243 trucks) | CITY OF FORT COLLINS (285 trucks),127000,14313,9629512.56,"$330,000.00"
Sol_073,17160 W Colfax Ave,https://www.loopnet.com/Listing/17160-W-Colfax-Ave-Golden-CO/29520298/,"Golden, CO 80401",0.63,500000.0,39.722253633534,-105.192465086092,5488.67,10000,L,54.89%,807,ENIVIRONMENTAL LANDWORKS COMPANY INC (115 trucks) | HOLCIM WCR INC (298 trucks) | JEFFCO SCHOOLS (274 trucks) | JEFFERSON COUNTY (120 trucks),127000,14313,9629512.56,"$500,000.00"
Sol_073,3401 S Yosemite St,https://www.loopnet.com/Listing/3401-S-Yosemite-St-Denver-CO/39837277/,"Denver, CO 80231",0.64,675000.0,39.654049416843,-104.88550562639,4128.9400000000005,5000,M,82.58%,632,COMCAST (194 trucks) | SWINGLE TREE & LANDSCAPE CARE (135 trucks) | CITY LIGHT AND POWER INC (121 trucks) | WHEEL PROS LLC (182 trucks),127000,14313,9629512.56,"$675,000.00"
Sol_073,9190 W 84th Ave,https://www.loopnet.com/Listing/9190-W-84th-Ave-Arvada-CO/38160305/,"Arvada, CO 80005",0.67,499000.0,39.849854027782,-105.100317795342,2457.7,5000,M,49.15%,296,ALPINE MILLWORK COMPANY DBA ROCKY MOUNTAIN RELOAD (141 trucks) | GEOSTABILIZATION INTERNATIONAL LLC (155 trucks),127000,14313,9629512.56,"$499,000.00"
Sol_073,496 Laredo st,https://www.loopnet.com/Listing/496-Laredo-st-Aurora-CO/38708025/,"Aurora, CO 80011",0.7,500000.0,39.724337332754,-104.800258318335,8680.17,10000,L,86.80%,1261,AURORA PUBLIC SCHOOLS (127 trucks) | CITY OF AURORA (271 trucks) | METCO LANDSCAPING INC (226 trucks) | WAGNER EQUIPMENT CO (423 trucks) | SHAMROCK FOODS COMPANY (214 trucks),127000,14313,9629512.56,"$500,000.00"
Sol_073,NEC N Fairgrounds Ave,https://www.loopnet.com/Listing/NEC-N-Fairgrounds-Ave-Windsor-CO/29890025/,"Windsor, CO 80528",0.74,483449.0,40.437732372143,-104.982630626628,4243.52,5000,M,84.87%,684,LARIMER COUNTY (131 trucks) | NOVUS AG LLC (444 trucks) | LOVELAND MUNICIPALITY (109 trucks),127000,14313,9629512.56,"$483,449.00"
Sol_073,11958 Lincoln Ave,https://www.loopnet.com/Listing/Lincoln-Ave-Parker-CO/39741118/,"Parker, CO 80138",0.86,495000.0,39.536519536914,-104.76116705724,4937.0,5000,M,98.74%,725,ACCELERATED SERVICES LLC (373 trucks) | CHERRY CREEK SCHOOLS (352 trucks),127000,14313,9629512.56,"$495,000.00"
Sol_073,12353 E 104th Pl,https://www.loopnet.com/Listing/12353-E-104th-Pl-Commerce-City-CO/39324469/,"Commerce City, CO 80022",0.95,580000.0,39.886646182224,-104.843759389987,5864.049999999999,10000,L,58.64%,829,ENVIRONMENTAL DESIGNS LLC (156 trucks) | BALIC TRANSPORT INC (120 trucks) | BURNCO COLORADO LLC (146 trucks) | WEST DIRECT OIL (140 trucks) | SIM TRUCKING INC (120 trucks) | G&Z TRANSPORT LLC (147 trucks),127000,14313,9629512.56,"$580,000.00"
Sol_073,12015 Irma Dr,https://www.loopnet.com/Listing/12015-Irma-Dr-Northglenn-CO/34662093/,"Northglenn, CO 80241",1.0,1098017.0,39.918832606598,-104.965887826386,3363.2500000000005,5000,M,67.27%,885,ADAMS 12 FIVE STAR SCHOOLS (182 trucks) | TRI-STATE GENERATION & TRANSMISSION ASSOCIATION INC (321 trucks) | CITY OF THORNTON (208 trucks) | CITY OF THORNTON (174 trucks),127000,14313,9629512.56,"$1,098,017.00"
Sol_073,2120 University Park Blvd,https://www.loopnet.com/Listing/2120-University-Park-Blvd-Colorado-Springs-CO/27680798/,"Colorado Springs, CO 80918",1.02,295000.0,38.910590363159,-104.78892179429,5689.619999999999,10000,L,56.90%,1031,GOODWILL OF COLORADO (134 trucks) | CITY OF COLORADO SPRINGS (326 trucks) | VECTRUS SYSTEMS CORPORATION (185 trucks) | COLORADO SPRINGS SCHOOL DISTRICT 11 (130 trucks) | El PASO COUNTY (112 trucks) | MOUNTAIN METROPOLITAN TRANSIT (144 trucks),127000,14313,9629512.56,"$295,000.00"
Sol_073,7099 S Kenton St,https://www.loopnet.com/Listing/7099-S-Kenton-St-Centennial-CO/6542016/,"Centennial, CO 80112",1.18,976600.0,39.588430849644,-104.861817781283,16997.23,20000,XL,84.99%,2298,HBSCO DANS TRASH AT YOUR DISPOSAL (110 trucks) | BUCKLEY POWDER CO (217 trucks) | IHC SCOTT INC (214 trucks) | ORICA USA INC (215 trucks) | GLOBAL TRANSPORTATION LLC (442 trucks) | CH2M OMI CH2MHILL JACOBS (183 trucks) | AMERICAN FURNITURE WAREHOUSE CO (340 trucks) | TERRACARE ASSOCIATES LLC (156 trucks) | ENTERPRISE RENT-A-CAR NATIONAL RENT A CAR ALAMO RENT A CAR (421 trucks),127000,14313,9629512.56,"$976,600.00"
Sol_073,6322 Ivanhoe St,https://www.loopnet.com/Listing/6322-Ivanhoe-St-Commerce-City-CO/30497175/,"Commerce City, CO 80022",1.24,1500000.0,39.811481968412,-104.920723282229,19295.64,20000,XL,96.48%,2557,UNITED SITE SERVICES OF NEVADA INC (409 trucks) | UNITED SITE SERVICES OF COLORADO INC (147 trucks) | OFFEN PETROLEUM LLC (269 trucks) | WESTERN DISTRIBUTING TRANSPORTATION CORP (155 trucks) | READY MIX CONCRETE COMPANY (191 trucks) | RMS CRANES (139 trucks) | EAGLE ROCK DISTRIBUTING COMPANY OF COLORADO LLC (148 trucks) | WASTE CONNECTIONS OF COLORADO INC (486 trucks) | SUPERSHUTTLE DENVER (125 trucks) | SURESHOT DRILLING LLC ATOZ FIELD SERVICES LLC DRILL TECH LLC PINNACLE DEVELOPMENT INC HDD SPECIALISTS LLC (135 trucks) | COCAL LANDSCAPE SERVICES INC (153 trucks) | U S TRANSPORT INC (200 trucks),127000,14313,9629512.56,"$1,500,000.00"
Sol_073,765 Aspen Ridge Drive Dr,https://www.loopnet.com/Listing/765-Aspen-Ridge-Drive-Dr-Lafayette-CO/32931931/,"Lafayette, CO 80026",1.43,556000.0,40.006898203868,-105.107210150504,5074.7300000000005,10000,L,50.75%,830,BOULDER VALLEY SCHOOL DISTRICT RE-2 (134 trucks) | VIA MOBILITY SERVICES (196 trucks) | VIA MOBILITY SERVICES (116 trucks) | CU (173 trucks) | CITY OF LONGMONT (211 trucks),127000,14313,9629512.56,"$556,000.00"
Sol_073,6109 W 48th Ave,https://www.loopnet.com/Listing/6109-W-48th-Ave-Wheat-Ridge-CO/32583003/,"Wheat Ridge, CO 80033",1.76,1141446.56,39.784078257989,-105.064430676896,6837.22,10000,L,68.37%,950,CITY OF ARVADA (100 trucks) | SITEWISE LLC (145 trucks) | COMPASS VEHICLE RENTAL INC (170 trucks) | COORS DISTRIBUTING COMPANY MILLER COORS LLC (105 trucks) | COLD FRONT (121 trucks) | NAVAJO EXPRESS INC (309 trucks),127000,14313,9629512.56,"$1,141,446.56"
Sol_074,2300 W County Road 54G,https://www.loopnet.com/Listing/2300-W-County-Road-54G-Laporte-CO/33671750/,"Laporte, CO 80535",0.46,330000.0,40.625878828869,-105.117877128123,1931.6100000000001,2000,S,96.58%,528,Poudre School District  (243 trucks) | CITY OF FORT COLLINS (285 trucks),133000,15627,13201979.72,"$330,000.00"
Sol_074,17160 W Colfax Ave,https://www.loopnet.com/Listing/17160-W-Colfax-Ave-Golden-CO/29520298/,"Golden, CO 80401",0.63,500000.0,39.722253633534,-105.192465086092,5488.67,10000,L,54.89%,807,ENIVIRONMENTAL LANDWORKS COMPANY INC (115 trucks) | HOLCIM WCR INC (298 trucks) | JEFFCO SCHOOLS (274 trucks) | JEFFERSON COUNTY (120 trucks),133000,15627,13201979.72,"$500,000.00"
Sol_074,3401 S Yosemite St,https://www.loopnet.com/Listing/3401-S-Yosemite-St-Denver-CO/39837277/,"Denver, CO 80231",0.64,675000.0,39.654049416843,-104.88550562639,4128.9400000000005,5000,M,82.58%,632,COMCAST (194 trucks) | SWINGLE TREE & LANDSCAPE CARE (135 trucks) | CITY LIGHT AND POWER INC (121 trucks) | WHEEL PROS LLC (182 trucks),133000,15627,13201979.72,"$675,000.00"
Sol_074,Highway 34 Business & 83rd Avenue,https://www.loopnet.com/Listing/Highway-34-Business-83rd-Avenue-Greeley-CO/27017249/,"Greeley, CO 80634",0.66,877824.16,40.421498483243,-104.813483201346,336.5,1000,XS,33.65%,145,WELD COUNTY PUBLIC WORKS DEPARTMENT (145 trucks),133000,15627,13201979.72,"$877,824.16"
Sol_074,9190 W 84th Ave,https://www.loopnet.com/Listing/9190-W-84th-Ave-Arvada-CO/38160305/,"Arvada, CO 80005",0.67,499000.0,39.849854027782,-105.100317795342,2457.7,5000,M,49.15%,296,ALPINE MILLWORK COMPANY DBA ROCKY MOUNTAIN RELOAD (141 trucks) | GEOSTABILIZATION INTERNATIONAL LLC (155 trucks),133000,15627,13201979.72,"$499,000.00"
Sol_074,496 Laredo st,https://www.loopnet.com/Listing/496-Laredo-st-Aurora-CO/38708025/,"Aurora, CO 80011",0.7,500000.0,39.724337332754,-104.800258318335,8680.17,10000,L,86.80%,1261,AURORA PUBLIC SCHOOLS (127 trucks) | CITY OF AURORA (271 trucks) | METCO LANDSCAPING INC (226 trucks) | WAGNER EQUIPMENT CO (423 trucks) | SHAMROCK FOODS COMPANY (214 trucks),133000,15627,13201979.72,"$500,000.00"
Sol_074,NEC N Fairgrounds Ave,https://www.loopnet.com/Listing/NEC-N-Fairgrounds-Ave-Windsor-CO/29890025/,"Windsor, CO 80528",0.74,483449.0,40.437732372143,-104.982630626628,4243.52,5000,M,84.87%,684,LARIMER COUNTY (131 trucks) | NOVUS AG LLC (444 trucks) | LOVELAND MUNICIPALITY (109 trucks),133000,15627,13201979.72,"$483,449.00"
Sol_074,11958 Lincoln Ave,https://www.loopnet.com/Listing/Lincoln-Ave-Parker-CO/39741118/,"Parker, CO 80138",0.86,495000.0,39.536519536914,-104.76116705724,4937.0,5000,M,98.74%,725,ACCELERATED SERVICES LLC (373 trucks) | CHERRY CREEK SCHOOLS (352 trucks),133000,15627,13201979.72,"$495,000.00"
Sol_074,12353 E 104th Pl,https://www.loopnet.com/Listing/12353-E-104th-Pl-Commerce-City-CO/39324469/,"Commerce City, CO 80022",0.95,580000.0,39.886646182224,-104.843759389987,5864.049999999999,10000,L,58.64%,829,ENVIRONMENTAL DESIGNS LLC (156 trucks) | BALIC TRANSPORT INC (120 trucks) | BURNCO COLORADO LLC (146 trucks) | WEST DIRECT OIL (140 trucks) | SIM TRUCKING INC (120 trucks) | G&Z TRANSPORT LLC (147 trucks),133000,15627,13201979.72,"$580,000.00"
Sol_074,3311 Ideal Drive Dr,https://www.loopnet.com/Listing/3311-Ideal-Drive-Dr-Frederick-CO/35744244/,"Frederick, CO 80516",1.0,949000.0,40.087044076103,-104.992966989518,4928.75,5000,M,98.58%,991,SUPREME TRANSPORT INC (183 trucks) | WARD ELECTRIC COMPANY INC (222 trucks) | CITY OF LONGMONT (211 trucks) | ST VRAIN VALLEY SCHOOL DISTRICT (174 trucks) | HEAT WAVES HOT OIL SERVICE LLC (201 trucks),133000,15627,13201979.72,"$949,000.00"
Sol_074,12015 Irma Dr,https://www.loopnet.com/Listing/12015-Irma-Dr-Northglenn-CO/34662093/,"Northglenn, CO 80241",1.0,1098017.0,39.918832606598,-104.965887826386,3363.2500000000005,5000,M,67.27%,885,ADAMS 12 FIVE STAR SCHOOLS (182 trucks) | TRI-STATE GENERATION & TRANSMISSION ASSOCIATION INC (321 trucks) | CITY OF THORNTON (208 trucks) | CITY OF THORNTON (174 trucks),133000,15627,13201979.72,"$1,098,017.00"
Sol_074,2120 University Park Blvd,https://www.loopnet.com/Listing/2120-University-Park-Blvd-Colorado-Springs-CO/27680798/,"Colorado Springs, CO 80918",1.02,295000.0,38.910590363159,-104.78892179429,5689.619999999999,10000,L,56.90%,1031,GOODWILL OF COLORADO (134 trucks) | CITY OF COLORADO SPRINGS (326 trucks) | VECTRUS SYSTEMS CORPORATION (185 trucks) | COLORADO SPRINGS SCHOOL DISTRICT 11 (130 trucks) | El PASO COUNTY (112 trucks) | MOUNTAIN METROPOLITAN TRANSIT (144 trucks),133000,15627,13201979.72,"$295,000.00"
Sol_074,7099 S Kenton St,https://www.loopnet.com/Listing/7099-S-Kenton-St-Centennial-CO/6542016/,"Centennial, CO 80112",1.18,976600.0,39.588430849644,-104.861817781283,16997.23,20000,XL,84.99%,2298,HBSCO DANS TRASH AT YOUR DISPOSAL (110 trucks) | BUCKLEY POWDER CO (217 trucks) | IHC SCOTT INC (214 trucks) | ORICA USA INC (215 trucks) | GLOBAL TRANSPORTATION LLC (442 trucks) | CH2M OMI CH2MHILL JACOBS (183 trucks) | AMERICAN FURNITURE WAREHOUSE CO (340 trucks) | TERRACARE ASSOCIATES LLC (156 trucks) | ENTERPRISE RENT-A-CAR NATIONAL RENT A CAR ALAMO RENT A CAR (421 trucks),133000,15627,13201979.72,"$976,600.00"
Sol_074,6322 Ivanhoe St,https://www.loopnet.com/Listing/6322-Ivanhoe-St-Commerce-City-CO/30497175/,"Commerce City, CO 80022",1.24,1500000.0,39.811481968412,-104.920723282229,19295.64,20000,XL,96.48%,2557,UNITED SITE SERVICES OF NEVADA INC (409 trucks) | UNITED SITE SERVICES OF COLORADO INC (147 trucks) | OFFEN PETROLEUM LLC (269 trucks) | WESTERN DISTRIBUTING TRANSPORTATION CORP (155 trucks) | READY MIX CONCRETE COMPANY (191 trucks) | RMS CRANES (139 trucks) | EAGLE ROCK DISTRIBUTING COMPANY OF COLORADO LLC (148 trucks) | WASTE CONNECTIONS OF COLORADO INC (486 trucks) | SUPERSHUTTLE DENVER (125 trucks) | SURESHOT DRILLING LLC ATOZ FIELD SERVICES LLC DRILL TECH LLC PINNACLE DEVELOPMENT INC HDD SPECIALISTS LLC (135 trucks) | COCAL LANDSCAPE SERVICES INC (153 trucks) | U S TRANSPORT INC (200 trucks),133000,15627,13201979.72,"$1,500,000.00"
Sol_074,765 Aspen Ridge Drive Dr,https://www.loopnet.com/Listing/765-Aspen-Ridge-Drive-Dr-Lafayette-CO/32931931/,"Lafayette, CO 80026",1.43,556000.0,40.006898203868,-105.107210150504,4585.06,5000,M,91.70%,619,BOULDER VALLEY SCHOOL DISTRICT RE-2 (134 trucks) | VIA MOBILITY SERVICES (196 trucks) | VIA MOBILITY SERVICES (116 trucks) | CU (173 trucks),133000,15627,13201979.72,"$556,000.00"
Sol_074,6109 W 48th Ave,https://www.loopnet.com/Listing/6109-W-48th-Ave-Wheat-Ridge-CO/32583003/,"Wheat Ridge, CO 80033",1.76,1141446.56,39.784078257989,-105.064430676896,6837.22,10000,L,68.37%,950,CITY OF ARVADA (100 trucks) | SITEWISE LLC (145 trucks) | COMPASS VEHICLE RENTAL INC (170 trucks) | COORS DISTRIBUTING COMPANY MILLER COORS LLC (105 trucks) | COLD FRONT (121 trucks) | NAVAJO EXPRESS INC (309 trucks),133000,15627,13201979.72,"$1,141,446.56"
Sol_074,5480 Montana Vista Way,https://www.loopnet.com/Listing/5480-Montana-Vista-Way-Castle-Rock-CO/31324562/,"Castle Rock, CO 80108",2.0,1745643.0,39.413964345372,-104.86151758933,2577.81,5000,M,51.56%,389,TOWN OF CASTLE ROCK  (109 trucks) | GREAT SOUTHWESTERN CONSTRUCTION INC (280 trucks),133000,15627,13201979.72,"$1,745,643.00"
Sol_075,2300 W County Road 54G,https://www.loopnet.com/Listing/2300-W-County-Road-54G-Laporte-CO/33671750/,"Laporte, CO 80535",0.46,330000.0,40.625878828869,-105.117877128123,1931.6100000000001,2000,S,96.58%,528,Poudre School District  (243 trucks) | CITY OF FORT COLLINS (285 trucks),112000,13089,8347512.5600000005,"$330,000.00"
Sol_075,17160 W Colfax Ave,https://www.loopnet.com/Listing/17160-W-Colfax-Ave-Golden-CO/29520298/,"Golden, CO 80401",0.63,500000.0,39.722253633534,-105.192465086092,5488.67,10000,L,54.89%,807,ENIVIRONMENTAL LANDWORKS COMPANY INC (115 trucks) | HOLCIM WCR INC (298 trucks) | JEFFCO SCHOOLS (274 trucks) | JEFFERSON COUNTY (120 trucks),112000,13089,8347512.5600000005,"$500,000.00"
Sol_075,3401 S Yosemite St,https://www.loopnet.com/Listing/3401-S-Yosemite-St-Denver-CO/39837277/,"Denver, CO 80231",0.64,675000.0,39.654049416843,-104.88550562639,7298.1900000000005,10000,L,72.98%,1256,COMCAST (194 trucks) | SWINGLE TREE & LANDSCAPE CARE (135 trucks) | CITY LIGHT AND POWER INC (121 trucks) | WHEEL PROS LLC (182 trucks) | CITY OF AURORA (271 trucks) | AURORA PUBLIC SCHOOLS (127 trucks) | METCO LANDSCAPING INC (226 trucks),112000,13089,8347512.5600000005,"$675,000.00"
Sol_075,9190 W 84th Ave,https://www.loopnet.com/Listing/9190-W-84th-Ave-Arvada-CO/38160305/,"Arvada, CO 80005",0.67,499000.0,39.849854027782,-105.100317795342,2457.7,5000,M,49.15%,296,ALPINE MILLWORK COMPANY DBA ROCKY MOUNTAIN RELOAD (141 trucks) | GEOSTABILIZATION INTERNATIONAL LLC (155 trucks),112000,13089,8347512.5600000005,"$499,000.00"
Sol_075,NEC N Fairgrounds Ave,https://www.loopnet.com/Listing/NEC-N-Fairgrounds-Ave-Windsor-CO/29890025/,"Windsor, CO 80528",0.74,483449.0,40.437732372143,-104.982630626628,4243.52,5000,M,84.87%,684,LARIMER COUNTY (131 trucks) | NOVUS AG LLC (444 trucks) | LOVELAND MUNICIPALITY (109 trucks),112000,13089,8347512.5600000005,"$483,449.00"
Sol_075,11958 Lincoln Ave,https://www.loopnet.com/Listing/Lincoln-Ave-Parker-CO/39741118/,"Parker, CO 80138",0.86,495000.0,39.536519536914,-104.76116705724,4937.0,5000,M,98.74%,725,ACCELERATED SERVICES LLC (373 trucks) | CHERRY CREEK SCHOOLS (352 trucks),112000,13089,8347512.5600000005,"$495,000.00"
Sol_075,3311 Ideal Drive Dr,https://www.loopnet.com/Listing/3311-Ideal-Drive-Dr-Frederick-CO/35744244/,"Frederick, CO 80516",1.0,949000.0,40.087044076103,-104.992966989518,4928.75,5000,M,98.58%,991,SUPREME TRANSPORT INC (183 trucks) | WARD ELECTRIC COMPANY INC (222 trucks) | CITY OF LONGMONT (211 trucks) | ST VRAIN VALLEY SCHOOL DISTRICT (174 trucks) | HEAT WAVES HOT OIL SERVICE LLC (201 trucks),112000,13089,8347512.5600000005,"$949,000.00"
Sol_075,12015 Irma Dr,https://www.loopnet.com/Listing/12015-Irma-Dr-Northglenn-CO/34662093/,"Northglenn, CO 80241",1.0,1098017.0,39.918832606598,-104.965887826386,8340.789999999999,10000,L,83.41%,1332,ADAMS 12 FIVE STAR SCHOOLS (182 trucks) | TRI-STATE GENERATION & TRANSMISSION ASSOCIATION INC (321 trucks) | BALIC TRANSPORT INC (120 trucks) | BURNCO COLORADO LLC (146 trucks) | WEST DIRECT OIL (140 trucks) | ENVIRONMENTAL DESIGNS LLC (156 trucks) | SIM TRUCKING INC (120 trucks) | G&Z TRANSPORT LLC (147 trucks),112000,13089,8347512.5600000005,"$1,098,017.00"
Sol_075,2120 University Park Blvd,https://www.loopnet.com/Listing/2120-University-Park-Blvd-Colorado-Springs-CO/27680798/,"Colorado Springs, CO 80918",1.02,295000.0,38.910590363159,-104.78892179429,5689.619999999999,10000,L,56.90%,1031,GOODWILL OF COLORADO (134 trucks) | CITY OF COLORADO SPRINGS (326 trucks) | VECTRUS SYSTEMS CORPORATION (185 trucks) | COLORADO SPRINGS SCHOOL DISTRICT 11 (130 trucks) | El PASO COUNTY (112 trucks) | MOUNTAIN METROPOLITAN TRANSIT (144 trucks),112000,13089,8347512.5600000005,"$295,000.00"
Sol_075,7099 S Kenton St,https://www.loopnet.com/Listing/7099-S-Kenton-St-Centennial-CO/6542016/,"Centennial, CO 80112",1.18,976600.0,39.588430849644,-104.861817781283,16997.23,20000,XL,84.99%,2298,HBSCO DANS TRASH AT YOUR DISPOSAL (110 trucks) | BUCKLEY POWDER CO (217 trucks) | IHC SCOTT INC (214 trucks) | ORICA USA INC (215 trucks) | GLOBAL TRANSPORTATION LLC (442 trucks) | CH2M OMI CH2MHILL JACOBS (183 trucks) | AMERICAN FURNITURE WAREHOUSE CO (340 trucks) | TERRACARE ASSOCIATES LLC (156 trucks) | ENTERPRISE RENT-A-CAR NATIONAL RENT A CAR ALAMO RENT A CAR (421 trucks),112000,13089,8347512.5600000005,"$976,600.00"
Sol_075,8850 Huron St,https://www.loopnet.com/Listing/8850-Huron-St-Thornton-CO/33061072/,"Thornton, CO 80260",1.26,349000.0,39.858426283979,-104.995662022846,14618.029999999999,20000,XL,73.09%,2002,CITY OF THORNTON (208 trucks) | CITY OF THORNTON (174 trucks) | COCAL LANDSCAPE SERVICES INC (153 trucks) | COLD FRONT (121 trucks) | READY MIX CONCRETE COMPANY (191 trucks) | NAVAJO EXPRESS INC (309 trucks) | WESTERN DISTRIBUTING TRANSPORTATION CORP (155 trucks) | RMS CRANES (139 trucks) | SURESHOT DRILLING LLC ATOZ FIELD SERVICES LLC DRILL TECH LLC PINNACLE DEVELOPMENT INC HDD SPECIALISTS LLC (135 trucks) | EAGLE ROCK DISTRIBUTING COMPANY OF COLORADO LLC (148 trucks) | OFFEN PETROLEUM LLC (269 trucks),112000,13089,8347512.5600000005,"$349,000.00"
Sol_075,765 Aspen Ridge Drive Dr,https://www.loopnet.com/Listing/765-Aspen-Ridge-Drive-Dr-Lafayette-CO/32931931/,"Lafayette, CO 80026",1.43,556000.0,40.006898203868,-105.107210150504,4585.06,5000,M,91.70%,619,BOULDER VALLEY SCHOOL DISTRICT RE-2 (134 trucks) | VIA MOBILITY SERVICES (196 trucks) | VIA MOBILITY SERVICES (116 trucks) | CU (173 trucks),112000,13089,8347512.5600000005,"$556,000.00"
Sol_075,6109 W 48th Ave,https://www.loopnet.com/Listing/6109-W-48th-Ave-Wheat-Ridge-CO/32583003/,"Wheat Ridge, CO 80033",1.76,1141446.56,39.784078257989,-105.064430676896,2821.09,5000,M,56.42%,520,CITY OF ARVADA (100 trucks) | SITEWISE LLC (145 trucks) | COMPASS VEHICLE RENTAL INC (170 trucks) | COORS DISTRIBUTING COMPANY MILLER COORS LLC (105 trucks),112000,13089,8347512.5600000005,"$1,141,446.56"
Sol_076,17160 W Colfax Ave,https://www.loopnet.com/Listing/17160-W-Colfax-Ave-Golden-CO/29520298/,"Golden, CO 80401",0.63,500000.0,39.722253633534,-105.192465086092,5488.67,10000,L,54.89%,807,ENIVIRONMENTAL LANDWORKS COMPANY INC (115 trucks) | HOLCIM WCR INC (298 trucks) | JEFFCO SCHOOLS (274 trucks) | JEFFERSON COUNTY (120 trucks),115000,12950,8923512.56,"$500,000.00"
Sol_076,3401 S Yosemite St,https://www.loopnet.com/Listing/3401-S-Yosemite-St-Denver-CO/39837277/,"Denver, CO 80231",0.64,675000.0,39.654049416843,-104.88550562639,5421.700000000001,10000,L,54.22%,1030,COMCAST (194 trucks) | SWINGLE TREE & LANDSCAPE CARE (135 trucks) | CITY LIGHT AND POWER INC (121 trucks) | WHEEL PROS LLC (182 trucks) | CITY OF AURORA (271 trucks) | AURORA PUBLIC SCHOOLS (127 trucks),115000,12950,8923512.56,"$675,000.00"
Sol_076,9190 W 84th Ave,https://www.loopnet.com/Listing/9190-W-84th-Ave-Arvada-CO/38160305/,"Arvada, CO 80005",0.67,499000.0,39.849854027782,-105.100317795342,2457.7,5000,M,49.15%,296,ALPINE MILLWORK COMPANY DBA ROCKY MOUNTAIN RELOAD (141 trucks) | GEOSTABILIZATION INTERNATIONAL LLC (155 trucks),115000,12950,8923512.56,"$499,000.00"
Sol_076,NEC N Fairgrounds Ave,https://www.loopnet.com/Listing/NEC-N-Fairgrounds-Ave-Windsor-CO/29890025/,"Windsor, CO 80528",0.74,483449.0,40.437732372143,-104.982630626628,4243.52,5000,M,84.87%,684,LARIMER COUNTY (131 trucks) | NOVUS AG LLC (444 trucks) | LOVELAND MUNICIPALITY (109 trucks),115000,12950,8923512.56,"$483,449.00"
Sol_076,11958 Lincoln Ave,https://www.loopnet.com/Listing/Lincoln-Ave-Parker-CO/39741118/,"Parker, CO 80138",0.86,495000.0,39.536519536914,-104.76116705724,4937.0,5000,M,98.74%,725,ACCELERATED SERVICES LLC (373 trucks) | CHERRY CREEK SCHOOLS (352 trucks),115000,12950,8923512.56,"$495,000.00"
Sol_076,6375 Lookout Rd,https://www.loopnet.com/Listing/6375-Lookout-Rd-Boulder-CO/35970288/,"Boulder, CO 80301",0.96,1260000.0,40.07191054992,-105.205474218915,5984.259999999999,10000,L,59.84%,1004,VIA MOBILITY SERVICES (196 trucks) | VIA MOBILITY SERVICES (116 trucks) | BOULDER VALLEY SCHOOL DISTRICT RE-2 (134 trucks) | CU (173 trucks) | CITY OF LONGMONT (211 trucks) | ST VRAIN VALLEY SCHOOL DISTRICT (174 trucks),115000,12950,8923512.56,"$1,260,000.00"
Sol_076,12015 Irma Dr,https://www.loopnet.com/Listing/12015-Irma-Dr-Northglenn-CO/34662093/,"Northglenn, CO 80241",1.0,1098017.0,39.918832606598,-104.965887826386,7349.780000000001,10000,L,73.50%,1428,ADAMS 12 FIVE STAR SCHOOLS (182 trucks) | TRI-STATE GENERATION & TRANSMISSION ASSOCIATION INC (321 trucks) | CITY OF THORNTON (208 trucks) | CITY OF THORNTON (174 trucks) | BALIC TRANSPORT INC (120 trucks) | ENVIRONMENTAL DESIGNS LLC (156 trucks) | SIM TRUCKING INC (120 trucks) | G&Z TRANSPORT LLC (147 trucks),115000,12950,8923512.56,"$1,098,017.00"
Sol_076,2120 University Park Blvd,https://www.loopnet.com/Listing/2120-University-Park-Blvd-Colorado-Springs-CO/27680798/,"Colorado Springs, CO 80918",1.02,295000.0,38.910590363159,-104.78892179429,5689.619999999999,10000,L,56.90%,1031,GOODWILL OF COLORADO (134 trucks) | CITY OF COLORADO SPRINGS (326 trucks) | VECTRUS SYSTEMS CORPORATION (185 trucks) | COLORADO SPRINGS SCHOOL DISTRICT 11 (130 trucks) | El PASO COUNTY (112 trucks) | MOUNTAIN METROPOLITAN TRANSIT (144 trucks),115000,12950,8923512.56,"$295,000.00"
Sol_076,7099 S Kenton St,https://www.loopnet.com/Listing/7099-S-Kenton-St-Centennial-CO/6542016/,"Centennial, CO 80112",1.18,976600.0,39.588430849644,-104.861817781283,16997.23,20000,XL,84.99%,2298,HBSCO DANS TRASH AT YOUR DISPOSAL (110 trucks) | BUCKLEY POWDER CO (217 trucks) | IHC SCOTT INC (214 trucks) | ORICA USA INC (215 trucks) | GLOBAL TRANSPORTATION LLC (442 trucks) | CH2M OMI CH2MHILL JACOBS (183 trucks) | AMERICAN FURNITURE WAREHOUSE CO (340 trucks) | TERRACARE ASSOCIATES LLC (156 trucks) | ENTERPRISE RENT-A-CAR NATIONAL RENT A CAR ALAMO RENT A CAR (421 trucks),115000,12950,8923512.56,"$976,600.00"
Sol_076,6322 Ivanhoe St,https://www.loopnet.com/Listing/6322-Ivanhoe-St-Commerce-City-CO/30497175/,"Commerce City, CO 80022",1.24,1500000.0,39.811481968412,-104.920723282229,19960.92,20000,XL,99.80%,2697,UNITED SITE SERVICES OF NEVADA INC (409 trucks) | UNITED SITE SERVICES OF COLORADO INC (147 trucks) | OFFEN PETROLEUM LLC (269 trucks) | WESTERN DISTRIBUTING TRANSPORTATION CORP (155 trucks) | READY MIX CONCRETE COMPANY (191 trucks) | RMS CRANES (139 trucks) | EAGLE ROCK DISTRIBUTING COMPANY OF COLORADO LLC (148 trucks) | WASTE CONNECTIONS OF COLORADO INC (486 trucks) | SUPERSHUTTLE DENVER (125 trucks) | SURESHOT DRILLING LLC ATOZ FIELD SERVICES LLC DRILL TECH LLC PINNACLE DEVELOPMENT INC HDD SPECIALISTS LLC (135 trucks) | COCAL LANDSCAPE SERVICES INC (153 trucks) | U S TRANSPORT INC (200 trucks) | WEST DIRECT OIL (140 trucks),115000,12950,8923512.56,"$1,500,000.00"
Sol_076,6109 W 48th Ave,https://www.loopnet.com/Listing/6109-W-48th-Ave-Wheat-Ridge-CO/32583003/,"Wheat Ridge, CO 80033",1.76,1141446.56,39.784078257989,-105.064430676896,6837.22,10000,L,68.37%,950,CITY OF ARVADA (100 trucks) | SITEWISE LLC (145 trucks) | COMPASS VEHICLE RENTAL INC (170 trucks) | COORS DISTRIBUTING COMPANY MILLER COORS LLC (105 trucks) | COLD FRONT (121 trucks) | NAVAJO EXPRESS INC (309 trucks),115000,12950,8923512.56,"$1,141,446.56"
Sol_077,2300 W County Road 54G,https://www.loopnet.com/Listing/2300-W-County-Road-54G-Laporte-CO/33671750/,"Laporte, CO 80535",0.46,330000.0,40.625878828869,-105.117877128123,1931.6100000000001,2000,S,96.58%,528,Poudre School District  (243 trucks) | CITY OF FORT COLLINS (285 trucks),123000,14276,9429511.56,"$330,000.00"
Sol_077,17160 W Colfax Ave,https://www.loopnet.com/Listing/17160-W-Colfax-Ave-Golden-CO/29520298/,"Golden, CO 80401",0.63,500000.0,39.722253633534,-105.192465086092,5488.67,10000,L,54.89%,807,ENIVIRONMENTAL LANDWORKS COMPANY INC (115 trucks) | HOLCIM WCR INC (298 trucks) | JEFFCO SCHOOLS (274 trucks) | JEFFERSON COUNTY (120 trucks),123000,14276,9429511.56,"$500,000.00"
Sol_077,3401 S Yosemite St,https://www.loopnet.com/Listing/3401-S-Yosemite-St-Denver-CO/39837277/,"Denver, CO 80231",0.64,675000.0,39.654049416843,-104.88550562639,4128.9400000000005,5000,M,82.58%,632,COMCAST (194 trucks) | SWINGLE TREE & LANDSCAPE CARE (135 trucks) | CITY LIGHT AND POWER INC (121 trucks) | WHEEL PROS LLC (182 trucks),123000,14276,9429511.56,"$675,000.00"
Sol_077,7300 W Jefferson Ave,https://www.loopnet.com/Listing/7300-W-Jefferson-Ave-Lakewood-CO/38419312/,"Lakewood, CO 80235",0.66,379999.0,39.649773884125,-105.079540805378,905.03,1000,XS,90.50%,109,PACIFIC SHIPPING & TRUCKING CO INC (109 trucks),123000,14276,9429511.56,"$379,999.00"
Sol_077,9190 W 84th Ave,https://www.loopnet.com/Listing/9190-W-84th-Ave-Arvada-CO/38160305/,"Arvada, CO 80005",0.67,499000.0,39.849854027782,-105.100317795342,2457.7,5000,M,49.15%,296,ALPINE MILLWORK COMPANY DBA ROCKY MOUNTAIN RELOAD (141 trucks) | GEOSTABILIZATION INTERNATIONAL LLC (155 trucks),123000,14276,9429511.56,"$499,000.00"
Sol_077,496 Laredo st,https://www.loopnet.com/Listing/496-Laredo-st-Aurora-CO/38708025/,"Aurora, CO 80011",0.7,500000.0,39.724337332754,-104.800258318335,8680.17,10000,L,86.80%,1261,AURORA PUBLIC SCHOOLS (127 trucks) | CITY OF AURORA (271 trucks) | METCO LANDSCAPING INC (226 trucks) | WAGNER EQUIPMENT CO (423 trucks) | SHAMROCK FOODS COMPANY (214 trucks),123000,14276,9429511.56,"$500,000.00"
Sol_077,NEC N Fairgrounds Ave,https://www.loopnet.com/Listing/NEC-N-Fairgrounds-Ave-Windsor-CO/29890025/,"Windsor, CO 80528",0.74,483449.0,40.437732372143,-104.982630626628,4243.52,5000,M,84.87%,684,LARIMER COUNTY (131 trucks) | NOVUS AG LLC (444 trucks) | LOVELAND MUNICIPALITY (109 trucks),123000,14276,9429511.56,"$483,449.00"
Sol_077,11958 Lincoln Ave,https://www.loopnet.com/Listing/Lincoln-Ave-Parker-CO/39741118/,"Parker, CO 80138",0.86,495000.0,39.536519536914,-104.76116705724,4937.0,5000,M,98.74%,725,ACCELERATED SERVICES LLC (373 trucks) | CHERRY CREEK SCHOOLS (352 trucks),123000,14276,9429511.56,"$495,000.00"
Sol_077,12015 Irma Dr,https://www.loopnet.com/Listing/12015-Irma-Dr-Northglenn-CO/34662093/,"Northglenn, CO 80241",1.0,1098017.0,39.918832606598,-104.965887826386,7349.780000000001,10000,L,73.50%,1428,ADAMS 12 FIVE STAR SCHOOLS (182 trucks) | TRI-STATE GENERATION & TRANSMISSION ASSOCIATION INC (321 trucks) | CITY OF THORNTON (208 trucks) | CITY OF THORNTON (174 trucks) | BALIC TRANSPORT INC (120 trucks) | ENVIRONMENTAL DESIGNS LLC (156 trucks) | SIM TRUCKING INC (120 trucks) | G&Z TRANSPORT LLC (147 trucks),123000,14276,9429511.56,"$1,098,017.00"
Sol_077,2120 University Park Blvd,https://www.loopnet.com/Listing/2120-University-Park-Blvd-Colorado-Springs-CO/27680798/,"Colorado Springs, CO 80918",1.02,295000.0,38.910590363159,-104.78892179429,5689.619999999999,10000,L,56.90%,1031,GOODWILL OF COLORADO (134 trucks) | CITY OF COLORADO SPRINGS (326 trucks) | VECTRUS SYSTEMS CORPORATION (185 trucks) | COLORADO SPRINGS SCHOOL DISTRICT 11 (130 trucks) | El PASO COUNTY (112 trucks) | MOUNTAIN METROPOLITAN TRANSIT (144 trucks),123000,14276,9429511.56,"$295,000.00"
Sol_077,7099 S Kenton St,https://www.loopnet.com/Listing/7099-S-Kenton-St-Centennial-CO/6542016/,"Centennial, CO 80112",1.18,976600.0,39.588430849644,-104.861817781283,16997.23,20000,XL,84.99%,2298,HBSCO DANS TRASH AT YOUR DISPOSAL (110 trucks) | BUCKLEY POWDER CO (217 trucks) | IHC SCOTT INC (214 trucks) | ORICA USA INC (215 trucks) | GLOBAL TRANSPORTATION LLC (442 trucks) | CH2M OMI CH2MHILL JACOBS (183 trucks) | AMERICAN FURNITURE WAREHOUSE CO (340 trucks) | TERRACARE ASSOCIATES LLC (156 trucks) | ENTERPRISE RENT-A-CAR NATIONAL RENT A CAR ALAMO RENT A CAR (421 trucks),123000,14276,9429511.56,"$976,600.00"
Sol_077,6322 Ivanhoe St,https://www.loopnet.com/Listing/6322-Ivanhoe-St-Commerce-City-CO/30497175/,"Commerce City, CO 80022",1.24,1500000.0,39.811481968412,-104.920723282229,19960.92,20000,XL,99.80%,2697,UNITED SITE SERVICES OF NEVADA INC (409 trucks) | UNITED SITE SERVICES OF COLORADO INC (147 trucks) | OFFEN PETROLEUM LLC (269 trucks) | WESTERN DISTRIBUTING TRANSPORTATION CORP (155 trucks) | READY MIX CONCRETE COMPANY (191 trucks) | RMS CRANES (139 trucks) | EAGLE ROCK DISTRIBUTING COMPANY OF COLORADO LLC (148 trucks) | WASTE CONNECTIONS OF COLORADO INC (486 trucks) | SUPERSHUTTLE DENVER (125 trucks) | SURESHOT DRILLING LLC ATOZ FIELD SERVICES LLC DRILL TECH LLC PINNACLE DEVELOPMENT INC HDD SPECIALISTS LLC (135 trucks) | COCAL LANDSCAPE SERVICES INC (153 trucks) | U S TRANSPORT INC (200 trucks) | WEST DIRECT OIL (140 trucks),123000,14276,9429511.56,"$1,500,000.00"
Sol_077,765 Aspen Ridge Drive Dr,https://www.loopnet.com/Listing/765-Aspen-Ridge-Drive-Dr-Lafayette-CO/32931931/,"Lafayette, CO 80026",1.43,556000.0,40.006898203868,-105.107210150504,5074.7300000000005,10000,L,50.75%,830,BOULDER VALLEY SCHOOL DISTRICT RE-2 (134 trucks) | VIA MOBILITY SERVICES (196 trucks) | VIA MOBILITY SERVICES (116 trucks) | CU (173 trucks) | CITY OF LONGMONT (211 trucks),123000,14276,9429511.56,"$556,000.00"
Sol_077,6109 W 48th Ave,https://www.loopnet.com/Listing/6109-W-48th-Ave-Wheat-Ridge-CO/32583003/,"Wheat Ridge, CO 80033",1.76,1141446.56,39.784078257989,-105.064430676896,6837.22,10000,L,68.37%,950,CITY OF ARVADA (100 trucks) | SITEWISE LLC (145 trucks) | COMPASS VEHICLE RENTAL INC (170 trucks) | COORS DISTRIBUTING COMPANY MILLER COORS LLC (105 trucks) | COLD FRONT (121 trucks) | NAVAJO EXPRESS INC (309 trucks),123000,14276,9429511.56,"$1,141,446.56"
Sol_078,2300 W County Road 54G,https://www.loopnet.com/Listing/2300-W-County-Road-54G-Laporte-CO/33671750/,"Laporte, CO 80535",0.46,330000.0,40.625878828869,-105.117877128123,1931.6100000000001,2000,S,96.58%,528,Poudre School District  (243 trucks) | CITY OF FORT COLLINS (285 trucks),112000,13093,8498512.56,"$330,000.00"
Sol_078,17160 W Colfax Ave,https://www.loopnet.com/Listing/17160-W-Colfax-Ave-Golden-CO/29520298/,"Golden, CO 80401",0.63,500000.0,39.722253633534,-105.192465086092,5488.67,10000,L,54.89%,807,ENIVIRONMENTAL LANDWORKS COMPANY INC (115 trucks) | HOLCIM WCR INC (298 trucks) | JEFFCO SCHOOLS (274 trucks) | JEFFERSON COUNTY (120 trucks),112000,13093,8498512.56,"$500,000.00"
Sol_078,3401 S Yosemite St,https://www.loopnet.com/Listing/3401-S-Yosemite-St-Denver-CO/39837277/,"Denver, CO 80231",0.64,675000.0,39.654049416843,-104.88550562639,4128.9400000000005,5000,M,82.58%,632,COMCAST (194 trucks) | SWINGLE TREE & LANDSCAPE CARE (135 trucks) | CITY LIGHT AND POWER INC (121 trucks) | WHEEL PROS LLC (182 trucks),112000,13093,8498512.56,"$675,000.00"
Sol_078,9190 W 84th Ave,https://www.loopnet.com/Listing/9190-W-84th-Ave-Arvada-CO/38160305/,"Arvada, CO 80005",0.67,499000.0,39.849854027782,-105.100317795342,2457.7,5000,M,49.15%,296,ALPINE MILLWORK COMPANY DBA ROCKY MOUNTAIN RELOAD (141 trucks) | GEOSTABILIZATION INTERNATIONAL LLC (155 trucks),112000,13093,8498512.56,"$499,000.00"
Sol_078,496 Laredo st,https://www.loopnet.com/Listing/496-Laredo-st-Aurora-CO/38708025/,"Aurora, CO 80011",0.7,500000.0,39.724337332754,-104.800258318335,8680.17,10000,L,86.80%,1261,AURORA PUBLIC SCHOOLS (127 trucks) | CITY OF AURORA (271 trucks) | METCO LANDSCAPING INC (226 trucks) | WAGNER EQUIPMENT CO (423 trucks) | SHAMROCK FOODS COMPANY (214 trucks),112000,13093,8498512.56,"$500,000.00"
Sol_078,NEC N Fairgrounds Ave,https://www.loopnet.com/Listing/NEC-N-Fairgrounds-Ave-Windsor-CO/29890025/,"Windsor, CO 80528",0.74,483449.0,40.437732372143,-104.982630626628,4243.52,5000,M,84.87%,684,LARIMER COUNTY (131 trucks) | NOVUS AG LLC (444 trucks) | LOVELAND MUNICIPALITY (109 trucks),112000,13093,8498512.56,"$483,449.00"
Sol_078,11958 Lincoln Ave,https://www.loopnet.com/Listing/Lincoln-Ave-Parker-CO/39741118/,"Parker, CO 80138",0.86,495000.0,39.536519536914,-104.76116705724,4937.0,5000,M,98.74%,725,ACCELERATED SERVICES LLC (373 trucks) | CHERRY CREEK SCHOOLS (352 trucks),112000,13093,8498512.56,"$495,000.00"
Sol_078,3311 Ideal Drive Dr,https://www.loopnet.com/Listing/3311-Ideal-Drive-Dr-Frederick-CO/35744244/,"Frederick, CO 80516",1.0,949000.0,40.087044076103,-104.992966989518,4928.75,5000,M,98.58%,991,SUPREME TRANSPORT INC (183 trucks) | WARD ELECTRIC COMPANY INC (222 trucks) | CITY OF LONGMONT (211 trucks) | ST VRAIN VALLEY SCHOOL DISTRICT (174 trucks) | HEAT WAVES HOT OIL SERVICE LLC (201 trucks),112000,13093,8498512.56,"$949,000.00"
Sol_078,12015 Irma Dr,https://www.loopnet.com/Listing/12015-Irma-Dr-Northglenn-CO/34662093/,"Northglenn, CO 80241",1.0,1098017.0,39.918832606598,-104.965887826386,11460.82,20000,XL,57.30%,1983,ADAMS 12 FIVE STAR SCHOOLS (182 trucks) | TRI-STATE GENERATION & TRANSMISSION ASSOCIATION INC (321 trucks) | CITY OF THORNTON (208 trucks) | CITY OF THORNTON (174 trucks) | BALIC TRANSPORT INC (120 trucks) | BURNCO COLORADO LLC (146 trucks) | WEST DIRECT OIL (140 trucks) | OFFEN PETROLEUM LLC (269 trucks) | ENVIRONMENTAL DESIGNS LLC (156 trucks) | SIM TRUCKING INC (120 trucks) | G&Z TRANSPORT LLC (147 trucks),112000,13093,8498512.56,"$1,098,017.00"
Sol_078,2120 University Park Blvd,https://www.loopnet.com/Listing/2120-University-Park-Blvd-Colorado-Springs-CO/27680798/,"Colorado Springs, CO 80918",1.02,295000.0,38.910590363159,-104.78892179429,5689.619999999999,10000,L,56.90%,1031,GOODWILL OF COLORADO (134 trucks) | CITY OF COLORADO SPRINGS (326 trucks) | VECTRUS SYSTEMS CORPORATION (185 trucks) | COLORADO SPRINGS SCHOOL DISTRICT 11 (130 trucks) | El PASO COUNTY (112 trucks) | MOUNTAIN METROPOLITAN TRANSIT (144 trucks),112000,13093,8498512.56,"$295,000.00"
Sol_078,7099 S Kenton St,https://www.loopnet.com/Listing/7099-S-Kenton-St-Centennial-CO/6542016/,"Centennial, CO 80112",1.18,976600.0,39.588430849644,-104.861817781283,16997.23,20000,XL,84.99%,2298,HBSCO DANS TRASH AT YOUR DISPOSAL (110 trucks) | BUCKLEY POWDER CO (217 trucks) | IHC SCOTT INC (214 trucks) | ORICA USA INC (215 trucks) | GLOBAL TRANSPORTATION LLC (442 trucks) | CH2M OMI CH2MHILL JACOBS (183 trucks) | AMERICAN FURNITURE WAREHOUSE CO (340 trucks) | TERRACARE ASSOCIATES LLC (156 trucks) | ENTERPRISE RENT-A-CAR NATIONAL RENT A CAR ALAMO RENT A CAR (421 trucks),112000,13093,8498512.56,"$976,600.00"
Sol_078,765 Aspen Ridge Drive Dr,https://www.loopnet.com/Listing/765-Aspen-Ridge-Drive-Dr-Lafayette-CO/32931931/,"Lafayette, CO 80026",1.43,556000.0,40.006898203868,-105.107210150504,4585.06,5000,M,91.70%,619,BOULDER VALLEY SCHOOL DISTRICT RE-2 (134 trucks) | VIA MOBILITY SERVICES (196 trucks) | VIA MOBILITY SERVICES (116 trucks) | CU (173 trucks),112000,13093,8498512.56,"$556,000.00"
Sol_078,6109 W 48th Ave,https://www.loopnet.com/Listing/6109-W-48th-Ave-Wheat-Ridge-CO/32583003/,"Wheat Ridge, CO 80033",1.76,1141446.56,39.784078257989,-105.064430676896,8749.11,10000,L,87.49%,1238,CITY OF ARVADA (100 trucks) | SITEWISE LLC (145 trucks) | COMPASS VEHICLE RENTAL INC (170 trucks) | COORS DISTRIBUTING COMPANY MILLER COORS LLC (105 trucks) | COLD FRONT (121 trucks) | NAVAJO EXPRESS INC (309 trucks) | SURESHOT DRILLING LLC ATOZ FIELD SERVICES LLC DRILL TECH LLC PINNACLE DEVELOPMENT INC HDD SPECIALISTS LLC (135 trucks) | COCAL LANDSCAPE SERVICES INC (153 trucks),112000,13093,8498512.56,"$1,141,446.56"
Sol_079,2300 W County Road 54G,https://www.loopnet.com/Listing/2300-W-County-Road-54G-Laporte-CO/33671750/,"Laporte, CO 80535",0.46,330000.0,40.625878828869,-105.117877128123,1931.6100000000001,2000,S,96.58%,528,Poudre School District  (243 trucks) | CITY OF FORT COLLINS (285 trucks),122000,14947,9998512.56,"$330,000.00"
Sol_079,17160 W Colfax Ave,https://www.loopnet.com/Listing/17160-W-Colfax-Ave-Golden-CO/29520298/,"Golden, CO 80401",0.63,500000.0,39.722253633534,-105.192465086092,5488.67,10000,L,54.89%,807,ENIVIRONMENTAL LANDWORKS COMPANY INC (115 trucks) | HOLCIM WCR INC (298 trucks) | JEFFCO SCHOOLS (274 trucks) | JEFFERSON COUNTY (120 trucks),122000,14947,9998512.56,"$500,000.00"
Sol_079,3401 S Yosemite St,https://www.loopnet.com/Listing/3401-S-Yosemite-St-Denver-CO/39837277/,"Denver, CO 80231",0.64,675000.0,39.654049416843,-104.88550562639,4128.9400000000005,5000,M,82.58%,632,COMCAST (194 trucks) | SWINGLE TREE & LANDSCAPE CARE (135 trucks) | CITY LIGHT AND POWER INC (121 trucks) | WHEEL PROS LLC (182 trucks),122000,14947,9998512.56,"$675,000.00"
Sol_079,9190 W 84th Ave,https://www.loopnet.com/Listing/9190-W-84th-Ave-Arvada-CO/38160305/,"Arvada, CO 80005",0.67,499000.0,39.849854027782,-105.100317795342,2457.7,5000,M,49.15%,296,ALPINE MILLWORK COMPANY DBA ROCKY MOUNTAIN RELOAD (141 trucks) | GEOSTABILIZATION INTERNATIONAL LLC (155 trucks),122000,14947,9998512.56,"$499,000.00"
Sol_079,496 Laredo st,https://www.loopnet.com/Listing/496-Laredo-st-Aurora-CO/38708025/,"Aurora, CO 80011",0.7,500000.0,39.724337332754,-104.800258318335,8680.17,10000,L,86.80%,1261,AURORA PUBLIC SCHOOLS (127 trucks) | CITY OF AURORA (271 trucks) | METCO LANDSCAPING INC (226 trucks) | WAGNER EQUIPMENT CO (423 trucks) | SHAMROCK FOODS COMPANY (214 trucks),122000,14947,9998512.56,"$500,000.00"
Sol_079,NEC N Fairgrounds Ave,https://www.loopnet.com/Listing/NEC-N-Fairgrounds-Ave-Windsor-CO/29890025/,"Windsor, CO 80528",0.74,483449.0,40.437732372143,-104.982630626628,4243.52,5000,M,84.87%,684,LARIMER COUNTY (131 trucks) | NOVUS AG LLC (444 trucks) | LOVELAND MUNICIPALITY (109 trucks),122000,14947,9998512.56,"$483,449.00"
Sol_079,11958 Lincoln Ave,https://www.loopnet.com/Listing/Lincoln-Ave-Parker-CO/39741118/,"Parker, CO 80138",0.86,495000.0,39.536519536914,-104.76116705724,4937.0,5000,M,98.74%,725,ACCELERATED SERVICES LLC (373 trucks) | CHERRY CREEK SCHOOLS (352 trucks),122000,14947,9998512.56,"$495,000.00"
Sol_079,3311 Ideal Drive Dr,https://www.loopnet.com/Listing/3311-Ideal-Drive-Dr-Frederick-CO/35744244/,"Frederick, CO 80516",1.0,949000.0,40.087044076103,-104.992966989518,4928.75,5000,M,98.58%,991,SUPREME TRANSPORT INC (183 trucks) | WARD ELECTRIC COMPANY INC (222 trucks) | CITY OF LONGMONT (211 trucks) | ST VRAIN VALLEY SCHOOL DISTRICT (174 trucks) | HEAT WAVES HOT OIL SERVICE LLC (201 trucks),122000,14947,9998512.56,"$949,000.00"
Sol_079,12015 Irma Dr,https://www.loopnet.com/Listing/12015-Irma-Dr-Northglenn-CO/34662093/,"Northglenn, CO 80241",1.0,1098017.0,39.918832606598,-104.965887826386,7349.780000000001,10000,L,73.50%,1428,ADAMS 12 FIVE STAR SCHOOLS (182 trucks) | TRI-STATE GENERATION & TRANSMISSION ASSOCIATION INC (321 trucks) | CITY OF THORNTON (208 trucks) | CITY OF THORNTON (174 trucks) | BALIC TRANSPORT INC (120 trucks) | ENVIRONMENTAL DESIGNS LLC (156 trucks) | SIM TRUCKING INC (120 trucks) | G&Z TRANSPORT LLC (147 trucks),122000,14947,9998512.56,"$1,098,017.00"
Sol_079,2120 University Park Blvd,https://www.loopnet.com/Listing/2120-University-Park-Blvd-Colorado-Springs-CO/27680798/,"Colorado Springs, CO 80918",1.02,295000.0,38.910590363159,-104.78892179429,5689.619999999999,10000,L,56.90%,1031,GOODWILL OF COLORADO (134 trucks) | CITY OF COLORADO SPRINGS (326 trucks) | VECTRUS SYSTEMS CORPORATION (185 trucks) | COLORADO SPRINGS SCHOOL DISTRICT 11 (130 trucks) | El PASO COUNTY (112 trucks) | MOUNTAIN METROPOLITAN TRANSIT (144 trucks),122000,14947,9998512.56,"$295,000.00"
Sol_079,7099 S Kenton St,https://www.loopnet.com/Listing/7099-S-Kenton-St-Centennial-CO/6542016/,"Centennial, CO 80112",1.18,976600.0,39.588430849644,-104.861817781283,16997.23,20000,XL,84.99%,2298,HBSCO DANS TRASH AT YOUR DISPOSAL (110 trucks) | BUCKLEY POWDER CO (217 trucks) | IHC SCOTT INC (214 trucks) | ORICA USA INC (215 trucks) | GLOBAL TRANSPORTATION LLC (442 trucks) | CH2M OMI CH2MHILL JACOBS (183 trucks) | AMERICAN FURNITURE WAREHOUSE CO (340 trucks) | TERRACARE ASSOCIATES LLC (156 trucks) | ENTERPRISE RENT-A-CAR NATIONAL RENT A CAR ALAMO RENT A CAR (421 trucks),122000,14947,9998512.56,"$976,600.00"
Sol_079,6322 Ivanhoe St,https://www.loopnet.com/Listing/6322-Ivanhoe-St-Commerce-City-CO/30497175/,"Commerce City, CO 80022",1.24,1500000.0,39.811481968412,-104.920723282229,19960.92,20000,XL,99.80%,2697,UNITED SITE SERVICES OF NEVADA INC (409 trucks) | UNITED SITE SERVICES OF COLORADO INC (147 trucks) | OFFEN PETROLEUM LLC (269 trucks) | WESTERN DISTRIBUTING TRANSPORTATION CORP (155 trucks) | READY MIX CONCRETE COMPANY (191 trucks) | RMS CRANES (139 trucks) | EAGLE ROCK DISTRIBUTING COMPANY OF COLORADO LLC (148 trucks) | WASTE CONNECTIONS OF COLORADO INC (486 trucks) | SUPERSHUTTLE DENVER (125 trucks) | SURESHOT DRILLING LLC ATOZ FIELD SERVICES LLC DRILL TECH LLC PINNACLE DEVELOPMENT INC HDD SPECIALISTS LLC (135 trucks) | COCAL LANDSCAPE SERVICES INC (153 trucks) | U S TRANSPORT INC (200 trucks) | WEST DIRECT OIL (140 trucks),122000,14947,9998512.56,"$1,500,000.00"
Sol_079,765 Aspen Ridge Drive Dr,https://www.loopnet.com/Listing/765-Aspen-Ridge-Drive-Dr-Lafayette-CO/32931931/,"Lafayette, CO 80026",1.43,556000.0,40.006898203868,-105.107210150504,4585.06,5000,M,91.70%,619,BOULDER VALLEY SCHOOL DISTRICT RE-2 (134 trucks) | VIA MOBILITY SERVICES (196 trucks) | VIA MOBILITY SERVICES (116 trucks) | CU (173 trucks),122000,14947,9998512.56,"$556,000.00"
Sol_079,6109 W 48th Ave,https://www.loopnet.com/Listing/6109-W-48th-Ave-Wheat-Ridge-CO/32583003/,"Wheat Ridge, CO 80033",1.76,1141446.56,39.784078257989,-105.064430676896,6837.22,10000,L,68.37%,950,CITY OF ARVADA (100 trucks) | SITEWISE LLC (145 trucks) | COMPASS VEHICLE RENTAL INC (170 trucks) | COORS DISTRIBUTING COMPANY MILLER COORS LLC (105 trucks) | COLD FRONT (121 trucks) | NAVAJO EXPRESS INC (309 trucks),122000,14947,9998512.56,"$1,141,446.56"
Sol_080,2300 W County Road 54G,https://www.loopnet.com/Listing/2300-W-County-Road-54G-Laporte-CO/33671750/,"Laporte, CO 80535",0.46,330000.0,40.625878828869,-105.117877128123,1931.6100000000001,2000,S,96.58%,528,Poudre School District  (243 trucks) | CITY OF FORT COLLINS (285 trucks),138000,16427,16806153.82,"$330,000.00"
Sol_080,17160 W Colfax Ave,https://www.loopnet.com/Listing/17160-W-Colfax-Ave-Golden-CO/29520298/,"Golden, CO 80401",0.63,500000.0,39.722253633534,-105.192465086092,5488.67,10000,L,54.89%,807,ENIVIRONMENTAL LANDWORKS COMPANY INC (115 trucks) | HOLCIM WCR INC (298 trucks) | JEFFCO SCHOOLS (274 trucks) | JEFFERSON COUNTY (120 trucks),138000,16427,16806153.82,"$500,000.00"
Sol_080,3401 S Yosemite St,https://www.loopnet.com/Listing/3401-S-Yosemite-St-Denver-CO/39837277/,"Denver, CO 80231",0.64,675000.0,39.654049416843,-104.88550562639,4128.9400000000005,5000,M,82.58%,632,COMCAST (194 trucks) | SWINGLE TREE & LANDSCAPE CARE (135 trucks) | CITY LIGHT AND POWER INC (121 trucks) | WHEEL PROS LLC (182 trucks),138000,16427,16806153.82,"$675,000.00"
Sol_080,Highway 34 Business & 83rd Avenue,https://www.loopnet.com/Listing/Highway-34-Business-83rd-Avenue-Greeley-CO/27017249/,"Greeley, CO 80634",0.66,877824.16,40.421498483243,-104.813483201346,336.5,1000,XS,33.65%,145,WELD COUNTY PUBLIC WORKS DEPARTMENT (145 trucks),138000,16427,16806153.82,"$877,824.16"
Sol_080,9190 W 84th Ave,https://www.loopnet.com/Listing/9190-W-84th-Ave-Arvada-CO/38160305/,"Arvada, CO 80005",0.67,499000.0,39.849854027782,-105.100317795342,2457.7,5000,M,49.15%,296,ALPINE MILLWORK COMPANY DBA ROCKY MOUNTAIN RELOAD (141 trucks) | GEOSTABILIZATION INTERNATIONAL LLC (155 trucks),138000,16427,16806153.82,"$499,000.00"
Sol_080,NEC N Fairgrounds Ave,https://www.loopnet.com/Listing/NEC-N-Fairgrounds-Ave-Windsor-CO/29890025/,"Windsor, CO 80528",0.74,483449.0,40.437732372143,-104.982630626628,4243.52,5000,M,84.87%,684,LARIMER COUNTY (131 trucks) | NOVUS AG LLC (444 trucks) | LOVELAND MUNICIPALITY (109 trucks),138000,16427,16806153.82,"$483,449.00"
Sol_080,11958 Lincoln Ave,https://www.loopnet.com/Listing/Lincoln-Ave-Parker-CO/39741118/,"Parker, CO 80138",0.86,495000.0,39.536519536914,-104.76116705724,4937.0,5000,M,98.74%,725,ACCELERATED SERVICES LLC (373 trucks) | CHERRY CREEK SCHOOLS (352 trucks),138000,16427,16806153.82,"$495,000.00"
Sol_080,2450 Curtis St,https://www.loopnet.com/Listing/2450-Curtis-St-Denver-CO/34878162/,"Denver, CO 80205",0.93,1930000.0,39.755035173034,-104.984190298703,4453.87,5000,M,89.08%,598,RES (149 trucks) | MPLX G&P (144 trucks) | COORS DISTRIBUTING COMPANY MILLER COORS LLC (105 trucks) | U S TRANSPORT INC (200 trucks),138000,16427,16806153.82,"$1,930,000.00"
Sol_080,3311 Ideal Drive Dr,https://www.loopnet.com/Listing/3311-Ideal-Drive-Dr-Frederick-CO/35744244/,"Frederick, CO 80516",1.0,949000.0,40.087044076103,-104.992966989518,4928.75,5000,M,98.58%,991,SUPREME TRANSPORT INC (183 trucks) | WARD ELECTRIC COMPANY INC (222 trucks) | CITY OF LONGMONT (211 trucks) | ST VRAIN VALLEY SCHOOL DISTRICT (174 trucks) | HEAT WAVES HOT OIL SERVICE LLC (201 trucks),138000,16427,16806153.82,"$949,000.00"
Sol_080,12015 Irma Dr,https://www.loopnet.com/Listing/12015-Irma-Dr-Northglenn-CO/34662093/,"Northglenn, CO 80241",1.0,1098017.0,39.918832606598,-104.965887826386,7349.780000000001,10000,L,73.50%,1428,ADAMS 12 FIVE STAR SCHOOLS (182 trucks) | TRI-STATE GENERATION & TRANSMISSION ASSOCIATION INC (321 trucks) | CITY OF THORNTON (208 trucks) | CITY OF THORNTON (174 trucks) | BALIC TRANSPORT INC (120 trucks) | ENVIRONMENTAL DESIGNS LLC (156 trucks) | SIM TRUCKING INC (120 trucks) | G&Z TRANSPORT LLC (147 trucks),138000,16427,16806153.82,"$1,098,017.00"
Sol_080,2120 University Park Blvd,https://www.loopnet.com/Listing/2120-University-Park-Blvd-Colorado-Springs-CO/27680798/,"Colorado Springs, CO 80918",1.02,295000.0,38.910590363159,-104.78892179429,5689.619999999999,10000,L,56.90%,1031,GOODWILL OF COLORADO (134 trucks) | CITY OF COLORADO SPRINGS (326 trucks) | VECTRUS SYSTEMS CORPORATION (185 trucks) | COLORADO SPRINGS SCHOOL DISTRICT 11 (130 trucks) | El PASO COUNTY (112 trucks) | MOUNTAIN METROPOLITAN TRANSIT (144 trucks),138000,16427,16806153.82,"$295,000.00"
Sol_080,Colfax Ave & Airport Blvd,https://www.loopnet.com/Listing/Colfax-Ave-Airport-Blvd-Aurora-CO/24946845/,"Aurora, CO 80011",1.1,955174.1,39.740269989586,-104.791334022205,8680.17,10000,L,86.80%,1261,METCO LANDSCAPING INC (226 trucks) | WAGNER EQUIPMENT CO (423 trucks) | AURORA PUBLIC SCHOOLS (127 trucks) | CITY OF AURORA (271 trucks) | SHAMROCK FOODS COMPANY (214 trucks),138000,16427,16806153.82,"$955,174.10"
Sol_080,4265 Santa Fe Dr,https://www.loopnet.com/Listing/4265-Santa-Fe-Dr-Sheridan-CO/30482164/,"Sheridan, CO 80110",1.17,1799000.0,39.63876696462,-105.007023340305,4209.639999999999,5000,M,84.19%,507,KEESEN ENTERPRISES INC (263 trucks) | QUALITY LOGISTICS INC (135 trucks) | PACIFIC SHIPPING & TRUCKING CO INC (109 trucks),138000,16427,16806153.82,"$1,799,000.00"
Sol_080,7099 S Kenton St,https://www.loopnet.com/Listing/7099-S-Kenton-St-Centennial-CO/6542016/,"Centennial, CO 80112",1.18,976600.0,39.588430849644,-104.861817781283,16997.23,20000,XL,84.99%,2298,HBSCO DANS TRASH AT YOUR DISPOSAL (110 trucks) | BUCKLEY POWDER CO (217 trucks) | IHC SCOTT INC (214 trucks) | ORICA USA INC (215 trucks) | GLOBAL TRANSPORTATION LLC (442 trucks) | CH2M OMI CH2MHILL JACOBS (183 trucks) | AMERICAN FURNITURE WAREHOUSE CO (340 trucks) | TERRACARE ASSOCIATES LLC (156 trucks) | ENTERPRISE RENT-A-CAR NATIONAL RENT A CAR ALAMO RENT A CAR (421 trucks),138000,16427,16806153.82,"$976,600.00"
Sol_080,6322 Ivanhoe St,https://www.loopnet.com/Listing/6322-Ivanhoe-St-Commerce-City-CO/30497175/,"Commerce City, CO 80022",1.24,1500000.0,39.811481968412,-104.920723282229,19512.55,20000,XL,97.56%,2643,UNITED SITE SERVICES OF NEVADA INC (409 trucks) | UNITED SITE SERVICES OF COLORADO INC (147 trucks) | OFFEN PETROLEUM LLC (269 trucks) | WESTERN DISTRIBUTING TRANSPORTATION CORP (155 trucks) | READY MIX CONCRETE COMPANY (191 trucks) | RMS CRANES (139 trucks) | EAGLE ROCK DISTRIBUTING COMPANY OF COLORADO LLC (148 trucks) | WASTE CONNECTIONS OF COLORADO INC (486 trucks) | SUPERSHUTTLE DENVER (125 trucks) | SURESHOT DRILLING LLC ATOZ FIELD SERVICES LLC DRILL TECH LLC PINNACLE DEVELOPMENT INC HDD SPECIALISTS LLC (135 trucks) | COCAL LANDSCAPE SERVICES INC (153 trucks) | WEST DIRECT OIL (140 trucks) | BURNCO COLORADO LLC (146 trucks),138000,16427,16806153.82,"$1,500,000.00"
Sol_080,765 Aspen Ridge Drive Dr,https://www.loopnet.com/Listing/765-Aspen-Ridge-Drive-Dr-Lafayette-CO/32931931/,"Lafayette, CO 80026",1.43,556000.0,40.006898203868,-105.107210150504,4585.06,5000,M,91.70%,619,BOULDER VALLEY SCHOOL DISTRICT RE-2 (134 trucks) | VIA MOBILITY SERVICES (196 trucks) | VIA MOBILITY SERVICES (116 trucks) | CU (173 trucks),138000,16427,16806153.82,"$556,000.00"
Sol_080,6109 W 48th Ave,https://www.loopnet.com/Listing/6109-W-48th-Ave-Wheat-Ridge-CO/32583003/,"Wheat Ridge, CO 80033",1.76,1141446.56,39.784078257989,-105.064430676896,5965.4,10000,L,59.65%,845,CITY OF ARVADA (100 trucks) | SITEWISE LLC (145 trucks) | COMPASS VEHICLE RENTAL INC (170 trucks) | COLD FRONT (121 trucks) | NAVAJO EXPRESS INC (309 trucks),138000,16427,16806153.82,"$1,141,446.56"
Sol_080,5480 Montana Vista Way,https://www.loopnet.com/Listing/5480-Montana-Vista-Way-Castle-Rock-CO/31324562/,"Castle Rock, CO 80108",2.0,1745643.0,39.413964345372,-104.86151758933,2577.81,5000,M,51.56%,389,TOWN OF CASTLE ROCK  (109 trucks) | GREAT SOUTHWESTERN CONSTRUCTION INC (280 trucks),138000,16427,16806153.82,"$1,745,643.00"
Sol_081,17160 W Colfax Ave,https://www.loopnet.com/Listing/17160-W-Colfax-Ave-Golden-CO/29520298/,"Golden, CO 80401",0.63,500000.0,39.722253633534,-105.192465086092,5488.67,10000,L,54.89%,807,ENIVIRONMENTAL LANDWORKS COMPANY INC (115 trucks) | HOLCIM WCR INC (298 trucks) | JEFFCO SCHOOLS (274 trucks) | JEFFERSON COUNTY (120 trucks),105000,11928,7668512.5600000005,"$500,000.00"
Sol_081,3401 S Yosemite St,https://www.loopnet.com/Listing/3401-S-Yosemite-St-Denver-CO/39837277/,"Denver, CO 80231",0.64,675000.0,39.654049416843,-104.88550562639,7298.1900000000005,10000,L,72.98%,1256,COMCAST (194 trucks) | SWINGLE TREE & LANDSCAPE CARE (135 trucks) | CITY LIGHT AND POWER INC (121 trucks) | WHEEL PROS LLC (182 trucks) | CITY OF AURORA (271 trucks) | AURORA PUBLIC SCHOOLS (127 trucks) | METCO LANDSCAPING INC (226 trucks),105000,11928,7668512.5600000005,"$675,000.00"
Sol_081,9190 W 84th Ave,https://www.loopnet.com/Listing/9190-W-84th-Ave-Arvada-CO/38160305/,"Arvada, CO 80005",0.67,499000.0,39.849854027782,-105.100317795342,2457.7,5000,M,49.15%,296,ALPINE MILLWORK COMPANY DBA ROCKY MOUNTAIN RELOAD (141 trucks) | GEOSTABILIZATION INTERNATIONAL LLC (155 trucks),105000,11928,7668512.5600000005,"$499,000.00"
Sol_081,NEC N Fairgrounds Ave,https://www.loopnet.com/Listing/NEC-N-Fairgrounds-Ave-Windsor-CO/29890025/,"Windsor, CO 80528",0.74,483449.0,40.437732372143,-104.982630626628,4243.52,5000,M,84.87%,684,LARIMER COUNTY (131 trucks) | NOVUS AG LLC (444 trucks) | LOVELAND MUNICIPALITY (109 trucks),105000,11928,7668512.5600000005,"$483,449.00"
Sol_081,11958 Lincoln Ave,https://www.loopnet.com/Listing/Lincoln-Ave-Parker-CO/39741118/,"Parker, CO 80138",0.86,495000.0,39.536519536914,-104.76116705724,4937.0,5000,M,98.74%,725,ACCELERATED SERVICES LLC (373 trucks) | CHERRY CREEK SCHOOLS (352 trucks),105000,11928,7668512.5600000005,"$495,000.00"
Sol_081,3311 Ideal Drive Dr,https://www.loopnet.com/Listing/3311-Ideal-Drive-Dr-Frederick-CO/35744244/,"Frederick, CO 80516",1.0,949000.0,40.087044076103,-104.992966989518,4928.75,5000,M,98.58%,991,SUPREME TRANSPORT INC (183 trucks) | WARD ELECTRIC COMPANY INC (222 trucks) | CITY OF LONGMONT (211 trucks) | ST VRAIN VALLEY SCHOOL DISTRICT (174 trucks) | HEAT WAVES HOT OIL SERVICE LLC (201 trucks),105000,11928,7668512.5600000005,"$949,000.00"
Sol_081,12015 Irma Dr,https://www.loopnet.com/Listing/12015-Irma-Dr-Northglenn-CO/34662093/,"Northglenn, CO 80241",1.0,1098017.0,39.918832606598,-104.965887826386,11460.82,20000,XL,57.30%,1983,ADAMS 12 FIVE STAR SCHOOLS (182 trucks) | TRI-STATE GENERATION & TRANSMISSION ASSOCIATION INC (321 trucks) | CITY OF THORNTON (208 trucks) | CITY OF THORNTON (174 trucks) | BALIC TRANSPORT INC (120 trucks) | BURNCO COLORADO LLC (146 trucks) | WEST DIRECT OIL (140 trucks) | OFFEN PETROLEUM LLC (269 trucks) | ENVIRONMENTAL DESIGNS LLC (156 trucks) | SIM TRUCKING INC (120 trucks) | G&Z TRANSPORT LLC (147 trucks),105000,11928,7668512.5600000005,"$1,098,017.00"
Sol_081,2120 University Park Blvd,https://www.loopnet.com/Listing/2120-University-Park-Blvd-Colorado-Springs-CO/27680798/,"Colorado Springs, CO 80918",1.02,295000.0,38.910590363159,-104.78892179429,5689.619999999999,10000,L,56.90%,1031,GOODWILL OF COLORADO (134 trucks) | CITY OF COLORADO SPRINGS (326 trucks) | VECTRUS SYSTEMS CORPORATION (185 trucks) | COLORADO SPRINGS SCHOOL DISTRICT 11 (130 trucks) | El PASO COUNTY (112 trucks) | MOUNTAIN METROPOLITAN TRANSIT (144 trucks),105000,11928,7668512.5600000005,"$295,000.00"
Sol_081,7099 S Kenton St,https://www.loopnet.com/Listing/7099-S-Kenton-St-Centennial-CO/6542016/,"Centennial, CO 80112",1.18,976600.0,39.588430849644,-104.861817781283,16997.23,20000,XL,84.99%,2298,HBSCO DANS TRASH AT YOUR DISPOSAL (110 trucks) | BUCKLEY POWDER CO (217 trucks) | IHC SCOTT INC (214 trucks) | ORICA USA INC (215 trucks) | GLOBAL TRANSPORTATION LLC (442 trucks) | CH2M OMI CH2MHILL JACOBS (183 trucks) | AMERICAN FURNITURE WAREHOUSE CO (340 trucks) | TERRACARE ASSOCIATES LLC (156 trucks) | ENTERPRISE RENT-A-CAR NATIONAL RENT A CAR ALAMO RENT A CAR (421 trucks),105000,11928,7668512.5600000005,"$976,600.00"
Sol_081,765 Aspen Ridge Drive Dr,https://www.loopnet.com/Listing/765-Aspen-Ridge-Drive-Dr-Lafayette-CO/32931931/,"Lafayette, CO 80026",1.43,556000.0,40.006898203868,-105.107210150504,4585.06,5000,M,91.70%,619,BOULDER VALLEY SCHOOL DISTRICT RE-2 (134 trucks) | VIA MOBILITY SERVICES (196 trucks) | VIA MOBILITY SERVICES (116 trucks) | CU (173 trucks),105000,11928,7668512.5600000005,"$556,000.00"
Sol_081,6109 W 48th Ave,https://www.loopnet.com/Listing/6109-W-48th-Ave-Wheat-Ridge-CO/32583003/,"Wheat Ridge, CO 80033",1.76,1141446.56,39.784078257989,-105.064430676896,8749.11,10000,L,87.49%,1238,CITY OF ARVADA (100 trucks) | SITEWISE LLC (145 trucks) | COMPASS VEHICLE RENTAL INC (170 trucks) | COORS DISTRIBUTING COMPANY MILLER COORS LLC (105 trucks) | COLD FRONT (121 trucks) | NAVAJO EXPRESS INC (309 trucks) | SURESHOT DRILLING LLC ATOZ FIELD SERVICES LLC DRILL TECH LLC PINNACLE DEVELOPMENT INC HDD SPECIALISTS LLC (135 trucks) | COCAL LANDSCAPE SERVICES INC (153 trucks),105000,11928,7668512.5600000005,"$1,141,446.56"
Sol_082,2300 W County Road 54G,https://www.loopnet.com/Listing/2300-W-County-Road-54G-Laporte-CO/33671750/,"Laporte, CO 80535",0.46,330000.0,40.625878828869,-105.117877128123,1931.6100000000001,2000,S,96.58%,528,Poudre School District  (243 trucks) | CITY OF FORT COLLINS (285 trucks),122000,14947,9998512.56,"$330,000.00"
Sol_082,17160 W Colfax Ave,https://www.loopnet.com/Listing/17160-W-Colfax-Ave-Golden-CO/29520298/,"Golden, CO 80401",0.63,500000.0,39.722253633534,-105.192465086092,5488.67,10000,L,54.89%,807,ENIVIRONMENTAL LANDWORKS COMPANY INC (115 trucks) | HOLCIM WCR INC (298 trucks) | JEFFCO SCHOOLS (274 trucks) | JEFFERSON COUNTY (120 trucks),122000,14947,9998512.56,"$500,000.00"
Sol_082,3401 S Yosemite St,https://www.loopnet.com/Listing/3401-S-Yosemite-St-Denver-CO/39837277/,"Denver, CO 80231",0.64,675000.0,39.654049416843,-104.88550562639,4128.9400000000005,5000,M,82.58%,632,COMCAST (194 trucks) | SWINGLE TREE & LANDSCAPE CARE (135 trucks) | CITY LIGHT AND POWER INC (121 trucks) | WHEEL PROS LLC (182 trucks),122000,14947,9998512.56,"$675,000.00"
Sol_082,9190 W 84th Ave,https://www.loopnet.com/Listing/9190-W-84th-Ave-Arvada-CO/38160305/,"Arvada, CO 80005",0.67,499000.0,39.849854027782,-105.100317795342,2457.7,5000,M,49.15%,296,ALPINE MILLWORK COMPANY DBA ROCKY MOUNTAIN RELOAD (141 trucks) | GEOSTABILIZATION INTERNATIONAL LLC (155 trucks),122000,14947,9998512.56,"$499,000.00"
Sol_082,496 Laredo st,https://www.loopnet.com/Listing/496-Laredo-st-Aurora-CO/38708025/,"Aurora, CO 80011",0.7,500000.0,39.724337332754,-104.800258318335,8680.17,10000,L,86.80%,1261,AURORA PUBLIC SCHOOLS (127 trucks) | CITY OF AURORA (271 trucks) | METCO LANDSCAPING INC (226 trucks) | WAGNER EQUIPMENT CO (423 trucks) | SHAMROCK FOODS COMPANY (214 trucks),122000,14947,9998512.56,"$500,000.00"
Sol_082,NEC N Fairgrounds Ave,https://www.loopnet.com/Listing/NEC-N-Fairgrounds-Ave-Windsor-CO/29890025/,"Windsor, CO 80528",0.74,483449.0,40.437732372143,-104.982630626628,4243.52,5000,M,84.87%,684,LARIMER COUNTY (131 trucks) | NOVUS AG LLC (444 trucks) | LOVELAND MUNICIPALITY (109 trucks),122000,14947,9998512.56,"$483,449.00"
Sol_082,11958 Lincoln Ave,https://www.loopnet.com/Listing/Lincoln-Ave-Parker-CO/39741118/,"Parker, CO 80138",0.86,495000.0,39.536519536914,-104.76116705724,4937.0,5000,M,98.74%,725,ACCELERATED SERVICES LLC (373 trucks) | CHERRY CREEK SCHOOLS (352 trucks),122000,14947,9998512.56,"$495,000.00"
Sol_082,3311 Ideal Drive Dr,https://www.loopnet.com/Listing/3311-Ideal-Drive-Dr-Frederick-CO/35744244/,"Frederick, CO 80516",1.0,949000.0,40.087044076103,-104.992966989518,4928.75,5000,M,98.58%,991,SUPREME TRANSPORT INC (183 trucks) | WARD ELECTRIC COMPANY INC (222 trucks) | CITY OF LONGMONT (211 trucks) | ST VRAIN VALLEY SCHOOL DISTRICT (174 trucks) | HEAT WAVES HOT OIL SERVICE LLC (201 trucks),122000,14947,9998512.56,"$949,000.00"
Sol_082,12015 Irma Dr,https://www.loopnet.com/Listing/12015-Irma-Dr-Northglenn-CO/34662093/,"Northglenn, CO 80241",1.0,1098017.0,39.918832606598,-104.965887826386,7349.780000000001,10000,L,73.50%,1428,ADAMS 12 FIVE STAR SCHOOLS (182 trucks) | TRI-STATE GENERATION & TRANSMISSION ASSOCIATION INC (321 trucks) | CITY OF THORNTON (208 trucks) | CITY OF THORNTON (174 trucks) | BALIC TRANSPORT INC (120 trucks) | ENVIRONMENTAL DESIGNS LLC (156 trucks) | SIM TRUCKING INC (120 trucks) | G&Z TRANSPORT LLC (147 trucks),122000,14947,9998512.56,"$1,098,017.00"
Sol_082,2120 University Park Blvd,https://www.loopnet.com/Listing/2120-University-Park-Blvd-Colorado-Springs-CO/27680798/,"Colorado Springs, CO 80918",1.02,295000.0,38.910590363159,-104.78892179429,5689.619999999999,10000,L,56.90%,1031,GOODWILL OF COLORADO (134 trucks) | CITY OF COLORADO SPRINGS (326 trucks) | VECTRUS SYSTEMS CORPORATION (185 trucks) | COLORADO SPRINGS SCHOOL DISTRICT 11 (130 trucks) | El PASO COUNTY (112 trucks) | MOUNTAIN METROPOLITAN TRANSIT (144 trucks),122000,14947,9998512.56,"$295,000.00"
Sol_082,7099 S Kenton St,https://www.loopnet.com/Listing/7099-S-Kenton-St-Centennial-CO/6542016/,"Centennial, CO 80112",1.18,976600.0,39.588430849644,-104.861817781283,16997.23,20000,XL,84.99%,2298,HBSCO DANS TRASH AT YOUR DISPOSAL (110 trucks) | BUCKLEY POWDER CO (217 trucks) | IHC SCOTT INC (214 trucks) | ORICA USA INC (215 trucks) | GLOBAL TRANSPORTATION LLC (442 trucks) | CH2M OMI CH2MHILL JACOBS (183 trucks) | AMERICAN FURNITURE WAREHOUSE CO (340 trucks) | TERRACARE ASSOCIATES LLC (156 trucks) | ENTERPRISE RENT-A-CAR NATIONAL RENT A CAR ALAMO RENT A CAR (421 trucks),122000,14947,9998512.56,"$976,600.00"
Sol_082,6322 Ivanhoe St,https://www.loopnet.com/Listing/6322-Ivanhoe-St-Commerce-City-CO/30497175/,"Commerce City, CO 80022",1.24,1500000.0,39.811481968412,-104.920723282229,19960.92,20000,XL,99.80%,2697,UNITED SITE SERVICES OF NEVADA INC (409 trucks) | UNITED SITE SERVICES OF COLORADO INC (147 trucks) | OFFEN PETROLEUM LLC (269 trucks) | WESTERN DISTRIBUTING TRANSPORTATION CORP (155 trucks) | READY MIX CONCRETE COMPANY (191 trucks) | RMS CRANES (139 trucks) | EAGLE ROCK DISTRIBUTING COMPANY OF COLORADO LLC (148 trucks) | WASTE CONNECTIONS OF COLORADO INC (486 trucks) | SUPERSHUTTLE DENVER (125 trucks) | SURESHOT DRILLING LLC ATOZ FIELD SERVICES LLC DRILL TECH LLC PINNACLE DEVELOPMENT INC HDD SPECIALISTS LLC (135 trucks) | COCAL LANDSCAPE SERVICES INC (153 trucks) | U S TRANSPORT INC (200 trucks) | WEST DIRECT OIL (140 trucks),122000,14947,9998512.56,"$1,500,000.00"
Sol_082,765 Aspen Ridge Drive Dr,https://www.loopnet.com/Listing/765-Aspen-Ridge-Drive-Dr-Lafayette-CO/32931931/,"Lafayette, CO 80026",1.43,556000.0,40.006898203868,-105.107210150504,4585.06,5000,M,91.70%,619,BOULDER VALLEY SCHOOL DISTRICT RE-2 (134 trucks) | VIA MOBILITY SERVICES (196 trucks) | VIA MOBILITY SERVICES (116 trucks) | CU (173 trucks),122000,14947,9998512.56,"$556,000.00"
Sol_082,6109 W 48th Ave,https://www.loopnet.com/Listing/6109-W-48th-Ave-Wheat-Ridge-CO/32583003/,"Wheat Ridge, CO 80033",1.76,1141446.56,39.784078257989,-105.064430676896,6837.22,10000,L,68.37%,950,CITY OF ARVADA (100 trucks) | SITEWISE LLC (145 trucks) | COMPASS VEHICLE RENTAL INC (170 trucks) | COORS DISTRIBUTING COMPANY MILLER COORS LLC (105 trucks) | COLD FRONT (121 trucks) | NAVAJO EXPRESS INC (309 trucks),122000,14947,9998512.56,"$1,141,446.56"
Sol_083,2300 W County Road 54G,https://www.loopnet.com/Listing/2300-W-County-Road-54G-Laporte-CO/33671750/,"Laporte, CO 80535",0.46,330000.0,40.625878828869,-105.117877128123,1931.6100000000001,2000,S,96.58%,528,Poudre School District  (243 trucks) | CITY OF FORT COLLINS (285 trucks),112000,13089,8347512.5600000005,"$330,000.00"
Sol_083,17160 W Colfax Ave,https://www.loopnet.com/Listing/17160-W-Colfax-Ave-Golden-CO/29520298/,"Golden, CO 80401",0.63,500000.0,39.722253633534,-105.192465086092,5488.67,10000,L,54.89%,807,ENIVIRONMENTAL LANDWORKS COMPANY INC (115 trucks) | HOLCIM WCR INC (298 trucks) | JEFFCO SCHOOLS (274 trucks) | JEFFERSON COUNTY (120 trucks),112000,13089,8347512.5600000005,"$500,000.00"
Sol_083,3401 S Yosemite St,https://www.loopnet.com/Listing/3401-S-Yosemite-St-Denver-CO/39837277/,"Denver, CO 80231",0.64,675000.0,39.654049416843,-104.88550562639,7298.1900000000005,10000,L,72.98%,1256,COMCAST (194 trucks) | SWINGLE TREE & LANDSCAPE CARE (135 trucks) | CITY LIGHT AND POWER INC (121 trucks) | WHEEL PROS LLC (182 trucks) | CITY OF AURORA (271 trucks) | AURORA PUBLIC SCHOOLS (127 trucks) | METCO LANDSCAPING INC (226 trucks),112000,13089,8347512.5600000005,"$675,000.00"
Sol_083,9190 W 84th Ave,https://www.loopnet.com/Listing/9190-W-84th-Ave-Arvada-CO/38160305/,"Arvada, CO 80005",0.67,499000.0,39.849854027782,-105.100317795342,2457.7,5000,M,49.15%,296,ALPINE MILLWORK COMPANY DBA ROCKY MOUNTAIN RELOAD (141 trucks) | GEOSTABILIZATION INTERNATIONAL LLC (155 trucks),112000,13089,8347512.5600000005,"$499,000.00"
Sol_083,NEC N Fairgrounds Ave,https://www.loopnet.com/Listing/NEC-N-Fairgrounds-Ave-Windsor-CO/29890025/,"Windsor, CO 80528",0.74,483449.0,40.437732372143,-104.982630626628,4243.52,5000,M,84.87%,684,LARIMER COUNTY (131 trucks) | NOVUS AG LLC (444 trucks) | LOVELAND MUNICIPALITY (109 trucks),112000,13089,8347512.5600000005,"$483,449.00"
Sol_083,11958 Lincoln Ave,https://www.loopnet.com/Listing/Lincoln-Ave-Parker-CO/39741118/,"Parker, CO 80138",0.86,495000.0,39.536519536914,-104.76116705724,4937.0,5000,M,98.74%,725,ACCELERATED SERVICES LLC (373 trucks) | CHERRY CREEK SCHOOLS (352 trucks),112000,13089,8347512.5600000005,"$495,000.00"
Sol_083,3311 Ideal Drive Dr,https://www.loopnet.com/Listing/3311-Ideal-Drive-Dr-Frederick-CO/35744244/,"Frederick, CO 80516",1.0,949000.0,40.087044076103,-104.992966989518,4928.75,5000,M,98.58%,991,SUPREME TRANSPORT INC (183 trucks) | WARD ELECTRIC COMPANY INC (222 trucks) | CITY OF LONGMONT (211 trucks) | ST VRAIN VALLEY SCHOOL DISTRICT (174 trucks) | HEAT WAVES HOT OIL SERVICE LLC (201 trucks),112000,13089,8347512.5600000005,"$949,000.00"
Sol_083,12015 Irma Dr,https://www.loopnet.com/Listing/12015-Irma-Dr-Northglenn-CO/34662093/,"Northglenn, CO 80241",1.0,1098017.0,39.918832606598,-104.965887826386,8340.789999999999,10000,L,83.41%,1332,ADAMS 12 FIVE STAR SCHOOLS (182 trucks) | TRI-STATE GENERATION & TRANSMISSION ASSOCIATION INC (321 trucks) | BALIC TRANSPORT INC (120 trucks) | BURNCO COLORADO LLC (146 trucks) | WEST DIRECT OIL (140 trucks) | ENVIRONMENTAL DESIGNS LLC (156 trucks) | SIM TRUCKING INC (120 trucks) | G&Z TRANSPORT LLC (147 trucks),112000,13089,8347512.5600000005,"$1,098,017.00"
Sol_083,2120 University Park Blvd,https://www.loopnet.com/Listing/2120-University-Park-Blvd-Colorado-Springs-CO/27680798/,"Colorado Springs, CO 80918",1.02,295000.0,38.910590363159,-104.78892179429,5689.619999999999,10000,L,56.90%,1031,GOODWILL OF COLORADO (134 trucks) | CITY OF COLORADO SPRINGS (326 trucks) | VECTRUS SYSTEMS CORPORATION (185 trucks) | COLORADO SPRINGS SCHOOL DISTRICT 11 (130 trucks) | El PASO COUNTY (112 trucks) | MOUNTAIN METROPOLITAN TRANSIT (144 trucks),112000,13089,8347512.5600000005,"$295,000.00"
Sol_083,7099 S Kenton St,https://www.loopnet.com/Listing/7099-S-Kenton-St-Centennial-CO/6542016/,"Centennial, CO 80112",1.18,976600.0,39.588430849644,-104.861817781283,16997.23,20000,XL,84.99%,2298,HBSCO DANS TRASH AT YOUR DISPOSAL (110 trucks) | BUCKLEY POWDER CO (217 trucks) | IHC SCOTT INC (214 trucks) | ORICA USA INC (215 trucks) | GLOBAL TRANSPORTATION LLC (442 trucks) | CH2M OMI CH2MHILL JACOBS (183 trucks) | AMERICAN FURNITURE WAREHOUSE CO (340 trucks) | TERRACARE ASSOCIATES LLC (156 trucks) | ENTERPRISE RENT-A-CAR NATIONAL RENT A CAR ALAMO RENT A CAR (421 trucks),112000,13089,8347512.5600000005,"$976,600.00"
Sol_083,8850 Huron St,https://www.loopnet.com/Listing/8850-Huron-St-Thornton-CO/33061072/,"Thornton, CO 80260",1.26,349000.0,39.858426283979,-104.995662022846,14618.029999999999,20000,XL,73.09%,2002,CITY OF THORNTON (208 trucks) | CITY OF THORNTON (174 trucks) | COCAL LANDSCAPE SERVICES INC (153 trucks) | COLD FRONT (121 trucks) | READY MIX CONCRETE COMPANY (191 trucks) | NAVAJO EXPRESS INC (309 trucks) | WESTERN DISTRIBUTING TRANSPORTATION CORP (155 trucks) | RMS CRANES (139 trucks) | SURESHOT DRILLING LLC ATOZ FIELD SERVICES LLC DRILL TECH LLC PINNACLE DEVELOPMENT INC HDD SPECIALISTS LLC (135 trucks) | EAGLE ROCK DISTRIBUTING COMPANY OF COLORADO LLC (148 trucks) | OFFEN PETROLEUM LLC (269 trucks),112000,13089,8347512.5600000005,"$349,000.00"
Sol_083,765 Aspen Ridge Drive Dr,https://www.loopnet.com/Listing/765-Aspen-Ridge-Drive-Dr-Lafayette-CO/32931931/,"Lafayette, CO 80026",1.43,556000.0,40.006898203868,-105.107210150504,4585.06,5000,M,91.70%,619,BOULDER VALLEY SCHOOL DISTRICT RE-2 (134 trucks) | VIA MOBILITY SERVICES (196 trucks) | VIA MOBILITY SERVICES (116 trucks) | CU (173 trucks),112000,13089,8347512.5600000005,"$556,000.00"
Sol_083,6109 W 48th Ave,https://www.loopnet.com/Listing/6109-W-48th-Ave-Wheat-Ridge-CO/32583003/,"Wheat Ridge, CO 80033",1.76,1141446.56,39.784078257989,-105.064430676896,2821.09,5000,M,56.42%,520,CITY OF ARVADA (100 trucks) | SITEWISE LLC (145 trucks) | COMPASS VEHICLE RENTAL INC (170 trucks) | COORS DISTRIBUTING COMPANY MILLER COORS LLC (105 trucks),112000,13089,8347512.5600000005,"$1,141,446.56"
Sol_084,17160 W Colfax Ave,https://www.loopnet.com/Listing/17160-W-Colfax-Ave-Golden-CO/29520298/,"Golden, CO 80401",0.63,500000.0,39.722253633534,-105.192465086092,5488.67,10000,L,54.89%,807,ENIVIRONMENTAL LANDWORKS COMPANY INC (115 trucks) | HOLCIM WCR INC (298 trucks) | JEFFCO SCHOOLS (274 trucks) | JEFFERSON COUNTY (120 trucks),120000,13639,8719512.56,"$500,000.00"
Sol_084,3401 S Yosemite St,https://www.loopnet.com/Listing/3401-S-Yosemite-St-Denver-CO/39837277/,"Denver, CO 80231",0.64,675000.0,39.654049416843,-104.88550562639,4128.9400000000005,5000,M,82.58%,632,COMCAST (194 trucks) | SWINGLE TREE & LANDSCAPE CARE (135 trucks) | CITY LIGHT AND POWER INC (121 trucks) | WHEEL PROS LLC (182 trucks),120000,13639,8719512.56,"$675,000.00"
Sol_084,9190 W 84th Ave,https://www.loopnet.com/Listing/9190-W-84th-Ave-Arvada-CO/38160305/,"Arvada, CO 80005",0.67,499000.0,39.849854027782,-105.100317795342,2457.7,5000,M,49.15%,296,ALPINE MILLWORK COMPANY DBA ROCKY MOUNTAIN RELOAD (141 trucks) | GEOSTABILIZATION INTERNATIONAL LLC (155 trucks),120000,13639,8719512.56,"$499,000.00"
Sol_084,496 Laredo st,https://www.loopnet.com/Listing/496-Laredo-st-Aurora-CO/38708025/,"Aurora, CO 80011",0.7,500000.0,39.724337332754,-104.800258318335,8680.17,10000,L,86.80%,1261,AURORA PUBLIC SCHOOLS (127 trucks) | CITY OF AURORA (271 trucks) | METCO LANDSCAPING INC (226 trucks) | WAGNER EQUIPMENT CO (423 trucks) | SHAMROCK FOODS COMPANY (214 trucks),120000,13639,8719512.56,"$500,000.00"
Sol_084,NEC N Fairgrounds Ave,https://www.loopnet.com/Listing/NEC-N-Fairgrounds-Ave-Windsor-CO/29890025/,"Windsor, CO 80528",0.74,483449.0,40.437732372143,-104.982630626628,4243.52,5000,M,84.87%,684,LARIMER COUNTY (131 trucks) | NOVUS AG LLC (444 trucks) | LOVELAND MUNICIPALITY (109 trucks),120000,13639,8719512.56,"$483,449.00"
Sol_084,11958 Lincoln Ave,https://www.loopnet.com/Listing/Lincoln-Ave-Parker-CO/39741118/,"Parker, CO 80138",0.86,495000.0,39.536519536914,-104.76116705724,4937.0,5000,M,98.74%,725,ACCELERATED SERVICES LLC (373 trucks) | CHERRY CREEK SCHOOLS (352 trucks),120000,13639,8719512.56,"$495,000.00"
Sol_084,12015 Irma Dr,https://www.loopnet.com/Listing/12015-Irma-Dr-Northglenn-CO/34662093/,"Northglenn, CO 80241",1.0,1098017.0,39.918832606598,-104.965887826386,7349.780000000001,10000,L,73.50%,1428,ADAMS 12 FIVE STAR SCHOOLS (182 trucks) | TRI-STATE GENERATION & TRANSMISSION ASSOCIATION INC (321 trucks) | CITY OF THORNTON (208 trucks) | CITY OF THORNTON (174 trucks) | BALIC TRANSPORT INC (120 trucks) | ENVIRONMENTAL DESIGNS LLC (156 trucks) | SIM TRUCKING INC (120 trucks) | G&Z TRANSPORT LLC (147 trucks),120000,13639,8719512.56,"$1,098,017.00"
Sol_084,2120 University Park Blvd,https://www.loopnet.com/Listing/2120-University-Park-Blvd-Colorado-Springs-CO/27680798/,"Colorado Springs, CO 80918",1.02,295000.0,38.910590363159,-104.78892179429,5689.619999999999,10000,L,56.90%,1031,GOODWILL OF COLORADO (134 trucks) | CITY OF COLORADO SPRINGS (326 trucks) | VECTRUS SYSTEMS CORPORATION (185 trucks) | COLORADO SPRINGS SCHOOL DISTRICT 11 (130 trucks) | El PASO COUNTY (112 trucks) | MOUNTAIN METROPOLITAN TRANSIT (144 trucks),120000,13639,8719512.56,"$295,000.00"
Sol_084,7099 S Kenton St,https://www.loopnet.com/Listing/7099-S-Kenton-St-Centennial-CO/6542016/,"Centennial, CO 80112",1.18,976600.0,39.588430849644,-104.861817781283,16997.23,20000,XL,84.99%,2298,HBSCO DANS TRASH AT YOUR DISPOSAL (110 trucks) | BUCKLEY POWDER CO (217 trucks) | IHC SCOTT INC (214 trucks) | ORICA USA INC (215 trucks) | GLOBAL TRANSPORTATION LLC (442 trucks) | CH2M OMI CH2MHILL JACOBS (183 trucks) | AMERICAN FURNITURE WAREHOUSE CO (340 trucks) | TERRACARE ASSOCIATES LLC (156 trucks) | ENTERPRISE RENT-A-CAR NATIONAL RENT A CAR ALAMO RENT A CAR (421 trucks),120000,13639,8719512.56,"$976,600.00"
Sol_084,6322 Ivanhoe St,https://www.loopnet.com/Listing/6322-Ivanhoe-St-Commerce-City-CO/30497175/,"Commerce City, CO 80022",1.24,1500000.0,39.811481968412,-104.920723282229,19960.92,20000,XL,99.80%,2697,UNITED SITE SERVICES OF NEVADA INC (409 trucks) | UNITED SITE SERVICES OF COLORADO INC (147 trucks) | OFFEN PETROLEUM LLC (269 trucks) | WESTERN DISTRIBUTING TRANSPORTATION CORP (155 trucks) | READY MIX CONCRETE COMPANY (191 trucks) | RMS CRANES (139 trucks) | EAGLE ROCK DISTRIBUTING COMPANY OF COLORADO LLC (148 trucks) | WASTE CONNECTIONS OF COLORADO INC (486 trucks) | SUPERSHUTTLE DENVER (125 trucks) | SURESHOT DRILLING LLC ATOZ FIELD SERVICES LLC DRILL TECH LLC PINNACLE DEVELOPMENT INC HDD SPECIALISTS LLC (135 trucks) | COCAL LANDSCAPE SERVICES INC (153 trucks) | U S TRANSPORT INC (200 trucks) | WEST DIRECT OIL (140 trucks),120000,13639,8719512.56,"$1,500,000.00"
Sol_084,765 Aspen Ridge Drive Dr,https://www.loopnet.com/Listing/765-Aspen-Ridge-Drive-Dr-Lafayette-CO/32931931/,"Lafayette, CO 80026",1.43,556000.0,40.006898203868,-105.107210150504,5074.7300000000005,10000,L,50.75%,830,BOULDER VALLEY SCHOOL DISTRICT RE-2 (134 trucks) | VIA MOBILITY SERVICES (196 trucks) | VIA MOBILITY SERVICES (116 trucks) | CU (173 trucks) | CITY OF LONGMONT (211 trucks),120000,13639,8719512.56,"$556,000.00"
Sol_084,6109 W 48th Ave,https://www.loopnet.com/Listing/6109-W-48th-Ave-Wheat-Ridge-CO/32583003/,"Wheat Ridge, CO 80033",1.76,1141446.56,39.784078257989,-105.064430676896,6837.22,10000,L,68.37%,950,CITY OF ARVADA (100 trucks) | SITEWISE LLC (145 trucks) | COMPASS VEHICLE RENTAL INC (170 trucks) | COORS DISTRIBUTING COMPANY MILLER COORS LLC (105 trucks) | COLD FRONT (121 trucks) | NAVAJO EXPRESS INC (309 trucks),120000,13639,8719512.56,"$1,141,446.56"
Sol_085,2300 W County Road 54G,https://www.loopnet.com/Listing/2300-W-County-Road-54G-Laporte-CO/33671750/,"Laporte, CO 80535",0.46,330000.0,40.625878828869,-105.117877128123,1931.6100000000001,2000,S,96.58%,528,Poudre School District  (243 trucks) | CITY OF FORT COLLINS (285 trucks),128000,15238,11456336.72,"$330,000.00"
Sol_085,17160 W Colfax Ave,https://www.loopnet.com/Listing/17160-W-Colfax-Ave-Golden-CO/29520298/,"Golden, CO 80401",0.63,500000.0,39.722253633534,-105.192465086092,5488.67,10000,L,54.89%,807,ENIVIRONMENTAL LANDWORKS COMPANY INC (115 trucks) | HOLCIM WCR INC (298 trucks) | JEFFCO SCHOOLS (274 trucks) | JEFFERSON COUNTY (120 trucks),128000,15238,11456336.72,"$500,000.00"
Sol_085,3401 S Yosemite St,https://www.loopnet.com/Listing/3401-S-Yosemite-St-Denver-CO/39837277/,"Denver, CO 80231",0.64,675000.0,39.654049416843,-104.88550562639,4128.9400000000005,5000,M,82.58%,632,COMCAST (194 trucks) | SWINGLE TREE & LANDSCAPE CARE (135 trucks) | CITY LIGHT AND POWER INC (121 trucks) | WHEEL PROS LLC (182 trucks),128000,15238,11456336.72,"$675,000.00"
Sol_085,Highway 34 Business & 83rd Avenue,https://www.loopnet.com/Listing/Highway-34-Business-83rd-Avenue-Greeley-CO/27017249/,"Greeley, CO 80634",0.66,877824.16,40.421498483243,-104.813483201346,336.5,1000,XS,33.65%,145,WELD COUNTY PUBLIC WORKS DEPARTMENT (145 trucks),128000,15238,11456336.72,"$877,824.16"
Sol_085,9190 W 84th Ave,https://www.loopnet.com/Listing/9190-W-84th-Ave-Arvada-CO/38160305/,"Arvada, CO 80005",0.67,499000.0,39.849854027782,-105.100317795342,2457.7,5000,M,49.15%,296,ALPINE MILLWORK COMPANY DBA ROCKY MOUNTAIN RELOAD (141 trucks) | GEOSTABILIZATION INTERNATIONAL LLC (155 trucks),128000,15238,11456336.72,"$499,000.00"
Sol_085,496 Laredo st,https://www.loopnet.com/Listing/496-Laredo-st-Aurora-CO/38708025/,"Aurora, CO 80011",0.7,500000.0,39.724337332754,-104.800258318335,8680.17,10000,L,86.80%,1261,AURORA PUBLIC SCHOOLS (127 trucks) | CITY OF AURORA (271 trucks) | METCO LANDSCAPING INC (226 trucks) | WAGNER EQUIPMENT CO (423 trucks) | SHAMROCK FOODS COMPANY (214 trucks),128000,15238,11456336.72,"$500,000.00"
Sol_085,NEC N Fairgrounds Ave,https://www.loopnet.com/Listing/NEC-N-Fairgrounds-Ave-Windsor-CO/29890025/,"Windsor, CO 80528",0.74,483449.0,40.437732372143,-104.982630626628,4243.52,5000,M,84.87%,684,LARIMER COUNTY (131 trucks) | NOVUS AG LLC (444 trucks) | LOVELAND MUNICIPALITY (109 trucks),128000,15238,11456336.72,"$483,449.00"
Sol_085,11958 Lincoln Ave,https://www.loopnet.com/Listing/Lincoln-Ave-Parker-CO/39741118/,"Parker, CO 80138",0.86,495000.0,39.536519536914,-104.76116705724,4937.0,5000,M,98.74%,725,ACCELERATED SERVICES LLC (373 trucks) | CHERRY CREEK SCHOOLS (352 trucks),128000,15238,11456336.72,"$495,000.00"
Sol_085,12353 E 104th Pl,https://www.loopnet.com/Listing/12353-E-104th-Pl-Commerce-City-CO/39324469/,"Commerce City, CO 80022",0.95,580000.0,39.886646182224,-104.843759389987,5864.049999999999,10000,L,58.64%,829,ENVIRONMENTAL DESIGNS LLC (156 trucks) | BALIC TRANSPORT INC (120 trucks) | BURNCO COLORADO LLC (146 trucks) | WEST DIRECT OIL (140 trucks) | SIM TRUCKING INC (120 trucks) | G&Z TRANSPORT LLC (147 trucks),128000,15238,11456336.72,"$580,000.00"
Sol_085,3311 Ideal Drive Dr,https://www.loopnet.com/Listing/3311-Ideal-Drive-Dr-Frederick-CO/35744244/,"Frederick, CO 80516",1.0,949000.0,40.087044076103,-104.992966989518,4928.75,5000,M,98.58%,991,SUPREME TRANSPORT INC (183 trucks) | WARD ELECTRIC COMPANY INC (222 trucks) | CITY OF LONGMONT (211 trucks) | ST VRAIN VALLEY SCHOOL DISTRICT (174 trucks) | HEAT WAVES HOT OIL SERVICE LLC (201 trucks),128000,15238,11456336.72,"$949,000.00"
Sol_085,12015 Irma Dr,https://www.loopnet.com/Listing/12015-Irma-Dr-Northglenn-CO/34662093/,"Northglenn, CO 80241",1.0,1098017.0,39.918832606598,-104.965887826386,3363.2500000000005,5000,M,67.27%,885,ADAMS 12 FIVE STAR SCHOOLS (182 trucks) | TRI-STATE GENERATION & TRANSMISSION ASSOCIATION INC (321 trucks) | CITY OF THORNTON (208 trucks) | CITY OF THORNTON (174 trucks),128000,15238,11456336.72,"$1,098,017.00"
Sol_085,2120 University Park Blvd,https://www.loopnet.com/Listing/2120-University-Park-Blvd-Colorado-Springs-CO/27680798/,"Colorado Springs, CO 80918",1.02,295000.0,38.910590363159,-104.78892179429,5689.619999999999,10000,L,56.90%,1031,GOODWILL OF COLORADO (134 trucks) | CITY OF COLORADO SPRINGS (326 trucks) | VECTRUS SYSTEMS CORPORATION (185 trucks) | COLORADO SPRINGS SCHOOL DISTRICT 11 (130 trucks) | El PASO COUNTY (112 trucks) | MOUNTAIN METROPOLITAN TRANSIT (144 trucks),128000,15238,11456336.72,"$295,000.00"
Sol_085,7099 S Kenton St,https://www.loopnet.com/Listing/7099-S-Kenton-St-Centennial-CO/6542016/,"Centennial, CO 80112",1.18,976600.0,39.588430849644,-104.861817781283,16997.23,20000,XL,84.99%,2298,HBSCO DANS TRASH AT YOUR DISPOSAL (110 trucks) | BUCKLEY POWDER CO (217 trucks) | IHC SCOTT INC (214 trucks) | ORICA USA INC (215 trucks) | GLOBAL TRANSPORTATION LLC (442 trucks) | CH2M OMI CH2MHILL JACOBS (183 trucks) | AMERICAN FURNITURE WAREHOUSE CO (340 trucks) | TERRACARE ASSOCIATES LLC (156 trucks) | ENTERPRISE RENT-A-CAR NATIONAL RENT A CAR ALAMO RENT A CAR (421 trucks),128000,15238,11456336.72,"$976,600.00"
Sol_085,6322 Ivanhoe St,https://www.loopnet.com/Listing/6322-Ivanhoe-St-Commerce-City-CO/30497175/,"Commerce City, CO 80022",1.24,1500000.0,39.811481968412,-104.920723282229,19295.64,20000,XL,96.48%,2557,UNITED SITE SERVICES OF NEVADA INC (409 trucks) | UNITED SITE SERVICES OF COLORADO INC (147 trucks) | OFFEN PETROLEUM LLC (269 trucks) | WESTERN DISTRIBUTING TRANSPORTATION CORP (155 trucks) | READY MIX CONCRETE COMPANY (191 trucks) | RMS CRANES (139 trucks) | EAGLE ROCK DISTRIBUTING COMPANY OF COLORADO LLC (148 trucks) | WASTE CONNECTIONS OF COLORADO INC (486 trucks) | SUPERSHUTTLE DENVER (125 trucks) | SURESHOT DRILLING LLC ATOZ FIELD SERVICES LLC DRILL TECH LLC PINNACLE DEVELOPMENT INC HDD SPECIALISTS LLC (135 trucks) | COCAL LANDSCAPE SERVICES INC (153 trucks) | U S TRANSPORT INC (200 trucks),128000,15238,11456336.72,"$1,500,000.00"
Sol_085,765 Aspen Ridge Drive Dr,https://www.loopnet.com/Listing/765-Aspen-Ridge-Drive-Dr-Lafayette-CO/32931931/,"Lafayette, CO 80026",1.43,556000.0,40.006898203868,-105.107210150504,4585.06,5000,M,91.70%,619,BOULDER VALLEY SCHOOL DISTRICT RE-2 (134 trucks) | VIA MOBILITY SERVICES (196 trucks) | VIA MOBILITY SERVICES (116 trucks) | CU (173 trucks),128000,15238,11456336.72,"$556,000.00"
Sol_085,6109 W 48th Ave,https://www.loopnet.com/Listing/6109-W-48th-Ave-Wheat-Ridge-CO/32583003/,"Wheat Ridge, CO 80033",1.76,1141446.56,39.784078257989,-105.064430676896,6837.22,10000,L,68.37%,950,CITY OF ARVADA (100 trucks) | SITEWISE LLC (145 trucks) | COMPASS VEHICLE RENTAL INC (170 trucks) | COORS DISTRIBUTING COMPANY MILLER COORS LLC (105 trucks) | COLD FRONT (121 trucks) | NAVAJO EXPRESS INC (309 trucks),128000,15238,11456336.72,"$1,141,446.56"
Sol_086,2300 W County Road 54G,https://www.loopnet.com/Listing/2300-W-County-Road-54G-Laporte-CO/33671750/,"Laporte, CO 80535",0.46,330000.0,40.625878828869,-105.117877128123,1931.6100000000001,2000,S,96.58%,528,Poudre School District  (243 trucks) | CITY OF FORT COLLINS (285 trucks),107000,11676,7049512.5600000005,"$330,000.00"
Sol_086,17160 W Colfax Ave,https://www.loopnet.com/Listing/17160-W-Colfax-Ave-Golden-CO/29520298/,"Golden, CO 80401",0.63,500000.0,39.722253633534,-105.192465086092,5488.67,10000,L,54.89%,807,ENIVIRONMENTAL LANDWORKS COMPANY INC (115 trucks) | HOLCIM WCR INC (298 trucks) | JEFFCO SCHOOLS (274 trucks) | JEFFERSON COUNTY (120 trucks),107000,11676,7049512.5600000005,"$500,000.00"
Sol_086,3401 S Yosemite St,https://www.loopnet.com/Listing/3401-S-Yosemite-St-Denver-CO/39837277/,"Denver, CO 80231",0.64,675000.0,39.654049416843,-104.88550562639,7298.1900000000005,10000,L,72.98%,1256,COMCAST (194 trucks) | SWINGLE TREE & LANDSCAPE CARE (135 trucks) | CITY LIGHT AND POWER INC (121 trucks) | WHEEL PROS LLC (182 trucks) | CITY OF AURORA (271 trucks) | AURORA PUBLIC SCHOOLS (127 trucks) | METCO LANDSCAPING INC (226 trucks),107000,11676,7049512.5600000005,"$675,000.00"
Sol_086,9190 W 84th Ave,https://www.loopnet.com/Listing/9190-W-84th-Ave-Arvada-CO/38160305/,"Arvada, CO 80005",0.67,499000.0,39.849854027782,-105.100317795342,2457.7,5000,M,49.15%,296,ALPINE MILLWORK COMPANY DBA ROCKY MOUNTAIN RELOAD (141 trucks) | GEOSTABILIZATION INTERNATIONAL LLC (155 trucks),107000,11676,7049512.5600000005,"$499,000.00"
Sol_086,NEC N Fairgrounds Ave,https://www.loopnet.com/Listing/NEC-N-Fairgrounds-Ave-Windsor-CO/29890025/,"Windsor, CO 80528",0.74,483449.0,40.437732372143,-104.982630626628,4243.52,5000,M,84.87%,684,LARIMER COUNTY (131 trucks) | NOVUS AG LLC (444 trucks) | LOVELAND MUNICIPALITY (109 trucks),107000,11676,7049512.5600000005,"$483,449.00"
Sol_086,11958 Lincoln Ave,https://www.loopnet.com/Listing/Lincoln-Ave-Parker-CO/39741118/,"Parker, CO 80138",0.86,495000.0,39.536519536914,-104.76116705724,4937.0,5000,M,98.74%,725,ACCELERATED SERVICES LLC (373 trucks) | CHERRY CREEK SCHOOLS (352 trucks),107000,11676,7049512.5600000005,"$495,000.00"
Sol_086,12015 Irma Dr,https://www.loopnet.com/Listing/12015-Irma-Dr-Northglenn-CO/34662093/,"Northglenn, CO 80241",1.0,1098017.0,39.918832606598,-104.965887826386,11460.82,20000,XL,57.30%,1983,ADAMS 12 FIVE STAR SCHOOLS (182 trucks) | TRI-STATE GENERATION & TRANSMISSION ASSOCIATION INC (321 trucks) | CITY OF THORNTON (208 trucks) | CITY OF THORNTON (174 trucks) | BALIC TRANSPORT INC (120 trucks) | BURNCO COLORADO LLC (146 trucks) | WEST DIRECT OIL (140 trucks) | OFFEN PETROLEUM LLC (269 trucks) | ENVIRONMENTAL DESIGNS LLC (156 trucks) | SIM TRUCKING INC (120 trucks) | G&Z TRANSPORT LLC (147 trucks),107000,11676,7049512.5600000005,"$1,098,017.00"
Sol_086,2120 University Park Blvd,https://www.loopnet.com/Listing/2120-University-Park-Blvd-Colorado-Springs-CO/27680798/,"Colorado Springs, CO 80918",1.02,295000.0,38.910590363159,-104.78892179429,5689.619999999999,10000,L,56.90%,1031,GOODWILL OF COLORADO (134 trucks) | CITY OF COLORADO SPRINGS (326 trucks) | VECTRUS SYSTEMS CORPORATION (185 trucks) | COLORADO SPRINGS SCHOOL DISTRICT 11 (130 trucks) | El PASO COUNTY (112 trucks) | MOUNTAIN METROPOLITAN TRANSIT (144 trucks),107000,11676,7049512.5600000005,"$295,000.00"
Sol_086,7099 S Kenton St,https://www.loopnet.com/Listing/7099-S-Kenton-St-Centennial-CO/6542016/,"Centennial, CO 80112",1.18,976600.0,39.588430849644,-104.861817781283,16997.23,20000,XL,84.99%,2298,HBSCO DANS TRASH AT YOUR DISPOSAL (110 trucks) | BUCKLEY POWDER CO (217 trucks) | IHC SCOTT INC (214 trucks) | ORICA USA INC (215 trucks) | GLOBAL TRANSPORTATION LLC (442 trucks) | CH2M OMI CH2MHILL JACOBS (183 trucks) | AMERICAN FURNITURE WAREHOUSE CO (340 trucks) | TERRACARE ASSOCIATES LLC (156 trucks) | ENTERPRISE RENT-A-CAR NATIONAL RENT A CAR ALAMO RENT A CAR (421 trucks),107000,11676,7049512.5600000005,"$976,600.00"
Sol_086,765 Aspen Ridge Drive Dr,https://www.loopnet.com/Listing/765-Aspen-Ridge-Drive-Dr-Lafayette-CO/32931931/,"Lafayette, CO 80026",1.43,556000.0,40.006898203868,-105.107210150504,5074.7300000000005,10000,L,50.75%,830,BOULDER VALLEY SCHOOL DISTRICT RE-2 (134 trucks) | VIA MOBILITY SERVICES (196 trucks) | VIA MOBILITY SERVICES (116 trucks) | CU (173 trucks) | CITY OF LONGMONT (211 trucks),107000,11676,7049512.5600000005,"$556,000.00"
Sol_086,6109 W 48th Ave,https://www.loopnet.com/Listing/6109-W-48th-Ave-Wheat-Ridge-CO/32583003/,"Wheat Ridge, CO 80033",1.76,1141446.56,39.784078257989,-105.064430676896,8749.11,10000,L,87.49%,1238,CITY OF ARVADA (100 trucks) | SITEWISE LLC (145 trucks) | COMPASS VEHICLE RENTAL INC (170 trucks) | COORS DISTRIBUTING COMPANY MILLER COORS LLC (105 trucks) | COLD FRONT (121 trucks) | NAVAJO EXPRESS INC (309 trucks) | SURESHOT DRILLING LLC ATOZ FIELD SERVICES LLC DRILL TECH LLC PINNACLE DEVELOPMENT INC HDD SPECIALISTS LLC (135 trucks) | COCAL LANDSCAPE SERVICES INC (153 trucks),107000,11676,7049512.5600000005,"$1,141,446.56"
Sol_087,1425 W 13th Ave,https://www.loopnet.com/Listing/1425-W-13th-Ave-Denver-CO/39545028/,"Denver, CO 80204",0.41,2100000.0,39.737234692898,-105.006021971351,1747.08,2000,S,87.35%,272,CONCRETE EXPRESS INC (128 trucks) | MPLX G&P (144 trucks),140000,16555,18906153.82,"$2,100,000.00"
Sol_087,2300 W County Road 54G,https://www.loopnet.com/Listing/2300-W-County-Road-54G-Laporte-CO/33671750/,"Laporte, CO 80535",0.46,330000.0,40.625878828869,-105.117877128123,1931.6100000000001,2000,S,96.58%,528,Poudre School District  (243 trucks) | CITY OF FORT COLLINS (285 trucks),140000,16555,18906153.82,"$330,000.00"
Sol_087,17160 W Colfax Ave,https://www.loopnet.com/Listing/17160-W-Colfax-Ave-Golden-CO/29520298/,"Golden, CO 80401",0.63,500000.0,39.722253633534,-105.192465086092,5488.67,10000,L,54.89%,807,ENIVIRONMENTAL LANDWORKS COMPANY INC (115 trucks) | HOLCIM WCR INC (298 trucks) | JEFFCO SCHOOLS (274 trucks) | JEFFERSON COUNTY (120 trucks),140000,16555,18906153.82,"$500,000.00"
Sol_087,3401 S Yosemite St,https://www.loopnet.com/Listing/3401-S-Yosemite-St-Denver-CO/39837277/,"Denver, CO 80231",0.64,675000.0,39.654049416843,-104.88550562639,4128.9400000000005,5000,M,82.58%,632,COMCAST (194 trucks) | SWINGLE TREE & LANDSCAPE CARE (135 trucks) | CITY LIGHT AND POWER INC (121 trucks) | WHEEL PROS LLC (182 trucks),140000,16555,18906153.82,"$675,000.00"
Sol_087,Highway 34 Business & 83rd Avenue,https://www.loopnet.com/Listing/Highway-34-Business-83rd-Avenue-Greeley-CO/27017249/,"Greeley, CO 80634",0.66,877824.16,40.421498483243,-104.813483201346,336.5,1000,XS,33.65%,145,WELD COUNTY PUBLIC WORKS DEPARTMENT (145 trucks),140000,16555,18906153.82,"$877,824.16"
Sol_087,9190 W 84th Ave,https://www.loopnet.com/Listing/9190-W-84th-Ave-Arvada-CO/38160305/,"Arvada, CO 80005",0.67,499000.0,39.849854027782,-105.100317795342,2457.7,5000,M,49.15%,296,ALPINE MILLWORK COMPANY DBA ROCKY MOUNTAIN RELOAD (141 trucks) | GEOSTABILIZATION INTERNATIONAL LLC (155 trucks),140000,16555,18906153.82,"$499,000.00"
Sol_087,NEC N Fairgrounds Ave,https://www.loopnet.com/Listing/NEC-N-Fairgrounds-Ave-Windsor-CO/29890025/,"Windsor, CO 80528",0.74,483449.0,40.437732372143,-104.982630626628,4243.52,5000,M,84.87%,684,LARIMER COUNTY (131 trucks) | NOVUS AG LLC (444 trucks) | LOVELAND MUNICIPALITY (109 trucks),140000,16555,18906153.82,"$483,449.00"
Sol_087,11958 Lincoln Ave,https://www.loopnet.com/Listing/Lincoln-Ave-Parker-CO/39741118/,"Parker, CO 80138",0.86,495000.0,39.536519536914,-104.76116705724,4937.0,5000,M,98.74%,725,ACCELERATED SERVICES LLC (373 trucks) | CHERRY CREEK SCHOOLS (352 trucks),140000,16555,18906153.82,"$495,000.00"
Sol_087,2450 Curtis St,https://www.loopnet.com/Listing/2450-Curtis-St-Denver-CO/34878162/,"Denver, CO 80205",0.93,1930000.0,39.755035173034,-104.984190298703,3769.58,5000,M,75.39%,454,RES (149 trucks) | COORS DISTRIBUTING COMPANY MILLER COORS LLC (105 trucks) | U S TRANSPORT INC (200 trucks),140000,16555,18906153.82,"$1,930,000.00"
Sol_087,3311 Ideal Drive Dr,https://www.loopnet.com/Listing/3311-Ideal-Drive-Dr-Frederick-CO/35744244/,"Frederick, CO 80516",1.0,949000.0,40.087044076103,-104.992966989518,4928.75,5000,M,98.58%,991,SUPREME TRANSPORT INC (183 trucks) | WARD ELECTRIC COMPANY INC (222 trucks) | CITY OF LONGMONT (211 trucks) | ST VRAIN VALLEY SCHOOL DISTRICT (174 trucks) | HEAT WAVES HOT OIL SERVICE LLC (201 trucks),140000,16555,18906153.82,"$949,000.00"
Sol_087,12015 Irma Dr,https://www.loopnet.com/Listing/12015-Irma-Dr-Northglenn-CO/34662093/,"Northglenn, CO 80241",1.0,1098017.0,39.918832606598,-104.965887826386,7349.780000000001,10000,L,73.50%,1428,ADAMS 12 FIVE STAR SCHOOLS (182 trucks) | TRI-STATE GENERATION & TRANSMISSION ASSOCIATION INC (321 trucks) | CITY OF THORNTON (208 trucks) | CITY OF THORNTON (174 trucks) | BALIC TRANSPORT INC (120 trucks) | ENVIRONMENTAL DESIGNS LLC (156 trucks) | SIM TRUCKING INC (120 trucks) | G&Z TRANSPORT LLC (147 trucks),140000,16555,18906153.82,"$1,098,017.00"
Sol_087,2120 University Park Blvd,https://www.loopnet.com/Listing/2120-University-Park-Blvd-Colorado-Springs-CO/27680798/,"Colorado Springs, CO 80918",1.02,295000.0,38.910590363159,-104.78892179429,5689.619999999999,10000,L,56.90%,1031,GOODWILL OF COLORADO (134 trucks) | CITY OF COLORADO SPRINGS (326 trucks) | VECTRUS SYSTEMS CORPORATION (185 trucks) | COLORADO SPRINGS SCHOOL DISTRICT 11 (130 trucks) | El PASO COUNTY (112 trucks) | MOUNTAIN METROPOLITAN TRANSIT (144 trucks),140000,16555,18906153.82,"$295,000.00"
Sol_087,Colfax Ave & Airport Blvd,https://www.loopnet.com/Listing/Colfax-Ave-Airport-Blvd-Aurora-CO/24946845/,"Aurora, CO 80011",1.1,955174.1,39.740269989586,-104.791334022205,8680.17,10000,L,86.80%,1261,METCO LANDSCAPING INC (226 trucks) | WAGNER EQUIPMENT CO (423 trucks) | AURORA PUBLIC SCHOOLS (127 trucks) | CITY OF AURORA (271 trucks) | SHAMROCK FOODS COMPANY (214 trucks),140000,16555,18906153.82,"$955,174.10"
Sol_087,4265 Santa Fe Dr,https://www.loopnet.com/Listing/4265-Santa-Fe-Dr-Sheridan-CO/30482164/,"Sheridan, CO 80110",1.17,1799000.0,39.63876696462,-105.007023340305,4209.639999999999,5000,M,84.19%,507,KEESEN ENTERPRISES INC (263 trucks) | QUALITY LOGISTICS INC (135 trucks) | PACIFIC SHIPPING & TRUCKING CO INC (109 trucks),140000,16555,18906153.82,"$1,799,000.00"
Sol_087,7099 S Kenton St,https://www.loopnet.com/Listing/7099-S-Kenton-St-Centennial-CO/6542016/,"Centennial, CO 80112",1.18,976600.0,39.588430849644,-104.861817781283,16997.23,20000,XL,84.99%,2298,HBSCO DANS TRASH AT YOUR DISPOSAL (110 trucks) | BUCKLEY POWDER CO (217 trucks) | IHC SCOTT INC (214 trucks) | ORICA USA INC (215 trucks) | GLOBAL TRANSPORTATION LLC (442 trucks) | CH2M OMI CH2MHILL JACOBS (183 trucks) | AMERICAN FURNITURE WAREHOUSE CO (340 trucks) | TERRACARE ASSOCIATES LLC (156 trucks) | ENTERPRISE RENT-A-CAR NATIONAL RENT A CAR ALAMO RENT A CAR (421 trucks),140000,16555,18906153.82,"$976,600.00"
Sol_087,6322 Ivanhoe St,https://www.loopnet.com/Listing/6322-Ivanhoe-St-Commerce-City-CO/30497175/,"Commerce City, CO 80022",1.24,1500000.0,39.811481968412,-104.920723282229,19512.55,20000,XL,97.56%,2643,UNITED SITE SERVICES OF NEVADA INC (409 trucks) | UNITED SITE SERVICES OF COLORADO INC (147 trucks) | OFFEN PETROLEUM LLC (269 trucks) | WESTERN DISTRIBUTING TRANSPORTATION CORP (155 trucks) | READY MIX CONCRETE COMPANY (191 trucks) | RMS CRANES (139 trucks) | EAGLE ROCK DISTRIBUTING COMPANY OF COLORADO LLC (148 trucks) | WASTE CONNECTIONS OF COLORADO INC (486 trucks) | SUPERSHUTTLE DENVER (125 trucks) | SURESHOT DRILLING LLC ATOZ FIELD SERVICES LLC DRILL TECH LLC PINNACLE DEVELOPMENT INC HDD SPECIALISTS LLC (135 trucks) | COCAL LANDSCAPE SERVICES INC (153 trucks) | WEST DIRECT OIL (140 trucks) | BURNCO COLORADO LLC (146 trucks),140000,16555,18906153.82,"$1,500,000.00"
Sol_087,765 Aspen Ridge Drive Dr,https://www.loopnet.com/Listing/765-Aspen-Ridge-Drive-Dr-Lafayette-CO/32931931/,"Lafayette, CO 80026",1.43,556000.0,40.006898203868,-105.107210150504,4585.06,5000,M,91.70%,619,BOULDER VALLEY SCHOOL DISTRICT RE-2 (134 trucks) | VIA MOBILITY SERVICES (196 trucks) | VIA MOBILITY SERVICES (116 trucks) | CU (173 trucks),140000,16555,18906153.82,"$556,000.00"
Sol_087,6109 W 48th Ave,https://www.loopnet.com/Listing/6109-W-48th-Ave-Wheat-Ridge-CO/32583003/,"Wheat Ridge, CO 80033",1.76,1141446.56,39.784078257989,-105.064430676896,5965.4,10000,L,59.65%,845,CITY OF ARVADA (100 trucks) | SITEWISE LLC (145 trucks) | COMPASS VEHICLE RENTAL INC (170 trucks) | COLD FRONT (121 trucks) | NAVAJO EXPRESS INC (309 trucks),140000,16555,18906153.82,"$1,141,446.56"
Sol_087,5480 Montana Vista Way,https://www.loopnet.com/Listing/5480-Montana-Vista-Way-Castle-Rock-CO/31324562/,"Castle Rock, CO 80108",2.0,1745643.0,39.413964345372,-104.86151758933,2577.81,5000,M,51.56%,389,TOWN OF CASTLE ROCK  (109 trucks) | GREAT SOUTHWESTERN CONSTRUCTION INC (280 trucks),140000,16555,18906153.82,"$1,745,643.00"
Sol_088,2300 W County Road 54G,https://www.loopnet.com/Listing/2300-W-County-Road-54G-Laporte-CO/33671750/,"Laporte, CO 80535",0.46,330000.0,40.625878828869,-105.117877128123,1931.6100000000001,2000,S,96.58%,528,Poudre School District  (243 trucks) | CITY OF FORT COLLINS (285 trucks),117000,13726,8847512.56,"$330,000.00"
Sol_088,17160 W Colfax Ave,https://www.loopnet.com/Listing/17160-W-Colfax-Ave-Golden-CO/29520298/,"Golden, CO 80401",0.63,500000.0,39.722253633534,-105.192465086092,5488.67,10000,L,54.89%,807,ENIVIRONMENTAL LANDWORKS COMPANY INC (115 trucks) | HOLCIM WCR INC (298 trucks) | JEFFCO SCHOOLS (274 trucks) | JEFFERSON COUNTY (120 trucks),117000,13726,8847512.56,"$500,000.00"
Sol_088,3401 S Yosemite St,https://www.loopnet.com/Listing/3401-S-Yosemite-St-Denver-CO/39837277/,"Denver, CO 80231",0.64,675000.0,39.654049416843,-104.88550562639,4128.9400000000005,5000,M,82.58%,632,COMCAST (194 trucks) | SWINGLE TREE & LANDSCAPE CARE (135 trucks) | CITY LIGHT AND POWER INC (121 trucks) | WHEEL PROS LLC (182 trucks),117000,13726,8847512.56,"$675,000.00"
Sol_088,9190 W 84th Ave,https://www.loopnet.com/Listing/9190-W-84th-Ave-Arvada-CO/38160305/,"Arvada, CO 80005",0.67,499000.0,39.849854027782,-105.100317795342,2457.7,5000,M,49.15%,296,ALPINE MILLWORK COMPANY DBA ROCKY MOUNTAIN RELOAD (141 trucks) | GEOSTABILIZATION INTERNATIONAL LLC (155 trucks),117000,13726,8847512.56,"$499,000.00"
Sol_088,496 Laredo st,https://www.loopnet.com/Listing/496-Laredo-st-Aurora-CO/38708025/,"Aurora, CO 80011",0.7,500000.0,39.724337332754,-104.800258318335,8680.17,10000,L,86.80%,1261,AURORA PUBLIC SCHOOLS (127 trucks) | CITY OF AURORA (271 trucks) | METCO LANDSCAPING INC (226 trucks) | WAGNER EQUIPMENT CO (423 trucks) | SHAMROCK FOODS COMPANY (214 trucks),117000,13726,8847512.56,"$500,000.00"
Sol_088,NEC N Fairgrounds Ave,https://www.loopnet.com/Listing/NEC-N-Fairgrounds-Ave-Windsor-CO/29890025/,"Windsor, CO 80528",0.74,483449.0,40.437732372143,-104.982630626628,4243.52,5000,M,84.87%,684,LARIMER COUNTY (131 trucks) | NOVUS AG LLC (444 trucks) | LOVELAND MUNICIPALITY (109 trucks),117000,13726,8847512.56,"$483,449.00"
Sol_088,11958 Lincoln Ave,https://www.loopnet.com/Listing/Lincoln-Ave-Parker-CO/39741118/,"Parker, CO 80138",0.86,495000.0,39.536519536914,-104.76116705724,4937.0,5000,M,98.74%,725,ACCELERATED SERVICES LLC (373 trucks) | CHERRY CREEK SCHOOLS (352 trucks),117000,13726,8847512.56,"$495,000.00"
Sol_088,3311 Ideal Drive Dr,https://www.loopnet.com/Listing/3311-Ideal-Drive-Dr-Frederick-CO/35744244/,"Frederick, CO 80516",1.0,949000.0,40.087044076103,-104.992966989518,4928.75,5000,M,98.58%,991,SUPREME TRANSPORT INC (183 trucks) | WARD ELECTRIC COMPANY INC (222 trucks) | CITY OF LONGMONT (211 trucks) | ST VRAIN VALLEY SCHOOL DISTRICT (174 trucks) | HEAT WAVES HOT OIL SERVICE LLC (201 trucks),117000,13726,8847512.56,"$949,000.00"
Sol_088,12015 Irma Dr,https://www.loopnet.com/Listing/12015-Irma-Dr-Northglenn-CO/34662093/,"Northglenn, CO 80241",1.0,1098017.0,39.918832606598,-104.965887826386,8340.789999999999,10000,L,83.41%,1332,ADAMS 12 FIVE STAR SCHOOLS (182 trucks) | TRI-STATE GENERATION & TRANSMISSION ASSOCIATION INC (321 trucks) | BALIC TRANSPORT INC (120 trucks) | BURNCO COLORADO LLC (146 trucks) | WEST DIRECT OIL (140 trucks) | ENVIRONMENTAL DESIGNS LLC (156 trucks) | SIM TRUCKING INC (120 trucks) | G&Z TRANSPORT LLC (147 trucks),117000,13726,8847512.56,"$1,098,017.00"
Sol_088,2120 University Park Blvd,https://www.loopnet.com/Listing/2120-University-Park-Blvd-Colorado-Springs-CO/27680798/,"Colorado Springs, CO 80918",1.02,295000.0,38.910590363159,-104.78892179429,5689.619999999999,10000,L,56.90%,1031,GOODWILL OF COLORADO (134 trucks) | CITY OF COLORADO SPRINGS (326 trucks) | VECTRUS SYSTEMS CORPORATION (185 trucks) | COLORADO SPRINGS SCHOOL DISTRICT 11 (130 trucks) | El PASO COUNTY (112 trucks) | MOUNTAIN METROPOLITAN TRANSIT (144 trucks),117000,13726,8847512.56,"$295,000.00"
Sol_088,7099 S Kenton St,https://www.loopnet.com/Listing/7099-S-Kenton-St-Centennial-CO/6542016/,"Centennial, CO 80112",1.18,976600.0,39.588430849644,-104.861817781283,16997.23,20000,XL,84.99%,2298,HBSCO DANS TRASH AT YOUR DISPOSAL (110 trucks) | BUCKLEY POWDER CO (217 trucks) | IHC SCOTT INC (214 trucks) | ORICA USA INC (215 trucks) | GLOBAL TRANSPORTATION LLC (442 trucks) | CH2M OMI CH2MHILL JACOBS (183 trucks) | AMERICAN FURNITURE WAREHOUSE CO (340 trucks) | TERRACARE ASSOCIATES LLC (156 trucks) | ENTERPRISE RENT-A-CAR NATIONAL RENT A CAR ALAMO RENT A CAR (421 trucks),117000,13726,8847512.56,"$976,600.00"
Sol_088,8850 Huron St,https://www.loopnet.com/Listing/8850-Huron-St-Thornton-CO/33061072/,"Thornton, CO 80260",1.26,349000.0,39.858426283979,-104.995662022846,14618.029999999999,20000,XL,73.09%,2002,CITY OF THORNTON (208 trucks) | CITY OF THORNTON (174 trucks) | COCAL LANDSCAPE SERVICES INC (153 trucks) | COLD FRONT (121 trucks) | READY MIX CONCRETE COMPANY (191 trucks) | NAVAJO EXPRESS INC (309 trucks) | WESTERN DISTRIBUTING TRANSPORTATION CORP (155 trucks) | RMS CRANES (139 trucks) | SURESHOT DRILLING LLC ATOZ FIELD SERVICES LLC DRILL TECH LLC PINNACLE DEVELOPMENT INC HDD SPECIALISTS LLC (135 trucks) | EAGLE ROCK DISTRIBUTING COMPANY OF COLORADO LLC (148 trucks) | OFFEN PETROLEUM LLC (269 trucks),117000,13726,8847512.56,"$349,000.00"
Sol_088,765 Aspen Ridge Drive Dr,https://www.loopnet.com/Listing/765-Aspen-Ridge-Drive-Dr-Lafayette-CO/32931931/,"Lafayette, CO 80026",1.43,556000.0,40.006898203868,-105.107210150504,4585.06,5000,M,91.70%,619,BOULDER VALLEY SCHOOL DISTRICT RE-2 (134 trucks) | VIA MOBILITY SERVICES (196 trucks) | VIA MOBILITY SERVICES (116 trucks) | CU (173 trucks),117000,13726,8847512.56,"$556,000.00"
Sol_088,6109 W 48th Ave,https://www.loopnet.com/Listing/6109-W-48th-Ave-Wheat-Ridge-CO/32583003/,"Wheat Ridge, CO 80033",1.76,1141446.56,39.784078257989,-105.064430676896,2821.09,5000,M,56.42%,520,CITY OF ARVADA (100 trucks) | SITEWISE LLC (145 trucks) | COMPASS VEHICLE RENTAL INC (170 trucks) | COORS DISTRIBUTING COMPANY MILLER COORS LLC (105 trucks),117000,13726,8847512.56,"$1,141,446.56"
Sol_089,17160 W Colfax Ave,https://www.loopnet.com/Listing/17160-W-Colfax-Ave-Golden-CO/29520298/,"Golden, CO 80401",0.63,500000.0,39.722253633534,-105.192465086092,5488.67,10000,L,54.89%,807,ENIVIRONMENTAL LANDWORKS COMPANY INC (115 trucks) | HOLCIM WCR INC (298 trucks) | JEFFCO SCHOOLS (274 trucks) | JEFFERSON COUNTY (120 trucks),115000,12776,8219512.5600000005,"$500,000.00"
Sol_089,3401 S Yosemite St,https://www.loopnet.com/Listing/3401-S-Yosemite-St-Denver-CO/39837277/,"Denver, CO 80231",0.64,675000.0,39.654049416843,-104.88550562639,5421.700000000001,10000,L,54.22%,1030,COMCAST (194 trucks) | SWINGLE TREE & LANDSCAPE CARE (135 trucks) | CITY LIGHT AND POWER INC (121 trucks) | WHEEL PROS LLC (182 trucks) | CITY OF AURORA (271 trucks) | AURORA PUBLIC SCHOOLS (127 trucks),115000,12776,8219512.5600000005,"$675,000.00"
Sol_089,9190 W 84th Ave,https://www.loopnet.com/Listing/9190-W-84th-Ave-Arvada-CO/38160305/,"Arvada, CO 80005",0.67,499000.0,39.849854027782,-105.100317795342,2457.7,5000,M,49.15%,296,ALPINE MILLWORK COMPANY DBA ROCKY MOUNTAIN RELOAD (141 trucks) | GEOSTABILIZATION INTERNATIONAL LLC (155 trucks),115000,12776,8219512.5600000005,"$499,000.00"
Sol_089,NEC N Fairgrounds Ave,https://www.loopnet.com/Listing/NEC-N-Fairgrounds-Ave-Windsor-CO/29890025/,"Windsor, CO 80528",0.74,483449.0,40.437732372143,-104.982630626628,4243.52,5000,M,84.87%,684,LARIMER COUNTY (131 trucks) | NOVUS AG LLC (444 trucks) | LOVELAND MUNICIPALITY (109 trucks),115000,12776,8219512.5600000005,"$483,449.00"
Sol_089,11958 Lincoln Ave,https://www.loopnet.com/Listing/Lincoln-Ave-Parker-CO/39741118/,"Parker, CO 80138",0.86,495000.0,39.536519536914,-104.76116705724,4937.0,5000,M,98.74%,725,ACCELERATED SERVICES LLC (373 trucks) | CHERRY CREEK SCHOOLS (352 trucks),115000,12776,8219512.5600000005,"$495,000.00"
Sol_089,12015 Irma Dr,https://www.loopnet.com/Listing/12015-Irma-Dr-Northglenn-CO/34662093/,"Northglenn, CO 80241",1.0,1098017.0,39.918832606598,-104.965887826386,7349.780000000001,10000,L,73.50%,1428,ADAMS 12 FIVE STAR SCHOOLS (182 trucks) | TRI-STATE GENERATION & TRANSMISSION ASSOCIATION INC (321 trucks) | CITY OF THORNTON (208 trucks) | CITY OF THORNTON (174 trucks) | BALIC TRANSPORT INC (120 trucks) | ENVIRONMENTAL DESIGNS LLC (156 trucks) | SIM TRUCKING INC (120 trucks) | G&Z TRANSPORT LLC (147 trucks),115000,12776,8219512.5600000005,"$1,098,017.00"
Sol_089,2120 University Park Blvd,https://www.loopnet.com/Listing/2120-University-Park-Blvd-Colorado-Springs-CO/27680798/,"Colorado Springs, CO 80918",1.02,295000.0,38.910590363159,-104.78892179429,5689.619999999999,10000,L,56.90%,1031,GOODWILL OF COLORADO (134 trucks) | CITY OF COLORADO SPRINGS (326 trucks) | VECTRUS SYSTEMS CORPORATION (185 trucks) | COLORADO SPRINGS SCHOOL DISTRICT 11 (130 trucks) | El PASO COUNTY (112 trucks) | MOUNTAIN METROPOLITAN TRANSIT (144 trucks),115000,12776,8219512.5600000005,"$295,000.00"
Sol_089,7099 S Kenton St,https://www.loopnet.com/Listing/7099-S-Kenton-St-Centennial-CO/6542016/,"Centennial, CO 80112",1.18,976600.0,39.588430849644,-104.861817781283,16997.23,20000,XL,84.99%,2298,HBSCO DANS TRASH AT YOUR DISPOSAL (110 trucks) | BUCKLEY POWDER CO (217 trucks) | IHC SCOTT INC (214 trucks) | ORICA USA INC (215 trucks) | GLOBAL TRANSPORTATION LLC (442 trucks) | CH2M OMI CH2MHILL JACOBS (183 trucks) | AMERICAN FURNITURE WAREHOUSE CO (340 trucks) | TERRACARE ASSOCIATES LLC (156 trucks) | ENTERPRISE RENT-A-CAR NATIONAL RENT A CAR ALAMO RENT A CAR (421 trucks),115000,12776,8219512.5600000005,"$976,600.00"
Sol_089,6322 Ivanhoe St,https://www.loopnet.com/Listing/6322-Ivanhoe-St-Commerce-City-CO/30497175/,"Commerce City, CO 80022",1.24,1500000.0,39.811481968412,-104.920723282229,19960.92,20000,XL,99.80%,2697,UNITED SITE SERVICES OF NEVADA INC (409 trucks) | UNITED SITE SERVICES OF COLORADO INC (147 trucks) | OFFEN PETROLEUM LLC (269 trucks) | WESTERN DISTRIBUTING TRANSPORTATION CORP (155 trucks) | READY MIX CONCRETE COMPANY (191 trucks) | RMS CRANES (139 trucks) | EAGLE ROCK DISTRIBUTING COMPANY OF COLORADO LLC (148 trucks) | WASTE CONNECTIONS OF COLORADO INC (486 trucks) | SUPERSHUTTLE DENVER (125 trucks) | SURESHOT DRILLING LLC ATOZ FIELD SERVICES LLC DRILL TECH LLC PINNACLE DEVELOPMENT INC HDD SPECIALISTS LLC (135 trucks) | COCAL LANDSCAPE SERVICES INC (153 trucks) | U S TRANSPORT INC (200 trucks) | WEST DIRECT OIL (140 trucks),115000,12776,8219512.5600000005,"$1,500,000.00"
Sol_089,765 Aspen Ridge Drive Dr,https://www.loopnet.com/Listing/765-Aspen-Ridge-Drive-Dr-Lafayette-CO/32931931/,"Lafayette, CO 80026",1.43,556000.0,40.006898203868,-105.107210150504,5074.7300000000005,10000,L,50.75%,830,BOULDER VALLEY SCHOOL DISTRICT RE-2 (134 trucks) | VIA MOBILITY SERVICES (196 trucks) | VIA MOBILITY SERVICES (116 trucks) | CU (173 trucks) | CITY OF LONGMONT (211 trucks),115000,12776,8219512.5600000005,"$556,000.00"
Sol_089,6109 W 48th Ave,https://www.loopnet.com/Listing/6109-W-48th-Ave-Wheat-Ridge-CO/32583003/,"Wheat Ridge, CO 80033",1.76,1141446.56,39.784078257989,-105.064430676896,6837.22,10000,L,68.37%,950,CITY OF ARVADA (100 trucks) | SITEWISE LLC (145 trucks) | COMPASS VEHICLE RENTAL INC (170 trucks) | COORS DISTRIBUTING COMPANY MILLER COORS LLC (105 trucks) | COLD FRONT (121 trucks) | NAVAJO EXPRESS INC (309 trucks),115000,12776,8219512.5600000005,"$1,141,446.56"
Sol_090,17160 W Colfax Ave,https://www.loopnet.com/Listing/17160-W-Colfax-Ave-Golden-CO/29520298/,"Golden, CO 80401",0.63,500000.0,39.722253633534,-105.192465086092,5488.67,10000,L,54.89%,807,ENIVIRONMENTAL LANDWORKS COMPANY INC (115 trucks) | HOLCIM WCR INC (298 trucks) | JEFFCO SCHOOLS (274 trucks) | JEFFERSON COUNTY (120 trucks),105000,11148,6719512.5600000005,"$500,000.00"
Sol_090,3401 S Yosemite St,https://www.loopnet.com/Listing/3401-S-Yosemite-St-Denver-CO/39837277/,"Denver, CO 80231",0.64,675000.0,39.654049416843,-104.88550562639,7298.1900000000005,10000,L,72.98%,1256,COMCAST (194 trucks) | SWINGLE TREE & LANDSCAPE CARE (135 trucks) | CITY LIGHT AND POWER INC (121 trucks) | WHEEL PROS LLC (182 trucks) | CITY OF AURORA (271 trucks) | AURORA PUBLIC SCHOOLS (127 trucks) | METCO LANDSCAPING INC (226 trucks),105000,11148,6719512.5600000005,"$675,000.00"
Sol_090,9190 W 84th Ave,https://www.loopnet.com/Listing/9190-W-84th-Ave-Arvada-CO/38160305/,"Arvada, CO 80005",0.67,499000.0,39.849854027782,-105.100317795342,2457.7,5000,M,49.15%,296,ALPINE MILLWORK COMPANY DBA ROCKY MOUNTAIN RELOAD (141 trucks) | GEOSTABILIZATION INTERNATIONAL LLC (155 trucks),105000,11148,6719512.5600000005,"$499,000.00"
Sol_090,NEC N Fairgrounds Ave,https://www.loopnet.com/Listing/NEC-N-Fairgrounds-Ave-Windsor-CO/29890025/,"Windsor, CO 80528",0.74,483449.0,40.437732372143,-104.982630626628,4243.52,5000,M,84.87%,684,LARIMER COUNTY (131 trucks) | NOVUS AG LLC (444 trucks) | LOVELAND MUNICIPALITY (109 trucks),105000,11148,6719512.5600000005,"$483,449.00"
Sol_090,11958 Lincoln Ave,https://www.loopnet.com/Listing/Lincoln-Ave-Parker-CO/39741118/,"Parker, CO 80138",0.86,495000.0,39.536519536914,-104.76116705724,4937.0,5000,M,98.74%,725,ACCELERATED SERVICES LLC (373 trucks) | CHERRY CREEK SCHOOLS (352 trucks),105000,11148,6719512.5600000005,"$495,000.00"
Sol_090,12015 Irma Dr,https://www.loopnet.com/Listing/12015-Irma-Dr-Northglenn-CO/34662093/,"Northglenn, CO 80241",1.0,1098017.0,39.918832606598,-104.965887826386,11460.82,20000,XL,57.30%,1983,ADAMS 12 FIVE STAR SCHOOLS (182 trucks) | TRI-STATE GENERATION & TRANSMISSION ASSOCIATION INC (321 trucks) | CITY OF THORNTON (208 trucks) | CITY OF THORNTON (174 trucks) | BALIC TRANSPORT INC (120 trucks) | BURNCO COLORADO LLC (146 trucks) | WEST DIRECT OIL (140 trucks) | OFFEN PETROLEUM LLC (269 trucks) | ENVIRONMENTAL DESIGNS LLC (156 trucks) | SIM TRUCKING INC (120 trucks) | G&Z TRANSPORT LLC (147 trucks),105000,11148,6719512.5600000005,"$1,098,017.00"
Sol_090,2120 University Park Blvd,https://www.loopnet.com/Listing/2120-University-Park-Blvd-Colorado-Springs-CO/27680798/,"Colorado Springs, CO 80918",1.02,295000.0,38.910590363159,-104.78892179429,5689.619999999999,10000,L,56.90%,1031,GOODWILL OF COLORADO (134 trucks) | CITY OF COLORADO SPRINGS (326 trucks) | VECTRUS SYSTEMS CORPORATION (185 trucks) | COLORADO SPRINGS SCHOOL DISTRICT 11 (130 trucks) | El PASO COUNTY (112 trucks) | MOUNTAIN METROPOLITAN TRANSIT (144 trucks),105000,11148,6719512.5600000005,"$295,000.00"
Sol_090,7099 S Kenton St,https://www.loopnet.com/Listing/7099-S-Kenton-St-Centennial-CO/6542016/,"Centennial, CO 80112",1.18,976600.0,39.588430849644,-104.861817781283,16997.23,20000,XL,84.99%,2298,HBSCO DANS TRASH AT YOUR DISPOSAL (110 trucks) | BUCKLEY POWDER CO (217 trucks) | IHC SCOTT INC (214 trucks) | ORICA USA INC (215 trucks) | GLOBAL TRANSPORTATION LLC (442 trucks) | CH2M OMI CH2MHILL JACOBS (183 trucks) | AMERICAN FURNITURE WAREHOUSE CO (340 trucks) | TERRACARE ASSOCIATES LLC (156 trucks) | ENTERPRISE RENT-A-CAR NATIONAL RENT A CAR ALAMO RENT A CAR (421 trucks),105000,11148,6719512.5600000005,"$976,600.00"
Sol_090,765 Aspen Ridge Drive Dr,https://www.loopnet.com/Listing/765-Aspen-Ridge-Drive-Dr-Lafayette-CO/32931931/,"Lafayette, CO 80026",1.43,556000.0,40.006898203868,-105.107210150504,5074.7300000000005,10000,L,50.75%,830,BOULDER VALLEY SCHOOL DISTRICT RE-2 (134 trucks) | VIA MOBILITY SERVICES (196 trucks) | VIA MOBILITY SERVICES (116 trucks) | CU (173 trucks) | CITY OF LONGMONT (211 trucks),105000,11148,6719512.5600000005,"$556,000.00"
Sol_090,6109 W 48th Ave,https://www.loopnet.com/Listing/6109-W-48th-Ave-Wheat-Ridge-CO/32583003/,"Wheat Ridge, CO 80033",1.76,1141446.56,39.784078257989,-105.064430676896,8749.11,10000,L,87.49%,1238,CITY OF ARVADA (100 trucks) | SITEWISE LLC (145 trucks) | COMPASS VEHICLE RENTAL INC (170 trucks) | COORS DISTRIBUTING COMPANY MILLER COORS LLC (105 trucks) | COLD FRONT (121 trucks) | NAVAJO EXPRESS INC (309 trucks) | SURESHOT DRILLING LLC ATOZ FIELD SERVICES LLC DRILL TECH LLC PINNACLE DEVELOPMENT INC HDD SPECIALISTS LLC (135 trucks) | COCAL LANDSCAPE SERVICES INC (153 trucks),105000,11148,6719512.5600000005,"$1,141,446.56"
Sol_091,17160 W Colfax Ave,https://www.loopnet.com/Listing/17160-W-Colfax-Ave-Golden-CO/29520298/,"Golden, CO 80401",0.63,500000.0,39.722253633534,-105.192465086092,5488.67,10000,L,54.89%,807,ENIVIRONMENTAL LANDWORKS COMPANY INC (115 trucks) | HOLCIM WCR INC (298 trucks) | JEFFCO SCHOOLS (274 trucks) | JEFFERSON COUNTY (120 trucks),110000,11959,7923512.5600000005,"$500,000.00"
Sol_091,3401 S Yosemite St,https://www.loopnet.com/Listing/3401-S-Yosemite-St-Denver-CO/39837277/,"Denver, CO 80231",0.64,675000.0,39.654049416843,-104.88550562639,4128.9400000000005,5000,M,82.58%,632,COMCAST (194 trucks) | SWINGLE TREE & LANDSCAPE CARE (135 trucks) | CITY LIGHT AND POWER INC (121 trucks) | WHEEL PROS LLC (182 trucks),110000,11959,7923512.5600000005,"$675,000.00"
Sol_091,9190 W 84th Ave,https://www.loopnet.com/Listing/9190-W-84th-Ave-Arvada-CO/38160305/,"Arvada, CO 80005",0.67,499000.0,39.849854027782,-105.100317795342,2457.7,5000,M,49.15%,296,ALPINE MILLWORK COMPANY DBA ROCKY MOUNTAIN RELOAD (141 trucks) | GEOSTABILIZATION INTERNATIONAL LLC (155 trucks),110000,11959,7923512.5600000005,"$499,000.00"
Sol_091,496 Laredo st,https://www.loopnet.com/Listing/496-Laredo-st-Aurora-CO/38708025/,"Aurora, CO 80011",0.7,500000.0,39.724337332754,-104.800258318335,8680.17,10000,L,86.80%,1261,AURORA PUBLIC SCHOOLS (127 trucks) | CITY OF AURORA (271 trucks) | METCO LANDSCAPING INC (226 trucks) | WAGNER EQUIPMENT CO (423 trucks) | SHAMROCK FOODS COMPANY (214 trucks),110000,11959,7923512.5600000005,"$500,000.00"
Sol_091,NEC N Fairgrounds Ave,https://www.loopnet.com/Listing/NEC-N-Fairgrounds-Ave-Windsor-CO/29890025/,"Windsor, CO 80528",0.74,483449.0,40.437732372143,-104.982630626628,4243.52,5000,M,84.87%,684,LARIMER COUNTY (131 trucks) | NOVUS AG LLC (444 trucks) | LOVELAND MUNICIPALITY (109 trucks),110000,11959,7923512.5600000005,"$483,449.00"
Sol_091,11958 Lincoln Ave,https://www.loopnet.com/Listing/Lincoln-Ave-Parker-CO/39741118/,"Parker, CO 80138",0.86,495000.0,39.536519536914,-104.76116705724,4937.0,5000,M,98.74%,725,ACCELERATED SERVICES LLC (373 trucks) | CHERRY CREEK SCHOOLS (352 trucks),110000,11959,7923512.5600000005,"$495,000.00"
Sol_091,6375 Lookout Rd,https://www.loopnet.com/Listing/6375-Lookout-Rd-Boulder-CO/35970288/,"Boulder, CO 80301",0.96,1260000.0,40.07191054992,-105.205474218915,5984.259999999999,10000,L,59.84%,1004,VIA MOBILITY SERVICES (196 trucks) | VIA MOBILITY SERVICES (116 trucks) | BOULDER VALLEY SCHOOL DISTRICT RE-2 (134 trucks) | CU (173 trucks) | CITY OF LONGMONT (211 trucks) | ST VRAIN VALLEY SCHOOL DISTRICT (174 trucks),110000,11959,7923512.5600000005,"$1,260,000.00"
Sol_091,12015 Irma Dr,https://www.loopnet.com/Listing/12015-Irma-Dr-Northglenn-CO/34662093/,"Northglenn, CO 80241",1.0,1098017.0,39.918832606598,-104.965887826386,11460.82,20000,XL,57.30%,1983,ADAMS 12 FIVE STAR SCHOOLS (182 trucks) | TRI-STATE GENERATION & TRANSMISSION ASSOCIATION INC (321 trucks) | CITY OF THORNTON (208 trucks) | CITY OF THORNTON (174 trucks) | BALIC TRANSPORT INC (120 trucks) | BURNCO COLORADO LLC (146 trucks) | WEST DIRECT OIL (140 trucks) | OFFEN PETROLEUM LLC (269 trucks) | ENVIRONMENTAL DESIGNS LLC (156 trucks) | SIM TRUCKING INC (120 trucks) | G&Z TRANSPORT LLC (147 trucks),110000,11959,7923512.5600000005,"$1,098,017.00"
Sol_091,2120 University Park Blvd,https://www.loopnet.com/Listing/2120-University-Park-Blvd-Colorado-Springs-CO/27680798/,"Colorado Springs, CO 80918",1.02,295000.0,38.910590363159,-104.78892179429,5689.619999999999,10000,L,56.90%,1031,GOODWILL OF COLORADO (134 trucks) | CITY OF COLORADO SPRINGS (326 trucks) | VECTRUS SYSTEMS CORPORATION (185 trucks) | COLORADO SPRINGS SCHOOL DISTRICT 11 (130 trucks) | El PASO COUNTY (112 trucks) | MOUNTAIN METROPOLITAN TRANSIT (144 trucks),110000,11959,7923512.5600000005,"$295,000.00"
Sol_091,7099 S Kenton St,https://www.loopnet.com/Listing/7099-S-Kenton-St-Centennial-CO/6542016/,"Centennial, CO 80112",1.18,976600.0,39.588430849644,-104.861817781283,16997.23,20000,XL,84.99%,2298,HBSCO DANS TRASH AT YOUR DISPOSAL (110 trucks) | BUCKLEY POWDER CO (217 trucks) | IHC SCOTT INC (214 trucks) | ORICA USA INC (215 trucks) | GLOBAL TRANSPORTATION LLC (442 trucks) | CH2M OMI CH2MHILL JACOBS (183 trucks) | AMERICAN FURNITURE WAREHOUSE CO (340 trucks) | TERRACARE ASSOCIATES LLC (156 trucks) | ENTERPRISE RENT-A-CAR NATIONAL RENT A CAR ALAMO RENT A CAR (421 trucks),110000,11959,7923512.5600000005,"$976,600.00"
Sol_091,6109 W 48th Ave,https://www.loopnet.com/Listing/6109-W-48th-Ave-Wheat-Ridge-CO/32583003/,"Wheat Ridge, CO 80033",1.76,1141446.56,39.784078257989,-105.064430676896,8749.11,10000,L,87.49%,1238,CITY OF ARVADA (100 trucks) | SITEWISE LLC (145 trucks) | COMPASS VEHICLE RENTAL INC (170 trucks) | COORS DISTRIBUTING COMPANY MILLER COORS LLC (105 trucks) | COLD FRONT (121 trucks) | NAVAJO EXPRESS INC (309 trucks) | SURESHOT DRILLING LLC ATOZ FIELD SERVICES LLC DRILL TECH LLC PINNACLE DEVELOPMENT INC HDD SPECIALISTS LLC (135 trucks) | COCAL LANDSCAPE SERVICES INC (153 trucks),110000,11959,7923512.5600000005,"$1,141,446.56"
Sol_092,17160 W Colfax Ave,https://www.loopnet.com/Listing/17160-W-Colfax-Ave-Golden-CO/29520298/,"Golden, CO 80401",0.63,500000.0,39.722253633534,-105.192465086092,5488.67,10000,L,54.89%,807,ENIVIRONMENTAL LANDWORKS COMPANY INC (115 trucks) | HOLCIM WCR INC (298 trucks) | JEFFCO SCHOOLS (274 trucks) | JEFFERSON COUNTY (120 trucks),105000,11928,7668512.5600000005,"$500,000.00"
Sol_092,3401 S Yosemite St,https://www.loopnet.com/Listing/3401-S-Yosemite-St-Denver-CO/39837277/,"Denver, CO 80231",0.64,675000.0,39.654049416843,-104.88550562639,7298.1900000000005,10000,L,72.98%,1256,COMCAST (194 trucks) | SWINGLE TREE & LANDSCAPE CARE (135 trucks) | CITY LIGHT AND POWER INC (121 trucks) | WHEEL PROS LLC (182 trucks) | CITY OF AURORA (271 trucks) | AURORA PUBLIC SCHOOLS (127 trucks) | METCO LANDSCAPING INC (226 trucks),105000,11928,7668512.5600000005,"$675,000.00"
Sol_092,9190 W 84th Ave,https://www.loopnet.com/Listing/9190-W-84th-Ave-Arvada-CO/38160305/,"Arvada, CO 80005",0.67,499000.0,39.849854027782,-105.100317795342,2457.7,5000,M,49.15%,296,ALPINE MILLWORK COMPANY DBA ROCKY MOUNTAIN RELOAD (141 trucks) | GEOSTABILIZATION INTERNATIONAL LLC (155 trucks),105000,11928,7668512.5600000005,"$499,000.00"
Sol_092,NEC N Fairgrounds Ave,https://www.loopnet.com/Listing/NEC-N-Fairgrounds-Ave-Windsor-CO/29890025/,"Windsor, CO 80528",0.74,483449.0,40.437732372143,-104.982630626628,4243.52,5000,M,84.87%,684,LARIMER COUNTY (131 trucks) | NOVUS AG LLC (444 trucks) | LOVELAND MUNICIPALITY (109 trucks),105000,11928,7668512.5600000005,"$483,449.00"
Sol_092,11958 Lincoln Ave,https://www.loopnet.com/Listing/Lincoln-Ave-Parker-CO/39741118/,"Parker, CO 80138",0.86,495000.0,39.536519536914,-104.76116705724,4937.0,5000,M,98.74%,725,ACCELERATED SERVICES LLC (373 trucks) | CHERRY CREEK SCHOOLS (352 trucks),105000,11928,7668512.5600000005,"$495,000.00"
Sol_092,3311 Ideal Drive Dr,https://www.loopnet.com/Listing/3311-Ideal-Drive-Dr-Frederick-CO/35744244/,"Frederick, CO 80516",1.0,949000.0,40.087044076103,-104.992966989518,4928.75,5000,M,98.58%,991,SUPREME TRANSPORT INC (183 trucks) | WARD ELECTRIC COMPANY INC (222 trucks) | CITY OF LONGMONT (211 trucks) | ST VRAIN VALLEY SCHOOL DISTRICT (174 trucks) | HEAT WAVES HOT OIL SERVICE LLC (201 trucks),105000,11928,7668512.5600000005,"$949,000.00"
Sol_092,12015 Irma Dr,https://www.loopnet.com/Listing/12015-Irma-Dr-Northglenn-CO/34662093/,"Northglenn, CO 80241",1.0,1098017.0,39.918832606598,-104.965887826386,11460.82,20000,XL,57.30%,1983,ADAMS 12 FIVE STAR SCHOOLS (182 trucks) | TRI-STATE GENERATION & TRANSMISSION ASSOCIATION INC (321 trucks) | CITY OF THORNTON (208 trucks) | CITY OF THORNTON (174 trucks) | BALIC TRANSPORT INC (120 trucks) | BURNCO COLORADO LLC (146 trucks) | WEST DIRECT OIL (140 trucks) | OFFEN PETROLEUM LLC (269 trucks) | ENVIRONMENTAL DESIGNS LLC (156 trucks) | SIM TRUCKING INC (120 trucks) | G&Z TRANSPORT LLC (147 trucks),105000,11928,7668512.5600000005,"$1,098,017.00"
Sol_092,2120 University Park Blvd,https://www.loopnet.com/Listing/2120-University-Park-Blvd-Colorado-Springs-CO/27680798/,"Colorado Springs, CO 80918",1.02,295000.0,38.910590363159,-104.78892179429,5689.619999999999,10000,L,56.90%,1031,GOODWILL OF COLORADO (134 trucks) | CITY OF COLORADO SPRINGS (326 trucks) | VECTRUS SYSTEMS CORPORATION (185 trucks) | COLORADO SPRINGS SCHOOL DISTRICT 11 (130 trucks) | El PASO COUNTY (112 trucks) | MOUNTAIN METROPOLITAN TRANSIT (144 trucks),105000,11928,7668512.5600000005,"$295,000.00"
Sol_092,7099 S Kenton St,https://www.loopnet.com/Listing/7099-S-Kenton-St-Centennial-CO/6542016/,"Centennial, CO 80112",1.18,976600.0,39.588430849644,-104.861817781283,16997.23,20000,XL,84.99%,2298,HBSCO DANS TRASH AT YOUR DISPOSAL (110 trucks) | BUCKLEY POWDER CO (217 trucks) | IHC SCOTT INC (214 trucks) | ORICA USA INC (215 trucks) | GLOBAL TRANSPORTATION LLC (442 trucks) | CH2M OMI CH2MHILL JACOBS (183 trucks) | AMERICAN FURNITURE WAREHOUSE CO (340 trucks) | TERRACARE ASSOCIATES LLC (156 trucks) | ENTERPRISE RENT-A-CAR NATIONAL RENT A CAR ALAMO RENT A CAR (421 trucks),105000,11928,7668512.5600000005,"$976,600.00"
Sol_092,765 Aspen Ridge Drive Dr,https://www.loopnet.com/Listing/765-Aspen-Ridge-Drive-Dr-Lafayette-CO/32931931/,"Lafayette, CO 80026",1.43,556000.0,40.006898203868,-105.107210150504,4585.06,5000,M,91.70%,619,BOULDER VALLEY SCHOOL DISTRICT RE-2 (134 trucks) | VIA MOBILITY SERVICES (196 trucks) | VIA MOBILITY SERVICES (116 trucks) | CU (173 trucks),105000,11928,7668512.5600000005,"$556,000.00"
Sol_092,6109 W 48th Ave,https://www.loopnet.com/Listing/6109-W-48th-Ave-Wheat-Ridge-CO/32583003/,"Wheat Ridge, CO 80033",1.76,1141446.56,39.784078257989,-105.064430676896,8749.11,10000,L,87.49%,1238,CITY OF ARVADA (100 trucks) | SITEWISE LLC (145 trucks) | COMPASS VEHICLE RENTAL INC (170 trucks) | COORS DISTRIBUTING COMPANY MILLER COORS LLC (105 trucks) | COLD FRONT (121 trucks) | NAVAJO EXPRESS INC (309 trucks) | SURESHOT DRILLING LLC ATOZ FIELD SERVICES LLC DRILL TECH LLC PINNACLE DEVELOPMENT INC HDD SPECIALISTS LLC (135 trucks) | COCAL LANDSCAPE SERVICES INC (153 trucks),105000,11928,7668512.5600000005,"$1,141,446.56"
Sol_093,17160 W Colfax Ave,https://www.loopnet.com/Listing/17160-W-Colfax-Ave-Golden-CO/29520298/,"Golden, CO 80401",0.63,500000.0,39.722253633534,-105.192465086092,5488.67,10000,L,54.89%,807,ENIVIRONMENTAL LANDWORKS COMPANY INC (115 trucks) | HOLCIM WCR INC (298 trucks) | JEFFCO SCHOOLS (274 trucks) | JEFFERSON COUNTY (120 trucks),110000,11785,7219512.5600000005,"$500,000.00"
Sol_093,3401 S Yosemite St,https://www.loopnet.com/Listing/3401-S-Yosemite-St-Denver-CO/39837277/,"Denver, CO 80231",0.64,675000.0,39.654049416843,-104.88550562639,4128.9400000000005,5000,M,82.58%,632,COMCAST (194 trucks) | SWINGLE TREE & LANDSCAPE CARE (135 trucks) | CITY LIGHT AND POWER INC (121 trucks) | WHEEL PROS LLC (182 trucks),110000,11785,7219512.5600000005,"$675,000.00"
Sol_093,9190 W 84th Ave,https://www.loopnet.com/Listing/9190-W-84th-Ave-Arvada-CO/38160305/,"Arvada, CO 80005",0.67,499000.0,39.849854027782,-105.100317795342,2457.7,5000,M,49.15%,296,ALPINE MILLWORK COMPANY DBA ROCKY MOUNTAIN RELOAD (141 trucks) | GEOSTABILIZATION INTERNATIONAL LLC (155 trucks),110000,11785,7219512.5600000005,"$499,000.00"
Sol_093,496 Laredo st,https://www.loopnet.com/Listing/496-Laredo-st-Aurora-CO/38708025/,"Aurora, CO 80011",0.7,500000.0,39.724337332754,-104.800258318335,8680.17,10000,L,86.80%,1261,AURORA PUBLIC SCHOOLS (127 trucks) | CITY OF AURORA (271 trucks) | METCO LANDSCAPING INC (226 trucks) | WAGNER EQUIPMENT CO (423 trucks) | SHAMROCK FOODS COMPANY (214 trucks),110000,11785,7219512.5600000005,"$500,000.00"
Sol_093,NEC N Fairgrounds Ave,https://www.loopnet.com/Listing/NEC-N-Fairgrounds-Ave-Windsor-CO/29890025/,"Windsor, CO 80528",0.74,483449.0,40.437732372143,-104.982630626628,4243.52,5000,M,84.87%,684,LARIMER COUNTY (131 trucks) | NOVUS AG LLC (444 trucks) | LOVELAND MUNICIPALITY (109 trucks),110000,11785,7219512.5600000005,"$483,449.00"
Sol_093,11958 Lincoln Ave,https://www.loopnet.com/Listing/Lincoln-Ave-Parker-CO/39741118/,"Parker, CO 80138",0.86,495000.0,39.536519536914,-104.76116705724,4937.0,5000,M,98.74%,725,ACCELERATED SERVICES LLC (373 trucks) | CHERRY CREEK SCHOOLS (352 trucks),110000,11785,7219512.5600000005,"$495,000.00"
Sol_093,12015 Irma Dr,https://www.loopnet.com/Listing/12015-Irma-Dr-Northglenn-CO/34662093/,"Northglenn, CO 80241",1.0,1098017.0,39.918832606598,-104.965887826386,11460.82,20000,XL,57.30%,1983,ADAMS 12 FIVE STAR SCHOOLS (182 trucks) | TRI-STATE GENERATION & TRANSMISSION ASSOCIATION INC (321 trucks) | CITY OF THORNTON (208 trucks) | CITY OF THORNTON (174 trucks) | BALIC TRANSPORT INC (120 trucks) | BURNCO COLORADO LLC (146 trucks) | WEST DIRECT OIL (140 trucks) | OFFEN PETROLEUM LLC (269 trucks) | ENVIRONMENTAL DESIGNS LLC (156 trucks) | SIM TRUCKING INC (120 trucks) | G&Z TRANSPORT LLC (147 trucks),110000,11785,7219512.5600000005,"$1,098,017.00"
Sol_093,2120 University Park Blvd,https://www.loopnet.com/Listing/2120-University-Park-Blvd-Colorado-Springs-CO/27680798/,"Colorado Springs, CO 80918",1.02,295000.0,38.910590363159,-104.78892179429,5689.619999999999,10000,L,56.90%,1031,GOODWILL OF COLORADO (134 trucks) | CITY OF COLORADO SPRINGS (326 trucks) | VECTRUS SYSTEMS CORPORATION (185 trucks) | COLORADO SPRINGS SCHOOL DISTRICT 11 (130 trucks) | El PASO COUNTY (112 trucks) | MOUNTAIN METROPOLITAN TRANSIT (144 trucks),110000,11785,7219512.5600000005,"$295,000.00"
Sol_093,7099 S Kenton St,https://www.loopnet.com/Listing/7099-S-Kenton-St-Centennial-CO/6542016/,"Centennial, CO 80112",1.18,976600.0,39.588430849644,-104.861817781283,16997.23,20000,XL,84.99%,2298,HBSCO DANS TRASH AT YOUR DISPOSAL (110 trucks) | BUCKLEY POWDER CO (217 trucks) | IHC SCOTT INC (214 trucks) | ORICA USA INC (215 trucks) | GLOBAL TRANSPORTATION LLC (442 trucks) | CH2M OMI CH2MHILL JACOBS (183 trucks) | AMERICAN FURNITURE WAREHOUSE CO (340 trucks) | TERRACARE ASSOCIATES LLC (156 trucks) | ENTERPRISE RENT-A-CAR NATIONAL RENT A CAR ALAMO RENT A CAR (421 trucks),110000,11785,7219512.5600000005,"$976,600.00"
Sol_093,765 Aspen Ridge Drive Dr,https://www.loopnet.com/Listing/765-Aspen-Ridge-Drive-Dr-Lafayette-CO/32931931/,"Lafayette, CO 80026",1.43,556000.0,40.006898203868,-105.107210150504,5074.7300000000005,10000,L,50.75%,830,BOULDER VALLEY SCHOOL DISTRICT RE-2 (134 trucks) | VIA MOBILITY SERVICES (196 trucks) | VIA MOBILITY SERVICES (116 trucks) | CU (173 trucks) | CITY OF LONGMONT (211 trucks),110000,11785,7219512.5600000005,"$556,000.00"
Sol_093,6109 W 48th Ave,https://www.loopnet.com/Listing/6109-W-48th-Ave-Wheat-Ridge-CO/32583003/,"Wheat Ridge, CO 80033",1.76,1141446.56,39.784078257989,-105.064430676896,8749.11,10000,L,87.49%,1238,CITY OF ARVADA (100 trucks) | SITEWISE LLC (145 trucks) | COMPASS VEHICLE RENTAL INC (170 trucks) | COORS DISTRIBUTING COMPANY MILLER COORS LLC (105 trucks) | COLD FRONT (121 trucks) | NAVAJO EXPRESS INC (309 trucks) | SURESHOT DRILLING LLC ATOZ FIELD SERVICES LLC DRILL TECH LLC PINNACLE DEVELOPMENT INC HDD SPECIALISTS LLC (135 trucks) | COCAL LANDSCAPE SERVICES INC (153 trucks),110000,11785,7219512.5600000005,"$1,141,446.56"
Sol_094,2300 W County Road 54G,https://www.loopnet.com/Listing/2300-W-County-Road-54G-Laporte-CO/33671750/,"Laporte, CO 80535",0.46,330000.0,40.625878828869,-105.117877128123,1931.6100000000001,2000,S,96.58%,528,Poudre School District  (243 trucks) | CITY OF FORT COLLINS (285 trucks),133000,15745,13255336.72,"$330,000.00"
Sol_094,17160 W Colfax Ave,https://www.loopnet.com/Listing/17160-W-Colfax-Ave-Golden-CO/29520298/,"Golden, CO 80401",0.63,500000.0,39.722253633534,-105.192465086092,5488.67,10000,L,54.89%,807,ENIVIRONMENTAL LANDWORKS COMPANY INC (115 trucks) | HOLCIM WCR INC (298 trucks) | JEFFCO SCHOOLS (274 trucks) | JEFFERSON COUNTY (120 trucks),133000,15745,13255336.72,"$500,000.00"
Sol_094,3401 S Yosemite St,https://www.loopnet.com/Listing/3401-S-Yosemite-St-Denver-CO/39837277/,"Denver, CO 80231",0.64,675000.0,39.654049416843,-104.88550562639,4128.9400000000005,5000,M,82.58%,632,COMCAST (194 trucks) | SWINGLE TREE & LANDSCAPE CARE (135 trucks) | CITY LIGHT AND POWER INC (121 trucks) | WHEEL PROS LLC (182 trucks),133000,15745,13255336.72,"$675,000.00"
Sol_094,Highway 34 Business & 83rd Avenue,https://www.loopnet.com/Listing/Highway-34-Business-83rd-Avenue-Greeley-CO/27017249/,"Greeley, CO 80634",0.66,877824.16,40.421498483243,-104.813483201346,336.5,1000,XS,33.65%,145,WELD COUNTY PUBLIC WORKS DEPARTMENT (145 trucks),133000,15745,13255336.72,"$877,824.16"
Sol_094,9190 W 84th Ave,https://www.loopnet.com/Listing/9190-W-84th-Ave-Arvada-CO/38160305/,"Arvada, CO 80005",0.67,499000.0,39.849854027782,-105.100317795342,2457.7,5000,M,49.15%,296,ALPINE MILLWORK COMPANY DBA ROCKY MOUNTAIN RELOAD (141 trucks) | GEOSTABILIZATION INTERNATIONAL LLC (155 trucks),133000,15745,13255336.72,"$499,000.00"
Sol_094,496 Laredo st,https://www.loopnet.com/Listing/496-Laredo-st-Aurora-CO/38708025/,"Aurora, CO 80011",0.7,500000.0,39.724337332754,-104.800258318335,8680.17,10000,L,86.80%,1261,AURORA PUBLIC SCHOOLS (127 trucks) | CITY OF AURORA (271 trucks) | METCO LANDSCAPING INC (226 trucks) | WAGNER EQUIPMENT CO (423 trucks) | SHAMROCK FOODS COMPANY (214 trucks),133000,15745,13255336.72,"$500,000.00"
Sol_094,NEC N Fairgrounds Ave,https://www.loopnet.com/Listing/NEC-N-Fairgrounds-Ave-Windsor-CO/29890025/,"Windsor, CO 80528",0.74,483449.0,40.437732372143,-104.982630626628,4243.52,5000,M,84.87%,684,LARIMER COUNTY (131 trucks) | NOVUS AG LLC (444 trucks) | LOVELAND MUNICIPALITY (109 trucks),133000,15745,13255336.72,"$483,449.00"
Sol_094,11958 Lincoln Ave,https://www.loopnet.com/Listing/Lincoln-Ave-Parker-CO/39741118/,"Parker, CO 80138",0.86,495000.0,39.536519536914,-104.76116705724,4937.0,5000,M,98.74%,725,ACCELERATED SERVICES LLC (373 trucks) | CHERRY CREEK SCHOOLS (352 trucks),133000,15745,13255336.72,"$495,000.00"
Sol_094,12353 E 104th Pl,https://www.loopnet.com/Listing/12353-E-104th-Pl-Commerce-City-CO/39324469/,"Commerce City, CO 80022",0.95,580000.0,39.886646182224,-104.843759389987,5864.049999999999,10000,L,58.64%,829,ENVIRONMENTAL DESIGNS LLC (156 trucks) | BALIC TRANSPORT INC (120 trucks) | BURNCO COLORADO LLC (146 trucks) | WEST DIRECT OIL (140 trucks) | SIM TRUCKING INC (120 trucks) | G&Z TRANSPORT LLC (147 trucks),133000,15745,13255336.72,"$580,000.00"
Sol_094,3311 Ideal Drive Dr,https://www.loopnet.com/Listing/3311-Ideal-Drive-Dr-Frederick-CO/35744244/,"Frederick, CO 80516",1.0,949000.0,40.087044076103,-104.992966989518,4928.75,5000,M,98.58%,991,SUPREME TRANSPORT INC (183 trucks) | WARD ELECTRIC COMPANY INC (222 trucks) | CITY OF LONGMONT (211 trucks) | ST VRAIN VALLEY SCHOOL DISTRICT (174 trucks) | HEAT WAVES HOT OIL SERVICE LLC (201 trucks),133000,15745,13255336.72,"$949,000.00"
Sol_094,12015 Irma Dr,https://www.loopnet.com/Listing/12015-Irma-Dr-Northglenn-CO/34662093/,"Northglenn, CO 80241",1.0,1098017.0,39.918832606598,-104.965887826386,3363.2500000000005,5000,M,67.27%,885,ADAMS 12 FIVE STAR SCHOOLS (182 trucks) | TRI-STATE GENERATION & TRANSMISSION ASSOCIATION INC (321 trucks) | CITY OF THORNTON (208 trucks) | CITY OF THORNTON (174 trucks),133000,15745,13255336.72,"$1,098,017.00"
Sol_094,2120 University Park Blvd,https://www.loopnet.com/Listing/2120-University-Park-Blvd-Colorado-Springs-CO/27680798/,"Colorado Springs, CO 80918",1.02,295000.0,38.910590363159,-104.78892179429,5689.619999999999,10000,L,56.90%,1031,GOODWILL OF COLORADO (134 trucks) | CITY OF COLORADO SPRINGS (326 trucks) | VECTRUS SYSTEMS CORPORATION (185 trucks) | COLORADO SPRINGS SCHOOL DISTRICT 11 (130 trucks) | El PASO COUNTY (112 trucks) | MOUNTAIN METROPOLITAN TRANSIT (144 trucks),133000,15745,13255336.72,"$295,000.00"
Sol_094,4265 Santa Fe Dr,https://www.loopnet.com/Listing/4265-Santa-Fe-Dr-Sheridan-CO/30482164/,"Sheridan, CO 80110",1.17,1799000.0,39.63876696462,-105.007023340305,4209.639999999999,5000,M,84.19%,507,KEESEN ENTERPRISES INC (263 trucks) | QUALITY LOGISTICS INC (135 trucks) | PACIFIC SHIPPING & TRUCKING CO INC (109 trucks),133000,15745,13255336.72,"$1,799,000.00"
Sol_094,7099 S Kenton St,https://www.loopnet.com/Listing/7099-S-Kenton-St-Centennial-CO/6542016/,"Centennial, CO 80112",1.18,976600.0,39.588430849644,-104.861817781283,16997.23,20000,XL,84.99%,2298,HBSCO DANS TRASH AT YOUR DISPOSAL (110 trucks) | BUCKLEY POWDER CO (217 trucks) | IHC SCOTT INC (214 trucks) | ORICA USA INC (215 trucks) | GLOBAL TRANSPORTATION LLC (442 trucks) | CH2M OMI CH2MHILL JACOBS (183 trucks) | AMERICAN FURNITURE WAREHOUSE CO (340 trucks) | TERRACARE ASSOCIATES LLC (156 trucks) | ENTERPRISE RENT-A-CAR NATIONAL RENT A CAR ALAMO RENT A CAR (421 trucks),133000,15745,13255336.72,"$976,600.00"
Sol_094,6322 Ivanhoe St,https://www.loopnet.com/Listing/6322-Ivanhoe-St-Commerce-City-CO/30497175/,"Commerce City, CO 80022",1.24,1500000.0,39.811481968412,-104.920723282229,19295.64,20000,XL,96.48%,2557,UNITED SITE SERVICES OF NEVADA INC (409 trucks) | UNITED SITE SERVICES OF COLORADO INC (147 trucks) | OFFEN PETROLEUM LLC (269 trucks) | WESTERN DISTRIBUTING TRANSPORTATION CORP (155 trucks) | READY MIX CONCRETE COMPANY (191 trucks) | RMS CRANES (139 trucks) | EAGLE ROCK DISTRIBUTING COMPANY OF COLORADO LLC (148 trucks) | WASTE CONNECTIONS OF COLORADO INC (486 trucks) | SUPERSHUTTLE DENVER (125 trucks) | SURESHOT DRILLING LLC ATOZ FIELD SERVICES LLC DRILL TECH LLC PINNACLE DEVELOPMENT INC HDD SPECIALISTS LLC (135 trucks) | COCAL LANDSCAPE SERVICES INC (153 trucks) | U S TRANSPORT INC (200 trucks),133000,15745,13255336.72,"$1,500,000.00"
Sol_094,765 Aspen Ridge Drive Dr,https://www.loopnet.com/Listing/765-Aspen-Ridge-Drive-Dr-Lafayette-CO/32931931/,"Lafayette, CO 80026",1.43,556000.0,40.006898203868,-105.107210150504,4585.06,5000,M,91.70%,619,BOULDER VALLEY SCHOOL DISTRICT RE-2 (134 trucks) | VIA MOBILITY SERVICES (196 trucks) | VIA MOBILITY SERVICES (116 trucks) | CU (173 trucks),133000,15745,13255336.72,"$556,000.00"
Sol_094,6109 W 48th Ave,https://www.loopnet.com/Listing/6109-W-48th-Ave-Wheat-Ridge-CO/32583003/,"Wheat Ridge, CO 80033",1.76,1141446.56,39.784078257989,-105.064430676896,6837.22,10000,L,68.37%,950,CITY OF ARVADA (100 trucks) | SITEWISE LLC (145 trucks) | COMPASS VEHICLE RENTAL INC (170 trucks) | COORS DISTRIBUTING COMPANY MILLER COORS LLC (105 trucks) | COLD FRONT (121 trucks) | NAVAJO EXPRESS INC (309 trucks),133000,15745,13255336.72,"$1,141,446.56"
Sol_095,17160 W Colfax Ave,https://www.loopnet.com/Listing/17160-W-Colfax-Ave-Golden-CO/29520298/,"Golden, CO 80401",0.63,500000.0,39.722253633534,-105.192465086092,5488.67,10000,L,54.89%,807,ENIVIRONMENTAL LANDWORKS COMPANY INC (115 trucks) | HOLCIM WCR INC (298 trucks) | JEFFCO SCHOOLS (274 trucks) | JEFFERSON COUNTY (120 trucks),120000,13639,8719512.56,"$500,000.00"
Sol_095,3401 S Yosemite St,https://www.loopnet.com/Listing/3401-S-Yosemite-St-Denver-CO/39837277/,"Denver, CO 80231",0.64,675000.0,39.654049416843,-104.88550562639,4128.9400000000005,5000,M,82.58%,632,COMCAST (194 trucks) | SWINGLE TREE & LANDSCAPE CARE (135 trucks) | CITY LIGHT AND POWER INC (121 trucks) | WHEEL PROS LLC (182 trucks),120000,13639,8719512.56,"$675,000.00"
Sol_095,9190 W 84th Ave,https://www.loopnet.com/Listing/9190-W-84th-Ave-Arvada-CO/38160305/,"Arvada, CO 80005",0.67,499000.0,39.849854027782,-105.100317795342,2457.7,5000,M,49.15%,296,ALPINE MILLWORK COMPANY DBA ROCKY MOUNTAIN RELOAD (141 trucks) | GEOSTABILIZATION INTERNATIONAL LLC (155 trucks),120000,13639,8719512.56,"$499,000.00"
Sol_095,496 Laredo st,https://www.loopnet.com/Listing/496-Laredo-st-Aurora-CO/38708025/,"Aurora, CO 80011",0.7,500000.0,39.724337332754,-104.800258318335,8680.17,10000,L,86.80%,1261,AURORA PUBLIC SCHOOLS (127 trucks) | CITY OF AURORA (271 trucks) | METCO LANDSCAPING INC (226 trucks) | WAGNER EQUIPMENT CO (423 trucks) | SHAMROCK FOODS COMPANY (214 trucks),120000,13639,8719512.56,"$500,000.00"
Sol_095,NEC N Fairgrounds Ave,https://www.loopnet.com/Listing/NEC-N-Fairgrounds-Ave-Windsor-CO/29890025/,"Windsor, CO 80528",0.74,483449.0,40.437732372143,-104.982630626628,4243.52,5000,M,84.87%,684,LARIMER COUNTY (131 trucks) | NOVUS AG LLC (444 trucks) | LOVELAND MUNICIPALITY (109 trucks),120000,13639,8719512.56,"$483,449.00"
Sol_095,11958 Lincoln Ave,https://www.loopnet.com/Listing/Lincoln-Ave-Parker-CO/39741118/,"Parker, CO 80138",0.86,495000.0,39.536519536914,-104.76116705724,4937.0,5000,M,98.74%,725,ACCELERATED SERVICES LLC (373 trucks) | CHERRY CREEK SCHOOLS (352 trucks),120000,13639,8719512.56,"$495,000.00"
Sol_095,12015 Irma Dr,https://www.loopnet.com/Listing/12015-Irma-Dr-Northglenn-CO/34662093/,"Northglenn, CO 80241",1.0,1098017.0,39.918832606598,-104.965887826386,7349.780000000001,10000,L,73.50%,1428,ADAMS 12 FIVE STAR SCHOOLS (182 trucks) | TRI-STATE GENERATION & TRANSMISSION ASSOCIATION INC (321 trucks) | CITY OF THORNTON (208 trucks) | CITY OF THORNTON (174 trucks) | BALIC TRANSPORT INC (120 trucks) | ENVIRONMENTAL DESIGNS LLC (156 trucks) | SIM TRUCKING INC (120 trucks) | G&Z TRANSPORT LLC (147 trucks),120000,13639,8719512.56,"$1,098,017.00"
Sol_095,2120 University Park Blvd,https://www.loopnet.com/Listing/2120-University-Park-Blvd-Colorado-Springs-CO/27680798/,"Colorado Springs, CO 80918",1.02,295000.0,38.910590363159,-104.78892179429,5689.619999999999,10000,L,56.90%,1031,GOODWILL OF COLORADO (134 trucks) | CITY OF COLORADO SPRINGS (326 trucks) | VECTRUS SYSTEMS CORPORATION (185 trucks) | COLORADO SPRINGS SCHOOL DISTRICT 11 (130 trucks) | El PASO COUNTY (112 trucks) | MOUNTAIN METROPOLITAN TRANSIT (144 trucks),120000,13639,8719512.56,"$295,000.00"
Sol_095,7099 S Kenton St,https://www.loopnet.com/Listing/7099-S-Kenton-St-Centennial-CO/6542016/,"Centennial, CO 80112",1.18,976600.0,39.588430849644,-104.861817781283,16997.23,20000,XL,84.99%,2298,HBSCO DANS TRASH AT YOUR DISPOSAL (110 trucks) | BUCKLEY POWDER CO (217 trucks) | IHC SCOTT INC (214 trucks) | ORICA USA INC (215 trucks) | GLOBAL TRANSPORTATION LLC (442 trucks) | CH2M OMI CH2MHILL JACOBS (183 trucks) | AMERICAN FURNITURE WAREHOUSE CO (340 trucks) | TERRACARE ASSOCIATES LLC (156 trucks) | ENTERPRISE RENT-A-CAR NATIONAL RENT A CAR ALAMO RENT A CAR (421 trucks),120000,13639,8719512.56,"$976,600.00"
Sol_095,6322 Ivanhoe St,https://www.loopnet.com/Listing/6322-Ivanhoe-St-Commerce-City-CO/30497175/,"Commerce City, CO 80022",1.24,1500000.0,39.811481968412,-104.920723282229,19960.92,20000,XL,99.80%,2697,UNITED SITE SERVICES OF NEVADA INC (409 trucks) | UNITED SITE SERVICES OF COLORADO INC (147 trucks) | OFFEN PETROLEUM LLC (269 trucks) | WESTERN DISTRIBUTING TRANSPORTATION CORP (155 trucks) | READY MIX CONCRETE COMPANY (191 trucks) | RMS CRANES (139 trucks) | EAGLE ROCK DISTRIBUTING COMPANY OF COLORADO LLC (148 trucks) | WASTE CONNECTIONS OF COLORADO INC (486 trucks) | SUPERSHUTTLE DENVER (125 trucks) | SURESHOT DRILLING LLC ATOZ FIELD SERVICES LLC DRILL TECH LLC PINNACLE DEVELOPMENT INC HDD SPECIALISTS LLC (135 trucks) | COCAL LANDSCAPE SERVICES INC (153 trucks) | U S TRANSPORT INC (200 trucks) | WEST DIRECT OIL (140 trucks),120000,13639,8719512.56,"$1,500,000.00"
Sol_095,765 Aspen Ridge Drive Dr,https://www.loopnet.com/Listing/765-Aspen-Ridge-Drive-Dr-Lafayette-CO/32931931/,"Lafayette, CO 80026",1.43,556000.0,40.006898203868,-105.107210150504,5074.7300000000005,10000,L,50.75%,830,BOULDER VALLEY SCHOOL DISTRICT RE-2 (134 trucks) | VIA MOBILITY SERVICES (196 trucks) | VIA MOBILITY SERVICES (116 trucks) | CU (173 trucks) | CITY OF LONGMONT (211 trucks),120000,13639,8719512.56,"$556,000.00"
Sol_095,6109 W 48th Ave,https://www.loopnet.com/Listing/6109-W-48th-Ave-Wheat-Ridge-CO/32583003/,"Wheat Ridge, CO 80033",1.76,1141446.56,39.784078257989,-105.064430676896,6837.22,10000,L,68.37%,950,CITY OF ARVADA (100 trucks) | SITEWISE LLC (145 trucks) | COMPASS VEHICLE RENTAL INC (170 trucks) | COORS DISTRIBUTING COMPANY MILLER COORS LLC (105 trucks) | COLD FRONT (121 trucks) | NAVAJO EXPRESS INC (309 trucks),120000,13639,8719512.56,"$1,141,446.56"
Sol_096,2300 W County Road 54G,https://www.loopnet.com/Listing/2300-W-County-Road-54G-Laporte-CO/33671750/,"Laporte, CO 80535",0.46,330000.0,40.625878828869,-105.117877128123,1931.6100000000001,2000,S,96.58%,528,Poudre School District  (243 trucks) | CITY OF FORT COLLINS (285 trucks),128000,15238,11456336.72,"$330,000.00"
Sol_096,17160 W Colfax Ave,https://www.loopnet.com/Listing/17160-W-Colfax-Ave-Golden-CO/29520298/,"Golden, CO 80401",0.63,500000.0,39.722253633534,-105.192465086092,5488.67,10000,L,54.89%,807,ENIVIRONMENTAL LANDWORKS COMPANY INC (115 trucks) | HOLCIM WCR INC (298 trucks) | JEFFCO SCHOOLS (274 trucks) | JEFFERSON COUNTY (120 trucks),128000,15238,11456336.72,"$500,000.00"
Sol_096,3401 S Yosemite St,https://www.loopnet.com/Listing/3401-S-Yosemite-St-Denver-CO/39837277/,"Denver, CO 80231",0.64,675000.0,39.654049416843,-104.88550562639,4128.9400000000005,5000,M,82.58%,632,COMCAST (194 trucks) | SWINGLE TREE & LANDSCAPE CARE (135 trucks) | CITY LIGHT AND POWER INC (121 trucks) | WHEEL PROS LLC (182 trucks),128000,15238,11456336.72,"$675,000.00"
Sol_096,Highway 34 Business & 83rd Avenue,https://www.loopnet.com/Listing/Highway-34-Business-83rd-Avenue-Greeley-CO/27017249/,"Greeley, CO 80634",0.66,877824.16,40.421498483243,-104.813483201346,336.5,1000,XS,33.65%,145,WELD COUNTY PUBLIC WORKS DEPARTMENT (145 trucks),128000,15238,11456336.72,"$877,824.16"
Sol_096,9190 W 84th Ave,https://www.loopnet.com/Listing/9190-W-84th-Ave-Arvada-CO/38160305/,"Arvada, CO 80005",0.67,499000.0,39.849854027782,-105.100317795342,2457.7,5000,M,49.15%,296,ALPINE MILLWORK COMPANY DBA ROCKY MOUNTAIN RELOAD (141 trucks) | GEOSTABILIZATION INTERNATIONAL LLC (155 trucks),128000,15238,11456336.72,"$499,000.00"
Sol_096,496 Laredo st,https://www.loopnet.com/Listing/496-Laredo-st-Aurora-CO/38708025/,"Aurora, CO 80011",0.7,500000.0,39.724337332754,-104.800258318335,8680.17,10000,L,86.80%,1261,AURORA PUBLIC SCHOOLS (127 trucks) | CITY OF AURORA (271 trucks) | METCO LANDSCAPING INC (226 trucks) | WAGNER EQUIPMENT CO (423 trucks) | SHAMROCK FOODS COMPANY (214 trucks),128000,15238,11456336.72,"$500,000.00"
Sol_096,NEC N Fairgrounds Ave,https://www.loopnet.com/Listing/NEC-N-Fairgrounds-Ave-Windsor-CO/29890025/,"Windsor, CO 80528",0.74,483449.0,40.437732372143,-104.982630626628,4243.52,5000,M,84.87%,684,LARIMER COUNTY (131 trucks) | NOVUS AG LLC (444 trucks) | LOVELAND MUNICIPALITY (109 trucks),128000,15238,11456336.72,"$483,449.00"
Sol_096,11958 Lincoln Ave,https://www.loopnet.com/Listing/Lincoln-Ave-Parker-CO/39741118/,"Parker, CO 80138",0.86,495000.0,39.536519536914,-104.76116705724,4937.0,5000,M,98.74%,725,ACCELERATED SERVICES LLC (373 trucks) | CHERRY CREEK SCHOOLS (352 trucks),128000,15238,11456336.72,"$495,000.00"
Sol_096,12353 E 104th Pl,https://www.loopnet.com/Listing/12353-E-104th-Pl-Commerce-City-CO/39324469/,"Commerce City, CO 80022",0.95,580000.0,39.886646182224,-104.843759389987,5864.049999999999,10000,L,58.64%,829,ENVIRONMENTAL DESIGNS LLC (156 trucks) | BALIC TRANSPORT INC (120 trucks) | BURNCO COLORADO LLC (146 trucks) | WEST DIRECT OIL (140 trucks) | SIM TRUCKING INC (120 trucks) | G&Z TRANSPORT LLC (147 trucks),128000,15238,11456336.72,"$580,000.00"
Sol_096,3311 Ideal Drive Dr,https://www.loopnet.com/Listing/3311-Ideal-Drive-Dr-Frederick-CO/35744244/,"Frederick, CO 80516",1.0,949000.0,40.087044076103,-104.992966989518,4928.75,5000,M,98.58%,991,SUPREME TRANSPORT INC (183 trucks) | WARD ELECTRIC COMPANY INC (222 trucks) | CITY OF LONGMONT (211 trucks) | ST VRAIN VALLEY SCHOOL DISTRICT (174 trucks) | HEAT WAVES HOT OIL SERVICE LLC (201 trucks),128000,15238,11456336.72,"$949,000.00"
Sol_096,12015 Irma Dr,https://www.loopnet.com/Listing/12015-Irma-Dr-Northglenn-CO/34662093/,"Northglenn, CO 80241",1.0,1098017.0,39.918832606598,-104.965887826386,3363.2500000000005,5000,M,67.27%,885,ADAMS 12 FIVE STAR SCHOOLS (182 trucks) | TRI-STATE GENERATION & TRANSMISSION ASSOCIATION INC (321 trucks) | CITY OF THORNTON (208 trucks) | CITY OF THORNTON (174 trucks),128000,15238,11456336.72,"$1,098,017.00"
Sol_096,2120 University Park Blvd,https://www.loopnet.com/Listing/2120-University-Park-Blvd-Colorado-Springs-CO/27680798/,"Colorado Springs, CO 80918",1.02,295000.0,38.910590363159,-104.78892179429,5689.619999999999,10000,L,56.90%,1031,GOODWILL OF COLORADO (134 trucks) | CITY OF COLORADO SPRINGS (326 trucks) | VECTRUS SYSTEMS CORPORATION (185 trucks) | COLORADO SPRINGS SCHOOL DISTRICT 11 (130 trucks) | El PASO COUNTY (112 trucks) | MOUNTAIN METROPOLITAN TRANSIT (144 trucks),128000,15238,11456336.72,"$295,000.00"
Sol_096,7099 S Kenton St,https://www.loopnet.com/Listing/7099-S-Kenton-St-Centennial-CO/6542016/,"Centennial, CO 80112",1.18,976600.0,39.588430849644,-104.861817781283,16997.23,20000,XL,84.99%,2298,HBSCO DANS TRASH AT YOUR DISPOSAL (110 trucks) | BUCKLEY POWDER CO (217 trucks) | IHC SCOTT INC (214 trucks) | ORICA USA INC (215 trucks) | GLOBAL TRANSPORTATION LLC (442 trucks) | CH2M OMI CH2MHILL JACOBS (183 trucks) | AMERICAN FURNITURE WAREHOUSE CO (340 trucks) | TERRACARE ASSOCIATES LLC (156 trucks) | ENTERPRISE RENT-A-CAR NATIONAL RENT A CAR ALAMO RENT A CAR (421 trucks),128000,15238,11456336.72,"$976,600.00"
Sol_096,6322 Ivanhoe St,https://www.loopnet.com/Listing/6322-Ivanhoe-St-Commerce-City-CO/30497175/,"Commerce City, CO 80022",1.24,1500000.0,39.811481968412,-104.920723282229,19295.64,20000,XL,96.48%,2557,UNITED SITE SERVICES OF NEVADA INC (409 trucks) | UNITED SITE SERVICES OF COLORADO INC (147 trucks) | OFFEN PETROLEUM LLC (269 trucks) | WESTERN DISTRIBUTING TRANSPORTATION CORP (155 trucks) | READY MIX CONCRETE COMPANY (191 trucks) | RMS CRANES (139 trucks) | EAGLE ROCK DISTRIBUTING COMPANY OF COLORADO LLC (148 trucks) | WASTE CONNECTIONS OF COLORADO INC (486 trucks) | SUPERSHUTTLE DENVER (125 trucks) | SURESHOT DRILLING LLC ATOZ FIELD SERVICES LLC DRILL TECH LLC PINNACLE DEVELOPMENT INC HDD SPECIALISTS LLC (135 trucks) | COCAL LANDSCAPE SERVICES INC (153 trucks) | U S TRANSPORT INC (200 trucks),128000,15238,11456336.72,"$1,500,000.00"
Sol_096,765 Aspen Ridge Drive Dr,https://www.loopnet.com/Listing/765-Aspen-Ridge-Drive-Dr-Lafayette-CO/32931931/,"Lafayette, CO 80026",1.43,556000.0,40.006898203868,-105.107210150504,4585.06,5000,M,91.70%,619,BOULDER VALLEY SCHOOL DISTRICT RE-2 (134 trucks) | VIA MOBILITY SERVICES (196 trucks) | VIA MOBILITY SERVICES (116 trucks) | CU (173 trucks),128000,15238,11456336.72,"$556,000.00"
Sol_096,6109 W 48th Ave,https://www.loopnet.com/Listing/6109-W-48th-Ave-Wheat-Ridge-CO/32583003/,"Wheat Ridge, CO 80033",1.76,1141446.56,39.784078257989,-105.064430676896,6837.22,10000,L,68.37%,950,CITY OF ARVADA (100 trucks) | SITEWISE LLC (145 trucks) | COMPASS VEHICLE RENTAL INC (170 trucks) | COORS DISTRIBUTING COMPANY MILLER COORS LLC (105 trucks) | COLD FRONT (121 trucks) | NAVAJO EXPRESS INC (309 trucks),128000,15238,11456336.72,"$1,141,446.56"
Sol_097,2300 W County Road 54G,https://www.loopnet.com/Listing/2300-W-County-Road-54G-Laporte-CO/33671750/,"Laporte, CO 80535",0.46,330000.0,40.625878828869,-105.117877128123,1931.6100000000001,2000,S,96.58%,528,Poudre School District  (243 trucks) | CITY OF FORT COLLINS (285 trucks),112000,13093,8498512.56,"$330,000.00"
Sol_097,17160 W Colfax Ave,https://www.loopnet.com/Listing/17160-W-Colfax-Ave-Golden-CO/29520298/,"Golden, CO 80401",0.63,500000.0,39.722253633534,-105.192465086092,5488.67,10000,L,54.89%,807,ENIVIRONMENTAL LANDWORKS COMPANY INC (115 trucks) | HOLCIM WCR INC (298 trucks) | JEFFCO SCHOOLS (274 trucks) | JEFFERSON COUNTY (120 trucks),112000,13093,8498512.56,"$500,000.00"
Sol_097,3401 S Yosemite St,https://www.loopnet.com/Listing/3401-S-Yosemite-St-Denver-CO/39837277/,"Denver, CO 80231",0.64,675000.0,39.654049416843,-104.88550562639,4128.9400000000005,5000,M,82.58%,632,COMCAST (194 trucks) | SWINGLE TREE & LANDSCAPE CARE (135 trucks) | CITY LIGHT AND POWER INC (121 trucks) | WHEEL PROS LLC (182 trucks),112000,13093,8498512.56,"$675,000.00"
Sol_097,9190 W 84th Ave,https://www.loopnet.com/Listing/9190-W-84th-Ave-Arvada-CO/38160305/,"Arvada, CO 80005",0.67,499000.0,39.849854027782,-105.100317795342,2457.7,5000,M,49.15%,296,ALPINE MILLWORK COMPANY DBA ROCKY MOUNTAIN RELOAD (141 trucks) | GEOSTABILIZATION INTERNATIONAL LLC (155 trucks),112000,13093,8498512.56,"$499,000.00"
Sol_097,496 Laredo st,https://www.loopnet.com/Listing/496-Laredo-st-Aurora-CO/38708025/,"Aurora, CO 80011",0.7,500000.0,39.724337332754,-104.800258318335,8680.17,10000,L,86.80%,1261,AURORA PUBLIC SCHOOLS (127 trucks) | CITY OF AURORA (271 trucks) | METCO LANDSCAPING INC (226 trucks) | WAGNER EQUIPMENT CO (423 trucks) | SHAMROCK FOODS COMPANY (214 trucks),112000,13093,8498512.56,"$500,000.00"
Sol_097,NEC N Fairgrounds Ave,https://www.loopnet.com/Listing/NEC-N-Fairgrounds-Ave-Windsor-CO/29890025/,"Windsor, CO 80528",0.74,483449.0,40.437732372143,-104.982630626628,4243.52,5000,M,84.87%,684,LARIMER COUNTY (131 trucks) | NOVUS AG LLC (444 trucks) | LOVELAND MUNICIPALITY (109 trucks),112000,13093,8498512.56,"$483,449.00"
Sol_097,11958 Lincoln Ave,https://www.loopnet.com/Listing/Lincoln-Ave-Parker-CO/39741118/,"Parker, CO 80138",0.86,495000.0,39.536519536914,-104.76116705724,4937.0,5000,M,98.74%,725,ACCELERATED SERVICES LLC (373 trucks) | CHERRY CREEK SCHOOLS (352 trucks),112000,13093,8498512.56,"$495,000.00"
Sol_097,3311 Ideal Drive Dr,https://www.loopnet.com/Listing/3311-Ideal-Drive-Dr-Frederick-CO/35744244/,"Frederick, CO 80516",1.0,949000.0,40.087044076103,-104.992966989518,4928.75,5000,M,98.58%,991,SUPREME TRANSPORT INC (183 trucks) | WARD ELECTRIC COMPANY INC (222 trucks) | CITY OF LONGMONT (211 trucks) | ST VRAIN VALLEY SCHOOL DISTRICT (174 trucks) | HEAT WAVES HOT OIL SERVICE LLC (201 trucks),112000,13093,8498512.56,"$949,000.00"
Sol_097,12015 Irma Dr,https://www.loopnet.com/Listing/12015-Irma-Dr-Northglenn-CO/34662093/,"Northglenn, CO 80241",1.0,1098017.0,39.918832606598,-104.965887826386,11460.82,20000,XL,57.30%,1983,ADAMS 12 FIVE STAR SCHOOLS (182 trucks) | TRI-STATE GENERATION & TRANSMISSION ASSOCIATION INC (321 trucks) | CITY OF THORNTON (208 trucks) | CITY OF THORNTON (174 trucks) | BALIC TRANSPORT INC (120 trucks) | BURNCO COLORADO LLC (146 trucks) | WEST DIRECT OIL (140 trucks) | OFFEN PETROLEUM LLC (269 trucks) | ENVIRONMENTAL DESIGNS LLC (156 trucks) | SIM TRUCKING INC (120 trucks) | G&Z TRANSPORT LLC (147 trucks),112000,13093,8498512.56,"$1,098,017.00"
Sol_097,2120 University Park Blvd,https://www.loopnet.com/Listing/2120-University-Park-Blvd-Colorado-Springs-CO/27680798/,"Colorado Springs, CO 80918",1.02,295000.0,38.910590363159,-104.78892179429,5689.619999999999,10000,L,56.90%,1031,GOODWILL OF COLORADO (134 trucks) | CITY OF COLORADO SPRINGS (326 trucks) | VECTRUS SYSTEMS CORPORATION (185 trucks) | COLORADO SPRINGS SCHOOL DISTRICT 11 (130 trucks) | El PASO COUNTY (112 trucks) | MOUNTAIN METROPOLITAN TRANSIT (144 trucks),112000,13093,8498512.56,"$295,000.00"
Sol_097,7099 S Kenton St,https://www.loopnet.com/Listing/7099-S-Kenton-St-Centennial-CO/6542016/,"Centennial, CO 80112",1.18,976600.0,39.588430849644,-104.861817781283,16997.23,20000,XL,84.99%,2298,HBSCO DANS TRASH AT YOUR DISPOSAL (110 trucks) | BUCKLEY POWDER CO (217 trucks) | IHC SCOTT INC (214 trucks) | ORICA USA INC (215 trucks) | GLOBAL TRANSPORTATION LLC (442 trucks) | CH2M OMI CH2MHILL JACOBS (183 trucks) | AMERICAN FURNITURE WAREHOUSE CO (340 trucks) | TERRACARE ASSOCIATES LLC (156 trucks) | ENTERPRISE RENT-A-CAR NATIONAL RENT A CAR ALAMO RENT A CAR (421 trucks),112000,13093,8498512.56,"$976,600.00"
Sol_097,765 Aspen Ridge Drive Dr,https://www.loopnet.com/Listing/765-Aspen-Ridge-Drive-Dr-Lafayette-CO/32931931/,"Lafayette, CO 80026",1.43,556000.0,40.006898203868,-105.107210150504,4585.06,5000,M,91.70%,619,BOULDER VALLEY SCHOOL DISTRICT RE-2 (134 trucks) | VIA MOBILITY SERVICES (196 trucks) | VIA MOBILITY SERVICES (116 trucks) | CU (173 trucks),112000,13093,8498512.56,"$556,000.00"
Sol_097,6109 W 48th Ave,https://www.loopnet.com/Listing/6109-W-48th-Ave-Wheat-Ridge-CO/32583003/,"Wheat Ridge, CO 80033",1.76,1141446.56,39.784078257989,-105.064430676896,8749.11,10000,L,87.49%,1238,CITY OF ARVADA (100 trucks) | SITEWISE LLC (145 trucks) | COMPASS VEHICLE RENTAL INC (170 trucks) | COORS DISTRIBUTING COMPANY MILLER COORS LLC (105 trucks) | COLD FRONT (121 trucks) | NAVAJO EXPRESS INC (309 trucks) | SURESHOT DRILLING LLC ATOZ FIELD SERVICES LLC DRILL TECH LLC PINNACLE DEVELOPMENT INC HDD SPECIALISTS LLC (135 trucks) | COCAL LANDSCAPE SERVICES INC (153 trucks),112000,13093,8498512.56,"$1,141,446.56"
Sol_098,2300 W County Road 54G,https://www.loopnet.com/Listing/2300-W-County-Road-54G-Laporte-CO/33671750/,"Laporte, CO 80535",0.46,330000.0,40.625878828869,-105.117877128123,1931.6100000000001,2000,S,96.58%,528,Poudre School District  (243 trucks) | CITY OF FORT COLLINS (285 trucks),133000,15627,13201979.72,"$330,000.00"
Sol_098,17160 W Colfax Ave,https://www.loopnet.com/Listing/17160-W-Colfax-Ave-Golden-CO/29520298/,"Golden, CO 80401",0.63,500000.0,39.722253633534,-105.192465086092,5488.67,10000,L,54.89%,807,ENIVIRONMENTAL LANDWORKS COMPANY INC (115 trucks) | HOLCIM WCR INC (298 trucks) | JEFFCO SCHOOLS (274 trucks) | JEFFERSON COUNTY (120 trucks),133000,15627,13201979.72,"$500,000.00"
Sol_098,3401 S Yosemite St,https://www.loopnet.com/Listing/3401-S-Yosemite-St-Denver-CO/39837277/,"Denver, CO 80231",0.64,675000.0,39.654049416843,-104.88550562639,4128.9400000000005,5000,M,82.58%,632,COMCAST (194 trucks) | SWINGLE TREE & LANDSCAPE CARE (135 trucks) | CITY LIGHT AND POWER INC (121 trucks) | WHEEL PROS LLC (182 trucks),133000,15627,13201979.72,"$675,000.00"
Sol_098,Highway 34 Business & 83rd Avenue,https://www.loopnet.com/Listing/Highway-34-Business-83rd-Avenue-Greeley-CO/27017249/,"Greeley, CO 80634",0.66,877824.16,40.421498483243,-104.813483201346,336.5,1000,XS,33.65%,145,WELD COUNTY PUBLIC WORKS DEPARTMENT (145 trucks),133000,15627,13201979.72,"$877,824.16"
Sol_098,9190 W 84th Ave,https://www.loopnet.com/Listing/9190-W-84th-Ave-Arvada-CO/38160305/,"Arvada, CO 80005",0.67,499000.0,39.849854027782,-105.100317795342,2457.7,5000,M,49.15%,296,ALPINE MILLWORK COMPANY DBA ROCKY MOUNTAIN RELOAD (141 trucks) | GEOSTABILIZATION INTERNATIONAL LLC (155 trucks),133000,15627,13201979.72,"$499,000.00"
Sol_098,496 Laredo st,https://www.loopnet.com/Listing/496-Laredo-st-Aurora-CO/38708025/,"Aurora, CO 80011",0.7,500000.0,39.724337332754,-104.800258318335,8680.17,10000,L,86.80%,1261,AURORA PUBLIC SCHOOLS (127 trucks) | CITY OF AURORA (271 trucks) | METCO LANDSCAPING INC (226 trucks) | WAGNER EQUIPMENT CO (423 trucks) | SHAMROCK FOODS COMPANY (214 trucks),133000,15627,13201979.72,"$500,000.00"
Sol_098,NEC N Fairgrounds Ave,https://www.loopnet.com/Listing/NEC-N-Fairgrounds-Ave-Windsor-CO/29890025/,"Windsor, CO 80528",0.74,483449.0,40.437732372143,-104.982630626628,4243.52,5000,M,84.87%,684,LARIMER COUNTY (131 trucks) | NOVUS AG LLC (444 trucks) | LOVELAND MUNICIPALITY (109 trucks),133000,15627,13201979.72,"$483,449.00"
Sol_098,11958 Lincoln Ave,https://www.loopnet.com/Listing/Lincoln-Ave-Parker-CO/39741118/,"Parker, CO 80138",0.86,495000.0,39.536519536914,-104.76116705724,4937.0,5000,M,98.74%,725,ACCELERATED SERVICES LLC (373 trucks) | CHERRY CREEK SCHOOLS (352 trucks),133000,15627,13201979.72,"$495,000.00"
Sol_098,12353 E 104th Pl,https://www.loopnet.com/Listing/12353-E-104th-Pl-Commerce-City-CO/39324469/,"Commerce City, CO 80022",0.95,580000.0,39.886646182224,-104.843759389987,5864.049999999999,10000,L,58.64%,829,ENVIRONMENTAL DESIGNS LLC (156 trucks) | BALIC TRANSPORT INC (120 trucks) | BURNCO COLORADO LLC (146 trucks) | WEST DIRECT OIL (140 trucks) | SIM TRUCKING INC (120 trucks) | G&Z TRANSPORT LLC (147 trucks),133000,15627,13201979.72,"$580,000.00"
Sol_098,3311 Ideal Drive Dr,https://www.loopnet.com/Listing/3311-Ideal-Drive-Dr-Frederick-CO/35744244/,"Frederick, CO 80516",1.0,949000.0,40.087044076103,-104.992966989518,4928.75,5000,M,98.58%,991,SUPREME TRANSPORT INC (183 trucks) | WARD ELECTRIC COMPANY INC (222 trucks) | CITY OF LONGMONT (211 trucks) | ST VRAIN VALLEY SCHOOL DISTRICT (174 trucks) | HEAT WAVES HOT OIL SERVICE LLC (201 trucks),133000,15627,13201979.72,"$949,000.00"
Sol_098,12015 Irma Dr,https://www.loopnet.com/Listing/12015-Irma-Dr-Northglenn-CO/34662093/,"Northglenn, CO 80241",1.0,1098017.0,39.918832606598,-104.965887826386,3363.2500000000005,5000,M,67.27%,885,ADAMS 12 FIVE STAR SCHOOLS (182 trucks) | TRI-STATE GENERATION & TRANSMISSION ASSOCIATION INC (321 trucks) | CITY OF THORNTON (208 trucks) | CITY OF THORNTON (174 trucks),133000,15627,13201979.72,"$1,098,017.00"
Sol_098,2120 University Park Blvd,https://www.loopnet.com/Listing/2120-University-Park-Blvd-Colorado-Springs-CO/27680798/,"Colorado Springs, CO 80918",1.02,295000.0,38.910590363159,-104.78892179429,5689.619999999999,10000,L,56.90%,1031,GOODWILL OF COLORADO (134 trucks) | CITY OF COLORADO SPRINGS (326 trucks) | VECTRUS SYSTEMS CORPORATION (185 trucks) | COLORADO SPRINGS SCHOOL DISTRICT 11 (130 trucks) | El PASO COUNTY (112 trucks) | MOUNTAIN METROPOLITAN TRANSIT (144 trucks),133000,15627,13201979.72,"$295,000.00"
Sol_098,7099 S Kenton St,https://www.loopnet.com/Listing/7099-S-Kenton-St-Centennial-CO/6542016/,"Centennial, CO 80112",1.18,976600.0,39.588430849644,-104.861817781283,16997.23,20000,XL,84.99%,2298,HBSCO DANS TRASH AT YOUR DISPOSAL (110 trucks) | BUCKLEY POWDER CO (217 trucks) | IHC SCOTT INC (214 trucks) | ORICA USA INC (215 trucks) | GLOBAL TRANSPORTATION LLC (442 trucks) | CH2M OMI CH2MHILL JACOBS (183 trucks) | AMERICAN FURNITURE WAREHOUSE CO (340 trucks) | TERRACARE ASSOCIATES LLC (156 trucks) | ENTERPRISE RENT-A-CAR NATIONAL RENT A CAR ALAMO RENT A CAR (421 trucks),133000,15627,13201979.72,"$976,600.00"
Sol_098,6322 Ivanhoe St,https://www.loopnet.com/Listing/6322-Ivanhoe-St-Commerce-City-CO/30497175/,"Commerce City, CO 80022",1.24,1500000.0,39.811481968412,-104.920723282229,19295.64,20000,XL,96.48%,2557,UNITED SITE SERVICES OF NEVADA INC (409 trucks) | UNITED SITE SERVICES OF COLORADO INC (147 trucks) | OFFEN PETROLEUM LLC (269 trucks) | WESTERN DISTRIBUTING TRANSPORTATION CORP (155 trucks) | READY MIX CONCRETE COMPANY (191 trucks) | RMS CRANES (139 trucks) | EAGLE ROCK DISTRIBUTING COMPANY OF COLORADO LLC (148 trucks) | WASTE CONNECTIONS OF COLORADO INC (486 trucks) | SUPERSHUTTLE DENVER (125 trucks) | SURESHOT DRILLING LLC ATOZ FIELD SERVICES LLC DRILL TECH LLC PINNACLE DEVELOPMENT INC HDD SPECIALISTS LLC (135 trucks) | COCAL LANDSCAPE SERVICES INC (153 trucks) | U S TRANSPORT INC (200 trucks),133000,15627,13201979.72,"$1,500,000.00"
Sol_098,765 Aspen Ridge Drive Dr,https://www.loopnet.com/Listing/765-Aspen-Ridge-Drive-Dr-Lafayette-CO/32931931/,"Lafayette, CO 80026",1.43,556000.0,40.006898203868,-105.107210150504,4585.06,5000,M,91.70%,619,BOULDER VALLEY SCHOOL DISTRICT RE-2 (134 trucks) | VIA MOBILITY SERVICES (196 trucks) | VIA MOBILITY SERVICES (116 trucks) | CU (173 trucks),133000,15627,13201979.72,"$556,000.00"
Sol_098,6109 W 48th Ave,https://www.loopnet.com/Listing/6109-W-48th-Ave-Wheat-Ridge-CO/32583003/,"Wheat Ridge, CO 80033",1.76,1141446.56,39.784078257989,-105.064430676896,6837.22,10000,L,68.37%,950,CITY OF ARVADA (100 trucks) | SITEWISE LLC (145 trucks) | COMPASS VEHICLE RENTAL INC (170 trucks) | COORS DISTRIBUTING COMPANY MILLER COORS LLC (105 trucks) | COLD FRONT (121 trucks) | NAVAJO EXPRESS INC (309 trucks),133000,15627,13201979.72,"$1,141,446.56"
Sol_098,5480 Montana Vista Way,https://www.loopnet.com/Listing/5480-Montana-Vista-Way-Castle-Rock-CO/31324562/,"Castle Rock, CO 80108",2.0,1745643.0,39.413964345372,-104.86151758933,2577.81,5000,M,51.56%,389,TOWN OF CASTLE ROCK  (109 trucks) | GREAT SOUTHWESTERN CONSTRUCTION INC (280 trucks),133000,15627,13201979.72,"$1,745,643.00"
Sol_099,17160 W Colfax Ave,https://www.loopnet.com/Listing/17160-W-Colfax-Ave-Golden-CO/29520298/,"Golden, CO 80401",0.63,500000.0,39.722253633534,-105.192465086092,5488.67,10000,L,54.89%,807,ENIVIRONMENTAL LANDWORKS COMPANY INC (115 trucks) | HOLCIM WCR INC (298 trucks) | JEFFCO SCHOOLS (274 trucks) | JEFFERSON COUNTY (120 trucks),115000,12950,8923512.56,"$500,000.00"
Sol_099,3401 S Yosemite St,https://www.loopnet.com/Listing/3401-S-Yosemite-St-Denver-CO/39837277/,"Denver, CO 80231",0.64,675000.0,39.654049416843,-104.88550562639,5421.700000000001,10000,L,54.22%,1030,COMCAST (194 trucks) | SWINGLE TREE & LANDSCAPE CARE (135 trucks) | CITY LIGHT AND POWER INC (121 trucks) | WHEEL PROS LLC (182 trucks) | CITY OF AURORA (271 trucks) | AURORA PUBLIC SCHOOLS (127 trucks),115000,12950,8923512.56,"$675,000.00"
Sol_099,9190 W 84th Ave,https://www.loopnet.com/Listing/9190-W-84th-Ave-Arvada-CO/38160305/,"Arvada, CO 80005",0.67,499000.0,39.849854027782,-105.100317795342,2457.7,5000,M,49.15%,296,ALPINE MILLWORK COMPANY DBA ROCKY MOUNTAIN RELOAD (141 trucks) | GEOSTABILIZATION INTERNATIONAL LLC (155 trucks),115000,12950,8923512.56,"$499,000.00"
Sol_099,NEC N Fairgrounds Ave,https://www.loopnet.com/Listing/NEC-N-Fairgrounds-Ave-Windsor-CO/29890025/,"Windsor, CO 80528",0.74,483449.0,40.437732372143,-104.982630626628,4243.52,5000,M,84.87%,684,LARIMER COUNTY (131 trucks) | NOVUS AG LLC (444 trucks) | LOVELAND MUNICIPALITY (109 trucks),115000,12950,8923512.56,"$483,449.00"
Sol_099,11958 Lincoln Ave,https://www.loopnet.com/Listing/Lincoln-Ave-Parker-CO/39741118/,"Parker, CO 80138",0.86,495000.0,39.536519536914,-104.76116705724,4937.0,5000,M,98.74%,725,ACCELERATED SERVICES LLC (373 trucks) | CHERRY CREEK SCHOOLS (352 trucks),115000,12950,8923512.56,"$495,000.00"
Sol_099,6375 Lookout Rd,https://www.loopnet.com/Listing/6375-Lookout-Rd-Boulder-CO/35970288/,"Boulder, CO 80301",0.96,1260000.0,40.07191054992,-105.205474218915,5984.259999999999,10000,L,59.84%,1004,VIA MOBILITY SERVICES (196 trucks) | VIA MOBILITY SERVICES (116 trucks) | BOULDER VALLEY SCHOOL DISTRICT RE-2 (134 trucks) | CU (173 trucks) | CITY OF LONGMONT (211 trucks) | ST VRAIN VALLEY SCHOOL DISTRICT (174 trucks),115000,12950,8923512.56,"$1,260,000.00"
Sol_099,12015 Irma Dr,https://www.loopnet.com/Listing/12015-Irma-Dr-Northglenn-CO/34662093/,"Northglenn, CO 80241",1.0,1098017.0,39.918832606598,-104.965887826386,7349.780000000001,10000,L,73.50%,1428,ADAMS 12 FIVE STAR SCHOOLS (182 trucks) | TRI-STATE GENERATION & TRANSMISSION ASSOCIATION INC (321 trucks) | CITY OF THORNTON (208 trucks) | CITY OF THORNTON (174 trucks) | BALIC TRANSPORT INC (120 trucks) | ENVIRONMENTAL DESIGNS LLC (156 trucks) | SIM TRUCKING INC (120 trucks) | G&Z TRANSPORT LLC (147 trucks),115000,12950,8923512.56,"$1,098,017.00"
Sol_099,2120 University Park Blvd,https://www.loopnet.com/Listing/2120-University-Park-Blvd-Colorado-Springs-CO/27680798/,"Colorado Springs, CO 80918",1.02,295000.0,38.910590363159,-104.78892179429,5689.619999999999,10000,L,56.90%,1031,GOODWILL OF COLORADO (134 trucks) | CITY OF COLORADO SPRINGS (326 trucks) | VECTRUS SYSTEMS CORPORATION (185 trucks) | COLORADO SPRINGS SCHOOL DISTRICT 11 (130 trucks) | El PASO COUNTY (112 trucks) | MOUNTAIN METROPOLITAN TRANSIT (144 trucks),115000,12950,8923512.56,"$295,000.00"
Sol_099,7099 S Kenton St,https://www.loopnet.com/Listing/7099-S-Kenton-St-Centennial-CO/6542016/,"Centennial, CO 80112",1.18,976600.0,39.588430849644,-104.861817781283,16997.23,20000,XL,84.99%,2298,HBSCO DANS TRASH AT YOUR DISPOSAL (110 trucks) | BUCKLEY POWDER CO (217 trucks) | IHC SCOTT INC (214 trucks) | ORICA USA INC (215 trucks) | GLOBAL TRANSPORTATION LLC (442 trucks) | CH2M OMI CH2MHILL JACOBS (183 trucks) | AMERICAN FURNITURE WAREHOUSE CO (340 trucks) | TERRACARE ASSOCIATES LLC (156 trucks) | ENTERPRISE RENT-A-CAR NATIONAL RENT A CAR ALAMO RENT A CAR (421 trucks),115000,12950,8923512.56,"$976,600.00"
Sol_099,6322 Ivanhoe St,https://www.loopnet.com/Listing/6322-Ivanhoe-St-Commerce-City-CO/30497175/,"Commerce City, CO 80022",1.24,1500000.0,39.811481968412,-104.920723282229,19960.92,20000,XL,99.80%,2697,UNITED SITE SERVICES OF NEVADA INC (409 trucks) | UNITED SITE SERVICES OF COLORADO INC (147 trucks) | OFFEN PETROLEUM LLC (269 trucks) | WESTERN DISTRIBUTING TRANSPORTATION CORP (155 trucks) | READY MIX CONCRETE COMPANY (191 trucks) | RMS CRANES (139 trucks) | EAGLE ROCK DISTRIBUTING COMPANY OF COLORADO LLC (148 trucks) | WASTE CONNECTIONS OF COLORADO INC (486 trucks) | SUPERSHUTTLE DENVER (125 trucks) | SURESHOT DRILLING LLC ATOZ FIELD SERVICES LLC DRILL TECH LLC PINNACLE DEVELOPMENT INC HDD SPECIALISTS LLC (135 trucks) | COCAL LANDSCAPE SERVICES INC (153 trucks) | U S TRANSPORT INC (200 trucks) | WEST DIRECT OIL (140 trucks),115000,12950,8923512.56,"$1,500,000.00"
Sol_099,6109 W 48th Ave,https://www.loopnet.com/Listing/6109-W-48th-Ave-Wheat-Ridge-CO/32583003/,"Wheat Ridge, CO 80033",1.76,1141446.56,39.784078257989,-105.064430676896,6837.22,10000,L,68.37%,950,CITY OF ARVADA (100 trucks) | SITEWISE LLC (145 trucks) | COMPASS VEHICLE RENTAL INC (170 trucks) | COORS DISTRIBUTING COMPANY MILLER COORS LLC (105 trucks) | COLD FRONT (121 trucks) | NAVAJO EXPRESS INC (309 trucks),115000,12950,8923512.56,"$1,141,446.56"
