Pareto_Solution_ID,Address,Property_URL,City,Acreage,Price,Latitude,Longitude,Daily_Demand_kg,Station_Capacity_kg,Station_Size,Utilization_Rate,Total_Trucks_Served,Fleet_Breakdown,Total_System_Capacity_kg,Total_System_Trucks_Covered,Total_System_Land_Cost,Formatted_Price
Sol_000,2544 11th Ave,https://www.loopnet.com/Listing/2544-11th-Ave-Greeley-CO/35100267/,"Greeley, CO 80631",0.15,350000.0,40.395690645275,-104.69657283495,336.5,1000,XS,33.65%,145,WELD COUNTY PUBLIC WORKS DEPARTMENT (145 trucks),84000,11131,7421491.24,"$350,000.00"
Sol_000,1339 Sheridan Blvd,https://www.loopnet.com/Listing/1339-Sheridan-Blvd-Lakewood-CO/29629654/,"Lakewood, CO 80214",0.18,299999.0,39.737415742007,-105.053556666269,4008.78,5000,M,80.18%,809,COMPASS VEHICLE RENTAL INC (170 trucks) | JEFFERSON COUNTY (120 trucks) | JEFFCO SCHOOLS (274 trucks) | SITEWISE LLC (145 trucks) | CITY OF ARVADA (100 trucks),84000,11131,7421491.24,"$299,999.00"
Sol_000,422 Perry St,https://www.loopnet.com/Listing/422-Perry-St-Castle-Rock-CO/38421711/,"Castle Rock, CO 80104",0.24,605821.24,39.374148794158,-104.858322527659,2577.81,5000,M,51.56%,389,GREAT SOUTHWESTERN CONSTRUCTION INC (280 trucks) | TOWN OF CASTLE ROCK  (109 trucks),84000,11131,7421491.24,"$605,821.24"
Sol_000,239 S Main St,https://www.loopnet.com/Listing/239-S-Main-St-Brighton-CO/27424620/,"Brighton, CO 80601",0.31,250000.0,39.982905257485,-104.822555605705,1694.9,2000,S,84.75%,267,G&Z TRANSPORT LLC (147 trucks) | SIM TRUCKING INC (120 trucks),84000,11131,7421491.24,"$250,000.00"
Sol_000,606 W Colfax Ave,https://www.loopnet.com/Listing/606-W-Colfax-Ave-Denver-CO/26992476/,"Denver, CO 80204",0.31,1475000.0,39.739741342952,-104.995589435564,8930.12,10000,L,89.30%,1122,MPLX G&P (144 trucks) | RES (149 trucks) | CONCRETE EXPRESS INC (128 trucks) | FARMERS ALL NATURAL (121 trucks) | CO TRAN LLC (275 trucks) | COORS DISTRIBUTING COMPANY MILLER COORS LLC (105 trucks) | U S TRANSPORT INC (200 trucks),84000,11131,7421491.24,"$1,475,000.00"
Sol_000,1560 N Academy Blvd,https://www.loopnet.com/Listing/1560-N-Academy-Blvd-Colorado-Springs-CO/3886433/,"Colorado Springs, CO 80909",0.64,416700.0,38.854776988204,-104.75774002483,5689.619999999999,10000,L,56.90%,1031,COLORADO SPRINGS SCHOOL DISTRICT 11 (130 trucks) | MOUNTAIN METROPOLITAN TRANSIT (144 trucks) | CITY OF COLORADO SPRINGS (326 trucks) | El PASO COUNTY (112 trucks) | GOODWILL OF COLORADO (134 trucks) | VECTRUS SYSTEMS CORPORATION (185 trucks),84000,11131,7421491.24,"$416,700.00"
Sol_000,4237 McWhinney Blvd,https://www.loopnet.com/Listing/4237-McWhinney-Blvd-Loveland-CO/23974785/,"Loveland, CO 80538",0.65,871347.9,40.408208389025,-105.017378025231,252.96,1000,XS,25.30%,109,LOVELAND MUNICIPALITY (109 trucks),84000,11131,7421491.24,"$871,347.90"
Sol_000,10431 Quari St,https://www.loopnet.com/Listing/10431-Quari-St-Commerce-City-CO/29119294/,"Commerce City, CO 80022",0.72,270000.0,39.886267655476,-104.844980046547,9765.92,10000,L,97.66%,1716,ENVIRONMENTAL DESIGNS LLC (156 trucks) | BALIC TRANSPORT INC (120 trucks) | BURNCO COLORADO LLC (146 trucks) | WEST DIRECT OIL (140 trucks) | OFFEN PETROLEUM LLC (269 trucks) | ADAMS 12 FIVE STAR SCHOOLS (182 trucks) | CITY OF THORNTON (208 trucks) | CITY OF THORNTON (174 trucks) | TRI-STATE GENERATION & TRANSMISSION ASSOCIATION INC (321 trucks),84000,11131,7421491.24,"$270,000.00"
Sol_000,NEC N Fairgrounds Ave,https://www.loopnet.com/Listing/NEC-N-Fairgrounds-Ave-Windsor-CO/29890025/,"Windsor, CO 80528",0.74,483449.0,40.437732372143,-104.982630626628,3990.5600000000004,5000,M,79.81%,575,LARIMER COUNTY (131 trucks) | NOVUS AG LLC (444 trucks),84000,11131,7421491.24,"$483,449.00"
Sol_000,11958 Lincoln Ave,https://www.loopnet.com/Listing/Lincoln-Ave-Parker-CO/39741118/,"Parker, CO 80138",0.86,495000.0,39.536519536914,-104.76116705724,18264.289999999997,20000,XL,91.32%,2581,ACCELERATED SERVICES LLC (373 trucks) | AMERICAN FURNITURE WAREHOUSE CO (340 trucks) | TERRACARE ASSOCIATES LLC (156 trucks) | IHC SCOTT INC (214 trucks) | BUCKLEY POWDER CO (217 trucks) | CH2M OMI CH2MHILL JACOBS (183 trucks) | ORICA USA INC (215 trucks) | CHERRY CREEK SCHOOLS (352 trucks) | HBSCO DANS TRASH AT YOUR DISPOSAL (110 trucks) | ENTERPRISE RENT-A-CAR NATIONAL RENT A CAR ALAMO RENT A CAR (421 trucks),84000,11131,7421491.24,"$495,000.00"
Sol_000,3311 Ideal Drive Dr,https://www.loopnet.com/Listing/3311-Ideal-Drive-Dr-Frederick-CO/35744244/,"Frederick, CO 80516",1.0,949000.0,40.087044076103,-104.992966989518,4928.75,5000,M,98.58%,991,SUPREME TRANSPORT INC (183 trucks) | WARD ELECTRIC COMPANY INC (222 trucks) | CITY OF LONGMONT (211 trucks) | ST VRAIN VALLEY SCHOOL DISTRICT (174 trucks) | HEAT WAVES HOT OIL SERVICE LLC (201 trucks),84000,11131,7421491.24,"$949,000.00"
Sol_000,Colfax Ave & Airport Blvd,https://www.loopnet.com/Listing/Colfax-Ave-Airport-Blvd-Aurora-CO/24946845/,"Aurora, CO 80011",1.1,955174.1,39.740269989586,-104.791334022205,9801.08,10000,L,98.01%,1396,METCO LANDSCAPING INC (226 trucks) | WAGNER EQUIPMENT CO (423 trucks) | AURORA PUBLIC SCHOOLS (127 trucks) | CITY OF AURORA (271 trucks) | SHAMROCK FOODS COMPANY (214 trucks) | SWINGLE TREE & LANDSCAPE CARE (135 trucks),84000,11131,7421491.24,"$955,174.10"
Sol_001,2544 11th Ave,https://www.loopnet.com/Listing/2544-11th-Ave-Greeley-CO/35100267/,"Greeley, CO 80631",0.15,350000.0,40.395690645275,-104.69657283495,336.5,1000,XS,33.65%,145,WELD COUNTY PUBLIC WORKS DEPARTMENT (145 trucks),84000,11131,7421491.24,"$350,000.00"
Sol_001,1339 Sheridan Blvd,https://www.loopnet.com/Listing/1339-Sheridan-Blvd-Lakewood-CO/29629654/,"Lakewood, CO 80214",0.18,299999.0,39.737415742007,-105.053556666269,4008.78,5000,M,80.18%,809,COMPASS VEHICLE RENTAL INC (170 trucks) | JEFFERSON COUNTY (120 trucks) | JEFFCO SCHOOLS (274 trucks) | SITEWISE LLC (145 trucks) | CITY OF ARVADA (100 trucks),84000,11131,7421491.24,"$299,999.00"
Sol_001,422 Perry St,https://www.loopnet.com/Listing/422-Perry-St-Castle-Rock-CO/38421711/,"Castle Rock, CO 80104",0.24,605821.24,39.374148794158,-104.858322527659,2577.81,5000,M,51.56%,389,GREAT SOUTHWESTERN CONSTRUCTION INC (280 trucks) | TOWN OF CASTLE ROCK  (109 trucks),84000,11131,7421491.24,"$605,821.24"
Sol_001,239 S Main St,https://www.loopnet.com/Listing/239-S-Main-St-Brighton-CO/27424620/,"Brighton, CO 80601",0.31,250000.0,39.982905257485,-104.822555605705,1694.9,2000,S,84.75%,267,G&Z TRANSPORT LLC (147 trucks) | SIM TRUCKING INC (120 trucks),84000,11131,7421491.24,"$250,000.00"
Sol_001,606 W Colfax Ave,https://www.loopnet.com/Listing/606-W-Colfax-Ave-Denver-CO/26992476/,"Denver, CO 80204",0.31,1475000.0,39.739741342952,-104.995589435564,8930.12,10000,L,89.30%,1122,MPLX G&P (144 trucks) | RES (149 trucks) | CONCRETE EXPRESS INC (128 trucks) | FARMERS ALL NATURAL (121 trucks) | CO TRAN LLC (275 trucks) | COORS DISTRIBUTING COMPANY MILLER COORS LLC (105 trucks) | U S TRANSPORT INC (200 trucks),84000,11131,7421491.24,"$1,475,000.00"
Sol_001,1560 N Academy Blvd,https://www.loopnet.com/Listing/1560-N-Academy-Blvd-Colorado-Springs-CO/3886433/,"Colorado Springs, CO 80909",0.64,416700.0,38.854776988204,-104.75774002483,5689.619999999999,10000,L,56.90%,1031,COLORADO SPRINGS SCHOOL DISTRICT 11 (130 trucks) | MOUNTAIN METROPOLITAN TRANSIT (144 trucks) | CITY OF COLORADO SPRINGS (326 trucks) | El PASO COUNTY (112 trucks) | GOODWILL OF COLORADO (134 trucks) | VECTRUS SYSTEMS CORPORATION (185 trucks),84000,11131,7421491.24,"$416,700.00"
Sol_001,4237 McWhinney Blvd,https://www.loopnet.com/Listing/4237-McWhinney-Blvd-Loveland-CO/23974785/,"Loveland, CO 80538",0.65,871347.9,40.408208389025,-105.017378025231,252.96,1000,XS,25.30%,109,LOVELAND MUNICIPALITY (109 trucks),84000,11131,7421491.24,"$871,347.90"
Sol_001,10431 Quari St,https://www.loopnet.com/Listing/10431-Quari-St-Commerce-City-CO/29119294/,"Commerce City, CO 80022",0.72,270000.0,39.886267655476,-104.844980046547,9765.92,10000,L,97.66%,1716,ENVIRONMENTAL DESIGNS LLC (156 trucks) | BALIC TRANSPORT INC (120 trucks) | BURNCO COLORADO LLC (146 trucks) | WEST DIRECT OIL (140 trucks) | OFFEN PETROLEUM LLC (269 trucks) | ADAMS 12 FIVE STAR SCHOOLS (182 trucks) | CITY OF THORNTON (208 trucks) | CITY OF THORNTON (174 trucks) | TRI-STATE GENERATION & TRANSMISSION ASSOCIATION INC (321 trucks),84000,11131,7421491.24,"$270,000.00"
Sol_001,NEC N Fairgrounds Ave,https://www.loopnet.com/Listing/NEC-N-Fairgrounds-Ave-Windsor-CO/29890025/,"Windsor, CO 80528",0.74,483449.0,40.437732372143,-104.982630626628,3990.5600000000004,5000,M,79.81%,575,LARIMER COUNTY (131 trucks) | NOVUS AG LLC (444 trucks),84000,11131,7421491.24,"$483,449.00"
Sol_001,11958 Lincoln Ave,https://www.loopnet.com/Listing/Lincoln-Ave-Parker-CO/39741118/,"Parker, CO 80138",0.86,495000.0,39.536519536914,-104.76116705724,18264.289999999997,20000,XL,91.32%,2581,ACCELERATED SERVICES LLC (373 trucks) | AMERICAN FURNITURE WAREHOUSE CO (340 trucks) | TERRACARE ASSOCIATES LLC (156 trucks) | IHC SCOTT INC (214 trucks) | BUCKLEY POWDER CO (217 trucks) | CH2M OMI CH2MHILL JACOBS (183 trucks) | ORICA USA INC (215 trucks) | CHERRY CREEK SCHOOLS (352 trucks) | HBSCO DANS TRASH AT YOUR DISPOSAL (110 trucks) | ENTERPRISE RENT-A-CAR NATIONAL RENT A CAR ALAMO RENT A CAR (421 trucks),84000,11131,7421491.24,"$495,000.00"
Sol_001,3311 Ideal Drive Dr,https://www.loopnet.com/Listing/3311-Ideal-Drive-Dr-Frederick-CO/35744244/,"Frederick, CO 80516",1.0,949000.0,40.087044076103,-104.992966989518,4928.75,5000,M,98.58%,991,SUPREME TRANSPORT INC (183 trucks) | WARD ELECTRIC COMPANY INC (222 trucks) | CITY OF LONGMONT (211 trucks) | ST VRAIN VALLEY SCHOOL DISTRICT (174 trucks) | HEAT WAVES HOT OIL SERVICE LLC (201 trucks),84000,11131,7421491.24,"$949,000.00"
Sol_001,Colfax Ave & Airport Blvd,https://www.loopnet.com/Listing/Colfax-Ave-Airport-Blvd-Aurora-CO/24946845/,"Aurora, CO 80011",1.1,955174.1,39.740269989586,-104.791334022205,9801.08,10000,L,98.01%,1396,METCO LANDSCAPING INC (226 trucks) | WAGNER EQUIPMENT CO (423 trucks) | AURORA PUBLIC SCHOOLS (127 trucks) | CITY OF AURORA (271 trucks) | SHAMROCK FOODS COMPANY (214 trucks) | SWINGLE TREE & LANDSCAPE CARE (135 trucks),84000,11131,7421491.24,"$955,174.10"
Sol_002,2544 11th Ave,https://www.loopnet.com/Listing/2544-11th-Ave-Greeley-CO/35100267/,"Greeley, CO 80631",0.15,350000.0,40.395690645275,-104.69657283495,336.5,1000,XS,33.65%,145,WELD COUNTY PUBLIC WORKS DEPARTMENT (145 trucks),140000,17052,13040564.0,"$350,000.00"
Sol_002,1319 Sheridan Blvd,https://www.loopnet.com/Listing/1319-1327-Sheridan-Blvd-Lakewood-CO/38343110/,"Lakewood, CO 80214",0.3,999998.0,39.737113071483,-105.053491874157,7437.9400000000005,10000,L,74.38%,1222,COMPASS VEHICLE RENTAL INC (170 trucks) | JEFFERSON COUNTY (120 trucks) | JEFFCO SCHOOLS (274 trucks) | SITEWISE LLC (145 trucks) | CITY OF ARVADA (100 trucks) | HOLCIM WCR INC (298 trucks) | ENIVIRONMENTAL LANDWORKS COMPANY INC (115 trucks),140000,17052,13040564.0,"$999,998.00"
Sol_002,239 S Main St,https://www.loopnet.com/Listing/239-S-Main-St-Brighton-CO/27424620/,"Brighton, CO 80601",0.31,250000.0,39.982905257485,-104.822555605705,1694.9,2000,S,84.75%,267,G&Z TRANSPORT LLC (147 trucks) | SIM TRUCKING INC (120 trucks),140000,17052,13040564.0,"$250,000.00"
Sol_002,606 W Colfax Ave,https://www.loopnet.com/Listing/606-W-Colfax-Ave-Denver-CO/26992476/,"Denver, CO 80204",0.31,1475000.0,39.739741342952,-104.995589435564,8517.300000000001,10000,L,85.17%,1207,MPLX G&P (144 trucks) | CONCRETE EXPRESS INC (128 trucks) | FARMERS ALL NATURAL (121 trucks) | PROCAM SERVICES  (101 trucks) | QUALITY LOGISTICS INC (135 trucks) | KEESEN ENTERPRISES INC (263 trucks) | COMCAST (194 trucks) | CITY LIGHT AND POWER INC (121 trucks),140000,17052,13040564.0,"$1,475,000.00"
Sol_002,1560 N Academy Blvd,https://www.loopnet.com/Listing/1560-N-Academy-Blvd-Colorado-Springs-CO/3886433/,"Colorado Springs, CO 80909",0.64,416700.0,38.854776988204,-104.75774002483,5689.619999999999,10000,L,56.90%,1031,COLORADO SPRINGS SCHOOL DISTRICT 11 (130 trucks) | MOUNTAIN METROPOLITAN TRANSIT (144 trucks) | CITY OF COLORADO SPRINGS (326 trucks) | El PASO COUNTY (112 trucks) | GOODWILL OF COLORADO (134 trucks) | VECTRUS SYSTEMS CORPORATION (185 trucks),140000,17052,13040564.0,"$416,700.00"
Sol_002,4237 McWhinney Blvd,https://www.loopnet.com/Listing/4237-McWhinney-Blvd-Loveland-CO/23974785/,"Loveland, CO 80538",0.65,871347.9,40.408208389025,-105.017378025231,252.96,1000,XS,25.30%,109,LOVELAND MUNICIPALITY (109 trucks),140000,17052,13040564.0,"$871,347.90"
Sol_002,10431 Quari St,https://www.loopnet.com/Listing/10431-Quari-St-Commerce-City-CO/29119294/,"Commerce City, CO 80022",0.72,270000.0,39.886267655476,-104.844980046547,4169.15,5000,M,83.38%,562,ENVIRONMENTAL DESIGNS LLC (156 trucks) | BALIC TRANSPORT INC (120 trucks) | BURNCO COLORADO LLC (146 trucks) | WEST DIRECT OIL (140 trucks),140000,17052,13040564.0,"$270,000.00"
Sol_002,NEC N Fairgrounds Ave,https://www.loopnet.com/Listing/NEC-N-Fairgrounds-Ave-Windsor-CO/29890025/,"Windsor, CO 80528",0.74,483449.0,40.437732372143,-104.982630626628,304.01,1000,XS,30.40%,131,LARIMER COUNTY (131 trucks),140000,17052,13040564.0,"$483,449.00"
Sol_002,11958 Lincoln Ave,https://www.loopnet.com/Listing/Lincoln-Ave-Parker-CO/39741118/,"Parker, CO 80138",0.86,495000.0,39.536519536914,-104.76116705724,19379.71,20000,XL,96.90%,2601,ACCELERATED SERVICES LLC (373 trucks) | AMERICAN FURNITURE WAREHOUSE CO (340 trucks) | TERRACARE ASSOCIATES LLC (156 trucks) | IHC SCOTT INC (214 trucks) | BUCKLEY POWDER CO (217 trucks) | ORICA USA INC (215 trucks) | CHERRY CREEK SCHOOLS (352 trucks) | HBSCO DANS TRASH AT YOUR DISPOSAL (110 trucks) | GLOBAL TRANSPORTATION LLC (442 trucks) | WHEEL PROS LLC (182 trucks),140000,17052,13040564.0,"$495,000.00"
Sol_002,Harmony Rd,https://www.loopnet.com/Listing/Harmony-Rd-Timnath-CO/21109276/,"Timnath, CO 80547",0.88,689895.0,40.522951241822,-104.96262130308,5618.16,10000,L,56.18%,972,NOVUS AG LLC (444 trucks) | CITY OF FORT COLLINS (285 trucks) | Poudre School District  (243 trucks),140000,17052,13040564.0,"$689,895.00"
Sol_002,2450 Curtis St,https://www.loopnet.com/Listing/2450-Curtis-St-Denver-CO/34878162/,"Denver, CO 80205",0.93,1930000.0,39.755035173034,-104.984190298703,13972.56,20000,XL,69.86%,1896,RES (149 trucks) | CO TRAN LLC (275 trucks) | WASTE CONNECTIONS OF COLORADO INC (486 trucks) | COORS DISTRIBUTING COMPANY MILLER COORS LLC (105 trucks) | U S TRANSPORT INC (200 trucks) | SUPERSHUTTLE DENVER (125 trucks) | UNITED SITE SERVICES OF NEVADA INC (409 trucks) | UNITED SITE SERVICES OF COLORADO INC (147 trucks),140000,17052,13040564.0,"$1,930,000.00"
Sol_002,3311 Ideal Drive Dr,https://www.loopnet.com/Listing/3311-Ideal-Drive-Dr-Frederick-CO/35744244/,"Frederick, CO 80516",1.0,949000.0,40.087044076103,-104.992966989518,4928.75,5000,M,98.58%,991,SUPREME TRANSPORT INC (183 trucks) | WARD ELECTRIC COMPANY INC (222 trucks) | CITY OF LONGMONT (211 trucks) | ST VRAIN VALLEY SCHOOL DISTRICT (174 trucks) | HEAT WAVES HOT OIL SERVICE LLC (201 trucks),140000,17052,13040564.0,"$949,000.00"
Sol_002,Colfax Ave & Airport Blvd,https://www.loopnet.com/Listing/Colfax-Ave-Airport-Blvd-Aurora-CO/24946845/,"Aurora, CO 80011",1.1,955174.1,39.740269989586,-104.791334022205,9801.08,10000,L,98.01%,1396,METCO LANDSCAPING INC (226 trucks) | WAGNER EQUIPMENT CO (423 trucks) | AURORA PUBLIC SCHOOLS (127 trucks) | CITY OF AURORA (271 trucks) | SHAMROCK FOODS COMPANY (214 trucks) | SWINGLE TREE & LANDSCAPE CARE (135 trucks),140000,17052,13040564.0,"$955,174.10"
Sol_002,8850 Huron St,https://www.loopnet.com/Listing/8850-Huron-St-Thornton-CO/33061072/,"Thornton, CO 80260",1.26,349000.0,39.858426283979,-104.995662022846,19552.47,20000,XL,97.76%,2801,CITY OF THORNTON (208 trucks) | CITY OF THORNTON (174 trucks) | COCAL LANDSCAPE SERVICES INC (153 trucks) | COLD FRONT (121 trucks) | READY MIX CONCRETE COMPANY (191 trucks) | NAVAJO EXPRESS INC (309 trucks) | TRI-STATE GENERATION & TRANSMISSION ASSOCIATION INC (321 trucks) | WESTERN DISTRIBUTING TRANSPORTATION CORP (155 trucks) | RMS CRANES (139 trucks) | SURESHOT DRILLING LLC ATOZ FIELD SERVICES LLC DRILL TECH LLC PINNACLE DEVELOPMENT INC HDD SPECIALISTS LLC (135 trucks) | EAGLE ROCK DISTRIBUTING COMPANY OF COLORADO LLC (148 trucks) | OFFEN PETROLEUM LLC (269 trucks) | ALPINE MILLWORK COMPANY DBA ROCKY MOUNTAIN RELOAD (141 trucks) | ADAMS 12 FIVE STAR SCHOOLS (182 trucks) | GEOSTABILIZATION INTERNATIONAL LLC (155 trucks),140000,17052,13040564.0,"$349,000.00"
Sol_002,765 Aspen Ridge Drive Dr,https://www.loopnet.com/Listing/765-Aspen-Ridge-Drive-Dr-Lafayette-CO/32931931/,"Lafayette, CO 80026",1.43,556000.0,40.006898203868,-105.107210150504,4585.06,5000,M,91.70%,619,BOULDER VALLEY SCHOOL DISTRICT RE-2 (134 trucks) | VIA MOBILITY SERVICES (196 trucks) | VIA MOBILITY SERVICES (116 trucks) | CU (173 trucks),140000,17052,13040564.0,"$556,000.00"
Sol_002,I-25 And Castle Pines Parkway,https://www.loopnet.com/Listing/I-25-And-Castle-Pines-Parkway-Castle-Rock-CO/32045010/,"Castle Rock, CO 80108",1.89,2000000.0,39.471987019978,-104.872723978419,7548.509999999999,10000,L,75.49%,1102,TOWN OF CASTLE ROCK  (109 trucks) | CH2M OMI CH2MHILL JACOBS (183 trucks) | ENTERPRISE RENT-A-CAR NATIONAL RENT A CAR ALAMO RENT A CAR (421 trucks) | GREAT SOUTHWESTERN CONSTRUCTION INC (280 trucks) | PACIFIC SHIPPING & TRUCKING CO INC (109 trucks),140000,17052,13040564.0,"$2,000,000.00"
Sol_003,2544 11th Ave,https://www.loopnet.com/Listing/2544-11th-Ave-Greeley-CO/35100267/,"Greeley, CO 80631",0.15,350000.0,40.395690645275,-104.69657283495,336.5,1000,XS,33.65%,145,WELD COUNTY PUBLIC WORKS DEPARTMENT (145 trucks),153000,16750,11970385.24,"$350,000.00"
Sol_003,1339 Sheridan Blvd,https://www.loopnet.com/Listing/1339-Sheridan-Blvd-Lakewood-CO/29629654/,"Lakewood, CO 80214",0.18,299999.0,39.737415742007,-105.053556666269,1949.27,2000,S,97.46%,415,COMPASS VEHICLE RENTAL INC (170 trucks) | SITEWISE LLC (145 trucks) | CITY OF ARVADA (100 trucks),153000,16750,11970385.24,"$299,999.00"
Sol_003,831 N Clarkson St,https://www.loopnet.com/Listing/831-N-Clarkson-St-Denver-CO/38142797/,"Denver, CO 80218",0.18,899000.0,39.729919009716,-104.977904960968,4580.9400000000005,5000,M,91.62%,521,FARMERS ALL NATURAL (121 trucks) | CO TRAN LLC (275 trucks) | SUPERSHUTTLE DENVER (125 trucks),153000,16750,11970385.24,"$899,000.00"
Sol_003,422 Perry St,https://www.loopnet.com/Listing/422-Perry-St-Castle-Rock-CO/38421711/,"Castle Rock, CO 80104",0.24,605821.24,39.374148794158,-104.858322527659,2577.81,5000,M,51.56%,389,GREAT SOUTHWESTERN CONSTRUCTION INC (280 trucks) | TOWN OF CASTLE ROCK  (109 trucks),153000,16750,11970385.24,"$605,821.24"
Sol_003,239 S Main St,https://www.loopnet.com/Listing/239-S-Main-St-Brighton-CO/27424620/,"Brighton, CO 80601",0.31,250000.0,39.982905257485,-104.822555605705,1694.9,2000,S,84.75%,267,G&Z TRANSPORT LLC (147 trucks) | SIM TRUCKING INC (120 trucks),153000,16750,11970385.24,"$250,000.00"
Sol_003,606 W Colfax Ave,https://www.loopnet.com/Listing/606-W-Colfax-Ave-Denver-CO/26992476/,"Denver, CO 80204",0.31,1475000.0,39.739741342952,-104.995589435564,8665.94,10000,L,86.66%,1212,MPLX G&P (144 trucks) | RES (149 trucks) | CONCRETE EXPRESS INC (128 trucks) | COORS DISTRIBUTING COMPANY MILLER COORS LLC (105 trucks) | U S TRANSPORT INC (200 trucks) | WASTE CONNECTIONS OF COLORADO INC (486 trucks),153000,16750,11970385.24,"$1,475,000.00"
Sol_003,17160 W Colfax Ave,https://www.loopnet.com/Listing/17160-W-Colfax-Ave-Golden-CO/29520298/,"Golden, CO 80401",0.63,500000.0,39.722253633534,-105.192465086092,5488.67,10000,L,54.89%,807,ENIVIRONMENTAL LANDWORKS COMPANY INC (115 trucks) | HOLCIM WCR INC (298 trucks) | JEFFCO SCHOOLS (274 trucks) | JEFFERSON COUNTY (120 trucks),153000,16750,11970385.24,"$500,000.00"
Sol_003,1560 N Academy Blvd,https://www.loopnet.com/Listing/1560-N-Academy-Blvd-Colorado-Springs-CO/3886433/,"Colorado Springs, CO 80909",0.64,416700.0,38.854776988204,-104.75774002483,5689.619999999999,10000,L,56.90%,1031,COLORADO SPRINGS SCHOOL DISTRICT 11 (130 trucks) | MOUNTAIN METROPOLITAN TRANSIT (144 trucks) | CITY OF COLORADO SPRINGS (326 trucks) | El PASO COUNTY (112 trucks) | GOODWILL OF COLORADO (134 trucks) | VECTRUS SYSTEMS CORPORATION (185 trucks),153000,16750,11970385.24,"$416,700.00"
Sol_003,3401 S Yosemite St,https://www.loopnet.com/Listing/3401-S-Yosemite-St-Denver-CO/39837277/,"Denver, CO 80231",0.64,675000.0,39.654049416843,-104.88550562639,12843.04,20000,XL,64.22%,1820,COMCAST (194 trucks) | SWINGLE TREE & LANDSCAPE CARE (135 trucks) | CITY LIGHT AND POWER INC (121 trucks) | WHEEL PROS LLC (182 trucks) | GLOBAL TRANSPORTATION LLC (442 trucks) | HBSCO DANS TRASH AT YOUR DISPOSAL (110 trucks) | ORICA USA INC (215 trucks) | ENTERPRISE RENT-A-CAR NATIONAL RENT A CAR ALAMO RENT A CAR (421 trucks),153000,16750,11970385.24,"$675,000.00"
Sol_003,4237 McWhinney Blvd,https://www.loopnet.com/Listing/4237-McWhinney-Blvd-Loveland-CO/23974785/,"Loveland, CO 80538",0.65,871347.9,40.408208389025,-105.017378025231,252.96,1000,XS,25.30%,109,LOVELAND MUNICIPALITY (109 trucks),153000,16750,11970385.24,"$871,347.90"
Sol_003,7300 W Jefferson Ave,https://www.loopnet.com/Listing/7300-W-Jefferson-Ave-Lakewood-CO/38419312/,"Lakewood, CO 80235",0.66,379999.0,39.649773884125,-105.079540805378,5048.249999999999,10000,L,50.48%,608,QUALITY LOGISTICS INC (135 trucks) | KEESEN ENTERPRISES INC (263 trucks) | PROCAM SERVICES  (101 trucks) | PACIFIC SHIPPING & TRUCKING CO INC (109 trucks),153000,16750,11970385.24,"$379,999.00"
Sol_003,10431 Quari St,https://www.loopnet.com/Listing/10431-Quari-St-Commerce-City-CO/29119294/,"Commerce City, CO 80022",0.72,270000.0,39.886267655476,-104.844980046547,4169.15,5000,M,83.38%,562,ENVIRONMENTAL DESIGNS LLC (156 trucks) | BALIC TRANSPORT INC (120 trucks) | BURNCO COLORADO LLC (146 trucks) | WEST DIRECT OIL (140 trucks),153000,16750,11970385.24,"$270,000.00"
Sol_003,NEC N Fairgrounds Ave,https://www.loopnet.com/Listing/NEC-N-Fairgrounds-Ave-Windsor-CO/29890025/,"Windsor, CO 80528",0.74,483449.0,40.437732372143,-104.982630626628,304.01,1000,XS,30.40%,131,LARIMER COUNTY (131 trucks),153000,16750,11970385.24,"$483,449.00"
Sol_003,11958 Lincoln Ave,https://www.loopnet.com/Listing/Lincoln-Ave-Parker-CO/39741118/,"Parker, CO 80138",0.86,495000.0,39.536519536914,-104.76116705724,13220.13,20000,XL,66.10%,1835,ACCELERATED SERVICES LLC (373 trucks) | AMERICAN FURNITURE WAREHOUSE CO (340 trucks) | TERRACARE ASSOCIATES LLC (156 trucks) | IHC SCOTT INC (214 trucks) | BUCKLEY POWDER CO (217 trucks) | CH2M OMI CH2MHILL JACOBS (183 trucks) | CHERRY CREEK SCHOOLS (352 trucks),153000,16750,11970385.24,"$495,000.00"
Sol_003,Harmony Rd,https://www.loopnet.com/Listing/Harmony-Rd-Timnath-CO/21109276/,"Timnath, CO 80547",0.88,689895.0,40.522951241822,-104.96262130308,5618.16,10000,L,56.18%,972,NOVUS AG LLC (444 trucks) | CITY OF FORT COLLINS (285 trucks) | Poudre School District  (243 trucks),153000,16750,11970385.24,"$689,895.00"
Sol_003,3311 Ideal Drive Dr,https://www.loopnet.com/Listing/3311-Ideal-Drive-Dr-Frederick-CO/35744244/,"Frederick, CO 80516",1.0,949000.0,40.087044076103,-104.992966989518,4928.75,5000,M,98.58%,991,SUPREME TRANSPORT INC (183 trucks) | WARD ELECTRIC COMPANY INC (222 trucks) | CITY OF LONGMONT (211 trucks) | ST VRAIN VALLEY SCHOOL DISTRICT (174 trucks) | HEAT WAVES HOT OIL SERVICE LLC (201 trucks),153000,16750,11970385.24,"$949,000.00"
Sol_003,Colfax Ave & Airport Blvd,https://www.loopnet.com/Listing/Colfax-Ave-Airport-Blvd-Aurora-CO/24946845/,"Aurora, CO 80011",1.1,955174.1,39.740269989586,-104.791334022205,8680.17,10000,L,86.80%,1261,METCO LANDSCAPING INC (226 trucks) | WAGNER EQUIPMENT CO (423 trucks) | AURORA PUBLIC SCHOOLS (127 trucks) | CITY OF AURORA (271 trucks) | SHAMROCK FOODS COMPANY (214 trucks),153000,16750,11970385.24,"$955,174.10"
Sol_003,13800 Ash Cir,https://www.loopnet.com/Listing/13800-Ash-Cir-Thornton-CO/25414845/,"Thornton, CO 80602",1.15,500000.0,39.946456593436,-104.938427705755,951.35,1000,XS,95.14%,182,ADAMS 12 FIVE STAR SCHOOLS (182 trucks),153000,16750,11970385.24,"$500,000.00"
Sol_003,8850 Huron St,https://www.loopnet.com/Listing/8850-Huron-St-Thornton-CO/33061072/,"Thornton, CO 80260",1.26,349000.0,39.858426283979,-104.995662022846,19964.47,20000,XL,99.82%,2873,CITY OF THORNTON (208 trucks) | CITY OF THORNTON (174 trucks) | COCAL LANDSCAPE SERVICES INC (153 trucks) | COLD FRONT (121 trucks) | READY MIX CONCRETE COMPANY (191 trucks) | NAVAJO EXPRESS INC (309 trucks) | TRI-STATE GENERATION & TRANSMISSION ASSOCIATION INC (321 trucks) | WESTERN DISTRIBUTING TRANSPORTATION CORP (155 trucks) | RMS CRANES (139 trucks) | SURESHOT DRILLING LLC ATOZ FIELD SERVICES LLC DRILL TECH LLC PINNACLE DEVELOPMENT INC HDD SPECIALISTS LLC (135 trucks) | EAGLE ROCK DISTRIBUTING COMPANY OF COLORADO LLC (148 trucks) | OFFEN PETROLEUM LLC (269 trucks) | ALPINE MILLWORK COMPANY DBA ROCKY MOUNTAIN RELOAD (141 trucks) | UNITED SITE SERVICES OF NEVADA INC (409 trucks),153000,16750,11970385.24,"$349,000.00"
Sol_003,765 Aspen Ridge Drive Dr,https://www.loopnet.com/Listing/765-Aspen-Ridge-Drive-Dr-Lafayette-CO/32931931/,"Lafayette, CO 80026",1.43,556000.0,40.006898203868,-105.107210150504,4585.06,5000,M,91.70%,619,BOULDER VALLEY SCHOOL DISTRICT RE-2 (134 trucks) | VIA MOBILITY SERVICES (196 trucks) | VIA MOBILITY SERVICES (116 trucks) | CU (173 trucks),153000,16750,11970385.24,"$556,000.00"
Sol_004,2544 11th Ave,https://www.loopnet.com/Listing/2544-11th-Ave-Greeley-CO/35100267/,"Greeley, CO 80631",0.15,350000.0,40.395690645275,-104.69657283495,336.5,1000,XS,33.65%,145,WELD COUNTY PUBLIC WORKS DEPARTMENT (145 trucks),140000,17052,13040564.0,"$350,000.00"
Sol_004,1319 Sheridan Blvd,https://www.loopnet.com/Listing/1319-1327-Sheridan-Blvd-Lakewood-CO/38343110/,"Lakewood, CO 80214",0.3,999998.0,39.737113071483,-105.053491874157,7437.9400000000005,10000,L,74.38%,1222,COMPASS VEHICLE RENTAL INC (170 trucks) | JEFFERSON COUNTY (120 trucks) | JEFFCO SCHOOLS (274 trucks) | SITEWISE LLC (145 trucks) | CITY OF ARVADA (100 trucks) | HOLCIM WCR INC (298 trucks) | ENIVIRONMENTAL LANDWORKS COMPANY INC (115 trucks),140000,17052,13040564.0,"$999,998.00"
Sol_004,239 S Main St,https://www.loopnet.com/Listing/239-S-Main-St-Brighton-CO/27424620/,"Brighton, CO 80601",0.31,250000.0,39.982905257485,-104.822555605705,1694.9,2000,S,84.75%,267,G&Z TRANSPORT LLC (147 trucks) | SIM TRUCKING INC (120 trucks),140000,17052,13040564.0,"$250,000.00"
Sol_004,606 W Colfax Ave,https://www.loopnet.com/Listing/606-W-Colfax-Ave-Denver-CO/26992476/,"Denver, CO 80204",0.31,1475000.0,39.739741342952,-104.995589435564,8517.300000000001,10000,L,85.17%,1207,MPLX G&P (144 trucks) | CONCRETE EXPRESS INC (128 trucks) | FARMERS ALL NATURAL (121 trucks) | PROCAM SERVICES  (101 trucks) | QUALITY LOGISTICS INC (135 trucks) | KEESEN ENTERPRISES INC (263 trucks) | COMCAST (194 trucks) | CITY LIGHT AND POWER INC (121 trucks),140000,17052,13040564.0,"$1,475,000.00"
Sol_004,1560 N Academy Blvd,https://www.loopnet.com/Listing/1560-N-Academy-Blvd-Colorado-Springs-CO/3886433/,"Colorado Springs, CO 80909",0.64,416700.0,38.854776988204,-104.75774002483,5689.619999999999,10000,L,56.90%,1031,COLORADO SPRINGS SCHOOL DISTRICT 11 (130 trucks) | MOUNTAIN METROPOLITAN TRANSIT (144 trucks) | CITY OF COLORADO SPRINGS (326 trucks) | El PASO COUNTY (112 trucks) | GOODWILL OF COLORADO (134 trucks) | VECTRUS SYSTEMS CORPORATION (185 trucks),140000,17052,13040564.0,"$416,700.00"
Sol_004,4237 McWhinney Blvd,https://www.loopnet.com/Listing/4237-McWhinney-Blvd-Loveland-CO/23974785/,"Loveland, CO 80538",0.65,871347.9,40.408208389025,-105.017378025231,252.96,1000,XS,25.30%,109,LOVELAND MUNICIPALITY (109 trucks),140000,17052,13040564.0,"$871,347.90"
Sol_004,10431 Quari St,https://www.loopnet.com/Listing/10431-Quari-St-Commerce-City-CO/29119294/,"Commerce City, CO 80022",0.72,270000.0,39.886267655476,-104.844980046547,4169.15,5000,M,83.38%,562,ENVIRONMENTAL DESIGNS LLC (156 trucks) | BALIC TRANSPORT INC (120 trucks) | BURNCO COLORADO LLC (146 trucks) | WEST DIRECT OIL (140 trucks),140000,17052,13040564.0,"$270,000.00"
Sol_004,NEC N Fairgrounds Ave,https://www.loopnet.com/Listing/NEC-N-Fairgrounds-Ave-Windsor-CO/29890025/,"Windsor, CO 80528",0.74,483449.0,40.437732372143,-104.982630626628,304.01,1000,XS,30.40%,131,LARIMER COUNTY (131 trucks),140000,17052,13040564.0,"$483,449.00"
Sol_004,11958 Lincoln Ave,https://www.loopnet.com/Listing/Lincoln-Ave-Parker-CO/39741118/,"Parker, CO 80138",0.86,495000.0,39.536519536914,-104.76116705724,19379.71,20000,XL,96.90%,2601,ACCELERATED SERVICES LLC (373 trucks) | AMERICAN FURNITURE WAREHOUSE CO (340 trucks) | TERRACARE ASSOCIATES LLC (156 trucks) | IHC SCOTT INC (214 trucks) | BUCKLEY POWDER CO (217 trucks) | ORICA USA INC (215 trucks) | CHERRY CREEK SCHOOLS (352 trucks) | HBSCO DANS TRASH AT YOUR DISPOSAL (110 trucks) | GLOBAL TRANSPORTATION LLC (442 trucks) | WHEEL PROS LLC (182 trucks),140000,17052,13040564.0,"$495,000.00"
Sol_004,Harmony Rd,https://www.loopnet.com/Listing/Harmony-Rd-Timnath-CO/21109276/,"Timnath, CO 80547",0.88,689895.0,40.522951241822,-104.96262130308,5618.16,10000,L,56.18%,972,NOVUS AG LLC (444 trucks) | CITY OF FORT COLLINS (285 trucks) | Poudre School District  (243 trucks),140000,17052,13040564.0,"$689,895.00"
Sol_004,2450 Curtis St,https://www.loopnet.com/Listing/2450-Curtis-St-Denver-CO/34878162/,"Denver, CO 80205",0.93,1930000.0,39.755035173034,-104.984190298703,13972.56,20000,XL,69.86%,1896,RES (149 trucks) | CO TRAN LLC (275 trucks) | WASTE CONNECTIONS OF COLORADO INC (486 trucks) | COORS DISTRIBUTING COMPANY MILLER COORS LLC (105 trucks) | U S TRANSPORT INC (200 trucks) | SUPERSHUTTLE DENVER (125 trucks) | UNITED SITE SERVICES OF NEVADA INC (409 trucks) | UNITED SITE SERVICES OF COLORADO INC (147 trucks),140000,17052,13040564.0,"$1,930,000.00"
Sol_004,3311 Ideal Drive Dr,https://www.loopnet.com/Listing/3311-Ideal-Drive-Dr-Frederick-CO/35744244/,"Frederick, CO 80516",1.0,949000.0,40.087044076103,-104.992966989518,4928.75,5000,M,98.58%,991,SUPREME TRANSPORT INC (183 trucks) | WARD ELECTRIC COMPANY INC (222 trucks) | CITY OF LONGMONT (211 trucks) | ST VRAIN VALLEY SCHOOL DISTRICT (174 trucks) | HEAT WAVES HOT OIL SERVICE LLC (201 trucks),140000,17052,13040564.0,"$949,000.00"
Sol_004,Colfax Ave & Airport Blvd,https://www.loopnet.com/Listing/Colfax-Ave-Airport-Blvd-Aurora-CO/24946845/,"Aurora, CO 80011",1.1,955174.1,39.740269989586,-104.791334022205,9801.08,10000,L,98.01%,1396,METCO LANDSCAPING INC (226 trucks) | WAGNER EQUIPMENT CO (423 trucks) | AURORA PUBLIC SCHOOLS (127 trucks) | CITY OF AURORA (271 trucks) | SHAMROCK FOODS COMPANY (214 trucks) | SWINGLE TREE & LANDSCAPE CARE (135 trucks),140000,17052,13040564.0,"$955,174.10"
Sol_004,8850 Huron St,https://www.loopnet.com/Listing/8850-Huron-St-Thornton-CO/33061072/,"Thornton, CO 80260",1.26,349000.0,39.858426283979,-104.995662022846,19552.47,20000,XL,97.76%,2801,CITY OF THORNTON (208 trucks) | CITY OF THORNTON (174 trucks) | COCAL LANDSCAPE SERVICES INC (153 trucks) | COLD FRONT (121 trucks) | READY MIX CONCRETE COMPANY (191 trucks) | NAVAJO EXPRESS INC (309 trucks) | TRI-STATE GENERATION & TRANSMISSION ASSOCIATION INC (321 trucks) | WESTERN DISTRIBUTING TRANSPORTATION CORP (155 trucks) | RMS CRANES (139 trucks) | SURESHOT DRILLING LLC ATOZ FIELD SERVICES LLC DRILL TECH LLC PINNACLE DEVELOPMENT INC HDD SPECIALISTS LLC (135 trucks) | EAGLE ROCK DISTRIBUTING COMPANY OF COLORADO LLC (148 trucks) | OFFEN PETROLEUM LLC (269 trucks) | ALPINE MILLWORK COMPANY DBA ROCKY MOUNTAIN RELOAD (141 trucks) | ADAMS 12 FIVE STAR SCHOOLS (182 trucks) | GEOSTABILIZATION INTERNATIONAL LLC (155 trucks),140000,17052,13040564.0,"$349,000.00"
Sol_004,765 Aspen Ridge Drive Dr,https://www.loopnet.com/Listing/765-Aspen-Ridge-Drive-Dr-Lafayette-CO/32931931/,"Lafayette, CO 80026",1.43,556000.0,40.006898203868,-105.107210150504,4585.06,5000,M,91.70%,619,BOULDER VALLEY SCHOOL DISTRICT RE-2 (134 trucks) | VIA MOBILITY SERVICES (196 trucks) | VIA MOBILITY SERVICES (116 trucks) | CU (173 trucks),140000,17052,13040564.0,"$556,000.00"
Sol_004,I-25 And Castle Pines Parkway,https://www.loopnet.com/Listing/I-25-And-Castle-Pines-Parkway-Castle-Rock-CO/32045010/,"Castle Rock, CO 80108",1.89,2000000.0,39.471987019978,-104.872723978419,7548.509999999999,10000,L,75.49%,1102,TOWN OF CASTLE ROCK  (109 trucks) | CH2M OMI CH2MHILL JACOBS (183 trucks) | ENTERPRISE RENT-A-CAR NATIONAL RENT A CAR ALAMO RENT A CAR (421 trucks) | GREAT SOUTHWESTERN CONSTRUCTION INC (280 trucks) | PACIFIC SHIPPING & TRUCKING CO INC (109 trucks),140000,17052,13040564.0,"$2,000,000.00"
Sol_005,2544 11th Ave,https://www.loopnet.com/Listing/2544-11th-Ave-Greeley-CO/35100267/,"Greeley, CO 80631",0.15,350000.0,40.395690645275,-104.69657283495,336.5,1000,XS,33.65%,145,WELD COUNTY PUBLIC WORKS DEPARTMENT (145 trucks),99000,12623,7770491.24,"$350,000.00"
Sol_005,1339 Sheridan Blvd,https://www.loopnet.com/Listing/1339-Sheridan-Blvd-Lakewood-CO/29629654/,"Lakewood, CO 80214",0.18,299999.0,39.737415742007,-105.053556666269,4008.78,5000,M,80.18%,809,COMPASS VEHICLE RENTAL INC (170 trucks) | JEFFERSON COUNTY (120 trucks) | JEFFCO SCHOOLS (274 trucks) | SITEWISE LLC (145 trucks) | CITY OF ARVADA (100 trucks),99000,12623,7770491.24,"$299,999.00"
Sol_005,422 Perry St,https://www.loopnet.com/Listing/422-Perry-St-Castle-Rock-CO/38421711/,"Castle Rock, CO 80104",0.24,605821.24,39.374148794158,-104.858322527659,2577.81,5000,M,51.56%,389,GREAT SOUTHWESTERN CONSTRUCTION INC (280 trucks) | TOWN OF CASTLE ROCK  (109 trucks),99000,12623,7770491.24,"$605,821.24"
Sol_005,239 S Main St,https://www.loopnet.com/Listing/239-S-Main-St-Brighton-CO/27424620/,"Brighton, CO 80601",0.31,250000.0,39.982905257485,-104.822555605705,1694.9,2000,S,84.75%,267,G&Z TRANSPORT LLC (147 trucks) | SIM TRUCKING INC (120 trucks),99000,12623,7770491.24,"$250,000.00"
Sol_005,606 W Colfax Ave,https://www.loopnet.com/Listing/606-W-Colfax-Ave-Denver-CO/26992476/,"Denver, CO 80204",0.31,1475000.0,39.739741342952,-104.995589435564,8930.12,10000,L,89.30%,1122,MPLX G&P (144 trucks) | RES (149 trucks) | CONCRETE EXPRESS INC (128 trucks) | FARMERS ALL NATURAL (121 trucks) | CO TRAN LLC (275 trucks) | COORS DISTRIBUTING COMPANY MILLER COORS LLC (105 trucks) | U S TRANSPORT INC (200 trucks),99000,12623,7770491.24,"$1,475,000.00"
Sol_005,1560 N Academy Blvd,https://www.loopnet.com/Listing/1560-N-Academy-Blvd-Colorado-Springs-CO/3886433/,"Colorado Springs, CO 80909",0.64,416700.0,38.854776988204,-104.75774002483,5689.619999999999,10000,L,56.90%,1031,COLORADO SPRINGS SCHOOL DISTRICT 11 (130 trucks) | MOUNTAIN METROPOLITAN TRANSIT (144 trucks) | CITY OF COLORADO SPRINGS (326 trucks) | El PASO COUNTY (112 trucks) | GOODWILL OF COLORADO (134 trucks) | VECTRUS SYSTEMS CORPORATION (185 trucks),99000,12623,7770491.24,"$416,700.00"
Sol_005,4237 McWhinney Blvd,https://www.loopnet.com/Listing/4237-McWhinney-Blvd-Loveland-CO/23974785/,"Loveland, CO 80538",0.65,871347.9,40.408208389025,-105.017378025231,252.96,1000,XS,25.30%,109,LOVELAND MUNICIPALITY (109 trucks),99000,12623,7770491.24,"$871,347.90"
Sol_005,10431 Quari St,https://www.loopnet.com/Listing/10431-Quari-St-Commerce-City-CO/29119294/,"Commerce City, CO 80022",0.72,270000.0,39.886267655476,-104.844980046547,4169.15,5000,M,83.38%,562,ENVIRONMENTAL DESIGNS LLC (156 trucks) | BALIC TRANSPORT INC (120 trucks) | BURNCO COLORADO LLC (146 trucks) | WEST DIRECT OIL (140 trucks),99000,12623,7770491.24,"$270,000.00"
Sol_005,NEC N Fairgrounds Ave,https://www.loopnet.com/Listing/NEC-N-Fairgrounds-Ave-Windsor-CO/29890025/,"Windsor, CO 80528",0.74,483449.0,40.437732372143,-104.982630626628,3990.5600000000004,5000,M,79.81%,575,LARIMER COUNTY (131 trucks) | NOVUS AG LLC (444 trucks),99000,12623,7770491.24,"$483,449.00"
Sol_005,11958 Lincoln Ave,https://www.loopnet.com/Listing/Lincoln-Ave-Parker-CO/39741118/,"Parker, CO 80138",0.86,495000.0,39.536519536914,-104.76116705724,18264.289999999997,20000,XL,91.32%,2581,ACCELERATED SERVICES LLC (373 trucks) | AMERICAN FURNITURE WAREHOUSE CO (340 trucks) | TERRACARE ASSOCIATES LLC (156 trucks) | IHC SCOTT INC (214 trucks) | BUCKLEY POWDER CO (217 trucks) | CH2M OMI CH2MHILL JACOBS (183 trucks) | ORICA USA INC (215 trucks) | CHERRY CREEK SCHOOLS (352 trucks) | HBSCO DANS TRASH AT YOUR DISPOSAL (110 trucks) | ENTERPRISE RENT-A-CAR NATIONAL RENT A CAR ALAMO RENT A CAR (421 trucks),99000,12623,7770491.24,"$495,000.00"
Sol_005,3311 Ideal Drive Dr,https://www.loopnet.com/Listing/3311-Ideal-Drive-Dr-Frederick-CO/35744244/,"Frederick, CO 80516",1.0,949000.0,40.087044076103,-104.992966989518,4928.75,5000,M,98.58%,991,SUPREME TRANSPORT INC (183 trucks) | WARD ELECTRIC COMPANY INC (222 trucks) | CITY OF LONGMONT (211 trucks) | ST VRAIN VALLEY SCHOOL DISTRICT (174 trucks) | HEAT WAVES HOT OIL SERVICE LLC (201 trucks),99000,12623,7770491.24,"$949,000.00"
Sol_005,Colfax Ave & Airport Blvd,https://www.loopnet.com/Listing/Colfax-Ave-Airport-Blvd-Aurora-CO/24946845/,"Aurora, CO 80011",1.1,955174.1,39.740269989586,-104.791334022205,9801.08,10000,L,98.01%,1396,METCO LANDSCAPING INC (226 trucks) | WAGNER EQUIPMENT CO (423 trucks) | AURORA PUBLIC SCHOOLS (127 trucks) | CITY OF AURORA (271 trucks) | SHAMROCK FOODS COMPANY (214 trucks) | SWINGLE TREE & LANDSCAPE CARE (135 trucks),99000,12623,7770491.24,"$955,174.10"
Sol_005,8850 Huron St,https://www.loopnet.com/Listing/8850-Huron-St-Thornton-CO/33061072/,"Thornton, CO 80260",1.26,349000.0,39.858426283979,-104.995662022846,18265.5,20000,XL,91.33%,2646,CITY OF THORNTON (208 trucks) | CITY OF THORNTON (174 trucks) | COCAL LANDSCAPE SERVICES INC (153 trucks) | COLD FRONT (121 trucks) | READY MIX CONCRETE COMPANY (191 trucks) | NAVAJO EXPRESS INC (309 trucks) | TRI-STATE GENERATION & TRANSMISSION ASSOCIATION INC (321 trucks) | WESTERN DISTRIBUTING TRANSPORTATION CORP (155 trucks) | RMS CRANES (139 trucks) | SURESHOT DRILLING LLC ATOZ FIELD SERVICES LLC DRILL TECH LLC PINNACLE DEVELOPMENT INC HDD SPECIALISTS LLC (135 trucks) | EAGLE ROCK DISTRIBUTING COMPANY OF COLORADO LLC (148 trucks) | OFFEN PETROLEUM LLC (269 trucks) | ALPINE MILLWORK COMPANY DBA ROCKY MOUNTAIN RELOAD (141 trucks) | ADAMS 12 FIVE STAR SCHOOLS (182 trucks),99000,12623,7770491.24,"$349,000.00"
Sol_006,2544 11th Ave,https://www.loopnet.com/Listing/2544-11th-Ave-Greeley-CO/35100267/,"Greeley, CO 80631",0.15,350000.0,40.395690645275,-104.69657283495,336.5,1000,XS,33.65%,145,WELD COUNTY PUBLIC WORKS DEPARTMENT (145 trucks),99000,12623,7770491.24,"$350,000.00"
Sol_006,1339 Sheridan Blvd,https://www.loopnet.com/Listing/1339-Sheridan-Blvd-Lakewood-CO/29629654/,"Lakewood, CO 80214",0.18,299999.0,39.737415742007,-105.053556666269,4008.78,5000,M,80.18%,809,COMPASS VEHICLE RENTAL INC (170 trucks) | JEFFERSON COUNTY (120 trucks) | JEFFCO SCHOOLS (274 trucks) | SITEWISE LLC (145 trucks) | CITY OF ARVADA (100 trucks),99000,12623,7770491.24,"$299,999.00"
Sol_006,422 Perry St,https://www.loopnet.com/Listing/422-Perry-St-Castle-Rock-CO/38421711/,"Castle Rock, CO 80104",0.24,605821.24,39.374148794158,-104.858322527659,2577.81,5000,M,51.56%,389,GREAT SOUTHWESTERN CONSTRUCTION INC (280 trucks) | TOWN OF CASTLE ROCK  (109 trucks),99000,12623,7770491.24,"$605,821.24"
Sol_006,239 S Main St,https://www.loopnet.com/Listing/239-S-Main-St-Brighton-CO/27424620/,"Brighton, CO 80601",0.31,250000.0,39.982905257485,-104.822555605705,1694.9,2000,S,84.75%,267,G&Z TRANSPORT LLC (147 trucks) | SIM TRUCKING INC (120 trucks),99000,12623,7770491.24,"$250,000.00"
Sol_006,606 W Colfax Ave,https://www.loopnet.com/Listing/606-W-Colfax-Ave-Denver-CO/26992476/,"Denver, CO 80204",0.31,1475000.0,39.739741342952,-104.995589435564,8930.12,10000,L,89.30%,1122,MPLX G&P (144 trucks) | RES (149 trucks) | CONCRETE EXPRESS INC (128 trucks) | FARMERS ALL NATURAL (121 trucks) | CO TRAN LLC (275 trucks) | COORS DISTRIBUTING COMPANY MILLER COORS LLC (105 trucks) | U S TRANSPORT INC (200 trucks),99000,12623,7770491.24,"$1,475,000.00"
Sol_006,1560 N Academy Blvd,https://www.loopnet.com/Listing/1560-N-Academy-Blvd-Colorado-Springs-CO/3886433/,"Colorado Springs, CO 80909",0.64,416700.0,38.854776988204,-104.75774002483,5689.619999999999,10000,L,56.90%,1031,COLORADO SPRINGS SCHOOL DISTRICT 11 (130 trucks) | MOUNTAIN METROPOLITAN TRANSIT (144 trucks) | CITY OF COLORADO SPRINGS (326 trucks) | El PASO COUNTY (112 trucks) | GOODWILL OF COLORADO (134 trucks) | VECTRUS SYSTEMS CORPORATION (185 trucks),99000,12623,7770491.24,"$416,700.00"
Sol_006,4237 McWhinney Blvd,https://www.loopnet.com/Listing/4237-McWhinney-Blvd-Loveland-CO/23974785/,"Loveland, CO 80538",0.65,871347.9,40.408208389025,-105.017378025231,252.96,1000,XS,25.30%,109,LOVELAND MUNICIPALITY (109 trucks),99000,12623,7770491.24,"$871,347.90"
Sol_006,10431 Quari St,https://www.loopnet.com/Listing/10431-Quari-St-Commerce-City-CO/29119294/,"Commerce City, CO 80022",0.72,270000.0,39.886267655476,-104.844980046547,4169.15,5000,M,83.38%,562,ENVIRONMENTAL DESIGNS LLC (156 trucks) | BALIC TRANSPORT INC (120 trucks) | BURNCO COLORADO LLC (146 trucks) | WEST DIRECT OIL (140 trucks),99000,12623,7770491.24,"$270,000.00"
Sol_006,NEC N Fairgrounds Ave,https://www.loopnet.com/Listing/NEC-N-Fairgrounds-Ave-Windsor-CO/29890025/,"Windsor, CO 80528",0.74,483449.0,40.437732372143,-104.982630626628,3990.5600000000004,5000,M,79.81%,575,LARIMER COUNTY (131 trucks) | NOVUS AG LLC (444 trucks),99000,12623,7770491.24,"$483,449.00"
Sol_006,11958 Lincoln Ave,https://www.loopnet.com/Listing/Lincoln-Ave-Parker-CO/39741118/,"Parker, CO 80138",0.86,495000.0,39.536519536914,-104.76116705724,18264.289999999997,20000,XL,91.32%,2581,ACCELERATED SERVICES LLC (373 trucks) | AMERICAN FURNITURE WAREHOUSE CO (340 trucks) | TERRACARE ASSOCIATES LLC (156 trucks) | IHC SCOTT INC (214 trucks) | BUCKLEY POWDER CO (217 trucks) | CH2M OMI CH2MHILL JACOBS (183 trucks) | ORICA USA INC (215 trucks) | CHERRY CREEK SCHOOLS (352 trucks) | HBSCO DANS TRASH AT YOUR DISPOSAL (110 trucks) | ENTERPRISE RENT-A-CAR NATIONAL RENT A CAR ALAMO RENT A CAR (421 trucks),99000,12623,7770491.24,"$495,000.00"
Sol_006,3311 Ideal Drive Dr,https://www.loopnet.com/Listing/3311-Ideal-Drive-Dr-Frederick-CO/35744244/,"Frederick, CO 80516",1.0,949000.0,40.087044076103,-104.992966989518,4928.75,5000,M,98.58%,991,SUPREME TRANSPORT INC (183 trucks) | WARD ELECTRIC COMPANY INC (222 trucks) | CITY OF LONGMONT (211 trucks) | ST VRAIN VALLEY SCHOOL DISTRICT (174 trucks) | HEAT WAVES HOT OIL SERVICE LLC (201 trucks),99000,12623,7770491.24,"$949,000.00"
Sol_006,Colfax Ave & Airport Blvd,https://www.loopnet.com/Listing/Colfax-Ave-Airport-Blvd-Aurora-CO/24946845/,"Aurora, CO 80011",1.1,955174.1,39.740269989586,-104.791334022205,9801.08,10000,L,98.01%,1396,METCO LANDSCAPING INC (226 trucks) | WAGNER EQUIPMENT CO (423 trucks) | AURORA PUBLIC SCHOOLS (127 trucks) | CITY OF AURORA (271 trucks) | SHAMROCK FOODS COMPANY (214 trucks) | SWINGLE TREE & LANDSCAPE CARE (135 trucks),99000,12623,7770491.24,"$955,174.10"
Sol_006,8850 Huron St,https://www.loopnet.com/Listing/8850-Huron-St-Thornton-CO/33061072/,"Thornton, CO 80260",1.26,349000.0,39.858426283979,-104.995662022846,18265.5,20000,XL,91.33%,2646,CITY OF THORNTON (208 trucks) | CITY OF THORNTON (174 trucks) | COCAL LANDSCAPE SERVICES INC (153 trucks) | COLD FRONT (121 trucks) | READY MIX CONCRETE COMPANY (191 trucks) | NAVAJO EXPRESS INC (309 trucks) | TRI-STATE GENERATION & TRANSMISSION ASSOCIATION INC (321 trucks) | WESTERN DISTRIBUTING TRANSPORTATION CORP (155 trucks) | RMS CRANES (139 trucks) | SURESHOT DRILLING LLC ATOZ FIELD SERVICES LLC DRILL TECH LLC PINNACLE DEVELOPMENT INC HDD SPECIALISTS LLC (135 trucks) | EAGLE ROCK DISTRIBUTING COMPANY OF COLORADO LLC (148 trucks) | OFFEN PETROLEUM LLC (269 trucks) | ALPINE MILLWORK COMPANY DBA ROCKY MOUNTAIN RELOAD (141 trucks) | ADAMS 12 FIVE STAR SCHOOLS (182 trucks),99000,12623,7770491.24,"$349,000.00"
Sol_007,2544 11th Ave,https://www.loopnet.com/Listing/2544-11th-Ave-Greeley-CO/35100267/,"Greeley, CO 80631",0.15,350000.0,40.395690645275,-104.69657283495,336.5,1000,XS,33.65%,145,WELD COUNTY PUBLIC WORKS DEPARTMENT (145 trucks),150000,17052,12559224.69,"$350,000.00"
Sol_007,422 Perry St,https://www.loopnet.com/Listing/422-Perry-St-Castle-Rock-CO/38421711/,"Castle Rock, CO 80104",0.24,605821.24,39.374148794158,-104.858322527659,2577.81,5000,M,51.56%,389,GREAT SOUTHWESTERN CONSTRUCTION INC (280 trucks) | TOWN OF CASTLE ROCK  (109 trucks),150000,17052,12559224.69,"$605,821.24"
Sol_007,1319 Sheridan Blvd,https://www.loopnet.com/Listing/1319-1327-Sheridan-Blvd-Lakewood-CO/38343110/,"Lakewood, CO 80214",0.3,999998.0,39.737113071483,-105.053491874157,7437.9400000000005,10000,L,74.38%,1222,COMPASS VEHICLE RENTAL INC (170 trucks) | JEFFERSON COUNTY (120 trucks) | JEFFCO SCHOOLS (274 trucks) | SITEWISE LLC (145 trucks) | CITY OF ARVADA (100 trucks) | HOLCIM WCR INC (298 trucks) | ENIVIRONMENTAL LANDWORKS COMPANY INC (115 trucks),150000,17052,12559224.69,"$999,998.00"
Sol_007,239 S Main St,https://www.loopnet.com/Listing/239-S-Main-St-Brighton-CO/27424620/,"Brighton, CO 80601",0.31,250000.0,39.982905257485,-104.822555605705,1694.9,2000,S,84.75%,267,G&Z TRANSPORT LLC (147 trucks) | SIM TRUCKING INC (120 trucks),150000,17052,12559224.69,"$250,000.00"
Sol_007,606 W Colfax Ave,https://www.loopnet.com/Listing/606-W-Colfax-Ave-Denver-CO/26992476/,"Denver, CO 80204",0.31,1475000.0,39.739741342952,-104.995589435564,2877.2,5000,M,57.54%,393,MPLX G&P (144 trucks) | CONCRETE EXPRESS INC (128 trucks) | FARMERS ALL NATURAL (121 trucks),150000,17052,12559224.69,"$1,475,000.00"
Sol_007,1560 N Academy Blvd,https://www.loopnet.com/Listing/1560-N-Academy-Blvd-Colorado-Springs-CO/3886433/,"Colorado Springs, CO 80909",0.64,416700.0,38.854776988204,-104.75774002483,5689.619999999999,10000,L,56.90%,1031,COLORADO SPRINGS SCHOOL DISTRICT 11 (130 trucks) | MOUNTAIN METROPOLITAN TRANSIT (144 trucks) | CITY OF COLORADO SPRINGS (326 trucks) | El PASO COUNTY (112 trucks) | GOODWILL OF COLORADO (134 trucks) | VECTRUS SYSTEMS CORPORATION (185 trucks),150000,17052,12559224.69,"$416,700.00"
Sol_007,4237 McWhinney Blvd,https://www.loopnet.com/Listing/4237-McWhinney-Blvd-Loveland-CO/23974785/,"Loveland, CO 80538",0.65,871347.9,40.408208389025,-105.017378025231,252.96,1000,XS,25.30%,109,LOVELAND MUNICIPALITY (109 trucks),150000,17052,12559224.69,"$871,347.90"
Sol_007,10431 Quari St,https://www.loopnet.com/Listing/10431-Quari-St-Commerce-City-CO/29119294/,"Commerce City, CO 80022",0.72,270000.0,39.886267655476,-104.844980046547,4169.15,5000,M,83.38%,562,ENVIRONMENTAL DESIGNS LLC (156 trucks) | BALIC TRANSPORT INC (120 trucks) | BURNCO COLORADO LLC (146 trucks) | WEST DIRECT OIL (140 trucks),150000,17052,12559224.69,"$270,000.00"
Sol_007,NEC N Fairgrounds Ave,https://www.loopnet.com/Listing/NEC-N-Fairgrounds-Ave-Windsor-CO/29890025/,"Windsor, CO 80528",0.74,483449.0,40.437732372143,-104.982630626628,304.01,1000,XS,30.40%,131,LARIMER COUNTY (131 trucks),150000,17052,12559224.69,"$483,449.00"
Sol_007,11958 Lincoln Ave,https://www.loopnet.com/Listing/Lincoln-Ave-Parker-CO/39741118/,"Parker, CO 80138",0.86,495000.0,39.536519536914,-104.76116705724,15005.279999999999,20000,XL,75.03%,2050,ACCELERATED SERVICES LLC (373 trucks) | AMERICAN FURNITURE WAREHOUSE CO (340 trucks) | TERRACARE ASSOCIATES LLC (156 trucks) | IHC SCOTT INC (214 trucks) | BUCKLEY POWDER CO (217 trucks) | CH2M OMI CH2MHILL JACOBS (183 trucks) | ORICA USA INC (215 trucks) | CHERRY CREEK SCHOOLS (352 trucks),150000,17052,12559224.69,"$495,000.00"
Sol_007,Harmony Rd,https://www.loopnet.com/Listing/Harmony-Rd-Timnath-CO/21109276/,"Timnath, CO 80547",0.88,689895.0,40.522951241822,-104.96262130308,5618.16,10000,L,56.18%,972,NOVUS AG LLC (444 trucks) | CITY OF FORT COLLINS (285 trucks) | Poudre School District  (243 trucks),150000,17052,12559224.69,"$689,895.00"
Sol_007,2450 Curtis St,https://www.loopnet.com/Listing/2450-Curtis-St-Denver-CO/34878162/,"Denver, CO 80205",0.93,1930000.0,39.755035173034,-104.984190298703,13972.56,20000,XL,69.86%,1896,RES (149 trucks) | CO TRAN LLC (275 trucks) | WASTE CONNECTIONS OF COLORADO INC (486 trucks) | COORS DISTRIBUTING COMPANY MILLER COORS LLC (105 trucks) | U S TRANSPORT INC (200 trucks) | SUPERSHUTTLE DENVER (125 trucks) | UNITED SITE SERVICES OF NEVADA INC (409 trucks) | UNITED SITE SERVICES OF COLORADO INC (147 trucks),150000,17052,12559224.69,"$1,930,000.00"
Sol_007,1801 W Union Ave,https://www.loopnet.com/Listing/1801-W-Union-Ave-Englewood-CO/39250756/,"Englewood, CO 80110",0.95,912839.45,39.63264140749,-105.009568941318,14985.23,20000,XL,74.93%,2078,KEESEN ENTERPRISES INC (263 trucks) | QUALITY LOGISTICS INC (135 trucks) | PROCAM SERVICES  (101 trucks) | PACIFIC SHIPPING & TRUCKING CO INC (109 trucks) | CITY LIGHT AND POWER INC (121 trucks) | WHEEL PROS LLC (182 trucks) | GLOBAL TRANSPORTATION LLC (442 trucks) | COMCAST (194 trucks) | ENTERPRISE RENT-A-CAR NATIONAL RENT A CAR ALAMO RENT A CAR (421 trucks) | HBSCO DANS TRASH AT YOUR DISPOSAL (110 trucks),150000,17052,12559224.69,"$912,839.45"
Sol_007,3311 Ideal Drive Dr,https://www.loopnet.com/Listing/3311-Ideal-Drive-Dr-Frederick-CO/35744244/,"Frederick, CO 80516",1.0,949000.0,40.087044076103,-104.992966989518,4928.75,5000,M,98.58%,991,SUPREME TRANSPORT INC (183 trucks) | WARD ELECTRIC COMPANY INC (222 trucks) | CITY OF LONGMONT (211 trucks) | ST VRAIN VALLEY SCHOOL DISTRICT (174 trucks) | HEAT WAVES HOT OIL SERVICE LLC (201 trucks),150000,17052,12559224.69,"$949,000.00"
Sol_007,Colfax Ave & Airport Blvd,https://www.loopnet.com/Listing/Colfax-Ave-Airport-Blvd-Aurora-CO/24946845/,"Aurora, CO 80011",1.1,955174.1,39.740269989586,-104.791334022205,9801.08,10000,L,98.01%,1396,METCO LANDSCAPING INC (226 trucks) | WAGNER EQUIPMENT CO (423 trucks) | AURORA PUBLIC SCHOOLS (127 trucks) | CITY OF AURORA (271 trucks) | SHAMROCK FOODS COMPANY (214 trucks) | SWINGLE TREE & LANDSCAPE CARE (135 trucks),150000,17052,12559224.69,"$955,174.10"
Sol_007,8850 Huron St,https://www.loopnet.com/Listing/8850-Huron-St-Thornton-CO/33061072/,"Thornton, CO 80260",1.26,349000.0,39.858426283979,-104.995662022846,19552.47,20000,XL,97.76%,2801,CITY OF THORNTON (208 trucks) | CITY OF THORNTON (174 trucks) | COCAL LANDSCAPE SERVICES INC (153 trucks) | COLD FRONT (121 trucks) | READY MIX CONCRETE COMPANY (191 trucks) | NAVAJO EXPRESS INC (309 trucks) | TRI-STATE GENERATION & TRANSMISSION ASSOCIATION INC (321 trucks) | WESTERN DISTRIBUTING TRANSPORTATION CORP (155 trucks) | RMS CRANES (139 trucks) | SURESHOT DRILLING LLC ATOZ FIELD SERVICES LLC DRILL TECH LLC PINNACLE DEVELOPMENT INC HDD SPECIALISTS LLC (135 trucks) | EAGLE ROCK DISTRIBUTING COMPANY OF COLORADO LLC (148 trucks) | OFFEN PETROLEUM LLC (269 trucks) | ALPINE MILLWORK COMPANY DBA ROCKY MOUNTAIN RELOAD (141 trucks) | ADAMS 12 FIVE STAR SCHOOLS (182 trucks) | GEOSTABILIZATION INTERNATIONAL LLC (155 trucks),150000,17052,12559224.69,"$349,000.00"
Sol_007,765 Aspen Ridge Drive Dr,https://www.loopnet.com/Listing/765-Aspen-Ridge-Drive-Dr-Lafayette-CO/32931931/,"Lafayette, CO 80026",1.43,556000.0,40.006898203868,-105.107210150504,4585.06,5000,M,91.70%,619,BOULDER VALLEY SCHOOL DISTRICT RE-2 (134 trucks) | VIA MOBILITY SERVICES (196 trucks) | VIA MOBILITY SERVICES (116 trucks) | CU (173 trucks),150000,17052,12559224.69,"$556,000.00"
Sol_008,2544 11th Ave,https://www.loopnet.com/Listing/2544-11th-Ave-Greeley-CO/35100267/,"Greeley, CO 80631",0.15,350000.0,40.395690645275,-104.69657283495,336.5,1000,XS,33.65%,145,WELD COUNTY PUBLIC WORKS DEPARTMENT (145 trucks),152000,17052,12173225.69,"$350,000.00"
Sol_008,1339 Sheridan Blvd,https://www.loopnet.com/Listing/1339-Sheridan-Blvd-Lakewood-CO/29629654/,"Lakewood, CO 80214",0.18,299999.0,39.737415742007,-105.053556666269,1949.27,2000,S,97.46%,415,COMPASS VEHICLE RENTAL INC (170 trucks) | SITEWISE LLC (145 trucks) | CITY OF ARVADA (100 trucks),152000,17052,12173225.69,"$299,999.00"
Sol_008,831 N Clarkson St,https://www.loopnet.com/Listing/831-N-Clarkson-St-Denver-CO/38142797/,"Denver, CO 80218",0.18,899000.0,39.729919009716,-104.977904960968,3413.46,5000,M,68.27%,396,FARMERS ALL NATURAL (121 trucks) | CO TRAN LLC (275 trucks),152000,17052,12173225.69,"$899,000.00"
Sol_008,422 Perry St,https://www.loopnet.com/Listing/422-Perry-St-Castle-Rock-CO/38421711/,"Castle Rock, CO 80104",0.24,605821.24,39.374148794158,-104.858322527659,2577.81,5000,M,51.56%,389,GREAT SOUTHWESTERN CONSTRUCTION INC (280 trucks) | TOWN OF CASTLE ROCK  (109 trucks),152000,17052,12173225.69,"$605,821.24"
Sol_008,239 S Main St,https://www.loopnet.com/Listing/239-S-Main-St-Brighton-CO/27424620/,"Brighton, CO 80601",0.31,250000.0,39.982905257485,-104.822555605705,1694.9,2000,S,84.75%,267,G&Z TRANSPORT LLC (147 trucks) | SIM TRUCKING INC (120 trucks),152000,17052,12173225.69,"$250,000.00"
Sol_008,606 W Colfax Ave,https://www.loopnet.com/Listing/606-W-Colfax-Ave-Denver-CO/26992476/,"Denver, CO 80204",0.31,1475000.0,39.739741342952,-104.995589435564,8665.94,10000,L,86.66%,1212,MPLX G&P (144 trucks) | RES (149 trucks) | CONCRETE EXPRESS INC (128 trucks) | COORS DISTRIBUTING COMPANY MILLER COORS LLC (105 trucks) | U S TRANSPORT INC (200 trucks) | WASTE CONNECTIONS OF COLORADO INC (486 trucks),152000,17052,12173225.69,"$1,475,000.00"
Sol_008,8905 E Colfax Ave,https://www.loopnet.com/Listing/8905-E-Colfax-Ave-Aurora-CO/32567100/,"Aurora, CO 80010",0.33,845000.0,39.740387126683,-104.884281197975,6813.16,10000,L,68.13%,1010,SUPERSHUTTLE DENVER (125 trucks) | SWINGLE TREE & LANDSCAPE CARE (135 trucks) | COMCAST (194 trucks) | UNITED SITE SERVICES OF NEVADA INC (409 trucks) | UNITED SITE SERVICES OF COLORADO INC (147 trucks),152000,17052,12173225.69,"$845,000.00"
Sol_008,17160 W Colfax Ave,https://www.loopnet.com/Listing/17160-W-Colfax-Ave-Golden-CO/29520298/,"Golden, CO 80401",0.63,500000.0,39.722253633534,-105.192465086092,5488.67,10000,L,54.89%,807,ENIVIRONMENTAL LANDWORKS COMPANY INC (115 trucks) | HOLCIM WCR INC (298 trucks) | JEFFCO SCHOOLS (274 trucks) | JEFFERSON COUNTY (120 trucks),152000,17052,12173225.69,"$500,000.00"
Sol_008,1560 N Academy Blvd,https://www.loopnet.com/Listing/1560-N-Academy-Blvd-Colorado-Springs-CO/3886433/,"Colorado Springs, CO 80909",0.64,416700.0,38.854776988204,-104.75774002483,5689.619999999999,10000,L,56.90%,1031,COLORADO SPRINGS SCHOOL DISTRICT 11 (130 trucks) | MOUNTAIN METROPOLITAN TRANSIT (144 trucks) | CITY OF COLORADO SPRINGS (326 trucks) | El PASO COUNTY (112 trucks) | GOODWILL OF COLORADO (134 trucks) | VECTRUS SYSTEMS CORPORATION (185 trucks),152000,17052,12173225.69,"$416,700.00"
Sol_008,4237 McWhinney Blvd,https://www.loopnet.com/Listing/4237-McWhinney-Blvd-Loveland-CO/23974785/,"Loveland, CO 80538",0.65,871347.9,40.408208389025,-105.017378025231,252.96,1000,XS,25.30%,109,LOVELAND MUNICIPALITY (109 trucks),152000,17052,12173225.69,"$871,347.90"
Sol_008,10431 Quari St,https://www.loopnet.com/Listing/10431-Quari-St-Commerce-City-CO/29119294/,"Commerce City, CO 80022",0.72,270000.0,39.886267655476,-104.844980046547,4169.15,5000,M,83.38%,562,ENVIRONMENTAL DESIGNS LLC (156 trucks) | BALIC TRANSPORT INC (120 trucks) | BURNCO COLORADO LLC (146 trucks) | WEST DIRECT OIL (140 trucks),152000,17052,12173225.69,"$270,000.00"
Sol_008,NEC N Fairgrounds Ave,https://www.loopnet.com/Listing/NEC-N-Fairgrounds-Ave-Windsor-CO/29890025/,"Windsor, CO 80528",0.74,483449.0,40.437732372143,-104.982630626628,304.01,1000,XS,30.40%,131,LARIMER COUNTY (131 trucks),152000,17052,12173225.69,"$483,449.00"
Sol_008,11958 Lincoln Ave,https://www.loopnet.com/Listing/Lincoln-Ave-Parker-CO/39741118/,"Parker, CO 80138",0.86,495000.0,39.536519536914,-104.76116705724,15005.279999999999,20000,XL,75.03%,2050,ACCELERATED SERVICES LLC (373 trucks) | AMERICAN FURNITURE WAREHOUSE CO (340 trucks) | TERRACARE ASSOCIATES LLC (156 trucks) | IHC SCOTT INC (214 trucks) | BUCKLEY POWDER CO (217 trucks) | CH2M OMI CH2MHILL JACOBS (183 trucks) | ORICA USA INC (215 trucks) | CHERRY CREEK SCHOOLS (352 trucks),152000,17052,12173225.69,"$495,000.00"
Sol_008,Harmony Rd,https://www.loopnet.com/Listing/Harmony-Rd-Timnath-CO/21109276/,"Timnath, CO 80547",0.88,689895.0,40.522951241822,-104.96262130308,5618.16,10000,L,56.18%,972,NOVUS AG LLC (444 trucks) | CITY OF FORT COLLINS (285 trucks) | Poudre School District  (243 trucks),152000,17052,12173225.69,"$689,895.00"
Sol_008,1801 W Union Ave,https://www.loopnet.com/Listing/1801-W-Union-Ave-Englewood-CO/39250756/,"Englewood, CO 80110",0.95,912839.45,39.63264140749,-105.009568941318,14063.34,20000,XL,70.32%,1884,KEESEN ENTERPRISES INC (263 trucks) | QUALITY LOGISTICS INC (135 trucks) | PROCAM SERVICES  (101 trucks) | PACIFIC SHIPPING & TRUCKING CO INC (109 trucks) | CITY LIGHT AND POWER INC (121 trucks) | WHEEL PROS LLC (182 trucks) | GLOBAL TRANSPORTATION LLC (442 trucks) | ENTERPRISE RENT-A-CAR NATIONAL RENT A CAR ALAMO RENT A CAR (421 trucks) | HBSCO DANS TRASH AT YOUR DISPOSAL (110 trucks),152000,17052,12173225.69,"$912,839.45"
Sol_008,3311 Ideal Drive Dr,https://www.loopnet.com/Listing/3311-Ideal-Drive-Dr-Frederick-CO/35744244/,"Frederick, CO 80516",1.0,949000.0,40.087044076103,-104.992966989518,4928.75,5000,M,98.58%,991,SUPREME TRANSPORT INC (183 trucks) | WARD ELECTRIC COMPANY INC (222 trucks) | CITY OF LONGMONT (211 trucks) | ST VRAIN VALLEY SCHOOL DISTRICT (174 trucks) | HEAT WAVES HOT OIL SERVICE LLC (201 trucks),152000,17052,12173225.69,"$949,000.00"
Sol_008,Colfax Ave & Airport Blvd,https://www.loopnet.com/Listing/Colfax-Ave-Airport-Blvd-Aurora-CO/24946845/,"Aurora, CO 80011",1.1,955174.1,39.740269989586,-104.791334022205,8680.17,10000,L,86.80%,1261,METCO LANDSCAPING INC (226 trucks) | WAGNER EQUIPMENT CO (423 trucks) | AURORA PUBLIC SCHOOLS (127 trucks) | CITY OF AURORA (271 trucks) | SHAMROCK FOODS COMPANY (214 trucks),152000,17052,12173225.69,"$955,174.10"
Sol_008,8850 Huron St,https://www.loopnet.com/Listing/8850-Huron-St-Thornton-CO/33061072/,"Thornton, CO 80260",1.26,349000.0,39.858426283979,-104.995662022846,19552.47,20000,XL,97.76%,2801,CITY OF THORNTON (208 trucks) | CITY OF THORNTON (174 trucks) | COCAL LANDSCAPE SERVICES INC (153 trucks) | COLD FRONT (121 trucks) | READY MIX CONCRETE COMPANY (191 trucks) | NAVAJO EXPRESS INC (309 trucks) | TRI-STATE GENERATION & TRANSMISSION ASSOCIATION INC (321 trucks) | WESTERN DISTRIBUTING TRANSPORTATION CORP (155 trucks) | RMS CRANES (139 trucks) | SURESHOT DRILLING LLC ATOZ FIELD SERVICES LLC DRILL TECH LLC PINNACLE DEVELOPMENT INC HDD SPECIALISTS LLC (135 trucks) | EAGLE ROCK DISTRIBUTING COMPANY OF COLORADO LLC (148 trucks) | OFFEN PETROLEUM LLC (269 trucks) | ALPINE MILLWORK COMPANY DBA ROCKY MOUNTAIN RELOAD (141 trucks) | ADAMS 12 FIVE STAR SCHOOLS (182 trucks) | GEOSTABILIZATION INTERNATIONAL LLC (155 trucks),152000,17052,12173225.69,"$349,000.00"
Sol_008,765 Aspen Ridge Drive Dr,https://www.loopnet.com/Listing/765-Aspen-Ridge-Drive-Dr-Lafayette-CO/32931931/,"Lafayette, CO 80026",1.43,556000.0,40.006898203868,-105.107210150504,4585.06,5000,M,91.70%,619,BOULDER VALLEY SCHOOL DISTRICT RE-2 (134 trucks) | VIA MOBILITY SERVICES (196 trucks) | VIA MOBILITY SERVICES (116 trucks) | CU (173 trucks),152000,17052,12173225.69,"$556,000.00"
Sol_009,2544 11th Ave,https://www.loopnet.com/Listing/2544-11th-Ave-Greeley-CO/35100267/,"Greeley, CO 80631",0.15,350000.0,40.395690645275,-104.69657283495,336.5,1000,XS,33.65%,145,WELD COUNTY PUBLIC WORKS DEPARTMENT (145 trucks),153000,16750,11970385.24,"$350,000.00"
Sol_009,1339 Sheridan Blvd,https://www.loopnet.com/Listing/1339-Sheridan-Blvd-Lakewood-CO/29629654/,"Lakewood, CO 80214",0.18,299999.0,39.737415742007,-105.053556666269,1949.27,2000,S,97.46%,415,COMPASS VEHICLE RENTAL INC (170 trucks) | SITEWISE LLC (145 trucks) | CITY OF ARVADA (100 trucks),153000,16750,11970385.24,"$299,999.00"
Sol_009,831 N Clarkson St,https://www.loopnet.com/Listing/831-N-Clarkson-St-Denver-CO/38142797/,"Denver, CO 80218",0.18,899000.0,39.729919009716,-104.977904960968,4580.9400000000005,5000,M,91.62%,521,FARMERS ALL NATURAL (121 trucks) | CO TRAN LLC (275 trucks) | SUPERSHUTTLE DENVER (125 trucks),153000,16750,11970385.24,"$899,000.00"
Sol_009,422 Perry St,https://www.loopnet.com/Listing/422-Perry-St-Castle-Rock-CO/38421711/,"Castle Rock, CO 80104",0.24,605821.24,39.374148794158,-104.858322527659,2577.81,5000,M,51.56%,389,GREAT SOUTHWESTERN CONSTRUCTION INC (280 trucks) | TOWN OF CASTLE ROCK  (109 trucks),153000,16750,11970385.24,"$605,821.24"
Sol_009,239 S Main St,https://www.loopnet.com/Listing/239-S-Main-St-Brighton-CO/27424620/,"Brighton, CO 80601",0.31,250000.0,39.982905257485,-104.822555605705,1694.9,2000,S,84.75%,267,G&Z TRANSPORT LLC (147 trucks) | SIM TRUCKING INC (120 trucks),153000,16750,11970385.24,"$250,000.00"
Sol_009,606 W Colfax Ave,https://www.loopnet.com/Listing/606-W-Colfax-Ave-Denver-CO/26992476/,"Denver, CO 80204",0.31,1475000.0,39.739741342952,-104.995589435564,8665.94,10000,L,86.66%,1212,MPLX G&P (144 trucks) | RES (149 trucks) | CONCRETE EXPRESS INC (128 trucks) | COORS DISTRIBUTING COMPANY MILLER COORS LLC (105 trucks) | U S TRANSPORT INC (200 trucks) | WASTE CONNECTIONS OF COLORADO INC (486 trucks),153000,16750,11970385.24,"$1,475,000.00"
Sol_009,17160 W Colfax Ave,https://www.loopnet.com/Listing/17160-W-Colfax-Ave-Golden-CO/29520298/,"Golden, CO 80401",0.63,500000.0,39.722253633534,-105.192465086092,5488.67,10000,L,54.89%,807,ENIVIRONMENTAL LANDWORKS COMPANY INC (115 trucks) | HOLCIM WCR INC (298 trucks) | JEFFCO SCHOOLS (274 trucks) | JEFFERSON COUNTY (120 trucks),153000,16750,11970385.24,"$500,000.00"
Sol_009,1560 N Academy Blvd,https://www.loopnet.com/Listing/1560-N-Academy-Blvd-Colorado-Springs-CO/3886433/,"Colorado Springs, CO 80909",0.64,416700.0,38.854776988204,-104.75774002483,5689.619999999999,10000,L,56.90%,1031,COLORADO SPRINGS SCHOOL DISTRICT 11 (130 trucks) | MOUNTAIN METROPOLITAN TRANSIT (144 trucks) | CITY OF COLORADO SPRINGS (326 trucks) | El PASO COUNTY (112 trucks) | GOODWILL OF COLORADO (134 trucks) | VECTRUS SYSTEMS CORPORATION (185 trucks),153000,16750,11970385.24,"$416,700.00"
Sol_009,3401 S Yosemite St,https://www.loopnet.com/Listing/3401-S-Yosemite-St-Denver-CO/39837277/,"Denver, CO 80231",0.64,675000.0,39.654049416843,-104.88550562639,12843.04,20000,XL,64.22%,1820,COMCAST (194 trucks) | SWINGLE TREE & LANDSCAPE CARE (135 trucks) | CITY LIGHT AND POWER INC (121 trucks) | WHEEL PROS LLC (182 trucks) | GLOBAL TRANSPORTATION LLC (442 trucks) | HBSCO DANS TRASH AT YOUR DISPOSAL (110 trucks) | ORICA USA INC (215 trucks) | ENTERPRISE RENT-A-CAR NATIONAL RENT A CAR ALAMO RENT A CAR (421 trucks),153000,16750,11970385.24,"$675,000.00"
Sol_009,4237 McWhinney Blvd,https://www.loopnet.com/Listing/4237-McWhinney-Blvd-Loveland-CO/23974785/,"Loveland, CO 80538",0.65,871347.9,40.408208389025,-105.017378025231,252.96,1000,XS,25.30%,109,LOVELAND MUNICIPALITY (109 trucks),153000,16750,11970385.24,"$871,347.90"
Sol_009,7300 W Jefferson Ave,https://www.loopnet.com/Listing/7300-W-Jefferson-Ave-Lakewood-CO/38419312/,"Lakewood, CO 80235",0.66,379999.0,39.649773884125,-105.079540805378,5048.249999999999,10000,L,50.48%,608,QUALITY LOGISTICS INC (135 trucks) | KEESEN ENTERPRISES INC (263 trucks) | PROCAM SERVICES  (101 trucks) | PACIFIC SHIPPING & TRUCKING CO INC (109 trucks),153000,16750,11970385.24,"$379,999.00"
Sol_009,10431 Quari St,https://www.loopnet.com/Listing/10431-Quari-St-Commerce-City-CO/29119294/,"Commerce City, CO 80022",0.72,270000.0,39.886267655476,-104.844980046547,4169.15,5000,M,83.38%,562,ENVIRONMENTAL DESIGNS LLC (156 trucks) | BALIC TRANSPORT INC (120 trucks) | BURNCO COLORADO LLC (146 trucks) | WEST DIRECT OIL (140 trucks),153000,16750,11970385.24,"$270,000.00"
Sol_009,NEC N Fairgrounds Ave,https://www.loopnet.com/Listing/NEC-N-Fairgrounds-Ave-Windsor-CO/29890025/,"Windsor, CO 80528",0.74,483449.0,40.437732372143,-104.982630626628,304.01,1000,XS,30.40%,131,LARIMER COUNTY (131 trucks),153000,16750,11970385.24,"$483,449.00"
Sol_009,11958 Lincoln Ave,https://www.loopnet.com/Listing/Lincoln-Ave-Parker-CO/39741118/,"Parker, CO 80138",0.86,495000.0,39.536519536914,-104.76116705724,13220.13,20000,XL,66.10%,1835,ACCELERATED SERVICES LLC (373 trucks) | AMERICAN FURNITURE WAREHOUSE CO (340 trucks) | TERRACARE ASSOCIATES LLC (156 trucks) | IHC SCOTT INC (214 trucks) | BUCKLEY POWDER CO (217 trucks) | CH2M OMI CH2MHILL JACOBS (183 trucks) | CHERRY CREEK SCHOOLS (352 trucks),153000,16750,11970385.24,"$495,000.00"
Sol_009,Harmony Rd,https://www.loopnet.com/Listing/Harmony-Rd-Timnath-CO/21109276/,"Timnath, CO 80547",0.88,689895.0,40.522951241822,-104.96262130308,5618.16,10000,L,56.18%,972,NOVUS AG LLC (444 trucks) | CITY OF FORT COLLINS (285 trucks) | Poudre School District  (243 trucks),153000,16750,11970385.24,"$689,895.00"
Sol_009,3311 Ideal Drive Dr,https://www.loopnet.com/Listing/3311-Ideal-Drive-Dr-Frederick-CO/35744244/,"Frederick, CO 80516",1.0,949000.0,40.087044076103,-104.992966989518,4928.75,5000,M,98.58%,991,SUPREME TRANSPORT INC (183 trucks) | WARD ELECTRIC COMPANY INC (222 trucks) | CITY OF LONGMONT (211 trucks) | ST VRAIN VALLEY SCHOOL DISTRICT (174 trucks) | HEAT WAVES HOT OIL SERVICE LLC (201 trucks),153000,16750,11970385.24,"$949,000.00"
Sol_009,Colfax Ave & Airport Blvd,https://www.loopnet.com/Listing/Colfax-Ave-Airport-Blvd-Aurora-CO/24946845/,"Aurora, CO 80011",1.1,955174.1,39.740269989586,-104.791334022205,8680.17,10000,L,86.80%,1261,METCO LANDSCAPING INC (226 trucks) | WAGNER EQUIPMENT CO (423 trucks) | AURORA PUBLIC SCHOOLS (127 trucks) | CITY OF AURORA (271 trucks) | SHAMROCK FOODS COMPANY (214 trucks),153000,16750,11970385.24,"$955,174.10"
Sol_009,13800 Ash Cir,https://www.loopnet.com/Listing/13800-Ash-Cir-Thornton-CO/25414845/,"Thornton, CO 80602",1.15,500000.0,39.946456593436,-104.938427705755,951.35,1000,XS,95.14%,182,ADAMS 12 FIVE STAR SCHOOLS (182 trucks),153000,16750,11970385.24,"$500,000.00"
Sol_009,8850 Huron St,https://www.loopnet.com/Listing/8850-Huron-St-Thornton-CO/33061072/,"Thornton, CO 80260",1.26,349000.0,39.858426283979,-104.995662022846,19964.47,20000,XL,99.82%,2873,CITY OF THORNTON (208 trucks) | CITY OF THORNTON (174 trucks) | COCAL LANDSCAPE SERVICES INC (153 trucks) | COLD FRONT (121 trucks) | READY MIX CONCRETE COMPANY (191 trucks) | NAVAJO EXPRESS INC (309 trucks) | TRI-STATE GENERATION & TRANSMISSION ASSOCIATION INC (321 trucks) | WESTERN DISTRIBUTING TRANSPORTATION CORP (155 trucks) | RMS CRANES (139 trucks) | SURESHOT DRILLING LLC ATOZ FIELD SERVICES LLC DRILL TECH LLC PINNACLE DEVELOPMENT INC HDD SPECIALISTS LLC (135 trucks) | EAGLE ROCK DISTRIBUTING COMPANY OF COLORADO LLC (148 trucks) | OFFEN PETROLEUM LLC (269 trucks) | ALPINE MILLWORK COMPANY DBA ROCKY MOUNTAIN RELOAD (141 trucks) | UNITED SITE SERVICES OF NEVADA INC (409 trucks),153000,16750,11970385.24,"$349,000.00"
Sol_009,765 Aspen Ridge Drive Dr,https://www.loopnet.com/Listing/765-Aspen-Ridge-Drive-Dr-Lafayette-CO/32931931/,"Lafayette, CO 80026",1.43,556000.0,40.006898203868,-105.107210150504,4585.06,5000,M,91.70%,619,BOULDER VALLEY SCHOOL DISTRICT RE-2 (134 trucks) | VIA MOBILITY SERVICES (196 trucks) | VIA MOBILITY SERVICES (116 trucks) | CU (173 trucks),153000,16750,11970385.24,"$556,000.00"
Sol_010,2544 11th Ave,https://www.loopnet.com/Listing/2544-11th-Ave-Greeley-CO/35100267/,"Greeley, CO 80631",0.15,350000.0,40.395690645275,-104.69657283495,336.5,1000,XS,33.65%,145,WELD COUNTY PUBLIC WORKS DEPARTMENT (145 trucks),124000,14789,9239330.690000001,"$350,000.00"
Sol_010,1339 Sheridan Blvd,https://www.loopnet.com/Listing/1339-Sheridan-Blvd-Lakewood-CO/29629654/,"Lakewood, CO 80214",0.18,299999.0,39.737415742007,-105.053556666269,4008.78,5000,M,80.18%,809,COMPASS VEHICLE RENTAL INC (170 trucks) | JEFFERSON COUNTY (120 trucks) | JEFFCO SCHOOLS (274 trucks) | SITEWISE LLC (145 trucks) | CITY OF ARVADA (100 trucks),124000,14789,9239330.690000001,"$299,999.00"
Sol_010,422 Perry St,https://www.loopnet.com/Listing/422-Perry-St-Castle-Rock-CO/38421711/,"Castle Rock, CO 80104",0.24,605821.24,39.374148794158,-104.858322527659,2577.81,5000,M,51.56%,389,GREAT SOUTHWESTERN CONSTRUCTION INC (280 trucks) | TOWN OF CASTLE ROCK  (109 trucks),124000,14789,9239330.690000001,"$605,821.24"
Sol_010,239 S Main St,https://www.loopnet.com/Listing/239-S-Main-St-Brighton-CO/27424620/,"Brighton, CO 80601",0.31,250000.0,39.982905257485,-104.822555605705,1694.9,2000,S,84.75%,267,G&Z TRANSPORT LLC (147 trucks) | SIM TRUCKING INC (120 trucks),124000,14789,9239330.690000001,"$250,000.00"
Sol_010,606 W Colfax Ave,https://www.loopnet.com/Listing/606-W-Colfax-Ave-Denver-CO/26992476/,"Denver, CO 80204",0.31,1475000.0,39.739741342952,-104.995589435564,8930.12,10000,L,89.30%,1122,MPLX G&P (144 trucks) | RES (149 trucks) | CONCRETE EXPRESS INC (128 trucks) | FARMERS ALL NATURAL (121 trucks) | CO TRAN LLC (275 trucks) | COORS DISTRIBUTING COMPANY MILLER COORS LLC (105 trucks) | U S TRANSPORT INC (200 trucks),124000,14789,9239330.690000001,"$1,475,000.00"
Sol_010,1560 N Academy Blvd,https://www.loopnet.com/Listing/1560-N-Academy-Blvd-Colorado-Springs-CO/3886433/,"Colorado Springs, CO 80909",0.64,416700.0,38.854776988204,-104.75774002483,5689.619999999999,10000,L,56.90%,1031,COLORADO SPRINGS SCHOOL DISTRICT 11 (130 trucks) | MOUNTAIN METROPOLITAN TRANSIT (144 trucks) | CITY OF COLORADO SPRINGS (326 trucks) | El PASO COUNTY (112 trucks) | GOODWILL OF COLORADO (134 trucks) | VECTRUS SYSTEMS CORPORATION (185 trucks),124000,14789,9239330.690000001,"$416,700.00"
Sol_010,4237 McWhinney Blvd,https://www.loopnet.com/Listing/4237-McWhinney-Blvd-Loveland-CO/23974785/,"Loveland, CO 80538",0.65,871347.9,40.408208389025,-105.017378025231,252.96,1000,XS,25.30%,109,LOVELAND MUNICIPALITY (109 trucks),124000,14789,9239330.690000001,"$871,347.90"
Sol_010,10431 Quari St,https://www.loopnet.com/Listing/10431-Quari-St-Commerce-City-CO/29119294/,"Commerce City, CO 80022",0.72,270000.0,39.886267655476,-104.844980046547,4169.15,5000,M,83.38%,562,ENVIRONMENTAL DESIGNS LLC (156 trucks) | BALIC TRANSPORT INC (120 trucks) | BURNCO COLORADO LLC (146 trucks) | WEST DIRECT OIL (140 trucks),124000,14789,9239330.690000001,"$270,000.00"
Sol_010,NEC N Fairgrounds Ave,https://www.loopnet.com/Listing/NEC-N-Fairgrounds-Ave-Windsor-CO/29890025/,"Windsor, CO 80528",0.74,483449.0,40.437732372143,-104.982630626628,3990.5600000000004,5000,M,79.81%,575,LARIMER COUNTY (131 trucks) | NOVUS AG LLC (444 trucks),124000,14789,9239330.690000001,"$483,449.00"
Sol_010,11958 Lincoln Ave,https://www.loopnet.com/Listing/Lincoln-Ave-Parker-CO/39741118/,"Parker, CO 80138",0.86,495000.0,39.536519536914,-104.76116705724,15005.279999999999,20000,XL,75.03%,2050,ACCELERATED SERVICES LLC (373 trucks) | AMERICAN FURNITURE WAREHOUSE CO (340 trucks) | TERRACARE ASSOCIATES LLC (156 trucks) | IHC SCOTT INC (214 trucks) | BUCKLEY POWDER CO (217 trucks) | CH2M OMI CH2MHILL JACOBS (183 trucks) | ORICA USA INC (215 trucks) | CHERRY CREEK SCHOOLS (352 trucks),124000,14789,9239330.690000001,"$495,000.00"
Sol_010,1801 W Union Ave,https://www.loopnet.com/Listing/1801-W-Union-Ave-Englewood-CO/39250756/,"Englewood, CO 80110",0.95,912839.45,39.63264140749,-105.009568941318,14985.23,20000,XL,74.93%,2078,KEESEN ENTERPRISES INC (263 trucks) | QUALITY LOGISTICS INC (135 trucks) | PROCAM SERVICES  (101 trucks) | PACIFIC SHIPPING & TRUCKING CO INC (109 trucks) | CITY LIGHT AND POWER INC (121 trucks) | WHEEL PROS LLC (182 trucks) | GLOBAL TRANSPORTATION LLC (442 trucks) | COMCAST (194 trucks) | ENTERPRISE RENT-A-CAR NATIONAL RENT A CAR ALAMO RENT A CAR (421 trucks) | HBSCO DANS TRASH AT YOUR DISPOSAL (110 trucks),124000,14789,9239330.690000001,"$912,839.45"
Sol_010,3311 Ideal Drive Dr,https://www.loopnet.com/Listing/3311-Ideal-Drive-Dr-Frederick-CO/35744244/,"Frederick, CO 80516",1.0,949000.0,40.087044076103,-104.992966989518,4928.75,5000,M,98.58%,991,SUPREME TRANSPORT INC (183 trucks) | WARD ELECTRIC COMPANY INC (222 trucks) | CITY OF LONGMONT (211 trucks) | ST VRAIN VALLEY SCHOOL DISTRICT (174 trucks) | HEAT WAVES HOT OIL SERVICE LLC (201 trucks),124000,14789,9239330.690000001,"$949,000.00"
Sol_010,Colfax Ave & Airport Blvd,https://www.loopnet.com/Listing/Colfax-Ave-Airport-Blvd-Aurora-CO/24946845/,"Aurora, CO 80011",1.1,955174.1,39.740269989586,-104.791334022205,9801.08,10000,L,98.01%,1396,METCO LANDSCAPING INC (226 trucks) | WAGNER EQUIPMENT CO (423 trucks) | AURORA PUBLIC SCHOOLS (127 trucks) | CITY OF AURORA (271 trucks) | SHAMROCK FOODS COMPANY (214 trucks) | SWINGLE TREE & LANDSCAPE CARE (135 trucks),124000,14789,9239330.690000001,"$955,174.10"
Sol_010,8850 Huron St,https://www.loopnet.com/Listing/8850-Huron-St-Thornton-CO/33061072/,"Thornton, CO 80260",1.26,349000.0,39.858426283979,-104.995662022846,18265.5,20000,XL,91.33%,2646,CITY OF THORNTON (208 trucks) | CITY OF THORNTON (174 trucks) | COCAL LANDSCAPE SERVICES INC (153 trucks) | COLD FRONT (121 trucks) | READY MIX CONCRETE COMPANY (191 trucks) | NAVAJO EXPRESS INC (309 trucks) | TRI-STATE GENERATION & TRANSMISSION ASSOCIATION INC (321 trucks) | WESTERN DISTRIBUTING TRANSPORTATION CORP (155 trucks) | RMS CRANES (139 trucks) | SURESHOT DRILLING LLC ATOZ FIELD SERVICES LLC DRILL TECH LLC PINNACLE DEVELOPMENT INC HDD SPECIALISTS LLC (135 trucks) | EAGLE ROCK DISTRIBUTING COMPANY OF COLORADO LLC (148 trucks) | OFFEN PETROLEUM LLC (269 trucks) | ALPINE MILLWORK COMPANY DBA ROCKY MOUNTAIN RELOAD (141 trucks) | ADAMS 12 FIVE STAR SCHOOLS (182 trucks),124000,14789,9239330.690000001,"$349,000.00"
Sol_010,765 Aspen Ridge Drive Dr,https://www.loopnet.com/Listing/765-Aspen-Ridge-Drive-Dr-Lafayette-CO/32931931/,"Lafayette, CO 80026",1.43,556000.0,40.006898203868,-105.107210150504,4585.06,5000,M,91.70%,619,BOULDER VALLEY SCHOOL DISTRICT RE-2 (134 trucks) | VIA MOBILITY SERVICES (196 trucks) | VIA MOBILITY SERVICES (116 trucks) | CU (173 trucks),124000,14789,9239330.690000001,"$556,000.00"
Sol_011,2544 11th Ave,https://www.loopnet.com/Listing/2544-11th-Ave-Greeley-CO/35100267/,"Greeley, CO 80631",0.15,350000.0,40.395690645275,-104.69657283495,336.5,1000,XS,33.65%,145,WELD COUNTY PUBLIC WORKS DEPARTMENT (145 trucks),152000,17052,12173225.69,"$350,000.00"
Sol_011,1339 Sheridan Blvd,https://www.loopnet.com/Listing/1339-Sheridan-Blvd-Lakewood-CO/29629654/,"Lakewood, CO 80214",0.18,299999.0,39.737415742007,-105.053556666269,1949.27,2000,S,97.46%,415,COMPASS VEHICLE RENTAL INC (170 trucks) | SITEWISE LLC (145 trucks) | CITY OF ARVADA (100 trucks),152000,17052,12173225.69,"$299,999.00"
Sol_011,831 N Clarkson St,https://www.loopnet.com/Listing/831-N-Clarkson-St-Denver-CO/38142797/,"Denver, CO 80218",0.18,899000.0,39.729919009716,-104.977904960968,3413.46,5000,M,68.27%,396,FARMERS ALL NATURAL (121 trucks) | CO TRAN LLC (275 trucks),152000,17052,12173225.69,"$899,000.00"
Sol_011,422 Perry St,https://www.loopnet.com/Listing/422-Perry-St-Castle-Rock-CO/38421711/,"Castle Rock, CO 80104",0.24,605821.24,39.374148794158,-104.858322527659,2577.81,5000,M,51.56%,389,GREAT SOUTHWESTERN CONSTRUCTION INC (280 trucks) | TOWN OF CASTLE ROCK  (109 trucks),152000,17052,12173225.69,"$605,821.24"
Sol_011,239 S Main St,https://www.loopnet.com/Listing/239-S-Main-St-Brighton-CO/27424620/,"Brighton, CO 80601",0.31,250000.0,39.982905257485,-104.822555605705,1694.9,2000,S,84.75%,267,G&Z TRANSPORT LLC (147 trucks) | SIM TRUCKING INC (120 trucks),152000,17052,12173225.69,"$250,000.00"
Sol_011,606 W Colfax Ave,https://www.loopnet.com/Listing/606-W-Colfax-Ave-Denver-CO/26992476/,"Denver, CO 80204",0.31,1475000.0,39.739741342952,-104.995589435564,8665.94,10000,L,86.66%,1212,MPLX G&P (144 trucks) | RES (149 trucks) | CONCRETE EXPRESS INC (128 trucks) | COORS DISTRIBUTING COMPANY MILLER COORS LLC (105 trucks) | U S TRANSPORT INC (200 trucks) | WASTE CONNECTIONS OF COLORADO INC (486 trucks),152000,17052,12173225.69,"$1,475,000.00"
Sol_011,8905 E Colfax Ave,https://www.loopnet.com/Listing/8905-E-Colfax-Ave-Aurora-CO/32567100/,"Aurora, CO 80010",0.33,845000.0,39.740387126683,-104.884281197975,6813.16,10000,L,68.13%,1010,SUPERSHUTTLE DENVER (125 trucks) | SWINGLE TREE & LANDSCAPE CARE (135 trucks) | COMCAST (194 trucks) | UNITED SITE SERVICES OF NEVADA INC (409 trucks) | UNITED SITE SERVICES OF COLORADO INC (147 trucks),152000,17052,12173225.69,"$845,000.00"
Sol_011,17160 W Colfax Ave,https://www.loopnet.com/Listing/17160-W-Colfax-Ave-Golden-CO/29520298/,"Golden, CO 80401",0.63,500000.0,39.722253633534,-105.192465086092,5488.67,10000,L,54.89%,807,ENIVIRONMENTAL LANDWORKS COMPANY INC (115 trucks) | HOLCIM WCR INC (298 trucks) | JEFFCO SCHOOLS (274 trucks) | JEFFERSON COUNTY (120 trucks),152000,17052,12173225.69,"$500,000.00"
Sol_011,1560 N Academy Blvd,https://www.loopnet.com/Listing/1560-N-Academy-Blvd-Colorado-Springs-CO/3886433/,"Colorado Springs, CO 80909",0.64,416700.0,38.854776988204,-104.75774002483,5689.619999999999,10000,L,56.90%,1031,COLORADO SPRINGS SCHOOL DISTRICT 11 (130 trucks) | MOUNTAIN METROPOLITAN TRANSIT (144 trucks) | CITY OF COLORADO SPRINGS (326 trucks) | El PASO COUNTY (112 trucks) | GOODWILL OF COLORADO (134 trucks) | VECTRUS SYSTEMS CORPORATION (185 trucks),152000,17052,12173225.69,"$416,700.00"
Sol_011,4237 McWhinney Blvd,https://www.loopnet.com/Listing/4237-McWhinney-Blvd-Loveland-CO/23974785/,"Loveland, CO 80538",0.65,871347.9,40.408208389025,-105.017378025231,252.96,1000,XS,25.30%,109,LOVELAND MUNICIPALITY (109 trucks),152000,17052,12173225.69,"$871,347.90"
Sol_011,10431 Quari St,https://www.loopnet.com/Listing/10431-Quari-St-Commerce-City-CO/29119294/,"Commerce City, CO 80022",0.72,270000.0,39.886267655476,-104.844980046547,4169.15,5000,M,83.38%,562,ENVIRONMENTAL DESIGNS LLC (156 trucks) | BALIC TRANSPORT INC (120 trucks) | BURNCO COLORADO LLC (146 trucks) | WEST DIRECT OIL (140 trucks),152000,17052,12173225.69,"$270,000.00"
Sol_011,NEC N Fairgrounds Ave,https://www.loopnet.com/Listing/NEC-N-Fairgrounds-Ave-Windsor-CO/29890025/,"Windsor, CO 80528",0.74,483449.0,40.437732372143,-104.982630626628,304.01,1000,XS,30.40%,131,LARIMER COUNTY (131 trucks),152000,17052,12173225.69,"$483,449.00"
Sol_011,11958 Lincoln Ave,https://www.loopnet.com/Listing/Lincoln-Ave-Parker-CO/39741118/,"Parker, CO 80138",0.86,495000.0,39.536519536914,-104.76116705724,15005.279999999999,20000,XL,75.03%,2050,ACCELERATED SERVICES LLC (373 trucks) | AMERICAN FURNITURE WAREHOUSE CO (340 trucks) | TERRACARE ASSOCIATES LLC (156 trucks) | IHC SCOTT INC (214 trucks) | BUCKLEY POWDER CO (217 trucks) | CH2M OMI CH2MHILL JACOBS (183 trucks) | ORICA USA INC (215 trucks) | CHERRY CREEK SCHOOLS (352 trucks),152000,17052,12173225.69,"$495,000.00"
Sol_011,Harmony Rd,https://www.loopnet.com/Listing/Harmony-Rd-Timnath-CO/21109276/,"Timnath, CO 80547",0.88,689895.0,40.522951241822,-104.96262130308,5618.16,10000,L,56.18%,972,NOVUS AG LLC (444 trucks) | CITY OF FORT COLLINS (285 trucks) | Poudre School District  (243 trucks),152000,17052,12173225.69,"$689,895.00"
Sol_011,1801 W Union Ave,https://www.loopnet.com/Listing/1801-W-Union-Ave-Englewood-CO/39250756/,"Englewood, CO 80110",0.95,912839.45,39.63264140749,-105.009568941318,14063.34,20000,XL,70.32%,1884,KEESEN ENTERPRISES INC (263 trucks) | QUALITY LOGISTICS INC (135 trucks) | PROCAM SERVICES  (101 trucks) | PACIFIC SHIPPING & TRUCKING CO INC (109 trucks) | CITY LIGHT AND POWER INC (121 trucks) | WHEEL PROS LLC (182 trucks) | GLOBAL TRANSPORTATION LLC (442 trucks) | ENTERPRISE RENT-A-CAR NATIONAL RENT A CAR ALAMO RENT A CAR (421 trucks) | HBSCO DANS TRASH AT YOUR DISPOSAL (110 trucks),152000,17052,12173225.69,"$912,839.45"
Sol_011,3311 Ideal Drive Dr,https://www.loopnet.com/Listing/3311-Ideal-Drive-Dr-Frederick-CO/35744244/,"Frederick, CO 80516",1.0,949000.0,40.087044076103,-104.992966989518,4928.75,5000,M,98.58%,991,SUPREME TRANSPORT INC (183 trucks) | WARD ELECTRIC COMPANY INC (222 trucks) | CITY OF LONGMONT (211 trucks) | ST VRAIN VALLEY SCHOOL DISTRICT (174 trucks) | HEAT WAVES HOT OIL SERVICE LLC (201 trucks),152000,17052,12173225.69,"$949,000.00"
Sol_011,Colfax Ave & Airport Blvd,https://www.loopnet.com/Listing/Colfax-Ave-Airport-Blvd-Aurora-CO/24946845/,"Aurora, CO 80011",1.1,955174.1,39.740269989586,-104.791334022205,8680.17,10000,L,86.80%,1261,METCO LANDSCAPING INC (226 trucks) | WAGNER EQUIPMENT CO (423 trucks) | AURORA PUBLIC SCHOOLS (127 trucks) | CITY OF AURORA (271 trucks) | SHAMROCK FOODS COMPANY (214 trucks),152000,17052,12173225.69,"$955,174.10"
Sol_011,8850 Huron St,https://www.loopnet.com/Listing/8850-Huron-St-Thornton-CO/33061072/,"Thornton, CO 80260",1.26,349000.0,39.858426283979,-104.995662022846,19552.47,20000,XL,97.76%,2801,CITY OF THORNTON (208 trucks) | CITY OF THORNTON (174 trucks) | COCAL LANDSCAPE SERVICES INC (153 trucks) | COLD FRONT (121 trucks) | READY MIX CONCRETE COMPANY (191 trucks) | NAVAJO EXPRESS INC (309 trucks) | TRI-STATE GENERATION & TRANSMISSION ASSOCIATION INC (321 trucks) | WESTERN DISTRIBUTING TRANSPORTATION CORP (155 trucks) | RMS CRANES (139 trucks) | SURESHOT DRILLING LLC ATOZ FIELD SERVICES LLC DRILL TECH LLC PINNACLE DEVELOPMENT INC HDD SPECIALISTS LLC (135 trucks) | EAGLE ROCK DISTRIBUTING COMPANY OF COLORADO LLC (148 trucks) | OFFEN PETROLEUM LLC (269 trucks) | ALPINE MILLWORK COMPANY DBA ROCKY MOUNTAIN RELOAD (141 trucks) | ADAMS 12 FIVE STAR SCHOOLS (182 trucks) | GEOSTABILIZATION INTERNATIONAL LLC (155 trucks),152000,17052,12173225.69,"$349,000.00"
Sol_011,765 Aspen Ridge Drive Dr,https://www.loopnet.com/Listing/765-Aspen-Ridge-Drive-Dr-Lafayette-CO/32931931/,"Lafayette, CO 80026",1.43,556000.0,40.006898203868,-105.107210150504,4585.06,5000,M,91.70%,619,BOULDER VALLEY SCHOOL DISTRICT RE-2 (134 trucks) | VIA MOBILITY SERVICES (196 trucks) | VIA MOBILITY SERVICES (116 trucks) | CU (173 trucks),152000,17052,12173225.69,"$556,000.00"
Sol_012,2544 11th Ave,https://www.loopnet.com/Listing/2544-11th-Ave-Greeley-CO/35100267/,"Greeley, CO 80631",0.15,350000.0,40.395690645275,-104.69657283495,336.5,1000,XS,33.65%,145,WELD COUNTY PUBLIC WORKS DEPARTMENT (145 trucks),150000,17052,12559224.69,"$350,000.00"
Sol_012,422 Perry St,https://www.loopnet.com/Listing/422-Perry-St-Castle-Rock-CO/38421711/,"Castle Rock, CO 80104",0.24,605821.24,39.374148794158,-104.858322527659,2577.81,5000,M,51.56%,389,GREAT SOUTHWESTERN CONSTRUCTION INC (280 trucks) | TOWN OF CASTLE ROCK  (109 trucks),150000,17052,12559224.69,"$605,821.24"
Sol_012,1319 Sheridan Blvd,https://www.loopnet.com/Listing/1319-1327-Sheridan-Blvd-Lakewood-CO/38343110/,"Lakewood, CO 80214",0.3,999998.0,39.737113071483,-105.053491874157,7437.9400000000005,10000,L,74.38%,1222,COMPASS VEHICLE RENTAL INC (170 trucks) | JEFFERSON COUNTY (120 trucks) | JEFFCO SCHOOLS (274 trucks) | SITEWISE LLC (145 trucks) | CITY OF ARVADA (100 trucks) | HOLCIM WCR INC (298 trucks) | ENIVIRONMENTAL LANDWORKS COMPANY INC (115 trucks),150000,17052,12559224.69,"$999,998.00"
Sol_012,239 S Main St,https://www.loopnet.com/Listing/239-S-Main-St-Brighton-CO/27424620/,"Brighton, CO 80601",0.31,250000.0,39.982905257485,-104.822555605705,1694.9,2000,S,84.75%,267,G&Z TRANSPORT LLC (147 trucks) | SIM TRUCKING INC (120 trucks),150000,17052,12559224.69,"$250,000.00"
Sol_012,606 W Colfax Ave,https://www.loopnet.com/Listing/606-W-Colfax-Ave-Denver-CO/26992476/,"Denver, CO 80204",0.31,1475000.0,39.739741342952,-104.995589435564,2877.2,5000,M,57.54%,393,MPLX G&P (144 trucks) | CONCRETE EXPRESS INC (128 trucks) | FARMERS ALL NATURAL (121 trucks),150000,17052,12559224.69,"$1,475,000.00"
Sol_012,1560 N Academy Blvd,https://www.loopnet.com/Listing/1560-N-Academy-Blvd-Colorado-Springs-CO/3886433/,"Colorado Springs, CO 80909",0.64,416700.0,38.854776988204,-104.75774002483,5689.619999999999,10000,L,56.90%,1031,COLORADO SPRINGS SCHOOL DISTRICT 11 (130 trucks) | MOUNTAIN METROPOLITAN TRANSIT (144 trucks) | CITY OF COLORADO SPRINGS (326 trucks) | El PASO COUNTY (112 trucks) | GOODWILL OF COLORADO (134 trucks) | VECTRUS SYSTEMS CORPORATION (185 trucks),150000,17052,12559224.69,"$416,700.00"
Sol_012,4237 McWhinney Blvd,https://www.loopnet.com/Listing/4237-McWhinney-Blvd-Loveland-CO/23974785/,"Loveland, CO 80538",0.65,871347.9,40.408208389025,-105.017378025231,252.96,1000,XS,25.30%,109,LOVELAND MUNICIPALITY (109 trucks),150000,17052,12559224.69,"$871,347.90"
Sol_012,10431 Quari St,https://www.loopnet.com/Listing/10431-Quari-St-Commerce-City-CO/29119294/,"Commerce City, CO 80022",0.72,270000.0,39.886267655476,-104.844980046547,4169.15,5000,M,83.38%,562,ENVIRONMENTAL DESIGNS LLC (156 trucks) | BALIC TRANSPORT INC (120 trucks) | BURNCO COLORADO LLC (146 trucks) | WEST DIRECT OIL (140 trucks),150000,17052,12559224.69,"$270,000.00"
Sol_012,NEC N Fairgrounds Ave,https://www.loopnet.com/Listing/NEC-N-Fairgrounds-Ave-Windsor-CO/29890025/,"Windsor, CO 80528",0.74,483449.0,40.437732372143,-104.982630626628,304.01,1000,XS,30.40%,131,LARIMER COUNTY (131 trucks),150000,17052,12559224.69,"$483,449.00"
Sol_012,11958 Lincoln Ave,https://www.loopnet.com/Listing/Lincoln-Ave-Parker-CO/39741118/,"Parker, CO 80138",0.86,495000.0,39.536519536914,-104.76116705724,15005.279999999999,20000,XL,75.03%,2050,ACCELERATED SERVICES LLC (373 trucks) | AMERICAN FURNITURE WAREHOUSE CO (340 trucks) | TERRACARE ASSOCIATES LLC (156 trucks) | IHC SCOTT INC (214 trucks) | BUCKLEY POWDER CO (217 trucks) | CH2M OMI CH2MHILL JACOBS (183 trucks) | ORICA USA INC (215 trucks) | CHERRY CREEK SCHOOLS (352 trucks),150000,17052,12559224.69,"$495,000.00"
Sol_012,Harmony Rd,https://www.loopnet.com/Listing/Harmony-Rd-Timnath-CO/21109276/,"Timnath, CO 80547",0.88,689895.0,40.522951241822,-104.96262130308,5618.16,10000,L,56.18%,972,NOVUS AG LLC (444 trucks) | CITY OF FORT COLLINS (285 trucks) | Poudre School District  (243 trucks),150000,17052,12559224.69,"$689,895.00"
Sol_012,2450 Curtis St,https://www.loopnet.com/Listing/2450-Curtis-St-Denver-CO/34878162/,"Denver, CO 80205",0.93,1930000.0,39.755035173034,-104.984190298703,13972.56,20000,XL,69.86%,1896,RES (149 trucks) | CO TRAN LLC (275 trucks) | WASTE CONNECTIONS OF COLORADO INC (486 trucks) | COORS DISTRIBUTING COMPANY MILLER COORS LLC (105 trucks) | U S TRANSPORT INC (200 trucks) | SUPERSHUTTLE DENVER (125 trucks) | UNITED SITE SERVICES OF NEVADA INC (409 trucks) | UNITED SITE SERVICES OF COLORADO INC (147 trucks),150000,17052,12559224.69,"$1,930,000.00"
Sol_012,1801 W Union Ave,https://www.loopnet.com/Listing/1801-W-Union-Ave-Englewood-CO/39250756/,"Englewood, CO 80110",0.95,912839.45,39.63264140749,-105.009568941318,14985.23,20000,XL,74.93%,2078,KEESEN ENTERPRISES INC (263 trucks) | QUALITY LOGISTICS INC (135 trucks) | PROCAM SERVICES  (101 trucks) | PACIFIC SHIPPING & TRUCKING CO INC (109 trucks) | CITY LIGHT AND POWER INC (121 trucks) | WHEEL PROS LLC (182 trucks) | GLOBAL TRANSPORTATION LLC (442 trucks) | COMCAST (194 trucks) | ENTERPRISE RENT-A-CAR NATIONAL RENT A CAR ALAMO RENT A CAR (421 trucks) | HBSCO DANS TRASH AT YOUR DISPOSAL (110 trucks),150000,17052,12559224.69,"$912,839.45"
Sol_012,3311 Ideal Drive Dr,https://www.loopnet.com/Listing/3311-Ideal-Drive-Dr-Frederick-CO/35744244/,"Frederick, CO 80516",1.0,949000.0,40.087044076103,-104.992966989518,4928.75,5000,M,98.58%,991,SUPREME TRANSPORT INC (183 trucks) | WARD ELECTRIC COMPANY INC (222 trucks) | CITY OF LONGMONT (211 trucks) | ST VRAIN VALLEY SCHOOL DISTRICT (174 trucks) | HEAT WAVES HOT OIL SERVICE LLC (201 trucks),150000,17052,12559224.69,"$949,000.00"
Sol_012,Colfax Ave & Airport Blvd,https://www.loopnet.com/Listing/Colfax-Ave-Airport-Blvd-Aurora-CO/24946845/,"Aurora, CO 80011",1.1,955174.1,39.740269989586,-104.791334022205,9801.08,10000,L,98.01%,1396,METCO LANDSCAPING INC (226 trucks) | WAGNER EQUIPMENT CO (423 trucks) | AURORA PUBLIC SCHOOLS (127 trucks) | CITY OF AURORA (271 trucks) | SHAMROCK FOODS COMPANY (214 trucks) | SWINGLE TREE & LANDSCAPE CARE (135 trucks),150000,17052,12559224.69,"$955,174.10"
Sol_012,8850 Huron St,https://www.loopnet.com/Listing/8850-Huron-St-Thornton-CO/33061072/,"Thornton, CO 80260",1.26,349000.0,39.858426283979,-104.995662022846,19552.47,20000,XL,97.76%,2801,CITY OF THORNTON (208 trucks) | CITY OF THORNTON (174 trucks) | COCAL LANDSCAPE SERVICES INC (153 trucks) | COLD FRONT (121 trucks) | READY MIX CONCRETE COMPANY (191 trucks) | NAVAJO EXPRESS INC (309 trucks) | TRI-STATE GENERATION & TRANSMISSION ASSOCIATION INC (321 trucks) | WESTERN DISTRIBUTING TRANSPORTATION CORP (155 trucks) | RMS CRANES (139 trucks) | SURESHOT DRILLING LLC ATOZ FIELD SERVICES LLC DRILL TECH LLC PINNACLE DEVELOPMENT INC HDD SPECIALISTS LLC (135 trucks) | EAGLE ROCK DISTRIBUTING COMPANY OF COLORADO LLC (148 trucks) | OFFEN PETROLEUM LLC (269 trucks) | ALPINE MILLWORK COMPANY DBA ROCKY MOUNTAIN RELOAD (141 trucks) | ADAMS 12 FIVE STAR SCHOOLS (182 trucks) | GEOSTABILIZATION INTERNATIONAL LLC (155 trucks),150000,17052,12559224.69,"$349,000.00"
Sol_012,765 Aspen Ridge Drive Dr,https://www.loopnet.com/Listing/765-Aspen-Ridge-Drive-Dr-Lafayette-CO/32931931/,"Lafayette, CO 80026",1.43,556000.0,40.006898203868,-105.107210150504,4585.06,5000,M,91.70%,619,BOULDER VALLEY SCHOOL DISTRICT RE-2 (134 trucks) | VIA MOBILITY SERVICES (196 trucks) | VIA MOBILITY SERVICES (116 trucks) | CU (173 trucks),150000,17052,12559224.69,"$556,000.00"
Sol_013,2544 11th Ave,https://www.loopnet.com/Listing/2544-11th-Ave-Greeley-CO/35100267/,"Greeley, CO 80631",0.15,350000.0,40.395690645275,-104.69657283495,336.5,1000,XS,33.65%,145,WELD COUNTY PUBLIC WORKS DEPARTMENT (145 trucks),114000,14575,9171491.24,"$350,000.00"
Sol_013,1339 Sheridan Blvd,https://www.loopnet.com/Listing/1339-Sheridan-Blvd-Lakewood-CO/29629654/,"Lakewood, CO 80214",0.18,299999.0,39.737415742007,-105.053556666269,4008.78,5000,M,80.18%,809,COMPASS VEHICLE RENTAL INC (170 trucks) | JEFFERSON COUNTY (120 trucks) | JEFFCO SCHOOLS (274 trucks) | SITEWISE LLC (145 trucks) | CITY OF ARVADA (100 trucks),114000,14575,9171491.24,"$299,999.00"
Sol_013,422 Perry St,https://www.loopnet.com/Listing/422-Perry-St-Castle-Rock-CO/38421711/,"Castle Rock, CO 80104",0.24,605821.24,39.374148794158,-104.858322527659,2577.81,5000,M,51.56%,389,GREAT SOUTHWESTERN CONSTRUCTION INC (280 trucks) | TOWN OF CASTLE ROCK  (109 trucks),114000,14575,9171491.24,"$605,821.24"
Sol_013,239 S Main St,https://www.loopnet.com/Listing/239-S-Main-St-Brighton-CO/27424620/,"Brighton, CO 80601",0.31,250000.0,39.982905257485,-104.822555605705,1694.9,2000,S,84.75%,267,G&Z TRANSPORT LLC (147 trucks) | SIM TRUCKING INC (120 trucks),114000,14575,9171491.24,"$250,000.00"
Sol_013,606 W Colfax Ave,https://www.loopnet.com/Listing/606-W-Colfax-Ave-Denver-CO/26992476/,"Denver, CO 80204",0.31,1475000.0,39.739741342952,-104.995589435564,8930.12,10000,L,89.30%,1122,MPLX G&P (144 trucks) | RES (149 trucks) | CONCRETE EXPRESS INC (128 trucks) | FARMERS ALL NATURAL (121 trucks) | CO TRAN LLC (275 trucks) | COORS DISTRIBUTING COMPANY MILLER COORS LLC (105 trucks) | U S TRANSPORT INC (200 trucks),114000,14575,9171491.24,"$1,475,000.00"
Sol_013,8905 E Colfax Ave,https://www.loopnet.com/Listing/8905-E-Colfax-Ave-Aurora-CO/32567100/,"Aurora, CO 80010",0.33,845000.0,39.740387126683,-104.884281197975,8899.3,10000,L,88.99%,1313,SUPERSHUTTLE DENVER (125 trucks) | SWINGLE TREE & LANDSCAPE CARE (135 trucks) | COMCAST (194 trucks) | UNITED SITE SERVICES OF NEVADA INC (409 trucks) | UNITED SITE SERVICES OF COLORADO INC (147 trucks) | CITY LIGHT AND POWER INC (121 trucks) | WHEEL PROS LLC (182 trucks),114000,14575,9171491.24,"$845,000.00"
Sol_013,1560 N Academy Blvd,https://www.loopnet.com/Listing/1560-N-Academy-Blvd-Colorado-Springs-CO/3886433/,"Colorado Springs, CO 80909",0.64,416700.0,38.854776988204,-104.75774002483,5689.619999999999,10000,L,56.90%,1031,COLORADO SPRINGS SCHOOL DISTRICT 11 (130 trucks) | MOUNTAIN METROPOLITAN TRANSIT (144 trucks) | CITY OF COLORADO SPRINGS (326 trucks) | El PASO COUNTY (112 trucks) | GOODWILL OF COLORADO (134 trucks) | VECTRUS SYSTEMS CORPORATION (185 trucks),114000,14575,9171491.24,"$416,700.00"
Sol_013,4237 McWhinney Blvd,https://www.loopnet.com/Listing/4237-McWhinney-Blvd-Loveland-CO/23974785/,"Loveland, CO 80538",0.65,871347.9,40.408208389025,-105.017378025231,252.96,1000,XS,25.30%,109,LOVELAND MUNICIPALITY (109 trucks),114000,14575,9171491.24,"$871,347.90"
Sol_013,10431 Quari St,https://www.loopnet.com/Listing/10431-Quari-St-Commerce-City-CO/29119294/,"Commerce City, CO 80022",0.72,270000.0,39.886267655476,-104.844980046547,4169.15,5000,M,83.38%,562,ENVIRONMENTAL DESIGNS LLC (156 trucks) | BALIC TRANSPORT INC (120 trucks) | BURNCO COLORADO LLC (146 trucks) | WEST DIRECT OIL (140 trucks),114000,14575,9171491.24,"$270,000.00"
Sol_013,NEC N Fairgrounds Ave,https://www.loopnet.com/Listing/NEC-N-Fairgrounds-Ave-Windsor-CO/29890025/,"Windsor, CO 80528",0.74,483449.0,40.437732372143,-104.982630626628,3990.5600000000004,5000,M,79.81%,575,LARIMER COUNTY (131 trucks) | NOVUS AG LLC (444 trucks),114000,14575,9171491.24,"$483,449.00"
Sol_013,11958 Lincoln Ave,https://www.loopnet.com/Listing/Lincoln-Ave-Parker-CO/39741118/,"Parker, CO 80138",0.86,495000.0,39.536519536914,-104.76116705724,18264.289999999997,20000,XL,91.32%,2581,ACCELERATED SERVICES LLC (373 trucks) | AMERICAN FURNITURE WAREHOUSE CO (340 trucks) | TERRACARE ASSOCIATES LLC (156 trucks) | IHC SCOTT INC (214 trucks) | BUCKLEY POWDER CO (217 trucks) | CH2M OMI CH2MHILL JACOBS (183 trucks) | ORICA USA INC (215 trucks) | CHERRY CREEK SCHOOLS (352 trucks) | HBSCO DANS TRASH AT YOUR DISPOSAL (110 trucks) | ENTERPRISE RENT-A-CAR NATIONAL RENT A CAR ALAMO RENT A CAR (421 trucks),114000,14575,9171491.24,"$495,000.00"
Sol_013,3311 Ideal Drive Dr,https://www.loopnet.com/Listing/3311-Ideal-Drive-Dr-Frederick-CO/35744244/,"Frederick, CO 80516",1.0,949000.0,40.087044076103,-104.992966989518,4928.75,5000,M,98.58%,991,SUPREME TRANSPORT INC (183 trucks) | WARD ELECTRIC COMPANY INC (222 trucks) | CITY OF LONGMONT (211 trucks) | ST VRAIN VALLEY SCHOOL DISTRICT (174 trucks) | HEAT WAVES HOT OIL SERVICE LLC (201 trucks),114000,14575,9171491.24,"$949,000.00"
Sol_013,Colfax Ave & Airport Blvd,https://www.loopnet.com/Listing/Colfax-Ave-Airport-Blvd-Aurora-CO/24946845/,"Aurora, CO 80011",1.1,955174.1,39.740269989586,-104.791334022205,8680.17,10000,L,86.80%,1261,METCO LANDSCAPING INC (226 trucks) | WAGNER EQUIPMENT CO (423 trucks) | AURORA PUBLIC SCHOOLS (127 trucks) | CITY OF AURORA (271 trucks) | SHAMROCK FOODS COMPANY (214 trucks),114000,14575,9171491.24,"$955,174.10"
Sol_013,8850 Huron St,https://www.loopnet.com/Listing/8850-Huron-St-Thornton-CO/33061072/,"Thornton, CO 80260",1.26,349000.0,39.858426283979,-104.995662022846,19552.47,20000,XL,97.76%,2801,CITY OF THORNTON (208 trucks) | CITY OF THORNTON (174 trucks) | COCAL LANDSCAPE SERVICES INC (153 trucks) | COLD FRONT (121 trucks) | READY MIX CONCRETE COMPANY (191 trucks) | NAVAJO EXPRESS INC (309 trucks) | TRI-STATE GENERATION & TRANSMISSION ASSOCIATION INC (321 trucks) | WESTERN DISTRIBUTING TRANSPORTATION CORP (155 trucks) | RMS CRANES (139 trucks) | SURESHOT DRILLING LLC ATOZ FIELD SERVICES LLC DRILL TECH LLC PINNACLE DEVELOPMENT INC HDD SPECIALISTS LLC (135 trucks) | EAGLE ROCK DISTRIBUTING COMPANY OF COLORADO LLC (148 trucks) | OFFEN PETROLEUM LLC (269 trucks) | ALPINE MILLWORK COMPANY DBA ROCKY MOUNTAIN RELOAD (141 trucks) | ADAMS 12 FIVE STAR SCHOOLS (182 trucks) | GEOSTABILIZATION INTERNATIONAL LLC (155 trucks),114000,14575,9171491.24,"$349,000.00"
Sol_013,765 Aspen Ridge Drive Dr,https://www.loopnet.com/Listing/765-Aspen-Ridge-Drive-Dr-Lafayette-CO/32931931/,"Lafayette, CO 80026",1.43,556000.0,40.006898203868,-105.107210150504,4585.06,5000,M,91.70%,619,BOULDER VALLEY SCHOOL DISTRICT RE-2 (134 trucks) | VIA MOBILITY SERVICES (196 trucks) | VIA MOBILITY SERVICES (116 trucks) | CU (173 trucks),114000,14575,9171491.24,"$556,000.00"
Sol_014,2544 11th Ave,https://www.loopnet.com/Listing/2544-11th-Ave-Greeley-CO/35100267/,"Greeley, CO 80631",0.15,350000.0,40.395690645275,-104.69657283495,336.5,1000,XS,33.65%,145,WELD COUNTY PUBLIC WORKS DEPARTMENT (145 trucks),119000,14400,8633509.45,"$350,000.00"
Sol_014,1339 Sheridan Blvd,https://www.loopnet.com/Listing/1339-Sheridan-Blvd-Lakewood-CO/29629654/,"Lakewood, CO 80214",0.18,299999.0,39.737415742007,-105.053556666269,4008.78,5000,M,80.18%,809,COMPASS VEHICLE RENTAL INC (170 trucks) | JEFFERSON COUNTY (120 trucks) | JEFFCO SCHOOLS (274 trucks) | SITEWISE LLC (145 trucks) | CITY OF ARVADA (100 trucks),119000,14400,8633509.45,"$299,999.00"
Sol_014,239 S Main St,https://www.loopnet.com/Listing/239-S-Main-St-Brighton-CO/27424620/,"Brighton, CO 80601",0.31,250000.0,39.982905257485,-104.822555605705,1694.9,2000,S,84.75%,267,G&Z TRANSPORT LLC (147 trucks) | SIM TRUCKING INC (120 trucks),119000,14400,8633509.45,"$250,000.00"
Sol_014,606 W Colfax Ave,https://www.loopnet.com/Listing/606-W-Colfax-Ave-Denver-CO/26992476/,"Denver, CO 80204",0.31,1475000.0,39.739741342952,-104.995589435564,8930.12,10000,L,89.30%,1122,MPLX G&P (144 trucks) | RES (149 trucks) | CONCRETE EXPRESS INC (128 trucks) | FARMERS ALL NATURAL (121 trucks) | CO TRAN LLC (275 trucks) | COORS DISTRIBUTING COMPANY MILLER COORS LLC (105 trucks) | U S TRANSPORT INC (200 trucks),119000,14400,8633509.45,"$1,475,000.00"
Sol_014,1560 N Academy Blvd,https://www.loopnet.com/Listing/1560-N-Academy-Blvd-Colorado-Springs-CO/3886433/,"Colorado Springs, CO 80909",0.64,416700.0,38.854776988204,-104.75774002483,5689.619999999999,10000,L,56.90%,1031,COLORADO SPRINGS SCHOOL DISTRICT 11 (130 trucks) | MOUNTAIN METROPOLITAN TRANSIT (144 trucks) | CITY OF COLORADO SPRINGS (326 trucks) | El PASO COUNTY (112 trucks) | GOODWILL OF COLORADO (134 trucks) | VECTRUS SYSTEMS CORPORATION (185 trucks),119000,14400,8633509.45,"$416,700.00"
Sol_014,4237 McWhinney Blvd,https://www.loopnet.com/Listing/4237-McWhinney-Blvd-Loveland-CO/23974785/,"Loveland, CO 80538",0.65,871347.9,40.408208389025,-105.017378025231,252.96,1000,XS,25.30%,109,LOVELAND MUNICIPALITY (109 trucks),119000,14400,8633509.45,"$871,347.90"
Sol_014,10431 Quari St,https://www.loopnet.com/Listing/10431-Quari-St-Commerce-City-CO/29119294/,"Commerce City, CO 80022",0.72,270000.0,39.886267655476,-104.844980046547,4169.15,5000,M,83.38%,562,ENVIRONMENTAL DESIGNS LLC (156 trucks) | BALIC TRANSPORT INC (120 trucks) | BURNCO COLORADO LLC (146 trucks) | WEST DIRECT OIL (140 trucks),119000,14400,8633509.45,"$270,000.00"
Sol_014,NEC N Fairgrounds Ave,https://www.loopnet.com/Listing/NEC-N-Fairgrounds-Ave-Windsor-CO/29890025/,"Windsor, CO 80528",0.74,483449.0,40.437732372143,-104.982630626628,3990.5600000000004,5000,M,79.81%,575,LARIMER COUNTY (131 trucks) | NOVUS AG LLC (444 trucks),119000,14400,8633509.45,"$483,449.00"
Sol_014,11958 Lincoln Ave,https://www.loopnet.com/Listing/Lincoln-Ave-Parker-CO/39741118/,"Parker, CO 80138",0.86,495000.0,39.536519536914,-104.76116705724,15005.279999999999,20000,XL,75.03%,2050,ACCELERATED SERVICES LLC (373 trucks) | AMERICAN FURNITURE WAREHOUSE CO (340 trucks) | TERRACARE ASSOCIATES LLC (156 trucks) | IHC SCOTT INC (214 trucks) | BUCKLEY POWDER CO (217 trucks) | CH2M OMI CH2MHILL JACOBS (183 trucks) | ORICA USA INC (215 trucks) | CHERRY CREEK SCHOOLS (352 trucks),119000,14400,8633509.45,"$495,000.00"
Sol_014,1801 W Union Ave,https://www.loopnet.com/Listing/1801-W-Union-Ave-Englewood-CO/39250756/,"Englewood, CO 80110",0.95,912839.45,39.63264140749,-105.009568941318,14985.23,20000,XL,74.93%,2078,KEESEN ENTERPRISES INC (263 trucks) | QUALITY LOGISTICS INC (135 trucks) | PROCAM SERVICES  (101 trucks) | PACIFIC SHIPPING & TRUCKING CO INC (109 trucks) | CITY LIGHT AND POWER INC (121 trucks) | WHEEL PROS LLC (182 trucks) | GLOBAL TRANSPORTATION LLC (442 trucks) | COMCAST (194 trucks) | ENTERPRISE RENT-A-CAR NATIONAL RENT A CAR ALAMO RENT A CAR (421 trucks) | HBSCO DANS TRASH AT YOUR DISPOSAL (110 trucks),119000,14400,8633509.45,"$912,839.45"
Sol_014,3311 Ideal Drive Dr,https://www.loopnet.com/Listing/3311-Ideal-Drive-Dr-Frederick-CO/35744244/,"Frederick, CO 80516",1.0,949000.0,40.087044076103,-104.992966989518,4928.75,5000,M,98.58%,991,SUPREME TRANSPORT INC (183 trucks) | WARD ELECTRIC COMPANY INC (222 trucks) | CITY OF LONGMONT (211 trucks) | ST VRAIN VALLEY SCHOOL DISTRICT (174 trucks) | HEAT WAVES HOT OIL SERVICE LLC (201 trucks),119000,14400,8633509.45,"$949,000.00"
Sol_014,Colfax Ave & Airport Blvd,https://www.loopnet.com/Listing/Colfax-Ave-Airport-Blvd-Aurora-CO/24946845/,"Aurora, CO 80011",1.1,955174.1,39.740269989586,-104.791334022205,9801.08,10000,L,98.01%,1396,METCO LANDSCAPING INC (226 trucks) | WAGNER EQUIPMENT CO (423 trucks) | AURORA PUBLIC SCHOOLS (127 trucks) | CITY OF AURORA (271 trucks) | SHAMROCK FOODS COMPANY (214 trucks) | SWINGLE TREE & LANDSCAPE CARE (135 trucks),119000,14400,8633509.45,"$955,174.10"
Sol_014,8850 Huron St,https://www.loopnet.com/Listing/8850-Huron-St-Thornton-CO/33061072/,"Thornton, CO 80260",1.26,349000.0,39.858426283979,-104.995662022846,18265.5,20000,XL,91.33%,2646,CITY OF THORNTON (208 trucks) | CITY OF THORNTON (174 trucks) | COCAL LANDSCAPE SERVICES INC (153 trucks) | COLD FRONT (121 trucks) | READY MIX CONCRETE COMPANY (191 trucks) | NAVAJO EXPRESS INC (309 trucks) | TRI-STATE GENERATION & TRANSMISSION ASSOCIATION INC (321 trucks) | WESTERN DISTRIBUTING TRANSPORTATION CORP (155 trucks) | RMS CRANES (139 trucks) | SURESHOT DRILLING LLC ATOZ FIELD SERVICES LLC DRILL TECH LLC PINNACLE DEVELOPMENT INC HDD SPECIALISTS LLC (135 trucks) | EAGLE ROCK DISTRIBUTING COMPANY OF COLORADO LLC (148 trucks) | OFFEN PETROLEUM LLC (269 trucks) | ALPINE MILLWORK COMPANY DBA ROCKY MOUNTAIN RELOAD (141 trucks) | ADAMS 12 FIVE STAR SCHOOLS (182 trucks),119000,14400,8633509.45,"$349,000.00"
Sol_014,765 Aspen Ridge Drive Dr,https://www.loopnet.com/Listing/765-Aspen-Ridge-Drive-Dr-Lafayette-CO/32931931/,"Lafayette, CO 80026",1.43,556000.0,40.006898203868,-105.107210150504,4585.06,5000,M,91.70%,619,BOULDER VALLEY SCHOOL DISTRICT RE-2 (134 trucks) | VIA MOBILITY SERVICES (196 trucks) | VIA MOBILITY SERVICES (116 trucks) | CU (173 trucks),119000,14400,8633509.45,"$556,000.00"
Sol_015,2544 11th Ave,https://www.loopnet.com/Listing/2544-11th-Ave-Greeley-CO/35100267/,"Greeley, CO 80631",0.15,350000.0,40.395690645275,-104.69657283495,336.5,1000,XS,33.65%,145,WELD COUNTY PUBLIC WORKS DEPARTMENT (145 trucks),121000,14988,9671491.24,"$350,000.00"
Sol_015,1339 Sheridan Blvd,https://www.loopnet.com/Listing/1339-Sheridan-Blvd-Lakewood-CO/29629654/,"Lakewood, CO 80214",0.18,299999.0,39.737415742007,-105.053556666269,1949.27,2000,S,97.46%,415,COMPASS VEHICLE RENTAL INC (170 trucks) | SITEWISE LLC (145 trucks) | CITY OF ARVADA (100 trucks),121000,14988,9671491.24,"$299,999.00"
Sol_015,422 Perry St,https://www.loopnet.com/Listing/422-Perry-St-Castle-Rock-CO/38421711/,"Castle Rock, CO 80104",0.24,605821.24,39.374148794158,-104.858322527659,2577.81,5000,M,51.56%,389,GREAT SOUTHWESTERN CONSTRUCTION INC (280 trucks) | TOWN OF CASTLE ROCK  (109 trucks),121000,14988,9671491.24,"$605,821.24"
Sol_015,239 S Main St,https://www.loopnet.com/Listing/239-S-Main-St-Brighton-CO/27424620/,"Brighton, CO 80601",0.31,250000.0,39.982905257485,-104.822555605705,1694.9,2000,S,84.75%,267,G&Z TRANSPORT LLC (147 trucks) | SIM TRUCKING INC (120 trucks),121000,14988,9671491.24,"$250,000.00"
Sol_015,606 W Colfax Ave,https://www.loopnet.com/Listing/606-W-Colfax-Ave-Denver-CO/26992476/,"Denver, CO 80204",0.31,1475000.0,39.739741342952,-104.995589435564,8930.12,10000,L,89.30%,1122,MPLX G&P (144 trucks) | RES (149 trucks) | CONCRETE EXPRESS INC (128 trucks) | FARMERS ALL NATURAL (121 trucks) | CO TRAN LLC (275 trucks) | COORS DISTRIBUTING COMPANY MILLER COORS LLC (105 trucks) | U S TRANSPORT INC (200 trucks),121000,14988,9671491.24,"$1,475,000.00"
Sol_015,8905 E Colfax Ave,https://www.loopnet.com/Listing/8905-E-Colfax-Ave-Aurora-CO/32567100/,"Aurora, CO 80010",0.33,845000.0,39.740387126683,-104.884281197975,8899.3,10000,L,88.99%,1313,SUPERSHUTTLE DENVER (125 trucks) | SWINGLE TREE & LANDSCAPE CARE (135 trucks) | COMCAST (194 trucks) | UNITED SITE SERVICES OF NEVADA INC (409 trucks) | UNITED SITE SERVICES OF COLORADO INC (147 trucks) | CITY LIGHT AND POWER INC (121 trucks) | WHEEL PROS LLC (182 trucks),121000,14988,9671491.24,"$845,000.00"
Sol_015,17160 W Colfax Ave,https://www.loopnet.com/Listing/17160-W-Colfax-Ave-Golden-CO/29520298/,"Golden, CO 80401",0.63,500000.0,39.722253633534,-105.192465086092,5488.67,10000,L,54.89%,807,ENIVIRONMENTAL LANDWORKS COMPANY INC (115 trucks) | HOLCIM WCR INC (298 trucks) | JEFFCO SCHOOLS (274 trucks) | JEFFERSON COUNTY (120 trucks),121000,14988,9671491.24,"$500,000.00"
Sol_015,1560 N Academy Blvd,https://www.loopnet.com/Listing/1560-N-Academy-Blvd-Colorado-Springs-CO/3886433/,"Colorado Springs, CO 80909",0.64,416700.0,38.854776988204,-104.75774002483,5689.619999999999,10000,L,56.90%,1031,COLORADO SPRINGS SCHOOL DISTRICT 11 (130 trucks) | MOUNTAIN METROPOLITAN TRANSIT (144 trucks) | CITY OF COLORADO SPRINGS (326 trucks) | El PASO COUNTY (112 trucks) | GOODWILL OF COLORADO (134 trucks) | VECTRUS SYSTEMS CORPORATION (185 trucks),121000,14988,9671491.24,"$416,700.00"
Sol_015,4237 McWhinney Blvd,https://www.loopnet.com/Listing/4237-McWhinney-Blvd-Loveland-CO/23974785/,"Loveland, CO 80538",0.65,871347.9,40.408208389025,-105.017378025231,252.96,1000,XS,25.30%,109,LOVELAND MUNICIPALITY (109 trucks),121000,14988,9671491.24,"$871,347.90"
Sol_015,10431 Quari St,https://www.loopnet.com/Listing/10431-Quari-St-Commerce-City-CO/29119294/,"Commerce City, CO 80022",0.72,270000.0,39.886267655476,-104.844980046547,4169.15,5000,M,83.38%,562,ENVIRONMENTAL DESIGNS LLC (156 trucks) | BALIC TRANSPORT INC (120 trucks) | BURNCO COLORADO LLC (146 trucks) | WEST DIRECT OIL (140 trucks),121000,14988,9671491.24,"$270,000.00"
Sol_015,NEC N Fairgrounds Ave,https://www.loopnet.com/Listing/NEC-N-Fairgrounds-Ave-Windsor-CO/29890025/,"Windsor, CO 80528",0.74,483449.0,40.437732372143,-104.982630626628,3990.5600000000004,5000,M,79.81%,575,LARIMER COUNTY (131 trucks) | NOVUS AG LLC (444 trucks),121000,14988,9671491.24,"$483,449.00"
Sol_015,11958 Lincoln Ave,https://www.loopnet.com/Listing/Lincoln-Ave-Parker-CO/39741118/,"Parker, CO 80138",0.86,495000.0,39.536519536914,-104.76116705724,18264.289999999997,20000,XL,91.32%,2581,ACCELERATED SERVICES LLC (373 trucks) | AMERICAN FURNITURE WAREHOUSE CO (340 trucks) | TERRACARE ASSOCIATES LLC (156 trucks) | IHC SCOTT INC (214 trucks) | BUCKLEY POWDER CO (217 trucks) | CH2M OMI CH2MHILL JACOBS (183 trucks) | ORICA USA INC (215 trucks) | CHERRY CREEK SCHOOLS (352 trucks) | HBSCO DANS TRASH AT YOUR DISPOSAL (110 trucks) | ENTERPRISE RENT-A-CAR NATIONAL RENT A CAR ALAMO RENT A CAR (421 trucks),121000,14988,9671491.24,"$495,000.00"
Sol_015,3311 Ideal Drive Dr,https://www.loopnet.com/Listing/3311-Ideal-Drive-Dr-Frederick-CO/35744244/,"Frederick, CO 80516",1.0,949000.0,40.087044076103,-104.992966989518,4928.75,5000,M,98.58%,991,SUPREME TRANSPORT INC (183 trucks) | WARD ELECTRIC COMPANY INC (222 trucks) | CITY OF LONGMONT (211 trucks) | ST VRAIN VALLEY SCHOOL DISTRICT (174 trucks) | HEAT WAVES HOT OIL SERVICE LLC (201 trucks),121000,14988,9671491.24,"$949,000.00"
Sol_015,Colfax Ave & Airport Blvd,https://www.loopnet.com/Listing/Colfax-Ave-Airport-Blvd-Aurora-CO/24946845/,"Aurora, CO 80011",1.1,955174.1,39.740269989586,-104.791334022205,8680.17,10000,L,86.80%,1261,METCO LANDSCAPING INC (226 trucks) | WAGNER EQUIPMENT CO (423 trucks) | AURORA PUBLIC SCHOOLS (127 trucks) | CITY OF AURORA (271 trucks) | SHAMROCK FOODS COMPANY (214 trucks),121000,14988,9671491.24,"$955,174.10"
Sol_015,8850 Huron St,https://www.loopnet.com/Listing/8850-Huron-St-Thornton-CO/33061072/,"Thornton, CO 80260",1.26,349000.0,39.858426283979,-104.995662022846,19552.47,20000,XL,97.76%,2801,CITY OF THORNTON (208 trucks) | CITY OF THORNTON (174 trucks) | COCAL LANDSCAPE SERVICES INC (153 trucks) | COLD FRONT (121 trucks) | READY MIX CONCRETE COMPANY (191 trucks) | NAVAJO EXPRESS INC (309 trucks) | TRI-STATE GENERATION & TRANSMISSION ASSOCIATION INC (321 trucks) | WESTERN DISTRIBUTING TRANSPORTATION CORP (155 trucks) | RMS CRANES (139 trucks) | SURESHOT DRILLING LLC ATOZ FIELD SERVICES LLC DRILL TECH LLC PINNACLE DEVELOPMENT INC HDD SPECIALISTS LLC (135 trucks) | EAGLE ROCK DISTRIBUTING COMPANY OF COLORADO LLC (148 trucks) | OFFEN PETROLEUM LLC (269 trucks) | ALPINE MILLWORK COMPANY DBA ROCKY MOUNTAIN RELOAD (141 trucks) | ADAMS 12 FIVE STAR SCHOOLS (182 trucks) | GEOSTABILIZATION INTERNATIONAL LLC (155 trucks),121000,14988,9671491.24,"$349,000.00"
Sol_015,765 Aspen Ridge Drive Dr,https://www.loopnet.com/Listing/765-Aspen-Ridge-Drive-Dr-Lafayette-CO/32931931/,"Lafayette, CO 80026",1.43,556000.0,40.006898203868,-105.107210150504,4585.06,5000,M,91.70%,619,BOULDER VALLEY SCHOOL DISTRICT RE-2 (134 trucks) | VIA MOBILITY SERVICES (196 trucks) | VIA MOBILITY SERVICES (116 trucks) | CU (173 trucks),121000,14988,9671491.24,"$556,000.00"
Sol_016,2544 11th Ave,https://www.loopnet.com/Listing/2544-11th-Ave-Greeley-CO/35100267/,"Greeley, CO 80631",0.15,350000.0,40.395690645275,-104.69657283495,336.5,1000,XS,33.65%,145,WELD COUNTY PUBLIC WORKS DEPARTMENT (145 trucks),124000,15402,10350669.0,"$350,000.00"
Sol_016,1319 Sheridan Blvd,https://www.loopnet.com/Listing/1319-1327-Sheridan-Blvd-Lakewood-CO/38343110/,"Lakewood, CO 80214",0.3,999998.0,39.737113071483,-105.053491874157,7437.9400000000005,10000,L,74.38%,1222,COMPASS VEHICLE RENTAL INC (170 trucks) | JEFFERSON COUNTY (120 trucks) | JEFFCO SCHOOLS (274 trucks) | SITEWISE LLC (145 trucks) | CITY OF ARVADA (100 trucks) | HOLCIM WCR INC (298 trucks) | ENIVIRONMENTAL LANDWORKS COMPANY INC (115 trucks),124000,15402,10350669.0,"$999,998.00"
Sol_016,239 S Main St,https://www.loopnet.com/Listing/239-S-Main-St-Brighton-CO/27424620/,"Brighton, CO 80601",0.31,250000.0,39.982905257485,-104.822555605705,1694.9,2000,S,84.75%,267,G&Z TRANSPORT LLC (147 trucks) | SIM TRUCKING INC (120 trucks),124000,15402,10350669.0,"$250,000.00"
Sol_016,606 W Colfax Ave,https://www.loopnet.com/Listing/606-W-Colfax-Ave-Denver-CO/26992476/,"Denver, CO 80204",0.31,1475000.0,39.739741342952,-104.995589435564,8517.300000000001,10000,L,85.17%,1207,MPLX G&P (144 trucks) | CONCRETE EXPRESS INC (128 trucks) | FARMERS ALL NATURAL (121 trucks) | PROCAM SERVICES  (101 trucks) | QUALITY LOGISTICS INC (135 trucks) | KEESEN ENTERPRISES INC (263 trucks) | COMCAST (194 trucks) | CITY LIGHT AND POWER INC (121 trucks),124000,15402,10350669.0,"$1,475,000.00"
Sol_016,1560 N Academy Blvd,https://www.loopnet.com/Listing/1560-N-Academy-Blvd-Colorado-Springs-CO/3886433/,"Colorado Springs, CO 80909",0.64,416700.0,38.854776988204,-104.75774002483,5689.619999999999,10000,L,56.90%,1031,COLORADO SPRINGS SCHOOL DISTRICT 11 (130 trucks) | MOUNTAIN METROPOLITAN TRANSIT (144 trucks) | CITY OF COLORADO SPRINGS (326 trucks) | El PASO COUNTY (112 trucks) | GOODWILL OF COLORADO (134 trucks) | VECTRUS SYSTEMS CORPORATION (185 trucks),124000,15402,10350669.0,"$416,700.00"
Sol_016,4237 McWhinney Blvd,https://www.loopnet.com/Listing/4237-McWhinney-Blvd-Loveland-CO/23974785/,"Loveland, CO 80538",0.65,871347.9,40.408208389025,-105.017378025231,252.96,1000,XS,25.30%,109,LOVELAND MUNICIPALITY (109 trucks),124000,15402,10350669.0,"$871,347.90"
Sol_016,10431 Quari St,https://www.loopnet.com/Listing/10431-Quari-St-Commerce-City-CO/29119294/,"Commerce City, CO 80022",0.72,270000.0,39.886267655476,-104.844980046547,4169.15,5000,M,83.38%,562,ENVIRONMENTAL DESIGNS LLC (156 trucks) | BALIC TRANSPORT INC (120 trucks) | BURNCO COLORADO LLC (146 trucks) | WEST DIRECT OIL (140 trucks),124000,15402,10350669.0,"$270,000.00"
Sol_016,NEC N Fairgrounds Ave,https://www.loopnet.com/Listing/NEC-N-Fairgrounds-Ave-Windsor-CO/29890025/,"Windsor, CO 80528",0.74,483449.0,40.437732372143,-104.982630626628,3990.5600000000004,5000,M,79.81%,575,LARIMER COUNTY (131 trucks) | NOVUS AG LLC (444 trucks),124000,15402,10350669.0,"$483,449.00"
Sol_016,11958 Lincoln Ave,https://www.loopnet.com/Listing/Lincoln-Ave-Parker-CO/39741118/,"Parker, CO 80138",0.86,495000.0,39.536519536914,-104.76116705724,18264.289999999997,20000,XL,91.32%,2581,ACCELERATED SERVICES LLC (373 trucks) | AMERICAN FURNITURE WAREHOUSE CO (340 trucks) | TERRACARE ASSOCIATES LLC (156 trucks) | IHC SCOTT INC (214 trucks) | BUCKLEY POWDER CO (217 trucks) | CH2M OMI CH2MHILL JACOBS (183 trucks) | ORICA USA INC (215 trucks) | CHERRY CREEK SCHOOLS (352 trucks) | HBSCO DANS TRASH AT YOUR DISPOSAL (110 trucks) | ENTERPRISE RENT-A-CAR NATIONAL RENT A CAR ALAMO RENT A CAR (421 trucks),124000,15402,10350669.0,"$495,000.00"
Sol_016,2450 Curtis St,https://www.loopnet.com/Listing/2450-Curtis-St-Denver-CO/34878162/,"Denver, CO 80205",0.93,1930000.0,39.755035173034,-104.984190298703,13972.56,20000,XL,69.86%,1896,RES (149 trucks) | CO TRAN LLC (275 trucks) | WASTE CONNECTIONS OF COLORADO INC (486 trucks) | COORS DISTRIBUTING COMPANY MILLER COORS LLC (105 trucks) | U S TRANSPORT INC (200 trucks) | SUPERSHUTTLE DENVER (125 trucks) | UNITED SITE SERVICES OF NEVADA INC (409 trucks) | UNITED SITE SERVICES OF COLORADO INC (147 trucks),124000,15402,10350669.0,"$1,930,000.00"
Sol_016,3311 Ideal Drive Dr,https://www.loopnet.com/Listing/3311-Ideal-Drive-Dr-Frederick-CO/35744244/,"Frederick, CO 80516",1.0,949000.0,40.087044076103,-104.992966989518,4928.75,5000,M,98.58%,991,SUPREME TRANSPORT INC (183 trucks) | WARD ELECTRIC COMPANY INC (222 trucks) | CITY OF LONGMONT (211 trucks) | ST VRAIN VALLEY SCHOOL DISTRICT (174 trucks) | HEAT WAVES HOT OIL SERVICE LLC (201 trucks),124000,15402,10350669.0,"$949,000.00"
Sol_016,Colfax Ave & Airport Blvd,https://www.loopnet.com/Listing/Colfax-Ave-Airport-Blvd-Aurora-CO/24946845/,"Aurora, CO 80011",1.1,955174.1,39.740269989586,-104.791334022205,9801.08,10000,L,98.01%,1396,METCO LANDSCAPING INC (226 trucks) | WAGNER EQUIPMENT CO (423 trucks) | AURORA PUBLIC SCHOOLS (127 trucks) | CITY OF AURORA (271 trucks) | SHAMROCK FOODS COMPANY (214 trucks) | SWINGLE TREE & LANDSCAPE CARE (135 trucks),124000,15402,10350669.0,"$955,174.10"
Sol_016,8850 Huron St,https://www.loopnet.com/Listing/8850-Huron-St-Thornton-CO/33061072/,"Thornton, CO 80260",1.26,349000.0,39.858426283979,-104.995662022846,19552.47,20000,XL,97.76%,2801,CITY OF THORNTON (208 trucks) | CITY OF THORNTON (174 trucks) | COCAL LANDSCAPE SERVICES INC (153 trucks) | COLD FRONT (121 trucks) | READY MIX CONCRETE COMPANY (191 trucks) | NAVAJO EXPRESS INC (309 trucks) | TRI-STATE GENERATION & TRANSMISSION ASSOCIATION INC (321 trucks) | WESTERN DISTRIBUTING TRANSPORTATION CORP (155 trucks) | RMS CRANES (139 trucks) | SURESHOT DRILLING LLC ATOZ FIELD SERVICES LLC DRILL TECH LLC PINNACLE DEVELOPMENT INC HDD SPECIALISTS LLC (135 trucks) | EAGLE ROCK DISTRIBUTING COMPANY OF COLORADO LLC (148 trucks) | OFFEN PETROLEUM LLC (269 trucks) | ALPINE MILLWORK COMPANY DBA ROCKY MOUNTAIN RELOAD (141 trucks) | ADAMS 12 FIVE STAR SCHOOLS (182 trucks) | GEOSTABILIZATION INTERNATIONAL LLC (155 trucks),124000,15402,10350669.0,"$349,000.00"
Sol_016,765 Aspen Ridge Drive Dr,https://www.loopnet.com/Listing/765-Aspen-Ridge-Drive-Dr-Lafayette-CO/32931931/,"Lafayette, CO 80026",1.43,556000.0,40.006898203868,-105.107210150504,4585.06,5000,M,91.70%,619,BOULDER VALLEY SCHOOL DISTRICT RE-2 (134 trucks) | VIA MOBILITY SERVICES (196 trucks) | VIA MOBILITY SERVICES (116 trucks) | CU (173 trucks),124000,15402,10350669.0,"$556,000.00"
Sol_017,2544 11th Ave,https://www.loopnet.com/Listing/2544-11th-Ave-Greeley-CO/35100267/,"Greeley, CO 80631",0.15,350000.0,40.395690645275,-104.69657283495,336.5,1000,XS,33.65%,145,WELD COUNTY PUBLIC WORKS DEPARTMENT (145 trucks),147000,16566,11274225.69,"$350,000.00"
Sol_017,1339 Sheridan Blvd,https://www.loopnet.com/Listing/1339-Sheridan-Blvd-Lakewood-CO/29629654/,"Lakewood, CO 80214",0.18,299999.0,39.737415742007,-105.053556666269,1949.27,2000,S,97.46%,415,COMPASS VEHICLE RENTAL INC (170 trucks) | SITEWISE LLC (145 trucks) | CITY OF ARVADA (100 trucks),147000,16566,11274225.69,"$299,999.00"
Sol_017,422 Perry St,https://www.loopnet.com/Listing/422-Perry-St-Castle-Rock-CO/38421711/,"Castle Rock, CO 80104",0.24,605821.24,39.374148794158,-104.858322527659,2577.81,5000,M,51.56%,389,GREAT SOUTHWESTERN CONSTRUCTION INC (280 trucks) | TOWN OF CASTLE ROCK  (109 trucks),147000,16566,11274225.69,"$605,821.24"
Sol_017,239 S Main St,https://www.loopnet.com/Listing/239-S-Main-St-Brighton-CO/27424620/,"Brighton, CO 80601",0.31,250000.0,39.982905257485,-104.822555605705,1694.9,2000,S,84.75%,267,G&Z TRANSPORT LLC (147 trucks) | SIM TRUCKING INC (120 trucks),147000,16566,11274225.69,"$250,000.00"
Sol_017,606 W Colfax Ave,https://www.loopnet.com/Listing/606-W-Colfax-Ave-Denver-CO/26992476/,"Denver, CO 80204",0.31,1475000.0,39.739741342952,-104.995589435564,8930.12,10000,L,89.30%,1122,MPLX G&P (144 trucks) | RES (149 trucks) | CONCRETE EXPRESS INC (128 trucks) | FARMERS ALL NATURAL (121 trucks) | CO TRAN LLC (275 trucks) | COORS DISTRIBUTING COMPANY MILLER COORS LLC (105 trucks) | U S TRANSPORT INC (200 trucks),147000,16566,11274225.69,"$1,475,000.00"
Sol_017,8905 E Colfax Ave,https://www.loopnet.com/Listing/8905-E-Colfax-Ave-Aurora-CO/32567100/,"Aurora, CO 80010",0.33,845000.0,39.740387126683,-104.884281197975,6813.16,10000,L,68.13%,1010,SUPERSHUTTLE DENVER (125 trucks) | SWINGLE TREE & LANDSCAPE CARE (135 trucks) | COMCAST (194 trucks) | UNITED SITE SERVICES OF NEVADA INC (409 trucks) | UNITED SITE SERVICES OF COLORADO INC (147 trucks),147000,16566,11274225.69,"$845,000.00"
Sol_017,17160 W Colfax Ave,https://www.loopnet.com/Listing/17160-W-Colfax-Ave-Golden-CO/29520298/,"Golden, CO 80401",0.63,500000.0,39.722253633534,-105.192465086092,5488.67,10000,L,54.89%,807,ENIVIRONMENTAL LANDWORKS COMPANY INC (115 trucks) | HOLCIM WCR INC (298 trucks) | JEFFCO SCHOOLS (274 trucks) | JEFFERSON COUNTY (120 trucks),147000,16566,11274225.69,"$500,000.00"
Sol_017,1560 N Academy Blvd,https://www.loopnet.com/Listing/1560-N-Academy-Blvd-Colorado-Springs-CO/3886433/,"Colorado Springs, CO 80909",0.64,416700.0,38.854776988204,-104.75774002483,5689.619999999999,10000,L,56.90%,1031,COLORADO SPRINGS SCHOOL DISTRICT 11 (130 trucks) | MOUNTAIN METROPOLITAN TRANSIT (144 trucks) | CITY OF COLORADO SPRINGS (326 trucks) | El PASO COUNTY (112 trucks) | GOODWILL OF COLORADO (134 trucks) | VECTRUS SYSTEMS CORPORATION (185 trucks),147000,16566,11274225.69,"$416,700.00"
Sol_017,4237 McWhinney Blvd,https://www.loopnet.com/Listing/4237-McWhinney-Blvd-Loveland-CO/23974785/,"Loveland, CO 80538",0.65,871347.9,40.408208389025,-105.017378025231,252.96,1000,XS,25.30%,109,LOVELAND MUNICIPALITY (109 trucks),147000,16566,11274225.69,"$871,347.90"
Sol_017,10431 Quari St,https://www.loopnet.com/Listing/10431-Quari-St-Commerce-City-CO/29119294/,"Commerce City, CO 80022",0.72,270000.0,39.886267655476,-104.844980046547,4169.15,5000,M,83.38%,562,ENVIRONMENTAL DESIGNS LLC (156 trucks) | BALIC TRANSPORT INC (120 trucks) | BURNCO COLORADO LLC (146 trucks) | WEST DIRECT OIL (140 trucks),147000,16566,11274225.69,"$270,000.00"
Sol_017,NEC N Fairgrounds Ave,https://www.loopnet.com/Listing/NEC-N-Fairgrounds-Ave-Windsor-CO/29890025/,"Windsor, CO 80528",0.74,483449.0,40.437732372143,-104.982630626628,304.01,1000,XS,30.40%,131,LARIMER COUNTY (131 trucks),147000,16566,11274225.69,"$483,449.00"
Sol_017,11958 Lincoln Ave,https://www.loopnet.com/Listing/Lincoln-Ave-Parker-CO/39741118/,"Parker, CO 80138",0.86,495000.0,39.536519536914,-104.76116705724,15005.279999999999,20000,XL,75.03%,2050,ACCELERATED SERVICES LLC (373 trucks) | AMERICAN FURNITURE WAREHOUSE CO (340 trucks) | TERRACARE ASSOCIATES LLC (156 trucks) | IHC SCOTT INC (214 trucks) | BUCKLEY POWDER CO (217 trucks) | CH2M OMI CH2MHILL JACOBS (183 trucks) | ORICA USA INC (215 trucks) | CHERRY CREEK SCHOOLS (352 trucks),147000,16566,11274225.69,"$495,000.00"
Sol_017,Harmony Rd,https://www.loopnet.com/Listing/Harmony-Rd-Timnath-CO/21109276/,"Timnath, CO 80547",0.88,689895.0,40.522951241822,-104.96262130308,5618.16,10000,L,56.18%,972,NOVUS AG LLC (444 trucks) | CITY OF FORT COLLINS (285 trucks) | Poudre School District  (243 trucks),147000,16566,11274225.69,"$689,895.00"
Sol_017,1801 W Union Ave,https://www.loopnet.com/Listing/1801-W-Union-Ave-Englewood-CO/39250756/,"Englewood, CO 80110",0.95,912839.45,39.63264140749,-105.009568941318,14063.34,20000,XL,70.32%,1884,KEESEN ENTERPRISES INC (263 trucks) | QUALITY LOGISTICS INC (135 trucks) | PROCAM SERVICES  (101 trucks) | PACIFIC SHIPPING & TRUCKING CO INC (109 trucks) | CITY LIGHT AND POWER INC (121 trucks) | WHEEL PROS LLC (182 trucks) | GLOBAL TRANSPORTATION LLC (442 trucks) | ENTERPRISE RENT-A-CAR NATIONAL RENT A CAR ALAMO RENT A CAR (421 trucks) | HBSCO DANS TRASH AT YOUR DISPOSAL (110 trucks),147000,16566,11274225.69,"$912,839.45"
Sol_017,3311 Ideal Drive Dr,https://www.loopnet.com/Listing/3311-Ideal-Drive-Dr-Frederick-CO/35744244/,"Frederick, CO 80516",1.0,949000.0,40.087044076103,-104.992966989518,4928.75,5000,M,98.58%,991,SUPREME TRANSPORT INC (183 trucks) | WARD ELECTRIC COMPANY INC (222 trucks) | CITY OF LONGMONT (211 trucks) | ST VRAIN VALLEY SCHOOL DISTRICT (174 trucks) | HEAT WAVES HOT OIL SERVICE LLC (201 trucks),147000,16566,11274225.69,"$949,000.00"
Sol_017,Colfax Ave & Airport Blvd,https://www.loopnet.com/Listing/Colfax-Ave-Airport-Blvd-Aurora-CO/24946845/,"Aurora, CO 80011",1.1,955174.1,39.740269989586,-104.791334022205,8680.17,10000,L,86.80%,1261,METCO LANDSCAPING INC (226 trucks) | WAGNER EQUIPMENT CO (423 trucks) | AURORA PUBLIC SCHOOLS (127 trucks) | CITY OF AURORA (271 trucks) | SHAMROCK FOODS COMPANY (214 trucks),147000,16566,11274225.69,"$955,174.10"
Sol_017,8850 Huron St,https://www.loopnet.com/Listing/8850-Huron-St-Thornton-CO/33061072/,"Thornton, CO 80260",1.26,349000.0,39.858426283979,-104.995662022846,19552.47,20000,XL,97.76%,2801,CITY OF THORNTON (208 trucks) | CITY OF THORNTON (174 trucks) | COCAL LANDSCAPE SERVICES INC (153 trucks) | COLD FRONT (121 trucks) | READY MIX CONCRETE COMPANY (191 trucks) | NAVAJO EXPRESS INC (309 trucks) | TRI-STATE GENERATION & TRANSMISSION ASSOCIATION INC (321 trucks) | WESTERN DISTRIBUTING TRANSPORTATION CORP (155 trucks) | RMS CRANES (139 trucks) | SURESHOT DRILLING LLC ATOZ FIELD SERVICES LLC DRILL TECH LLC PINNACLE DEVELOPMENT INC HDD SPECIALISTS LLC (135 trucks) | EAGLE ROCK DISTRIBUTING COMPANY OF COLORADO LLC (148 trucks) | OFFEN PETROLEUM LLC (269 trucks) | ALPINE MILLWORK COMPANY DBA ROCKY MOUNTAIN RELOAD (141 trucks) | ADAMS 12 FIVE STAR SCHOOLS (182 trucks) | GEOSTABILIZATION INTERNATIONAL LLC (155 trucks),147000,16566,11274225.69,"$349,000.00"
Sol_017,765 Aspen Ridge Drive Dr,https://www.loopnet.com/Listing/765-Aspen-Ridge-Drive-Dr-Lafayette-CO/32931931/,"Lafayette, CO 80026",1.43,556000.0,40.006898203868,-105.107210150504,4585.06,5000,M,91.70%,619,BOULDER VALLEY SCHOOL DISTRICT RE-2 (134 trucks) | VIA MOBILITY SERVICES (196 trucks) | VIA MOBILITY SERVICES (116 trucks) | CU (173 trucks),147000,16566,11274225.69,"$556,000.00"
Sol_018,2544 11th Ave,https://www.loopnet.com/Listing/2544-11th-Ave-Greeley-CO/35100267/,"Greeley, CO 80631",0.15,350000.0,40.395690645275,-104.69657283495,336.5,1000,XS,33.65%,145,WELD COUNTY PUBLIC WORKS DEPARTMENT (145 trucks),152000,17052,12359225.69,"$350,000.00"
Sol_018,1339 Sheridan Blvd,https://www.loopnet.com/Listing/1339-Sheridan-Blvd-Lakewood-CO/29629654/,"Lakewood, CO 80214",0.18,299999.0,39.737415742007,-105.053556666269,1949.27,2000,S,97.46%,415,COMPASS VEHICLE RENTAL INC (170 trucks) | SITEWISE LLC (145 trucks) | CITY OF ARVADA (100 trucks),152000,17052,12359225.69,"$299,999.00"
Sol_018,422 Perry St,https://www.loopnet.com/Listing/422-Perry-St-Castle-Rock-CO/38421711/,"Castle Rock, CO 80104",0.24,605821.24,39.374148794158,-104.858322527659,2577.81,5000,M,51.56%,389,GREAT SOUTHWESTERN CONSTRUCTION INC (280 trucks) | TOWN OF CASTLE ROCK  (109 trucks),152000,17052,12359225.69,"$605,821.24"
Sol_018,239 S Main St,https://www.loopnet.com/Listing/239-S-Main-St-Brighton-CO/27424620/,"Brighton, CO 80601",0.31,250000.0,39.982905257485,-104.822555605705,1694.9,2000,S,84.75%,267,G&Z TRANSPORT LLC (147 trucks) | SIM TRUCKING INC (120 trucks),152000,17052,12359225.69,"$250,000.00"
Sol_018,606 W Colfax Ave,https://www.loopnet.com/Listing/606-W-Colfax-Ave-Denver-CO/26992476/,"Denver, CO 80204",0.31,1475000.0,39.739741342952,-104.995589435564,2877.2,5000,M,57.54%,393,MPLX G&P (144 trucks) | CONCRETE EXPRESS INC (128 trucks) | FARMERS ALL NATURAL (121 trucks),152000,17052,12359225.69,"$1,475,000.00"
Sol_018,17160 W Colfax Ave,https://www.loopnet.com/Listing/17160-W-Colfax-Ave-Golden-CO/29520298/,"Golden, CO 80401",0.63,500000.0,39.722253633534,-105.192465086092,5488.67,10000,L,54.89%,807,ENIVIRONMENTAL LANDWORKS COMPANY INC (115 trucks) | HOLCIM WCR INC (298 trucks) | JEFFCO SCHOOLS (274 trucks) | JEFFERSON COUNTY (120 trucks),152000,17052,12359225.69,"$500,000.00"
Sol_018,1560 N Academy Blvd,https://www.loopnet.com/Listing/1560-N-Academy-Blvd-Colorado-Springs-CO/3886433/,"Colorado Springs, CO 80909",0.64,416700.0,38.854776988204,-104.75774002483,5689.619999999999,10000,L,56.90%,1031,COLORADO SPRINGS SCHOOL DISTRICT 11 (130 trucks) | MOUNTAIN METROPOLITAN TRANSIT (144 trucks) | CITY OF COLORADO SPRINGS (326 trucks) | El PASO COUNTY (112 trucks) | GOODWILL OF COLORADO (134 trucks) | VECTRUS SYSTEMS CORPORATION (185 trucks),152000,17052,12359225.69,"$416,700.00"
Sol_018,4237 McWhinney Blvd,https://www.loopnet.com/Listing/4237-McWhinney-Blvd-Loveland-CO/23974785/,"Loveland, CO 80538",0.65,871347.9,40.408208389025,-105.017378025231,252.96,1000,XS,25.30%,109,LOVELAND MUNICIPALITY (109 trucks),152000,17052,12359225.69,"$871,347.90"
Sol_018,10431 Quari St,https://www.loopnet.com/Listing/10431-Quari-St-Commerce-City-CO/29119294/,"Commerce City, CO 80022",0.72,270000.0,39.886267655476,-104.844980046547,4169.15,5000,M,83.38%,562,ENVIRONMENTAL DESIGNS LLC (156 trucks) | BALIC TRANSPORT INC (120 trucks) | BURNCO COLORADO LLC (146 trucks) | WEST DIRECT OIL (140 trucks),152000,17052,12359225.69,"$270,000.00"
Sol_018,NEC N Fairgrounds Ave,https://www.loopnet.com/Listing/NEC-N-Fairgrounds-Ave-Windsor-CO/29890025/,"Windsor, CO 80528",0.74,483449.0,40.437732372143,-104.982630626628,304.01,1000,XS,30.40%,131,LARIMER COUNTY (131 trucks),152000,17052,12359225.69,"$483,449.00"
Sol_018,11958 Lincoln Ave,https://www.loopnet.com/Listing/Lincoln-Ave-Parker-CO/39741118/,"Parker, CO 80138",0.86,495000.0,39.536519536914,-104.76116705724,15005.279999999999,20000,XL,75.03%,2050,ACCELERATED SERVICES LLC (373 trucks) | AMERICAN FURNITURE WAREHOUSE CO (340 trucks) | TERRACARE ASSOCIATES LLC (156 trucks) | IHC SCOTT INC (214 trucks) | BUCKLEY POWDER CO (217 trucks) | CH2M OMI CH2MHILL JACOBS (183 trucks) | ORICA USA INC (215 trucks) | CHERRY CREEK SCHOOLS (352 trucks),152000,17052,12359225.69,"$495,000.00"
Sol_018,Harmony Rd,https://www.loopnet.com/Listing/Harmony-Rd-Timnath-CO/21109276/,"Timnath, CO 80547",0.88,689895.0,40.522951241822,-104.96262130308,5618.16,10000,L,56.18%,972,NOVUS AG LLC (444 trucks) | CITY OF FORT COLLINS (285 trucks) | Poudre School District  (243 trucks),152000,17052,12359225.69,"$689,895.00"
Sol_018,2450 Curtis St,https://www.loopnet.com/Listing/2450-Curtis-St-Denver-CO/34878162/,"Denver, CO 80205",0.93,1930000.0,39.755035173034,-104.984190298703,13972.56,20000,XL,69.86%,1896,RES (149 trucks) | CO TRAN LLC (275 trucks) | WASTE CONNECTIONS OF COLORADO INC (486 trucks) | COORS DISTRIBUTING COMPANY MILLER COORS LLC (105 trucks) | U S TRANSPORT INC (200 trucks) | SUPERSHUTTLE DENVER (125 trucks) | UNITED SITE SERVICES OF NEVADA INC (409 trucks) | UNITED SITE SERVICES OF COLORADO INC (147 trucks),152000,17052,12359225.69,"$1,930,000.00"
Sol_018,1801 W Union Ave,https://www.loopnet.com/Listing/1801-W-Union-Ave-Englewood-CO/39250756/,"Englewood, CO 80110",0.95,912839.45,39.63264140749,-105.009568941318,14985.23,20000,XL,74.93%,2078,KEESEN ENTERPRISES INC (263 trucks) | QUALITY LOGISTICS INC (135 trucks) | PROCAM SERVICES  (101 trucks) | PACIFIC SHIPPING & TRUCKING CO INC (109 trucks) | CITY LIGHT AND POWER INC (121 trucks) | WHEEL PROS LLC (182 trucks) | GLOBAL TRANSPORTATION LLC (442 trucks) | COMCAST (194 trucks) | ENTERPRISE RENT-A-CAR NATIONAL RENT A CAR ALAMO RENT A CAR (421 trucks) | HBSCO DANS TRASH AT YOUR DISPOSAL (110 trucks),152000,17052,12359225.69,"$912,839.45"
Sol_018,3311 Ideal Drive Dr,https://www.loopnet.com/Listing/3311-Ideal-Drive-Dr-Frederick-CO/35744244/,"Frederick, CO 80516",1.0,949000.0,40.087044076103,-104.992966989518,4928.75,5000,M,98.58%,991,SUPREME TRANSPORT INC (183 trucks) | WARD ELECTRIC COMPANY INC (222 trucks) | CITY OF LONGMONT (211 trucks) | ST VRAIN VALLEY SCHOOL DISTRICT (174 trucks) | HEAT WAVES HOT OIL SERVICE LLC (201 trucks),152000,17052,12359225.69,"$949,000.00"
Sol_018,Colfax Ave & Airport Blvd,https://www.loopnet.com/Listing/Colfax-Ave-Airport-Blvd-Aurora-CO/24946845/,"Aurora, CO 80011",1.1,955174.1,39.740269989586,-104.791334022205,9801.08,10000,L,98.01%,1396,METCO LANDSCAPING INC (226 trucks) | WAGNER EQUIPMENT CO (423 trucks) | AURORA PUBLIC SCHOOLS (127 trucks) | CITY OF AURORA (271 trucks) | SHAMROCK FOODS COMPANY (214 trucks) | SWINGLE TREE & LANDSCAPE CARE (135 trucks),152000,17052,12359225.69,"$955,174.10"
Sol_018,8850 Huron St,https://www.loopnet.com/Listing/8850-Huron-St-Thornton-CO/33061072/,"Thornton, CO 80260",1.26,349000.0,39.858426283979,-104.995662022846,19552.47,20000,XL,97.76%,2801,CITY OF THORNTON (208 trucks) | CITY OF THORNTON (174 trucks) | COCAL LANDSCAPE SERVICES INC (153 trucks) | COLD FRONT (121 trucks) | READY MIX CONCRETE COMPANY (191 trucks) | NAVAJO EXPRESS INC (309 trucks) | TRI-STATE GENERATION & TRANSMISSION ASSOCIATION INC (321 trucks) | WESTERN DISTRIBUTING TRANSPORTATION CORP (155 trucks) | RMS CRANES (139 trucks) | SURESHOT DRILLING LLC ATOZ FIELD SERVICES LLC DRILL TECH LLC PINNACLE DEVELOPMENT INC HDD SPECIALISTS LLC (135 trucks) | EAGLE ROCK DISTRIBUTING COMPANY OF COLORADO LLC (148 trucks) | OFFEN PETROLEUM LLC (269 trucks) | ALPINE MILLWORK COMPANY DBA ROCKY MOUNTAIN RELOAD (141 trucks) | ADAMS 12 FIVE STAR SCHOOLS (182 trucks) | GEOSTABILIZATION INTERNATIONAL LLC (155 trucks),152000,17052,12359225.69,"$349,000.00"
Sol_018,765 Aspen Ridge Drive Dr,https://www.loopnet.com/Listing/765-Aspen-Ridge-Drive-Dr-Lafayette-CO/32931931/,"Lafayette, CO 80026",1.43,556000.0,40.006898203868,-105.107210150504,4585.06,5000,M,91.70%,619,BOULDER VALLEY SCHOOL DISTRICT RE-2 (134 trucks) | VIA MOBILITY SERVICES (196 trucks) | VIA MOBILITY SERVICES (116 trucks) | CU (173 trucks),152000,17052,12359225.69,"$556,000.00"
Sol_019,2544 11th Ave,https://www.loopnet.com/Listing/2544-11th-Ave-Greeley-CO/35100267/,"Greeley, CO 80631",0.15,350000.0,40.395690645275,-104.69657283495,336.5,1000,XS,33.65%,145,WELD COUNTY PUBLIC WORKS DEPARTMENT (145 trucks),114000,13617,8984508.450000001,"$350,000.00"
Sol_019,1319 Sheridan Blvd,https://www.loopnet.com/Listing/1319-1327-Sheridan-Blvd-Lakewood-CO/38343110/,"Lakewood, CO 80214",0.3,999998.0,39.737113071483,-105.053491874157,7437.9400000000005,10000,L,74.38%,1222,COMPASS VEHICLE RENTAL INC (170 trucks) | JEFFERSON COUNTY (120 trucks) | JEFFCO SCHOOLS (274 trucks) | SITEWISE LLC (145 trucks) | CITY OF ARVADA (100 trucks) | HOLCIM WCR INC (298 trucks) | ENIVIRONMENTAL LANDWORKS COMPANY INC (115 trucks),114000,13617,8984508.450000001,"$999,998.00"
Sol_019,239 S Main St,https://www.loopnet.com/Listing/239-S-Main-St-Brighton-CO/27424620/,"Brighton, CO 80601",0.31,250000.0,39.982905257485,-104.822555605705,1694.9,2000,S,84.75%,267,G&Z TRANSPORT LLC (147 trucks) | SIM TRUCKING INC (120 trucks),114000,13617,8984508.450000001,"$250,000.00"
Sol_019,606 W Colfax Ave,https://www.loopnet.com/Listing/606-W-Colfax-Ave-Denver-CO/26992476/,"Denver, CO 80204",0.31,1475000.0,39.739741342952,-104.995589435564,8930.12,10000,L,89.30%,1122,MPLX G&P (144 trucks) | RES (149 trucks) | CONCRETE EXPRESS INC (128 trucks) | FARMERS ALL NATURAL (121 trucks) | CO TRAN LLC (275 trucks) | COORS DISTRIBUTING COMPANY MILLER COORS LLC (105 trucks) | U S TRANSPORT INC (200 trucks),114000,13617,8984508.450000001,"$1,475,000.00"
Sol_019,1560 N Academy Blvd,https://www.loopnet.com/Listing/1560-N-Academy-Blvd-Colorado-Springs-CO/3886433/,"Colorado Springs, CO 80909",0.64,416700.0,38.854776988204,-104.75774002483,5689.619999999999,10000,L,56.90%,1031,COLORADO SPRINGS SCHOOL DISTRICT 11 (130 trucks) | MOUNTAIN METROPOLITAN TRANSIT (144 trucks) | CITY OF COLORADO SPRINGS (326 trucks) | El PASO COUNTY (112 trucks) | GOODWILL OF COLORADO (134 trucks) | VECTRUS SYSTEMS CORPORATION (185 trucks),114000,13617,8984508.450000001,"$416,700.00"
Sol_019,4237 McWhinney Blvd,https://www.loopnet.com/Listing/4237-McWhinney-Blvd-Loveland-CO/23974785/,"Loveland, CO 80538",0.65,871347.9,40.408208389025,-105.017378025231,252.96,1000,XS,25.30%,109,LOVELAND MUNICIPALITY (109 trucks),114000,13617,8984508.450000001,"$871,347.90"
Sol_019,10431 Quari St,https://www.loopnet.com/Listing/10431-Quari-St-Commerce-City-CO/29119294/,"Commerce City, CO 80022",0.72,270000.0,39.886267655476,-104.844980046547,9765.92,10000,L,97.66%,1716,ENVIRONMENTAL DESIGNS LLC (156 trucks) | BALIC TRANSPORT INC (120 trucks) | BURNCO COLORADO LLC (146 trucks) | WEST DIRECT OIL (140 trucks) | OFFEN PETROLEUM LLC (269 trucks) | ADAMS 12 FIVE STAR SCHOOLS (182 trucks) | CITY OF THORNTON (208 trucks) | CITY OF THORNTON (174 trucks) | TRI-STATE GENERATION & TRANSMISSION ASSOCIATION INC (321 trucks),114000,13617,8984508.450000001,"$270,000.00"
Sol_019,NEC N Fairgrounds Ave,https://www.loopnet.com/Listing/NEC-N-Fairgrounds-Ave-Windsor-CO/29890025/,"Windsor, CO 80528",0.74,483449.0,40.437732372143,-104.982630626628,3990.5600000000004,5000,M,79.81%,575,LARIMER COUNTY (131 trucks) | NOVUS AG LLC (444 trucks),114000,13617,8984508.450000001,"$483,449.00"
Sol_019,11958 Lincoln Ave,https://www.loopnet.com/Listing/Lincoln-Ave-Parker-CO/39741118/,"Parker, CO 80138",0.86,495000.0,39.536519536914,-104.76116705724,15005.279999999999,20000,XL,75.03%,2050,ACCELERATED SERVICES LLC (373 trucks) | AMERICAN FURNITURE WAREHOUSE CO (340 trucks) | TERRACARE ASSOCIATES LLC (156 trucks) | IHC SCOTT INC (214 trucks) | BUCKLEY POWDER CO (217 trucks) | CH2M OMI CH2MHILL JACOBS (183 trucks) | ORICA USA INC (215 trucks) | CHERRY CREEK SCHOOLS (352 trucks),114000,13617,8984508.450000001,"$495,000.00"
Sol_019,1801 W Union Ave,https://www.loopnet.com/Listing/1801-W-Union-Ave-Englewood-CO/39250756/,"Englewood, CO 80110",0.95,912839.45,39.63264140749,-105.009568941318,14985.23,20000,XL,74.93%,2078,KEESEN ENTERPRISES INC (263 trucks) | QUALITY LOGISTICS INC (135 trucks) | PROCAM SERVICES  (101 trucks) | PACIFIC SHIPPING & TRUCKING CO INC (109 trucks) | CITY LIGHT AND POWER INC (121 trucks) | WHEEL PROS LLC (182 trucks) | GLOBAL TRANSPORTATION LLC (442 trucks) | COMCAST (194 trucks) | ENTERPRISE RENT-A-CAR NATIONAL RENT A CAR ALAMO RENT A CAR (421 trucks) | HBSCO DANS TRASH AT YOUR DISPOSAL (110 trucks),114000,13617,8984508.450000001,"$912,839.45"
Sol_019,3311 Ideal Drive Dr,https://www.loopnet.com/Listing/3311-Ideal-Drive-Dr-Frederick-CO/35744244/,"Frederick, CO 80516",1.0,949000.0,40.087044076103,-104.992966989518,4928.75,5000,M,98.58%,991,SUPREME TRANSPORT INC (183 trucks) | WARD ELECTRIC COMPANY INC (222 trucks) | CITY OF LONGMONT (211 trucks) | ST VRAIN VALLEY SCHOOL DISTRICT (174 trucks) | HEAT WAVES HOT OIL SERVICE LLC (201 trucks),114000,13617,8984508.450000001,"$949,000.00"
Sol_019,Colfax Ave & Airport Blvd,https://www.loopnet.com/Listing/Colfax-Ave-Airport-Blvd-Aurora-CO/24946845/,"Aurora, CO 80011",1.1,955174.1,39.740269989586,-104.791334022205,9801.08,10000,L,98.01%,1396,METCO LANDSCAPING INC (226 trucks) | WAGNER EQUIPMENT CO (423 trucks) | AURORA PUBLIC SCHOOLS (127 trucks) | CITY OF AURORA (271 trucks) | SHAMROCK FOODS COMPANY (214 trucks) | SWINGLE TREE & LANDSCAPE CARE (135 trucks),114000,13617,8984508.450000001,"$955,174.10"
Sol_019,765 Aspen Ridge Drive Dr,https://www.loopnet.com/Listing/765-Aspen-Ridge-Drive-Dr-Lafayette-CO/32931931/,"Lafayette, CO 80026",1.43,556000.0,40.006898203868,-105.107210150504,7042.76,10000,L,70.43%,915,BOULDER VALLEY SCHOOL DISTRICT RE-2 (134 trucks) | VIA MOBILITY SERVICES (196 trucks) | VIA MOBILITY SERVICES (116 trucks) | GEOSTABILIZATION INTERNATIONAL LLC (155 trucks) | CU (173 trucks) | ALPINE MILLWORK COMPANY DBA ROCKY MOUNTAIN RELOAD (141 trucks),114000,13617,8984508.450000001,"$556,000.00"
Sol_020,2544 11th Ave,https://www.loopnet.com/Listing/2544-11th-Ave-Greeley-CO/35100267/,"Greeley, CO 80631",0.15,350000.0,40.395690645275,-104.69657283495,336.5,1000,XS,33.65%,145,WELD COUNTY PUBLIC WORKS DEPARTMENT (145 trucks),89000,11544,8121490.24,"$350,000.00"
Sol_020,422 Perry St,https://www.loopnet.com/Listing/422-Perry-St-Castle-Rock-CO/38421711/,"Castle Rock, CO 80104",0.24,605821.24,39.374148794158,-104.858322527659,2577.81,5000,M,51.56%,389,GREAT SOUTHWESTERN CONSTRUCTION INC (280 trucks) | TOWN OF CASTLE ROCK  (109 trucks),89000,11544,8121490.24,"$605,821.24"
Sol_020,1319 Sheridan Blvd,https://www.loopnet.com/Listing/1319-1327-Sheridan-Blvd-Lakewood-CO/38343110/,"Lakewood, CO 80214",0.3,999998.0,39.737113071483,-105.053491874157,7437.9400000000005,10000,L,74.38%,1222,COMPASS VEHICLE RENTAL INC (170 trucks) | JEFFERSON COUNTY (120 trucks) | JEFFCO SCHOOLS (274 trucks) | SITEWISE LLC (145 trucks) | CITY OF ARVADA (100 trucks) | HOLCIM WCR INC (298 trucks) | ENIVIRONMENTAL LANDWORKS COMPANY INC (115 trucks),89000,11544,8121490.24,"$999,998.00"
Sol_020,239 S Main St,https://www.loopnet.com/Listing/239-S-Main-St-Brighton-CO/27424620/,"Brighton, CO 80601",0.31,250000.0,39.982905257485,-104.822555605705,1694.9,2000,S,84.75%,267,G&Z TRANSPORT LLC (147 trucks) | SIM TRUCKING INC (120 trucks),89000,11544,8121490.24,"$250,000.00"
Sol_020,606 W Colfax Ave,https://www.loopnet.com/Listing/606-W-Colfax-Ave-Denver-CO/26992476/,"Denver, CO 80204",0.31,1475000.0,39.739741342952,-104.995589435564,8930.12,10000,L,89.30%,1122,MPLX G&P (144 trucks) | RES (149 trucks) | CONCRETE EXPRESS INC (128 trucks) | FARMERS ALL NATURAL (121 trucks) | CO TRAN LLC (275 trucks) | COORS DISTRIBUTING COMPANY MILLER COORS LLC (105 trucks) | U S TRANSPORT INC (200 trucks),89000,11544,8121490.24,"$1,475,000.00"
Sol_020,1560 N Academy Blvd,https://www.loopnet.com/Listing/1560-N-Academy-Blvd-Colorado-Springs-CO/3886433/,"Colorado Springs, CO 80909",0.64,416700.0,38.854776988204,-104.75774002483,5689.619999999999,10000,L,56.90%,1031,COLORADO SPRINGS SCHOOL DISTRICT 11 (130 trucks) | MOUNTAIN METROPOLITAN TRANSIT (144 trucks) | CITY OF COLORADO SPRINGS (326 trucks) | El PASO COUNTY (112 trucks) | GOODWILL OF COLORADO (134 trucks) | VECTRUS SYSTEMS CORPORATION (185 trucks),89000,11544,8121490.24,"$416,700.00"
Sol_020,4237 McWhinney Blvd,https://www.loopnet.com/Listing/4237-McWhinney-Blvd-Loveland-CO/23974785/,"Loveland, CO 80538",0.65,871347.9,40.408208389025,-105.017378025231,252.96,1000,XS,25.30%,109,LOVELAND MUNICIPALITY (109 trucks),89000,11544,8121490.24,"$871,347.90"
Sol_020,10431 Quari St,https://www.loopnet.com/Listing/10431-Quari-St-Commerce-City-CO/29119294/,"Commerce City, CO 80022",0.72,270000.0,39.886267655476,-104.844980046547,9765.92,10000,L,97.66%,1716,ENVIRONMENTAL DESIGNS LLC (156 trucks) | BALIC TRANSPORT INC (120 trucks) | BURNCO COLORADO LLC (146 trucks) | WEST DIRECT OIL (140 trucks) | OFFEN PETROLEUM LLC (269 trucks) | ADAMS 12 FIVE STAR SCHOOLS (182 trucks) | CITY OF THORNTON (208 trucks) | CITY OF THORNTON (174 trucks) | TRI-STATE GENERATION & TRANSMISSION ASSOCIATION INC (321 trucks),89000,11544,8121490.24,"$270,000.00"
Sol_020,NEC N Fairgrounds Ave,https://www.loopnet.com/Listing/NEC-N-Fairgrounds-Ave-Windsor-CO/29890025/,"Windsor, CO 80528",0.74,483449.0,40.437732372143,-104.982630626628,3990.5600000000004,5000,M,79.81%,575,LARIMER COUNTY (131 trucks) | NOVUS AG LLC (444 trucks),89000,11544,8121490.24,"$483,449.00"
Sol_020,11958 Lincoln Ave,https://www.loopnet.com/Listing/Lincoln-Ave-Parker-CO/39741118/,"Parker, CO 80138",0.86,495000.0,39.536519536914,-104.76116705724,18264.289999999997,20000,XL,91.32%,2581,ACCELERATED SERVICES LLC (373 trucks) | AMERICAN FURNITURE WAREHOUSE CO (340 trucks) | TERRACARE ASSOCIATES LLC (156 trucks) | IHC SCOTT INC (214 trucks) | BUCKLEY POWDER CO (217 trucks) | CH2M OMI CH2MHILL JACOBS (183 trucks) | ORICA USA INC (215 trucks) | CHERRY CREEK SCHOOLS (352 trucks) | HBSCO DANS TRASH AT YOUR DISPOSAL (110 trucks) | ENTERPRISE RENT-A-CAR NATIONAL RENT A CAR ALAMO RENT A CAR (421 trucks),89000,11544,8121490.24,"$495,000.00"
Sol_020,3311 Ideal Drive Dr,https://www.loopnet.com/Listing/3311-Ideal-Drive-Dr-Frederick-CO/35744244/,"Frederick, CO 80516",1.0,949000.0,40.087044076103,-104.992966989518,4928.75,5000,M,98.58%,991,SUPREME TRANSPORT INC (183 trucks) | WARD ELECTRIC COMPANY INC (222 trucks) | CITY OF LONGMONT (211 trucks) | ST VRAIN VALLEY SCHOOL DISTRICT (174 trucks) | HEAT WAVES HOT OIL SERVICE LLC (201 trucks),89000,11544,8121490.24,"$949,000.00"
Sol_020,Colfax Ave & Airport Blvd,https://www.loopnet.com/Listing/Colfax-Ave-Airport-Blvd-Aurora-CO/24946845/,"Aurora, CO 80011",1.1,955174.1,39.740269989586,-104.791334022205,9801.08,10000,L,98.01%,1396,METCO LANDSCAPING INC (226 trucks) | WAGNER EQUIPMENT CO (423 trucks) | AURORA PUBLIC SCHOOLS (127 trucks) | CITY OF AURORA (271 trucks) | SHAMROCK FOODS COMPANY (214 trucks) | SWINGLE TREE & LANDSCAPE CARE (135 trucks),89000,11544,8121490.24,"$955,174.10"
Sol_021,2544 11th Ave,https://www.loopnet.com/Listing/2544-11th-Ave-Greeley-CO/35100267/,"Greeley, CO 80631",0.15,350000.0,40.395690645275,-104.69657283495,336.5,1000,XS,33.65%,145,WELD COUNTY PUBLIC WORKS DEPARTMENT (145 trucks),89000,11864,8815670.0,"$350,000.00"
Sol_021,1339 Sheridan Blvd,https://www.loopnet.com/Listing/1339-Sheridan-Blvd-Lakewood-CO/29629654/,"Lakewood, CO 80214",0.18,299999.0,39.737415742007,-105.053556666269,4008.78,5000,M,80.18%,809,COMPASS VEHICLE RENTAL INC (170 trucks) | JEFFERSON COUNTY (120 trucks) | JEFFCO SCHOOLS (274 trucks) | SITEWISE LLC (145 trucks) | CITY OF ARVADA (100 trucks),89000,11864,8815670.0,"$299,999.00"
Sol_021,239 S Main St,https://www.loopnet.com/Listing/239-S-Main-St-Brighton-CO/27424620/,"Brighton, CO 80601",0.31,250000.0,39.982905257485,-104.822555605705,1694.9,2000,S,84.75%,267,G&Z TRANSPORT LLC (147 trucks) | SIM TRUCKING INC (120 trucks),89000,11864,8815670.0,"$250,000.00"
Sol_021,606 W Colfax Ave,https://www.loopnet.com/Listing/606-W-Colfax-Ave-Denver-CO/26992476/,"Denver, CO 80204",0.31,1475000.0,39.739741342952,-104.995589435564,8930.12,10000,L,89.30%,1122,MPLX G&P (144 trucks) | RES (149 trucks) | CONCRETE EXPRESS INC (128 trucks) | FARMERS ALL NATURAL (121 trucks) | CO TRAN LLC (275 trucks) | COORS DISTRIBUTING COMPANY MILLER COORS LLC (105 trucks) | U S TRANSPORT INC (200 trucks),89000,11864,8815670.0,"$1,475,000.00"
Sol_021,1560 N Academy Blvd,https://www.loopnet.com/Listing/1560-N-Academy-Blvd-Colorado-Springs-CO/3886433/,"Colorado Springs, CO 80909",0.64,416700.0,38.854776988204,-104.75774002483,5689.619999999999,10000,L,56.90%,1031,COLORADO SPRINGS SCHOOL DISTRICT 11 (130 trucks) | MOUNTAIN METROPOLITAN TRANSIT (144 trucks) | CITY OF COLORADO SPRINGS (326 trucks) | El PASO COUNTY (112 trucks) | GOODWILL OF COLORADO (134 trucks) | VECTRUS SYSTEMS CORPORATION (185 trucks),89000,11864,8815670.0,"$416,700.00"
Sol_021,4237 McWhinney Blvd,https://www.loopnet.com/Listing/4237-McWhinney-Blvd-Loveland-CO/23974785/,"Loveland, CO 80538",0.65,871347.9,40.408208389025,-105.017378025231,252.96,1000,XS,25.30%,109,LOVELAND MUNICIPALITY (109 trucks),89000,11864,8815670.0,"$871,347.90"
Sol_021,10431 Quari St,https://www.loopnet.com/Listing/10431-Quari-St-Commerce-City-CO/29119294/,"Commerce City, CO 80022",0.72,270000.0,39.886267655476,-104.844980046547,9765.92,10000,L,97.66%,1716,ENVIRONMENTAL DESIGNS LLC (156 trucks) | BALIC TRANSPORT INC (120 trucks) | BURNCO COLORADO LLC (146 trucks) | WEST DIRECT OIL (140 trucks) | OFFEN PETROLEUM LLC (269 trucks) | ADAMS 12 FIVE STAR SCHOOLS (182 trucks) | CITY OF THORNTON (208 trucks) | CITY OF THORNTON (174 trucks) | TRI-STATE GENERATION & TRANSMISSION ASSOCIATION INC (321 trucks),89000,11864,8815670.0,"$270,000.00"
Sol_021,NEC N Fairgrounds Ave,https://www.loopnet.com/Listing/NEC-N-Fairgrounds-Ave-Windsor-CO/29890025/,"Windsor, CO 80528",0.74,483449.0,40.437732372143,-104.982630626628,3990.5600000000004,5000,M,79.81%,575,LARIMER COUNTY (131 trucks) | NOVUS AG LLC (444 trucks),89000,11864,8815670.0,"$483,449.00"
Sol_021,11958 Lincoln Ave,https://www.loopnet.com/Listing/Lincoln-Ave-Parker-CO/39741118/,"Parker, CO 80138",0.86,495000.0,39.536519536914,-104.76116705724,19379.71,20000,XL,96.90%,2601,ACCELERATED SERVICES LLC (373 trucks) | AMERICAN FURNITURE WAREHOUSE CO (340 trucks) | TERRACARE ASSOCIATES LLC (156 trucks) | IHC SCOTT INC (214 trucks) | BUCKLEY POWDER CO (217 trucks) | ORICA USA INC (215 trucks) | CHERRY CREEK SCHOOLS (352 trucks) | HBSCO DANS TRASH AT YOUR DISPOSAL (110 trucks) | GLOBAL TRANSPORTATION LLC (442 trucks) | WHEEL PROS LLC (182 trucks),89000,11864,8815670.0,"$495,000.00"
Sol_021,3311 Ideal Drive Dr,https://www.loopnet.com/Listing/3311-Ideal-Drive-Dr-Frederick-CO/35744244/,"Frederick, CO 80516",1.0,949000.0,40.087044076103,-104.992966989518,4928.75,5000,M,98.58%,991,SUPREME TRANSPORT INC (183 trucks) | WARD ELECTRIC COMPANY INC (222 trucks) | CITY OF LONGMONT (211 trucks) | ST VRAIN VALLEY SCHOOL DISTRICT (174 trucks) | HEAT WAVES HOT OIL SERVICE LLC (201 trucks),89000,11864,8815670.0,"$949,000.00"
Sol_021,Colfax Ave & Airport Blvd,https://www.loopnet.com/Listing/Colfax-Ave-Airport-Blvd-Aurora-CO/24946845/,"Aurora, CO 80011",1.1,955174.1,39.740269989586,-104.791334022205,9801.08,10000,L,98.01%,1396,METCO LANDSCAPING INC (226 trucks) | WAGNER EQUIPMENT CO (423 trucks) | AURORA PUBLIC SCHOOLS (127 trucks) | CITY OF AURORA (271 trucks) | SHAMROCK FOODS COMPANY (214 trucks) | SWINGLE TREE & LANDSCAPE CARE (135 trucks),89000,11864,8815670.0,"$955,174.10"
Sol_021,I-25 And Castle Pines Parkway,https://www.loopnet.com/Listing/I-25-And-Castle-Pines-Parkway-Castle-Rock-CO/32045010/,"Castle Rock, CO 80108",1.89,2000000.0,39.471987019978,-104.872723978419,7548.509999999999,10000,L,75.49%,1102,TOWN OF CASTLE ROCK  (109 trucks) | CH2M OMI CH2MHILL JACOBS (183 trucks) | ENTERPRISE RENT-A-CAR NATIONAL RENT A CAR ALAMO RENT A CAR (421 trucks) | GREAT SOUTHWESTERN CONSTRUCTION INC (280 trucks) | PACIFIC SHIPPING & TRUCKING CO INC (109 trucks),89000,11864,8815670.0,"$2,000,000.00"
Sol_022,2544 11th Ave,https://www.loopnet.com/Listing/2544-11th-Ave-Greeley-CO/35100267/,"Greeley, CO 80631",0.15,350000.0,40.395690645275,-104.69657283495,336.5,1000,XS,33.65%,145,WELD COUNTY PUBLIC WORKS DEPARTMENT (145 trucks),94000,12277,9515669.0,"$350,000.00"
Sol_022,1319 Sheridan Blvd,https://www.loopnet.com/Listing/1319-1327-Sheridan-Blvd-Lakewood-CO/38343110/,"Lakewood, CO 80214",0.3,999998.0,39.737113071483,-105.053491874157,7437.9400000000005,10000,L,74.38%,1222,COMPASS VEHICLE RENTAL INC (170 trucks) | JEFFERSON COUNTY (120 trucks) | JEFFCO SCHOOLS (274 trucks) | SITEWISE LLC (145 trucks) | CITY OF ARVADA (100 trucks) | HOLCIM WCR INC (298 trucks) | ENIVIRONMENTAL LANDWORKS COMPANY INC (115 trucks),94000,12277,9515669.0,"$999,998.00"
Sol_022,239 S Main St,https://www.loopnet.com/Listing/239-S-Main-St-Brighton-CO/27424620/,"Brighton, CO 80601",0.31,250000.0,39.982905257485,-104.822555605705,1694.9,2000,S,84.75%,267,G&Z TRANSPORT LLC (147 trucks) | SIM TRUCKING INC (120 trucks),94000,12277,9515669.0,"$250,000.00"
Sol_022,606 W Colfax Ave,https://www.loopnet.com/Listing/606-W-Colfax-Ave-Denver-CO/26992476/,"Denver, CO 80204",0.31,1475000.0,39.739741342952,-104.995589435564,8930.12,10000,L,89.30%,1122,MPLX G&P (144 trucks) | RES (149 trucks) | CONCRETE EXPRESS INC (128 trucks) | FARMERS ALL NATURAL (121 trucks) | CO TRAN LLC (275 trucks) | COORS DISTRIBUTING COMPANY MILLER COORS LLC (105 trucks) | U S TRANSPORT INC (200 trucks),94000,12277,9515669.0,"$1,475,000.00"
Sol_022,1560 N Academy Blvd,https://www.loopnet.com/Listing/1560-N-Academy-Blvd-Colorado-Springs-CO/3886433/,"Colorado Springs, CO 80909",0.64,416700.0,38.854776988204,-104.75774002483,5689.619999999999,10000,L,56.90%,1031,COLORADO SPRINGS SCHOOL DISTRICT 11 (130 trucks) | MOUNTAIN METROPOLITAN TRANSIT (144 trucks) | CITY OF COLORADO SPRINGS (326 trucks) | El PASO COUNTY (112 trucks) | GOODWILL OF COLORADO (134 trucks) | VECTRUS SYSTEMS CORPORATION (185 trucks),94000,12277,9515669.0,"$416,700.00"
Sol_022,4237 McWhinney Blvd,https://www.loopnet.com/Listing/4237-McWhinney-Blvd-Loveland-CO/23974785/,"Loveland, CO 80538",0.65,871347.9,40.408208389025,-105.017378025231,252.96,1000,XS,25.30%,109,LOVELAND MUNICIPALITY (109 trucks),94000,12277,9515669.0,"$871,347.90"
Sol_022,10431 Quari St,https://www.loopnet.com/Listing/10431-Quari-St-Commerce-City-CO/29119294/,"Commerce City, CO 80022",0.72,270000.0,39.886267655476,-104.844980046547,9765.92,10000,L,97.66%,1716,ENVIRONMENTAL DESIGNS LLC (156 trucks) | BALIC TRANSPORT INC (120 trucks) | BURNCO COLORADO LLC (146 trucks) | WEST DIRECT OIL (140 trucks) | OFFEN PETROLEUM LLC (269 trucks) | ADAMS 12 FIVE STAR SCHOOLS (182 trucks) | CITY OF THORNTON (208 trucks) | CITY OF THORNTON (174 trucks) | TRI-STATE GENERATION & TRANSMISSION ASSOCIATION INC (321 trucks),94000,12277,9515669.0,"$270,000.00"
Sol_022,NEC N Fairgrounds Ave,https://www.loopnet.com/Listing/NEC-N-Fairgrounds-Ave-Windsor-CO/29890025/,"Windsor, CO 80528",0.74,483449.0,40.437732372143,-104.982630626628,3990.5600000000004,5000,M,79.81%,575,LARIMER COUNTY (131 trucks) | NOVUS AG LLC (444 trucks),94000,12277,9515669.0,"$483,449.00"
Sol_022,11958 Lincoln Ave,https://www.loopnet.com/Listing/Lincoln-Ave-Parker-CO/39741118/,"Parker, CO 80138",0.86,495000.0,39.536519536914,-104.76116705724,19379.71,20000,XL,96.90%,2601,ACCELERATED SERVICES LLC (373 trucks) | AMERICAN FURNITURE WAREHOUSE CO (340 trucks) | TERRACARE ASSOCIATES LLC (156 trucks) | IHC SCOTT INC (214 trucks) | BUCKLEY POWDER CO (217 trucks) | ORICA USA INC (215 trucks) | CHERRY CREEK SCHOOLS (352 trucks) | HBSCO DANS TRASH AT YOUR DISPOSAL (110 trucks) | GLOBAL TRANSPORTATION LLC (442 trucks) | WHEEL PROS LLC (182 trucks),94000,12277,9515669.0,"$495,000.00"
Sol_022,3311 Ideal Drive Dr,https://www.loopnet.com/Listing/3311-Ideal-Drive-Dr-Frederick-CO/35744244/,"Frederick, CO 80516",1.0,949000.0,40.087044076103,-104.992966989518,4928.75,5000,M,98.58%,991,SUPREME TRANSPORT INC (183 trucks) | WARD ELECTRIC COMPANY INC (222 trucks) | CITY OF LONGMONT (211 trucks) | ST VRAIN VALLEY SCHOOL DISTRICT (174 trucks) | HEAT WAVES HOT OIL SERVICE LLC (201 trucks),94000,12277,9515669.0,"$949,000.00"
Sol_022,Colfax Ave & Airport Blvd,https://www.loopnet.com/Listing/Colfax-Ave-Airport-Blvd-Aurora-CO/24946845/,"Aurora, CO 80011",1.1,955174.1,39.740269989586,-104.791334022205,9801.08,10000,L,98.01%,1396,METCO LANDSCAPING INC (226 trucks) | WAGNER EQUIPMENT CO (423 trucks) | AURORA PUBLIC SCHOOLS (127 trucks) | CITY OF AURORA (271 trucks) | SHAMROCK FOODS COMPANY (214 trucks) | SWINGLE TREE & LANDSCAPE CARE (135 trucks),94000,12277,9515669.0,"$955,174.10"
Sol_022,I-25 And Castle Pines Parkway,https://www.loopnet.com/Listing/I-25-And-Castle-Pines-Parkway-Castle-Rock-CO/32045010/,"Castle Rock, CO 80108",1.89,2000000.0,39.471987019978,-104.872723978419,7548.509999999999,10000,L,75.49%,1102,TOWN OF CASTLE ROCK  (109 trucks) | CH2M OMI CH2MHILL JACOBS (183 trucks) | ENTERPRISE RENT-A-CAR NATIONAL RENT A CAR ALAMO RENT A CAR (421 trucks) | GREAT SOUTHWESTERN CONSTRUCTION INC (280 trucks) | PACIFIC SHIPPING & TRUCKING CO INC (109 trucks),94000,12277,9515669.0,"$2,000,000.00"
Sol_023,2544 11th Ave,https://www.loopnet.com/Listing/2544-11th-Ave-Greeley-CO/35100267/,"Greeley, CO 80631",0.15,350000.0,40.395690645275,-104.69657283495,336.5,1000,XS,33.65%,145,WELD COUNTY PUBLIC WORKS DEPARTMENT (145 trucks),89000,11544,8121490.24,"$350,000.00"
Sol_023,422 Perry St,https://www.loopnet.com/Listing/422-Perry-St-Castle-Rock-CO/38421711/,"Castle Rock, CO 80104",0.24,605821.24,39.374148794158,-104.858322527659,2577.81,5000,M,51.56%,389,GREAT SOUTHWESTERN CONSTRUCTION INC (280 trucks) | TOWN OF CASTLE ROCK  (109 trucks),89000,11544,8121490.24,"$605,821.24"
Sol_023,1319 Sheridan Blvd,https://www.loopnet.com/Listing/1319-1327-Sheridan-Blvd-Lakewood-CO/38343110/,"Lakewood, CO 80214",0.3,999998.0,39.737113071483,-105.053491874157,7437.9400000000005,10000,L,74.38%,1222,COMPASS VEHICLE RENTAL INC (170 trucks) | JEFFERSON COUNTY (120 trucks) | JEFFCO SCHOOLS (274 trucks) | SITEWISE LLC (145 trucks) | CITY OF ARVADA (100 trucks) | HOLCIM WCR INC (298 trucks) | ENIVIRONMENTAL LANDWORKS COMPANY INC (115 trucks),89000,11544,8121490.24,"$999,998.00"
Sol_023,239 S Main St,https://www.loopnet.com/Listing/239-S-Main-St-Brighton-CO/27424620/,"Brighton, CO 80601",0.31,250000.0,39.982905257485,-104.822555605705,1694.9,2000,S,84.75%,267,G&Z TRANSPORT LLC (147 trucks) | SIM TRUCKING INC (120 trucks),89000,11544,8121490.24,"$250,000.00"
Sol_023,606 W Colfax Ave,https://www.loopnet.com/Listing/606-W-Colfax-Ave-Denver-CO/26992476/,"Denver, CO 80204",0.31,1475000.0,39.739741342952,-104.995589435564,8930.12,10000,L,89.30%,1122,MPLX G&P (144 trucks) | RES (149 trucks) | CONCRETE EXPRESS INC (128 trucks) | FARMERS ALL NATURAL (121 trucks) | CO TRAN LLC (275 trucks) | COORS DISTRIBUTING COMPANY MILLER COORS LLC (105 trucks) | U S TRANSPORT INC (200 trucks),89000,11544,8121490.24,"$1,475,000.00"
Sol_023,1560 N Academy Blvd,https://www.loopnet.com/Listing/1560-N-Academy-Blvd-Colorado-Springs-CO/3886433/,"Colorado Springs, CO 80909",0.64,416700.0,38.854776988204,-104.75774002483,5689.619999999999,10000,L,56.90%,1031,COLORADO SPRINGS SCHOOL DISTRICT 11 (130 trucks) | MOUNTAIN METROPOLITAN TRANSIT (144 trucks) | CITY OF COLORADO SPRINGS (326 trucks) | El PASO COUNTY (112 trucks) | GOODWILL OF COLORADO (134 trucks) | VECTRUS SYSTEMS CORPORATION (185 trucks),89000,11544,8121490.24,"$416,700.00"
Sol_023,4237 McWhinney Blvd,https://www.loopnet.com/Listing/4237-McWhinney-Blvd-Loveland-CO/23974785/,"Loveland, CO 80538",0.65,871347.9,40.408208389025,-105.017378025231,252.96,1000,XS,25.30%,109,LOVELAND MUNICIPALITY (109 trucks),89000,11544,8121490.24,"$871,347.90"
Sol_023,10431 Quari St,https://www.loopnet.com/Listing/10431-Quari-St-Commerce-City-CO/29119294/,"Commerce City, CO 80022",0.72,270000.0,39.886267655476,-104.844980046547,9765.92,10000,L,97.66%,1716,ENVIRONMENTAL DESIGNS LLC (156 trucks) | BALIC TRANSPORT INC (120 trucks) | BURNCO COLORADO LLC (146 trucks) | WEST DIRECT OIL (140 trucks) | OFFEN PETROLEUM LLC (269 trucks) | ADAMS 12 FIVE STAR SCHOOLS (182 trucks) | CITY OF THORNTON (208 trucks) | CITY OF THORNTON (174 trucks) | TRI-STATE GENERATION & TRANSMISSION ASSOCIATION INC (321 trucks),89000,11544,8121490.24,"$270,000.00"
Sol_023,NEC N Fairgrounds Ave,https://www.loopnet.com/Listing/NEC-N-Fairgrounds-Ave-Windsor-CO/29890025/,"Windsor, CO 80528",0.74,483449.0,40.437732372143,-104.982630626628,3990.5600000000004,5000,M,79.81%,575,LARIMER COUNTY (131 trucks) | NOVUS AG LLC (444 trucks),89000,11544,8121490.24,"$483,449.00"
Sol_023,11958 Lincoln Ave,https://www.loopnet.com/Listing/Lincoln-Ave-Parker-CO/39741118/,"Parker, CO 80138",0.86,495000.0,39.536519536914,-104.76116705724,18264.289999999997,20000,XL,91.32%,2581,ACCELERATED SERVICES LLC (373 trucks) | AMERICAN FURNITURE WAREHOUSE CO (340 trucks) | TERRACARE ASSOCIATES LLC (156 trucks) | IHC SCOTT INC (214 trucks) | BUCKLEY POWDER CO (217 trucks) | CH2M OMI CH2MHILL JACOBS (183 trucks) | ORICA USA INC (215 trucks) | CHERRY CREEK SCHOOLS (352 trucks) | HBSCO DANS TRASH AT YOUR DISPOSAL (110 trucks) | ENTERPRISE RENT-A-CAR NATIONAL RENT A CAR ALAMO RENT A CAR (421 trucks),89000,11544,8121490.24,"$495,000.00"
Sol_023,3311 Ideal Drive Dr,https://www.loopnet.com/Listing/3311-Ideal-Drive-Dr-Frederick-CO/35744244/,"Frederick, CO 80516",1.0,949000.0,40.087044076103,-104.992966989518,4928.75,5000,M,98.58%,991,SUPREME TRANSPORT INC (183 trucks) | WARD ELECTRIC COMPANY INC (222 trucks) | CITY OF LONGMONT (211 trucks) | ST VRAIN VALLEY SCHOOL DISTRICT (174 trucks) | HEAT WAVES HOT OIL SERVICE LLC (201 trucks),89000,11544,8121490.24,"$949,000.00"
Sol_023,Colfax Ave & Airport Blvd,https://www.loopnet.com/Listing/Colfax-Ave-Airport-Blvd-Aurora-CO/24946845/,"Aurora, CO 80011",1.1,955174.1,39.740269989586,-104.791334022205,9801.08,10000,L,98.01%,1396,METCO LANDSCAPING INC (226 trucks) | WAGNER EQUIPMENT CO (423 trucks) | AURORA PUBLIC SCHOOLS (127 trucks) | CITY OF AURORA (271 trucks) | SHAMROCK FOODS COMPANY (214 trucks) | SWINGLE TREE & LANDSCAPE CARE (135 trucks),89000,11544,8121490.24,"$955,174.10"
Sol_024,2544 11th Ave,https://www.loopnet.com/Listing/2544-11th-Ave-Greeley-CO/35100267/,"Greeley, CO 80631",0.15,350000.0,40.395690645275,-104.69657283495,336.5,1000,XS,33.65%,145,WELD COUNTY PUBLIC WORKS DEPARTMENT (145 trucks),89000,11864,8815670.0,"$350,000.00"
Sol_024,1339 Sheridan Blvd,https://www.loopnet.com/Listing/1339-Sheridan-Blvd-Lakewood-CO/29629654/,"Lakewood, CO 80214",0.18,299999.0,39.737415742007,-105.053556666269,4008.78,5000,M,80.18%,809,COMPASS VEHICLE RENTAL INC (170 trucks) | JEFFERSON COUNTY (120 trucks) | JEFFCO SCHOOLS (274 trucks) | SITEWISE LLC (145 trucks) | CITY OF ARVADA (100 trucks),89000,11864,8815670.0,"$299,999.00"
Sol_024,239 S Main St,https://www.loopnet.com/Listing/239-S-Main-St-Brighton-CO/27424620/,"Brighton, CO 80601",0.31,250000.0,39.982905257485,-104.822555605705,1694.9,2000,S,84.75%,267,G&Z TRANSPORT LLC (147 trucks) | SIM TRUCKING INC (120 trucks),89000,11864,8815670.0,"$250,000.00"
Sol_024,606 W Colfax Ave,https://www.loopnet.com/Listing/606-W-Colfax-Ave-Denver-CO/26992476/,"Denver, CO 80204",0.31,1475000.0,39.739741342952,-104.995589435564,8930.12,10000,L,89.30%,1122,MPLX G&P (144 trucks) | RES (149 trucks) | CONCRETE EXPRESS INC (128 trucks) | FARMERS ALL NATURAL (121 trucks) | CO TRAN LLC (275 trucks) | COORS DISTRIBUTING COMPANY MILLER COORS LLC (105 trucks) | U S TRANSPORT INC (200 trucks),89000,11864,8815670.0,"$1,475,000.00"
Sol_024,1560 N Academy Blvd,https://www.loopnet.com/Listing/1560-N-Academy-Blvd-Colorado-Springs-CO/3886433/,"Colorado Springs, CO 80909",0.64,416700.0,38.854776988204,-104.75774002483,5689.619999999999,10000,L,56.90%,1031,COLORADO SPRINGS SCHOOL DISTRICT 11 (130 trucks) | MOUNTAIN METROPOLITAN TRANSIT (144 trucks) | CITY OF COLORADO SPRINGS (326 trucks) | El PASO COUNTY (112 trucks) | GOODWILL OF COLORADO (134 trucks) | VECTRUS SYSTEMS CORPORATION (185 trucks),89000,11864,8815670.0,"$416,700.00"
Sol_024,4237 McWhinney Blvd,https://www.loopnet.com/Listing/4237-McWhinney-Blvd-Loveland-CO/23974785/,"Loveland, CO 80538",0.65,871347.9,40.408208389025,-105.017378025231,252.96,1000,XS,25.30%,109,LOVELAND MUNICIPALITY (109 trucks),89000,11864,8815670.0,"$871,347.90"
Sol_024,10431 Quari St,https://www.loopnet.com/Listing/10431-Quari-St-Commerce-City-CO/29119294/,"Commerce City, CO 80022",0.72,270000.0,39.886267655476,-104.844980046547,9765.92,10000,L,97.66%,1716,ENVIRONMENTAL DESIGNS LLC (156 trucks) | BALIC TRANSPORT INC (120 trucks) | BURNCO COLORADO LLC (146 trucks) | WEST DIRECT OIL (140 trucks) | OFFEN PETROLEUM LLC (269 trucks) | ADAMS 12 FIVE STAR SCHOOLS (182 trucks) | CITY OF THORNTON (208 trucks) | CITY OF THORNTON (174 trucks) | TRI-STATE GENERATION & TRANSMISSION ASSOCIATION INC (321 trucks),89000,11864,8815670.0,"$270,000.00"
Sol_024,NEC N Fairgrounds Ave,https://www.loopnet.com/Listing/NEC-N-Fairgrounds-Ave-Windsor-CO/29890025/,"Windsor, CO 80528",0.74,483449.0,40.437732372143,-104.982630626628,3990.5600000000004,5000,M,79.81%,575,LARIMER COUNTY (131 trucks) | NOVUS AG LLC (444 trucks),89000,11864,8815670.0,"$483,449.00"
Sol_024,11958 Lincoln Ave,https://www.loopnet.com/Listing/Lincoln-Ave-Parker-CO/39741118/,"Parker, CO 80138",0.86,495000.0,39.536519536914,-104.76116705724,19379.71,20000,XL,96.90%,2601,ACCELERATED SERVICES LLC (373 trucks) | AMERICAN FURNITURE WAREHOUSE CO (340 trucks) | TERRACARE ASSOCIATES LLC (156 trucks) | IHC SCOTT INC (214 trucks) | BUCKLEY POWDER CO (217 trucks) | ORICA USA INC (215 trucks) | CHERRY CREEK SCHOOLS (352 trucks) | HBSCO DANS TRASH AT YOUR DISPOSAL (110 trucks) | GLOBAL TRANSPORTATION LLC (442 trucks) | WHEEL PROS LLC (182 trucks),89000,11864,8815670.0,"$495,000.00"
Sol_024,3311 Ideal Drive Dr,https://www.loopnet.com/Listing/3311-Ideal-Drive-Dr-Frederick-CO/35744244/,"Frederick, CO 80516",1.0,949000.0,40.087044076103,-104.992966989518,4928.75,5000,M,98.58%,991,SUPREME TRANSPORT INC (183 trucks) | WARD ELECTRIC COMPANY INC (222 trucks) | CITY OF LONGMONT (211 trucks) | ST VRAIN VALLEY SCHOOL DISTRICT (174 trucks) | HEAT WAVES HOT OIL SERVICE LLC (201 trucks),89000,11864,8815670.0,"$949,000.00"
Sol_024,Colfax Ave & Airport Blvd,https://www.loopnet.com/Listing/Colfax-Ave-Airport-Blvd-Aurora-CO/24946845/,"Aurora, CO 80011",1.1,955174.1,39.740269989586,-104.791334022205,9801.08,10000,L,98.01%,1396,METCO LANDSCAPING INC (226 trucks) | WAGNER EQUIPMENT CO (423 trucks) | AURORA PUBLIC SCHOOLS (127 trucks) | CITY OF AURORA (271 trucks) | SHAMROCK FOODS COMPANY (214 trucks) | SWINGLE TREE & LANDSCAPE CARE (135 trucks),89000,11864,8815670.0,"$955,174.10"
Sol_024,I-25 And Castle Pines Parkway,https://www.loopnet.com/Listing/I-25-And-Castle-Pines-Parkway-Castle-Rock-CO/32045010/,"Castle Rock, CO 80108",1.89,2000000.0,39.471987019978,-104.872723978419,7548.509999999999,10000,L,75.49%,1102,TOWN OF CASTLE ROCK  (109 trucks) | CH2M OMI CH2MHILL JACOBS (183 trucks) | ENTERPRISE RENT-A-CAR NATIONAL RENT A CAR ALAMO RENT A CAR (421 trucks) | GREAT SOUTHWESTERN CONSTRUCTION INC (280 trucks) | PACIFIC SHIPPING & TRUCKING CO INC (109 trucks),89000,11864,8815670.0,"$2,000,000.00"
Sol_025,2544 11th Ave,https://www.loopnet.com/Listing/2544-11th-Ave-Greeley-CO/35100267/,"Greeley, CO 80631",0.15,350000.0,40.395690645275,-104.69657283495,336.5,1000,XS,33.65%,145,WELD COUNTY PUBLIC WORKS DEPARTMENT (145 trucks),109000,13397,8540491.24,"$350,000.00"
Sol_025,1339 Sheridan Blvd,https://www.loopnet.com/Listing/1339-Sheridan-Blvd-Lakewood-CO/29629654/,"Lakewood, CO 80214",0.18,299999.0,39.737415742007,-105.053556666269,4008.78,5000,M,80.18%,809,COMPASS VEHICLE RENTAL INC (170 trucks) | JEFFERSON COUNTY (120 trucks) | JEFFCO SCHOOLS (274 trucks) | SITEWISE LLC (145 trucks) | CITY OF ARVADA (100 trucks),109000,13397,8540491.24,"$299,999.00"
Sol_025,422 Perry St,https://www.loopnet.com/Listing/422-Perry-St-Castle-Rock-CO/38421711/,"Castle Rock, CO 80104",0.24,605821.24,39.374148794158,-104.858322527659,2577.81,5000,M,51.56%,389,GREAT SOUTHWESTERN CONSTRUCTION INC (280 trucks) | TOWN OF CASTLE ROCK  (109 trucks),109000,13397,8540491.24,"$605,821.24"
Sol_025,239 S Main St,https://www.loopnet.com/Listing/239-S-Main-St-Brighton-CO/27424620/,"Brighton, CO 80601",0.31,250000.0,39.982905257485,-104.822555605705,1694.9,2000,S,84.75%,267,G&Z TRANSPORT LLC (147 trucks) | SIM TRUCKING INC (120 trucks),109000,13397,8540491.24,"$250,000.00"
Sol_025,606 W Colfax Ave,https://www.loopnet.com/Listing/606-W-Colfax-Ave-Denver-CO/26992476/,"Denver, CO 80204",0.31,1475000.0,39.739741342952,-104.995589435564,8930.12,10000,L,89.30%,1122,MPLX G&P (144 trucks) | RES (149 trucks) | CONCRETE EXPRESS INC (128 trucks) | FARMERS ALL NATURAL (121 trucks) | CO TRAN LLC (275 trucks) | COORS DISTRIBUTING COMPANY MILLER COORS LLC (105 trucks) | U S TRANSPORT INC (200 trucks),109000,13397,8540491.24,"$1,475,000.00"
Sol_025,1560 N Academy Blvd,https://www.loopnet.com/Listing/1560-N-Academy-Blvd-Colorado-Springs-CO/3886433/,"Colorado Springs, CO 80909",0.64,416700.0,38.854776988204,-104.75774002483,5689.619999999999,10000,L,56.90%,1031,COLORADO SPRINGS SCHOOL DISTRICT 11 (130 trucks) | MOUNTAIN METROPOLITAN TRANSIT (144 trucks) | CITY OF COLORADO SPRINGS (326 trucks) | El PASO COUNTY (112 trucks) | GOODWILL OF COLORADO (134 trucks) | VECTRUS SYSTEMS CORPORATION (185 trucks),109000,13397,8540491.24,"$416,700.00"
Sol_025,4237 McWhinney Blvd,https://www.loopnet.com/Listing/4237-McWhinney-Blvd-Loveland-CO/23974785/,"Loveland, CO 80538",0.65,871347.9,40.408208389025,-105.017378025231,252.96,1000,XS,25.30%,109,LOVELAND MUNICIPALITY (109 trucks),109000,13397,8540491.24,"$871,347.90"
Sol_025,10431 Quari St,https://www.loopnet.com/Listing/10431-Quari-St-Commerce-City-CO/29119294/,"Commerce City, CO 80022",0.72,270000.0,39.886267655476,-104.844980046547,4169.15,5000,M,83.38%,562,ENVIRONMENTAL DESIGNS LLC (156 trucks) | BALIC TRANSPORT INC (120 trucks) | BURNCO COLORADO LLC (146 trucks) | WEST DIRECT OIL (140 trucks),109000,13397,8540491.24,"$270,000.00"
Sol_025,NEC N Fairgrounds Ave,https://www.loopnet.com/Listing/NEC-N-Fairgrounds-Ave-Windsor-CO/29890025/,"Windsor, CO 80528",0.74,483449.0,40.437732372143,-104.982630626628,3990.5600000000004,5000,M,79.81%,575,LARIMER COUNTY (131 trucks) | NOVUS AG LLC (444 trucks),109000,13397,8540491.24,"$483,449.00"
Sol_025,11958 Lincoln Ave,https://www.loopnet.com/Listing/Lincoln-Ave-Parker-CO/39741118/,"Parker, CO 80138",0.86,495000.0,39.536519536914,-104.76116705724,18264.289999999997,20000,XL,91.32%,2581,ACCELERATED SERVICES LLC (373 trucks) | AMERICAN FURNITURE WAREHOUSE CO (340 trucks) | TERRACARE ASSOCIATES LLC (156 trucks) | IHC SCOTT INC (214 trucks) | BUCKLEY POWDER CO (217 trucks) | CH2M OMI CH2MHILL JACOBS (183 trucks) | ORICA USA INC (215 trucks) | CHERRY CREEK SCHOOLS (352 trucks) | HBSCO DANS TRASH AT YOUR DISPOSAL (110 trucks) | ENTERPRISE RENT-A-CAR NATIONAL RENT A CAR ALAMO RENT A CAR (421 trucks),109000,13397,8540491.24,"$495,000.00"
Sol_025,3311 Ideal Drive Dr,https://www.loopnet.com/Listing/3311-Ideal-Drive-Dr-Frederick-CO/35744244/,"Frederick, CO 80516",1.0,949000.0,40.087044076103,-104.992966989518,4928.75,5000,M,98.58%,991,SUPREME TRANSPORT INC (183 trucks) | WARD ELECTRIC COMPANY INC (222 trucks) | CITY OF LONGMONT (211 trucks) | ST VRAIN VALLEY SCHOOL DISTRICT (174 trucks) | HEAT WAVES HOT OIL SERVICE LLC (201 trucks),109000,13397,8540491.24,"$949,000.00"
Sol_025,Colfax Ave & Airport Blvd,https://www.loopnet.com/Listing/Colfax-Ave-Airport-Blvd-Aurora-CO/24946845/,"Aurora, CO 80011",1.1,955174.1,39.740269989586,-104.791334022205,9801.08,10000,L,98.01%,1396,METCO LANDSCAPING INC (226 trucks) | WAGNER EQUIPMENT CO (423 trucks) | AURORA PUBLIC SCHOOLS (127 trucks) | CITY OF AURORA (271 trucks) | SHAMROCK FOODS COMPANY (214 trucks) | SWINGLE TREE & LANDSCAPE CARE (135 trucks),109000,13397,8540491.24,"$955,174.10"
Sol_025,8850 Huron St,https://www.loopnet.com/Listing/8850-Huron-St-Thornton-CO/33061072/,"Thornton, CO 80260",1.26,349000.0,39.858426283979,-104.995662022846,18265.5,20000,XL,91.33%,2646,CITY OF THORNTON (208 trucks) | CITY OF THORNTON (174 trucks) | COCAL LANDSCAPE SERVICES INC (153 trucks) | COLD FRONT (121 trucks) | READY MIX CONCRETE COMPANY (191 trucks) | NAVAJO EXPRESS INC (309 trucks) | TRI-STATE GENERATION & TRANSMISSION ASSOCIATION INC (321 trucks) | WESTERN DISTRIBUTING TRANSPORTATION CORP (155 trucks) | RMS CRANES (139 trucks) | SURESHOT DRILLING LLC ATOZ FIELD SERVICES LLC DRILL TECH LLC PINNACLE DEVELOPMENT INC HDD SPECIALISTS LLC (135 trucks) | EAGLE ROCK DISTRIBUTING COMPANY OF COLORADO LLC (148 trucks) | OFFEN PETROLEUM LLC (269 trucks) | ALPINE MILLWORK COMPANY DBA ROCKY MOUNTAIN RELOAD (141 trucks) | ADAMS 12 FIVE STAR SCHOOLS (182 trucks),109000,13397,8540491.24,"$349,000.00"
Sol_025,691 S Arthur Ave,https://www.loopnet.com/Listing/691-S-Arthur-Ave-Louisville-CO/28363665/,"Louisville, CO 80027",1.82,770000.0,39.959650421496,-105.123043733241,5872.03,10000,L,58.72%,774,GEOSTABILIZATION INTERNATIONAL LLC (155 trucks) | BOULDER VALLEY SCHOOL DISTRICT RE-2 (134 trucks) | VIA MOBILITY SERVICES (196 trucks) | VIA MOBILITY SERVICES (116 trucks) | CU (173 trucks),109000,13397,8540491.24,"$770,000.00"
Sol_026,2544 11th Ave,https://www.loopnet.com/Listing/2544-11th-Ave-Greeley-CO/35100267/,"Greeley, CO 80631",0.15,350000.0,40.395690645275,-104.69657283495,336.5,1000,XS,33.65%,145,WELD COUNTY PUBLIC WORKS DEPARTMENT (145 trucks),100000,13032,8270491.24,"$350,000.00"
Sol_026,1339 Sheridan Blvd,https://www.loopnet.com/Listing/1339-Sheridan-Blvd-Lakewood-CO/29629654/,"Lakewood, CO 80214",0.18,299999.0,39.737415742007,-105.053556666269,4008.78,5000,M,80.18%,809,COMPASS VEHICLE RENTAL INC (170 trucks) | JEFFERSON COUNTY (120 trucks) | JEFFCO SCHOOLS (274 trucks) | SITEWISE LLC (145 trucks) | CITY OF ARVADA (100 trucks),100000,13032,8270491.24,"$299,999.00"
Sol_026,422 Perry St,https://www.loopnet.com/Listing/422-Perry-St-Castle-Rock-CO/38421711/,"Castle Rock, CO 80104",0.24,605821.24,39.374148794158,-104.858322527659,2577.81,5000,M,51.56%,389,GREAT SOUTHWESTERN CONSTRUCTION INC (280 trucks) | TOWN OF CASTLE ROCK  (109 trucks),100000,13032,8270491.24,"$605,821.24"
Sol_026,239 S Main St,https://www.loopnet.com/Listing/239-S-Main-St-Brighton-CO/27424620/,"Brighton, CO 80601",0.31,250000.0,39.982905257485,-104.822555605705,1694.9,2000,S,84.75%,267,G&Z TRANSPORT LLC (147 trucks) | SIM TRUCKING INC (120 trucks),100000,13032,8270491.24,"$250,000.00"
Sol_026,606 W Colfax Ave,https://www.loopnet.com/Listing/606-W-Colfax-Ave-Denver-CO/26992476/,"Denver, CO 80204",0.31,1475000.0,39.739741342952,-104.995589435564,8930.12,10000,L,89.30%,1122,MPLX G&P (144 trucks) | RES (149 trucks) | CONCRETE EXPRESS INC (128 trucks) | FARMERS ALL NATURAL (121 trucks) | CO TRAN LLC (275 trucks) | COORS DISTRIBUTING COMPANY MILLER COORS LLC (105 trucks) | U S TRANSPORT INC (200 trucks),100000,13032,8270491.24,"$1,475,000.00"
Sol_026,1560 N Academy Blvd,https://www.loopnet.com/Listing/1560-N-Academy-Blvd-Colorado-Springs-CO/3886433/,"Colorado Springs, CO 80909",0.64,416700.0,38.854776988204,-104.75774002483,5689.619999999999,10000,L,56.90%,1031,COLORADO SPRINGS SCHOOL DISTRICT 11 (130 trucks) | MOUNTAIN METROPOLITAN TRANSIT (144 trucks) | CITY OF COLORADO SPRINGS (326 trucks) | El PASO COUNTY (112 trucks) | GOODWILL OF COLORADO (134 trucks) | VECTRUS SYSTEMS CORPORATION (185 trucks),100000,13032,8270491.24,"$416,700.00"
Sol_026,4237 McWhinney Blvd,https://www.loopnet.com/Listing/4237-McWhinney-Blvd-Loveland-CO/23974785/,"Loveland, CO 80538",0.65,871347.9,40.408208389025,-105.017378025231,252.96,1000,XS,25.30%,109,LOVELAND MUNICIPALITY (109 trucks),100000,13032,8270491.24,"$871,347.90"
Sol_026,10431 Quari St,https://www.loopnet.com/Listing/10431-Quari-St-Commerce-City-CO/29119294/,"Commerce City, CO 80022",0.72,270000.0,39.886267655476,-104.844980046547,4169.15,5000,M,83.38%,562,ENVIRONMENTAL DESIGNS LLC (156 trucks) | BALIC TRANSPORT INC (120 trucks) | BURNCO COLORADO LLC (146 trucks) | WEST DIRECT OIL (140 trucks),100000,13032,8270491.24,"$270,000.00"
Sol_026,NEC N Fairgrounds Ave,https://www.loopnet.com/Listing/NEC-N-Fairgrounds-Ave-Windsor-CO/29890025/,"Windsor, CO 80528",0.74,483449.0,40.437732372143,-104.982630626628,3990.5600000000004,5000,M,79.81%,575,LARIMER COUNTY (131 trucks) | NOVUS AG LLC (444 trucks),100000,13032,8270491.24,"$483,449.00"
Sol_026,11958 Lincoln Ave,https://www.loopnet.com/Listing/Lincoln-Ave-Parker-CO/39741118/,"Parker, CO 80138",0.86,495000.0,39.536519536914,-104.76116705724,18264.289999999997,20000,XL,91.32%,2581,ACCELERATED SERVICES LLC (373 trucks) | AMERICAN FURNITURE WAREHOUSE CO (340 trucks) | TERRACARE ASSOCIATES LLC (156 trucks) | IHC SCOTT INC (214 trucks) | BUCKLEY POWDER CO (217 trucks) | CH2M OMI CH2MHILL JACOBS (183 trucks) | ORICA USA INC (215 trucks) | CHERRY CREEK SCHOOLS (352 trucks) | HBSCO DANS TRASH AT YOUR DISPOSAL (110 trucks) | ENTERPRISE RENT-A-CAR NATIONAL RENT A CAR ALAMO RENT A CAR (421 trucks),100000,13032,8270491.24,"$495,000.00"
Sol_026,3311 Ideal Drive Dr,https://www.loopnet.com/Listing/3311-Ideal-Drive-Dr-Frederick-CO/35744244/,"Frederick, CO 80516",1.0,949000.0,40.087044076103,-104.992966989518,4928.75,5000,M,98.58%,991,SUPREME TRANSPORT INC (183 trucks) | WARD ELECTRIC COMPANY INC (222 trucks) | CITY OF LONGMONT (211 trucks) | ST VRAIN VALLEY SCHOOL DISTRICT (174 trucks) | HEAT WAVES HOT OIL SERVICE LLC (201 trucks),100000,13032,8270491.24,"$949,000.00"
Sol_026,Colfax Ave & Airport Blvd,https://www.loopnet.com/Listing/Colfax-Ave-Airport-Blvd-Aurora-CO/24946845/,"Aurora, CO 80011",1.1,955174.1,39.740269989586,-104.791334022205,9801.08,10000,L,98.01%,1396,METCO LANDSCAPING INC (226 trucks) | WAGNER EQUIPMENT CO (423 trucks) | AURORA PUBLIC SCHOOLS (127 trucks) | CITY OF AURORA (271 trucks) | SHAMROCK FOODS COMPANY (214 trucks) | SWINGLE TREE & LANDSCAPE CARE (135 trucks),100000,13032,8270491.24,"$955,174.10"
Sol_026,13800 Ash Cir,https://www.loopnet.com/Listing/13800-Ash-Cir-Thornton-CO/25414845/,"Thornton, CO 80602",1.15,500000.0,39.946456593436,-104.938427705755,951.35,1000,XS,95.14%,182,ADAMS 12 FIVE STAR SCHOOLS (182 trucks),100000,13032,8270491.24,"$500,000.00"
Sol_026,8850 Huron St,https://www.loopnet.com/Listing/8850-Huron-St-Thornton-CO/33061072/,"Thornton, CO 80260",1.26,349000.0,39.858426283979,-104.995662022846,19964.47,20000,XL,99.82%,2873,CITY OF THORNTON (208 trucks) | CITY OF THORNTON (174 trucks) | COCAL LANDSCAPE SERVICES INC (153 trucks) | COLD FRONT (121 trucks) | READY MIX CONCRETE COMPANY (191 trucks) | NAVAJO EXPRESS INC (309 trucks) | TRI-STATE GENERATION & TRANSMISSION ASSOCIATION INC (321 trucks) | WESTERN DISTRIBUTING TRANSPORTATION CORP (155 trucks) | RMS CRANES (139 trucks) | SURESHOT DRILLING LLC ATOZ FIELD SERVICES LLC DRILL TECH LLC PINNACLE DEVELOPMENT INC HDD SPECIALISTS LLC (135 trucks) | EAGLE ROCK DISTRIBUTING COMPANY OF COLORADO LLC (148 trucks) | OFFEN PETROLEUM LLC (269 trucks) | ALPINE MILLWORK COMPANY DBA ROCKY MOUNTAIN RELOAD (141 trucks) | UNITED SITE SERVICES OF NEVADA INC (409 trucks),100000,13032,8270491.24,"$349,000.00"
Sol_027,2544 11th Ave,https://www.loopnet.com/Listing/2544-11th-Ave-Greeley-CO/35100267/,"Greeley, CO 80631",0.15,350000.0,40.395690645275,-104.69657283495,336.5,1000,XS,33.65%,145,WELD COUNTY PUBLIC WORKS DEPARTMENT (145 trucks),109000,13956,8615491.24,"$350,000.00"
Sol_027,1339 Sheridan Blvd,https://www.loopnet.com/Listing/1339-Sheridan-Blvd-Lakewood-CO/29629654/,"Lakewood, CO 80214",0.18,299999.0,39.737415742007,-105.053556666269,4008.78,5000,M,80.18%,809,COMPASS VEHICLE RENTAL INC (170 trucks) | JEFFERSON COUNTY (120 trucks) | JEFFCO SCHOOLS (274 trucks) | SITEWISE LLC (145 trucks) | CITY OF ARVADA (100 trucks),109000,13956,8615491.24,"$299,999.00"
Sol_027,422 Perry St,https://www.loopnet.com/Listing/422-Perry-St-Castle-Rock-CO/38421711/,"Castle Rock, CO 80104",0.24,605821.24,39.374148794158,-104.858322527659,2577.81,5000,M,51.56%,389,GREAT SOUTHWESTERN CONSTRUCTION INC (280 trucks) | TOWN OF CASTLE ROCK  (109 trucks),109000,13956,8615491.24,"$605,821.24"
Sol_027,239 S Main St,https://www.loopnet.com/Listing/239-S-Main-St-Brighton-CO/27424620/,"Brighton, CO 80601",0.31,250000.0,39.982905257485,-104.822555605705,1694.9,2000,S,84.75%,267,G&Z TRANSPORT LLC (147 trucks) | SIM TRUCKING INC (120 trucks),109000,13956,8615491.24,"$250,000.00"
Sol_027,606 W Colfax Ave,https://www.loopnet.com/Listing/606-W-Colfax-Ave-Denver-CO/26992476/,"Denver, CO 80204",0.31,1475000.0,39.739741342952,-104.995589435564,8930.12,10000,L,89.30%,1122,MPLX G&P (144 trucks) | RES (149 trucks) | CONCRETE EXPRESS INC (128 trucks) | FARMERS ALL NATURAL (121 trucks) | CO TRAN LLC (275 trucks) | COORS DISTRIBUTING COMPANY MILLER COORS LLC (105 trucks) | U S TRANSPORT INC (200 trucks),109000,13956,8615491.24,"$1,475,000.00"
Sol_027,8905 E Colfax Ave,https://www.loopnet.com/Listing/8905-E-Colfax-Ave-Aurora-CO/32567100/,"Aurora, CO 80010",0.33,845000.0,39.740387126683,-104.884281197975,8899.3,10000,L,88.99%,1313,SUPERSHUTTLE DENVER (125 trucks) | SWINGLE TREE & LANDSCAPE CARE (135 trucks) | COMCAST (194 trucks) | UNITED SITE SERVICES OF NEVADA INC (409 trucks) | UNITED SITE SERVICES OF COLORADO INC (147 trucks) | CITY LIGHT AND POWER INC (121 trucks) | WHEEL PROS LLC (182 trucks),109000,13956,8615491.24,"$845,000.00"
Sol_027,1560 N Academy Blvd,https://www.loopnet.com/Listing/1560-N-Academy-Blvd-Colorado-Springs-CO/3886433/,"Colorado Springs, CO 80909",0.64,416700.0,38.854776988204,-104.75774002483,5689.619999999999,10000,L,56.90%,1031,COLORADO SPRINGS SCHOOL DISTRICT 11 (130 trucks) | MOUNTAIN METROPOLITAN TRANSIT (144 trucks) | CITY OF COLORADO SPRINGS (326 trucks) | El PASO COUNTY (112 trucks) | GOODWILL OF COLORADO (134 trucks) | VECTRUS SYSTEMS CORPORATION (185 trucks),109000,13956,8615491.24,"$416,700.00"
Sol_027,4237 McWhinney Blvd,https://www.loopnet.com/Listing/4237-McWhinney-Blvd-Loveland-CO/23974785/,"Loveland, CO 80538",0.65,871347.9,40.408208389025,-105.017378025231,252.96,1000,XS,25.30%,109,LOVELAND MUNICIPALITY (109 trucks),109000,13956,8615491.24,"$871,347.90"
Sol_027,10431 Quari St,https://www.loopnet.com/Listing/10431-Quari-St-Commerce-City-CO/29119294/,"Commerce City, CO 80022",0.72,270000.0,39.886267655476,-104.844980046547,4169.15,5000,M,83.38%,562,ENVIRONMENTAL DESIGNS LLC (156 trucks) | BALIC TRANSPORT INC (120 trucks) | BURNCO COLORADO LLC (146 trucks) | WEST DIRECT OIL (140 trucks),109000,13956,8615491.24,"$270,000.00"
Sol_027,NEC N Fairgrounds Ave,https://www.loopnet.com/Listing/NEC-N-Fairgrounds-Ave-Windsor-CO/29890025/,"Windsor, CO 80528",0.74,483449.0,40.437732372143,-104.982630626628,3990.5600000000004,5000,M,79.81%,575,LARIMER COUNTY (131 trucks) | NOVUS AG LLC (444 trucks),109000,13956,8615491.24,"$483,449.00"
Sol_027,11958 Lincoln Ave,https://www.loopnet.com/Listing/Lincoln-Ave-Parker-CO/39741118/,"Parker, CO 80138",0.86,495000.0,39.536519536914,-104.76116705724,18264.289999999997,20000,XL,91.32%,2581,ACCELERATED SERVICES LLC (373 trucks) | AMERICAN FURNITURE WAREHOUSE CO (340 trucks) | TERRACARE ASSOCIATES LLC (156 trucks) | IHC SCOTT INC (214 trucks) | BUCKLEY POWDER CO (217 trucks) | CH2M OMI CH2MHILL JACOBS (183 trucks) | ORICA USA INC (215 trucks) | CHERRY CREEK SCHOOLS (352 trucks) | HBSCO DANS TRASH AT YOUR DISPOSAL (110 trucks) | ENTERPRISE RENT-A-CAR NATIONAL RENT A CAR ALAMO RENT A CAR (421 trucks),109000,13956,8615491.24,"$495,000.00"
Sol_027,3311 Ideal Drive Dr,https://www.loopnet.com/Listing/3311-Ideal-Drive-Dr-Frederick-CO/35744244/,"Frederick, CO 80516",1.0,949000.0,40.087044076103,-104.992966989518,4928.75,5000,M,98.58%,991,SUPREME TRANSPORT INC (183 trucks) | WARD ELECTRIC COMPANY INC (222 trucks) | CITY OF LONGMONT (211 trucks) | ST VRAIN VALLEY SCHOOL DISTRICT (174 trucks) | HEAT WAVES HOT OIL SERVICE LLC (201 trucks),109000,13956,8615491.24,"$949,000.00"
Sol_027,Colfax Ave & Airport Blvd,https://www.loopnet.com/Listing/Colfax-Ave-Airport-Blvd-Aurora-CO/24946845/,"Aurora, CO 80011",1.1,955174.1,39.740269989586,-104.791334022205,8680.17,10000,L,86.80%,1261,METCO LANDSCAPING INC (226 trucks) | WAGNER EQUIPMENT CO (423 trucks) | AURORA PUBLIC SCHOOLS (127 trucks) | CITY OF AURORA (271 trucks) | SHAMROCK FOODS COMPANY (214 trucks),109000,13956,8615491.24,"$955,174.10"
Sol_027,8850 Huron St,https://www.loopnet.com/Listing/8850-Huron-St-Thornton-CO/33061072/,"Thornton, CO 80260",1.26,349000.0,39.858426283979,-104.995662022846,19552.47,20000,XL,97.76%,2801,CITY OF THORNTON (208 trucks) | CITY OF THORNTON (174 trucks) | COCAL LANDSCAPE SERVICES INC (153 trucks) | COLD FRONT (121 trucks) | READY MIX CONCRETE COMPANY (191 trucks) | NAVAJO EXPRESS INC (309 trucks) | TRI-STATE GENERATION & TRANSMISSION ASSOCIATION INC (321 trucks) | WESTERN DISTRIBUTING TRANSPORTATION CORP (155 trucks) | RMS CRANES (139 trucks) | SURESHOT DRILLING LLC ATOZ FIELD SERVICES LLC DRILL TECH LLC PINNACLE DEVELOPMENT INC HDD SPECIALISTS LLC (135 trucks) | EAGLE ROCK DISTRIBUTING COMPANY OF COLORADO LLC (148 trucks) | OFFEN PETROLEUM LLC (269 trucks) | ALPINE MILLWORK COMPANY DBA ROCKY MOUNTAIN RELOAD (141 trucks) | ADAMS 12 FIVE STAR SCHOOLS (182 trucks) | GEOSTABILIZATION INTERNATIONAL LLC (155 trucks),109000,13956,8615491.24,"$349,000.00"
Sol_028,2544 11th Ave,https://www.loopnet.com/Listing/2544-11th-Ave-Greeley-CO/35100267/,"Greeley, CO 80631",0.15,350000.0,40.395690645275,-104.69657283495,336.5,1000,XS,33.65%,145,WELD COUNTY PUBLIC WORKS DEPARTMENT (145 trucks),119000,14400,8633509.45,"$350,000.00"
Sol_028,1339 Sheridan Blvd,https://www.loopnet.com/Listing/1339-Sheridan-Blvd-Lakewood-CO/29629654/,"Lakewood, CO 80214",0.18,299999.0,39.737415742007,-105.053556666269,4008.78,5000,M,80.18%,809,COMPASS VEHICLE RENTAL INC (170 trucks) | JEFFERSON COUNTY (120 trucks) | JEFFCO SCHOOLS (274 trucks) | SITEWISE LLC (145 trucks) | CITY OF ARVADA (100 trucks),119000,14400,8633509.45,"$299,999.00"
Sol_028,239 S Main St,https://www.loopnet.com/Listing/239-S-Main-St-Brighton-CO/27424620/,"Brighton, CO 80601",0.31,250000.0,39.982905257485,-104.822555605705,1694.9,2000,S,84.75%,267,G&Z TRANSPORT LLC (147 trucks) | SIM TRUCKING INC (120 trucks),119000,14400,8633509.45,"$250,000.00"
Sol_028,606 W Colfax Ave,https://www.loopnet.com/Listing/606-W-Colfax-Ave-Denver-CO/26992476/,"Denver, CO 80204",0.31,1475000.0,39.739741342952,-104.995589435564,8930.12,10000,L,89.30%,1122,MPLX G&P (144 trucks) | RES (149 trucks) | CONCRETE EXPRESS INC (128 trucks) | FARMERS ALL NATURAL (121 trucks) | CO TRAN LLC (275 trucks) | COORS DISTRIBUTING COMPANY MILLER COORS LLC (105 trucks) | U S TRANSPORT INC (200 trucks),119000,14400,8633509.45,"$1,475,000.00"
Sol_028,1560 N Academy Blvd,https://www.loopnet.com/Listing/1560-N-Academy-Blvd-Colorado-Springs-CO/3886433/,"Colorado Springs, CO 80909",0.64,416700.0,38.854776988204,-104.75774002483,5689.619999999999,10000,L,56.90%,1031,COLORADO SPRINGS SCHOOL DISTRICT 11 (130 trucks) | MOUNTAIN METROPOLITAN TRANSIT (144 trucks) | CITY OF COLORADO SPRINGS (326 trucks) | El PASO COUNTY (112 trucks) | GOODWILL OF COLORADO (134 trucks) | VECTRUS SYSTEMS CORPORATION (185 trucks),119000,14400,8633509.45,"$416,700.00"
Sol_028,4237 McWhinney Blvd,https://www.loopnet.com/Listing/4237-McWhinney-Blvd-Loveland-CO/23974785/,"Loveland, CO 80538",0.65,871347.9,40.408208389025,-105.017378025231,252.96,1000,XS,25.30%,109,LOVELAND MUNICIPALITY (109 trucks),119000,14400,8633509.45,"$871,347.90"
Sol_028,10431 Quari St,https://www.loopnet.com/Listing/10431-Quari-St-Commerce-City-CO/29119294/,"Commerce City, CO 80022",0.72,270000.0,39.886267655476,-104.844980046547,4169.15,5000,M,83.38%,562,ENVIRONMENTAL DESIGNS LLC (156 trucks) | BALIC TRANSPORT INC (120 trucks) | BURNCO COLORADO LLC (146 trucks) | WEST DIRECT OIL (140 trucks),119000,14400,8633509.45,"$270,000.00"
Sol_028,NEC N Fairgrounds Ave,https://www.loopnet.com/Listing/NEC-N-Fairgrounds-Ave-Windsor-CO/29890025/,"Windsor, CO 80528",0.74,483449.0,40.437732372143,-104.982630626628,3990.5600000000004,5000,M,79.81%,575,LARIMER COUNTY (131 trucks) | NOVUS AG LLC (444 trucks),119000,14400,8633509.45,"$483,449.00"
Sol_028,11958 Lincoln Ave,https://www.loopnet.com/Listing/Lincoln-Ave-Parker-CO/39741118/,"Parker, CO 80138",0.86,495000.0,39.536519536914,-104.76116705724,15005.279999999999,20000,XL,75.03%,2050,ACCELERATED SERVICES LLC (373 trucks) | AMERICAN FURNITURE WAREHOUSE CO (340 trucks) | TERRACARE ASSOCIATES LLC (156 trucks) | IHC SCOTT INC (214 trucks) | BUCKLEY POWDER CO (217 trucks) | CH2M OMI CH2MHILL JACOBS (183 trucks) | ORICA USA INC (215 trucks) | CHERRY CREEK SCHOOLS (352 trucks),119000,14400,8633509.45,"$495,000.00"
Sol_028,1801 W Union Ave,https://www.loopnet.com/Listing/1801-W-Union-Ave-Englewood-CO/39250756/,"Englewood, CO 80110",0.95,912839.45,39.63264140749,-105.009568941318,14985.23,20000,XL,74.93%,2078,KEESEN ENTERPRISES INC (263 trucks) | QUALITY LOGISTICS INC (135 trucks) | PROCAM SERVICES  (101 trucks) | PACIFIC SHIPPING & TRUCKING CO INC (109 trucks) | CITY LIGHT AND POWER INC (121 trucks) | WHEEL PROS LLC (182 trucks) | GLOBAL TRANSPORTATION LLC (442 trucks) | COMCAST (194 trucks) | ENTERPRISE RENT-A-CAR NATIONAL RENT A CAR ALAMO RENT A CAR (421 trucks) | HBSCO DANS TRASH AT YOUR DISPOSAL (110 trucks),119000,14400,8633509.45,"$912,839.45"
Sol_028,3311 Ideal Drive Dr,https://www.loopnet.com/Listing/3311-Ideal-Drive-Dr-Frederick-CO/35744244/,"Frederick, CO 80516",1.0,949000.0,40.087044076103,-104.992966989518,4928.75,5000,M,98.58%,991,SUPREME TRANSPORT INC (183 trucks) | WARD ELECTRIC COMPANY INC (222 trucks) | CITY OF LONGMONT (211 trucks) | ST VRAIN VALLEY SCHOOL DISTRICT (174 trucks) | HEAT WAVES HOT OIL SERVICE LLC (201 trucks),119000,14400,8633509.45,"$949,000.00"
Sol_028,Colfax Ave & Airport Blvd,https://www.loopnet.com/Listing/Colfax-Ave-Airport-Blvd-Aurora-CO/24946845/,"Aurora, CO 80011",1.1,955174.1,39.740269989586,-104.791334022205,9801.08,10000,L,98.01%,1396,METCO LANDSCAPING INC (226 trucks) | WAGNER EQUIPMENT CO (423 trucks) | AURORA PUBLIC SCHOOLS (127 trucks) | CITY OF AURORA (271 trucks) | SHAMROCK FOODS COMPANY (214 trucks) | SWINGLE TREE & LANDSCAPE CARE (135 trucks),119000,14400,8633509.45,"$955,174.10"
Sol_028,8850 Huron St,https://www.loopnet.com/Listing/8850-Huron-St-Thornton-CO/33061072/,"Thornton, CO 80260",1.26,349000.0,39.858426283979,-104.995662022846,18265.5,20000,XL,91.33%,2646,CITY OF THORNTON (208 trucks) | CITY OF THORNTON (174 trucks) | COCAL LANDSCAPE SERVICES INC (153 trucks) | COLD FRONT (121 trucks) | READY MIX CONCRETE COMPANY (191 trucks) | NAVAJO EXPRESS INC (309 trucks) | TRI-STATE GENERATION & TRANSMISSION ASSOCIATION INC (321 trucks) | WESTERN DISTRIBUTING TRANSPORTATION CORP (155 trucks) | RMS CRANES (139 trucks) | SURESHOT DRILLING LLC ATOZ FIELD SERVICES LLC DRILL TECH LLC PINNACLE DEVELOPMENT INC HDD SPECIALISTS LLC (135 trucks) | EAGLE ROCK DISTRIBUTING COMPANY OF COLORADO LLC (148 trucks) | OFFEN PETROLEUM LLC (269 trucks) | ALPINE MILLWORK COMPANY DBA ROCKY MOUNTAIN RELOAD (141 trucks) | ADAMS 12 FIVE STAR SCHOOLS (182 trucks),119000,14400,8633509.45,"$349,000.00"
Sol_028,765 Aspen Ridge Drive Dr,https://www.loopnet.com/Listing/765-Aspen-Ridge-Drive-Dr-Lafayette-CO/32931931/,"Lafayette, CO 80026",1.43,556000.0,40.006898203868,-105.107210150504,4585.06,5000,M,91.70%,619,BOULDER VALLEY SCHOOL DISTRICT RE-2 (134 trucks) | VIA MOBILITY SERVICES (196 trucks) | VIA MOBILITY SERVICES (116 trucks) | CU (173 trucks),119000,14400,8633509.45,"$556,000.00"
Sol_029,2544 11th Ave,https://www.loopnet.com/Listing/2544-11th-Ave-Greeley-CO/35100267/,"Greeley, CO 80631",0.15,350000.0,40.395690645275,-104.69657283495,336.5,1000,XS,33.65%,145,WELD COUNTY PUBLIC WORKS DEPARTMENT (145 trucks),94000,12277,9515669.0,"$350,000.00"
Sol_029,1319 Sheridan Blvd,https://www.loopnet.com/Listing/1319-1327-Sheridan-Blvd-Lakewood-CO/38343110/,"Lakewood, CO 80214",0.3,999998.0,39.737113071483,-105.053491874157,7437.9400000000005,10000,L,74.38%,1222,COMPASS VEHICLE RENTAL INC (170 trucks) | JEFFERSON COUNTY (120 trucks) | JEFFCO SCHOOLS (274 trucks) | SITEWISE LLC (145 trucks) | CITY OF ARVADA (100 trucks) | HOLCIM WCR INC (298 trucks) | ENIVIRONMENTAL LANDWORKS COMPANY INC (115 trucks),94000,12277,9515669.0,"$999,998.00"
Sol_029,239 S Main St,https://www.loopnet.com/Listing/239-S-Main-St-Brighton-CO/27424620/,"Brighton, CO 80601",0.31,250000.0,39.982905257485,-104.822555605705,1694.9,2000,S,84.75%,267,G&Z TRANSPORT LLC (147 trucks) | SIM TRUCKING INC (120 trucks),94000,12277,9515669.0,"$250,000.00"
Sol_029,606 W Colfax Ave,https://www.loopnet.com/Listing/606-W-Colfax-Ave-Denver-CO/26992476/,"Denver, CO 80204",0.31,1475000.0,39.739741342952,-104.995589435564,8930.12,10000,L,89.30%,1122,MPLX G&P (144 trucks) | RES (149 trucks) | CONCRETE EXPRESS INC (128 trucks) | FARMERS ALL NATURAL (121 trucks) | CO TRAN LLC (275 trucks) | COORS DISTRIBUTING COMPANY MILLER COORS LLC (105 trucks) | U S TRANSPORT INC (200 trucks),94000,12277,9515669.0,"$1,475,000.00"
Sol_029,1560 N Academy Blvd,https://www.loopnet.com/Listing/1560-N-Academy-Blvd-Colorado-Springs-CO/3886433/,"Colorado Springs, CO 80909",0.64,416700.0,38.854776988204,-104.75774002483,5689.619999999999,10000,L,56.90%,1031,COLORADO SPRINGS SCHOOL DISTRICT 11 (130 trucks) | MOUNTAIN METROPOLITAN TRANSIT (144 trucks) | CITY OF COLORADO SPRINGS (326 trucks) | El PASO COUNTY (112 trucks) | GOODWILL OF COLORADO (134 trucks) | VECTRUS SYSTEMS CORPORATION (185 trucks),94000,12277,9515669.0,"$416,700.00"
Sol_029,4237 McWhinney Blvd,https://www.loopnet.com/Listing/4237-McWhinney-Blvd-Loveland-CO/23974785/,"Loveland, CO 80538",0.65,871347.9,40.408208389025,-105.017378025231,252.96,1000,XS,25.30%,109,LOVELAND MUNICIPALITY (109 trucks),94000,12277,9515669.0,"$871,347.90"
Sol_029,10431 Quari St,https://www.loopnet.com/Listing/10431-Quari-St-Commerce-City-CO/29119294/,"Commerce City, CO 80022",0.72,270000.0,39.886267655476,-104.844980046547,9765.92,10000,L,97.66%,1716,ENVIRONMENTAL DESIGNS LLC (156 trucks) | BALIC TRANSPORT INC (120 trucks) | BURNCO COLORADO LLC (146 trucks) | WEST DIRECT OIL (140 trucks) | OFFEN PETROLEUM LLC (269 trucks) | ADAMS 12 FIVE STAR SCHOOLS (182 trucks) | CITY OF THORNTON (208 trucks) | CITY OF THORNTON (174 trucks) | TRI-STATE GENERATION & TRANSMISSION ASSOCIATION INC (321 trucks),94000,12277,9515669.0,"$270,000.00"
Sol_029,NEC N Fairgrounds Ave,https://www.loopnet.com/Listing/NEC-N-Fairgrounds-Ave-Windsor-CO/29890025/,"Windsor, CO 80528",0.74,483449.0,40.437732372143,-104.982630626628,3990.5600000000004,5000,M,79.81%,575,LARIMER COUNTY (131 trucks) | NOVUS AG LLC (444 trucks),94000,12277,9515669.0,"$483,449.00"
Sol_029,11958 Lincoln Ave,https://www.loopnet.com/Listing/Lincoln-Ave-Parker-CO/39741118/,"Parker, CO 80138",0.86,495000.0,39.536519536914,-104.76116705724,19379.71,20000,XL,96.90%,2601,ACCELERATED SERVICES LLC (373 trucks) | AMERICAN FURNITURE WAREHOUSE CO (340 trucks) | TERRACARE ASSOCIATES LLC (156 trucks) | IHC SCOTT INC (214 trucks) | BUCKLEY POWDER CO (217 trucks) | ORICA USA INC (215 trucks) | CHERRY CREEK SCHOOLS (352 trucks) | HBSCO DANS TRASH AT YOUR DISPOSAL (110 trucks) | GLOBAL TRANSPORTATION LLC (442 trucks) | WHEEL PROS LLC (182 trucks),94000,12277,9515669.0,"$495,000.00"
Sol_029,3311 Ideal Drive Dr,https://www.loopnet.com/Listing/3311-Ideal-Drive-Dr-Frederick-CO/35744244/,"Frederick, CO 80516",1.0,949000.0,40.087044076103,-104.992966989518,4928.75,5000,M,98.58%,991,SUPREME TRANSPORT INC (183 trucks) | WARD ELECTRIC COMPANY INC (222 trucks) | CITY OF LONGMONT (211 trucks) | ST VRAIN VALLEY SCHOOL DISTRICT (174 trucks) | HEAT WAVES HOT OIL SERVICE LLC (201 trucks),94000,12277,9515669.0,"$949,000.00"
Sol_029,Colfax Ave & Airport Blvd,https://www.loopnet.com/Listing/Colfax-Ave-Airport-Blvd-Aurora-CO/24946845/,"Aurora, CO 80011",1.1,955174.1,39.740269989586,-104.791334022205,9801.08,10000,L,98.01%,1396,METCO LANDSCAPING INC (226 trucks) | WAGNER EQUIPMENT CO (423 trucks) | AURORA PUBLIC SCHOOLS (127 trucks) | CITY OF AURORA (271 trucks) | SHAMROCK FOODS COMPANY (214 trucks) | SWINGLE TREE & LANDSCAPE CARE (135 trucks),94000,12277,9515669.0,"$955,174.10"
Sol_029,I-25 And Castle Pines Parkway,https://www.loopnet.com/Listing/I-25-And-Castle-Pines-Parkway-Castle-Rock-CO/32045010/,"Castle Rock, CO 80108",1.89,2000000.0,39.471987019978,-104.872723978419,7548.509999999999,10000,L,75.49%,1102,TOWN OF CASTLE ROCK  (109 trucks) | CH2M OMI CH2MHILL JACOBS (183 trucks) | ENTERPRISE RENT-A-CAR NATIONAL RENT A CAR ALAMO RENT A CAR (421 trucks) | GREAT SOUTHWESTERN CONSTRUCTION INC (280 trucks) | PACIFIC SHIPPING & TRUCKING CO INC (109 trucks),94000,12277,9515669.0,"$2,000,000.00"
Sol_030,2544 11th Ave,https://www.loopnet.com/Listing/2544-11th-Ave-Greeley-CO/35100267/,"Greeley, CO 80631",0.15,350000.0,40.395690645275,-104.69657283495,336.5,1000,XS,33.65%,145,WELD COUNTY PUBLIC WORKS DEPARTMENT (145 trucks),121000,14988,9671491.24,"$350,000.00"
Sol_030,1339 Sheridan Blvd,https://www.loopnet.com/Listing/1339-Sheridan-Blvd-Lakewood-CO/29629654/,"Lakewood, CO 80214",0.18,299999.0,39.737415742007,-105.053556666269,1949.27,2000,S,97.46%,415,COMPASS VEHICLE RENTAL INC (170 trucks) | SITEWISE LLC (145 trucks) | CITY OF ARVADA (100 trucks),121000,14988,9671491.24,"$299,999.00"
Sol_030,422 Perry St,https://www.loopnet.com/Listing/422-Perry-St-Castle-Rock-CO/38421711/,"Castle Rock, CO 80104",0.24,605821.24,39.374148794158,-104.858322527659,2577.81,5000,M,51.56%,389,GREAT SOUTHWESTERN CONSTRUCTION INC (280 trucks) | TOWN OF CASTLE ROCK  (109 trucks),121000,14988,9671491.24,"$605,821.24"
Sol_030,239 S Main St,https://www.loopnet.com/Listing/239-S-Main-St-Brighton-CO/27424620/,"Brighton, CO 80601",0.31,250000.0,39.982905257485,-104.822555605705,1694.9,2000,S,84.75%,267,G&Z TRANSPORT LLC (147 trucks) | SIM TRUCKING INC (120 trucks),121000,14988,9671491.24,"$250,000.00"
Sol_030,606 W Colfax Ave,https://www.loopnet.com/Listing/606-W-Colfax-Ave-Denver-CO/26992476/,"Denver, CO 80204",0.31,1475000.0,39.739741342952,-104.995589435564,8930.12,10000,L,89.30%,1122,MPLX G&P (144 trucks) | RES (149 trucks) | CONCRETE EXPRESS INC (128 trucks) | FARMERS ALL NATURAL (121 trucks) | CO TRAN LLC (275 trucks) | COORS DISTRIBUTING COMPANY MILLER COORS LLC (105 trucks) | U S TRANSPORT INC (200 trucks),121000,14988,9671491.24,"$1,475,000.00"
Sol_030,8905 E Colfax Ave,https://www.loopnet.com/Listing/8905-E-Colfax-Ave-Aurora-CO/32567100/,"Aurora, CO 80010",0.33,845000.0,39.740387126683,-104.884281197975,8899.3,10000,L,88.99%,1313,SUPERSHUTTLE DENVER (125 trucks) | SWINGLE TREE & LANDSCAPE CARE (135 trucks) | COMCAST (194 trucks) | UNITED SITE SERVICES OF NEVADA INC (409 trucks) | UNITED SITE SERVICES OF COLORADO INC (147 trucks) | CITY LIGHT AND POWER INC (121 trucks) | WHEEL PROS LLC (182 trucks),121000,14988,9671491.24,"$845,000.00"
Sol_030,17160 W Colfax Ave,https://www.loopnet.com/Listing/17160-W-Colfax-Ave-Golden-CO/29520298/,"Golden, CO 80401",0.63,500000.0,39.722253633534,-105.192465086092,5488.67,10000,L,54.89%,807,ENIVIRONMENTAL LANDWORKS COMPANY INC (115 trucks) | HOLCIM WCR INC (298 trucks) | JEFFCO SCHOOLS (274 trucks) | JEFFERSON COUNTY (120 trucks),121000,14988,9671491.24,"$500,000.00"
Sol_030,1560 N Academy Blvd,https://www.loopnet.com/Listing/1560-N-Academy-Blvd-Colorado-Springs-CO/3886433/,"Colorado Springs, CO 80909",0.64,416700.0,38.854776988204,-104.75774002483,5689.619999999999,10000,L,56.90%,1031,COLORADO SPRINGS SCHOOL DISTRICT 11 (130 trucks) | MOUNTAIN METROPOLITAN TRANSIT (144 trucks) | CITY OF COLORADO SPRINGS (326 trucks) | El PASO COUNTY (112 trucks) | GOODWILL OF COLORADO (134 trucks) | VECTRUS SYSTEMS CORPORATION (185 trucks),121000,14988,9671491.24,"$416,700.00"
Sol_030,4237 McWhinney Blvd,https://www.loopnet.com/Listing/4237-McWhinney-Blvd-Loveland-CO/23974785/,"Loveland, CO 80538",0.65,871347.9,40.408208389025,-105.017378025231,252.96,1000,XS,25.30%,109,LOVELAND MUNICIPALITY (109 trucks),121000,14988,9671491.24,"$871,347.90"
Sol_030,10431 Quari St,https://www.loopnet.com/Listing/10431-Quari-St-Commerce-City-CO/29119294/,"Commerce City, CO 80022",0.72,270000.0,39.886267655476,-104.844980046547,4169.15,5000,M,83.38%,562,ENVIRONMENTAL DESIGNS LLC (156 trucks) | BALIC TRANSPORT INC (120 trucks) | BURNCO COLORADO LLC (146 trucks) | WEST DIRECT OIL (140 trucks),121000,14988,9671491.24,"$270,000.00"
Sol_030,NEC N Fairgrounds Ave,https://www.loopnet.com/Listing/NEC-N-Fairgrounds-Ave-Windsor-CO/29890025/,"Windsor, CO 80528",0.74,483449.0,40.437732372143,-104.982630626628,3990.5600000000004,5000,M,79.81%,575,LARIMER COUNTY (131 trucks) | NOVUS AG LLC (444 trucks),121000,14988,9671491.24,"$483,449.00"
Sol_030,11958 Lincoln Ave,https://www.loopnet.com/Listing/Lincoln-Ave-Parker-CO/39741118/,"Parker, CO 80138",0.86,495000.0,39.536519536914,-104.76116705724,18264.289999999997,20000,XL,91.32%,2581,ACCELERATED SERVICES LLC (373 trucks) | AMERICAN FURNITURE WAREHOUSE CO (340 trucks) | TERRACARE ASSOCIATES LLC (156 trucks) | IHC SCOTT INC (214 trucks) | BUCKLEY POWDER CO (217 trucks) | CH2M OMI CH2MHILL JACOBS (183 trucks) | ORICA USA INC (215 trucks) | CHERRY CREEK SCHOOLS (352 trucks) | HBSCO DANS TRASH AT YOUR DISPOSAL (110 trucks) | ENTERPRISE RENT-A-CAR NATIONAL RENT A CAR ALAMO RENT A CAR (421 trucks),121000,14988,9671491.24,"$495,000.00"
Sol_030,3311 Ideal Drive Dr,https://www.loopnet.com/Listing/3311-Ideal-Drive-Dr-Frederick-CO/35744244/,"Frederick, CO 80516",1.0,949000.0,40.087044076103,-104.992966989518,4928.75,5000,M,98.58%,991,SUPREME TRANSPORT INC (183 trucks) | WARD ELECTRIC COMPANY INC (222 trucks) | CITY OF LONGMONT (211 trucks) | ST VRAIN VALLEY SCHOOL DISTRICT (174 trucks) | HEAT WAVES HOT OIL SERVICE LLC (201 trucks),121000,14988,9671491.24,"$949,000.00"
Sol_030,Colfax Ave & Airport Blvd,https://www.loopnet.com/Listing/Colfax-Ave-Airport-Blvd-Aurora-CO/24946845/,"Aurora, CO 80011",1.1,955174.1,39.740269989586,-104.791334022205,8680.17,10000,L,86.80%,1261,METCO LANDSCAPING INC (226 trucks) | WAGNER EQUIPMENT CO (423 trucks) | AURORA PUBLIC SCHOOLS (127 trucks) | CITY OF AURORA (271 trucks) | SHAMROCK FOODS COMPANY (214 trucks),121000,14988,9671491.24,"$955,174.10"
Sol_030,8850 Huron St,https://www.loopnet.com/Listing/8850-Huron-St-Thornton-CO/33061072/,"Thornton, CO 80260",1.26,349000.0,39.858426283979,-104.995662022846,19552.47,20000,XL,97.76%,2801,CITY OF THORNTON (208 trucks) | CITY OF THORNTON (174 trucks) | COCAL LANDSCAPE SERVICES INC (153 trucks) | COLD FRONT (121 trucks) | READY MIX CONCRETE COMPANY (191 trucks) | NAVAJO EXPRESS INC (309 trucks) | TRI-STATE GENERATION & TRANSMISSION ASSOCIATION INC (321 trucks) | WESTERN DISTRIBUTING TRANSPORTATION CORP (155 trucks) | RMS CRANES (139 trucks) | SURESHOT DRILLING LLC ATOZ FIELD SERVICES LLC DRILL TECH LLC PINNACLE DEVELOPMENT INC HDD SPECIALISTS LLC (135 trucks) | EAGLE ROCK DISTRIBUTING COMPANY OF COLORADO LLC (148 trucks) | OFFEN PETROLEUM LLC (269 trucks) | ALPINE MILLWORK COMPANY DBA ROCKY MOUNTAIN RELOAD (141 trucks) | ADAMS 12 FIVE STAR SCHOOLS (182 trucks) | GEOSTABILIZATION INTERNATIONAL LLC (155 trucks),121000,14988,9671491.24,"$349,000.00"
Sol_030,765 Aspen Ridge Drive Dr,https://www.loopnet.com/Listing/765-Aspen-Ridge-Drive-Dr-Lafayette-CO/32931931/,"Lafayette, CO 80026",1.43,556000.0,40.006898203868,-105.107210150504,4585.06,5000,M,91.70%,619,BOULDER VALLEY SCHOOL DISTRICT RE-2 (134 trucks) | VIA MOBILITY SERVICES (196 trucks) | VIA MOBILITY SERVICES (116 trucks) | CU (173 trucks),121000,14988,9671491.24,"$556,000.00"
Sol_031,2544 11th Ave,https://www.loopnet.com/Listing/2544-11th-Ave-Greeley-CO/35100267/,"Greeley, CO 80631",0.15,350000.0,40.395690645275,-104.69657283495,336.5,1000,XS,33.65%,145,WELD COUNTY PUBLIC WORKS DEPARTMENT (145 trucks),114000,14588,11445669.0,"$350,000.00"
Sol_031,1319 Sheridan Blvd,https://www.loopnet.com/Listing/1319-1327-Sheridan-Blvd-Lakewood-CO/38343110/,"Lakewood, CO 80214",0.3,999998.0,39.737113071483,-105.053491874157,7437.9400000000005,10000,L,74.38%,1222,COMPASS VEHICLE RENTAL INC (170 trucks) | JEFFERSON COUNTY (120 trucks) | JEFFCO SCHOOLS (274 trucks) | SITEWISE LLC (145 trucks) | CITY OF ARVADA (100 trucks) | HOLCIM WCR INC (298 trucks) | ENIVIRONMENTAL LANDWORKS COMPANY INC (115 trucks),114000,14588,11445669.0,"$999,998.00"
Sol_031,239 S Main St,https://www.loopnet.com/Listing/239-S-Main-St-Brighton-CO/27424620/,"Brighton, CO 80601",0.31,250000.0,39.982905257485,-104.822555605705,1694.9,2000,S,84.75%,267,G&Z TRANSPORT LLC (147 trucks) | SIM TRUCKING INC (120 trucks),114000,14588,11445669.0,"$250,000.00"
Sol_031,606 W Colfax Ave,https://www.loopnet.com/Listing/606-W-Colfax-Ave-Denver-CO/26992476/,"Denver, CO 80204",0.31,1475000.0,39.739741342952,-104.995589435564,8517.300000000001,10000,L,85.17%,1207,MPLX G&P (144 trucks) | CONCRETE EXPRESS INC (128 trucks) | FARMERS ALL NATURAL (121 trucks) | PROCAM SERVICES  (101 trucks) | QUALITY LOGISTICS INC (135 trucks) | KEESEN ENTERPRISES INC (263 trucks) | COMCAST (194 trucks) | CITY LIGHT AND POWER INC (121 trucks),114000,14588,11445669.0,"$1,475,000.00"
Sol_031,1560 N Academy Blvd,https://www.loopnet.com/Listing/1560-N-Academy-Blvd-Colorado-Springs-CO/3886433/,"Colorado Springs, CO 80909",0.64,416700.0,38.854776988204,-104.75774002483,5689.619999999999,10000,L,56.90%,1031,COLORADO SPRINGS SCHOOL DISTRICT 11 (130 trucks) | MOUNTAIN METROPOLITAN TRANSIT (144 trucks) | CITY OF COLORADO SPRINGS (326 trucks) | El PASO COUNTY (112 trucks) | GOODWILL OF COLORADO (134 trucks) | VECTRUS SYSTEMS CORPORATION (185 trucks),114000,14588,11445669.0,"$416,700.00"
Sol_031,4237 McWhinney Blvd,https://www.loopnet.com/Listing/4237-McWhinney-Blvd-Loveland-CO/23974785/,"Loveland, CO 80538",0.65,871347.9,40.408208389025,-105.017378025231,252.96,1000,XS,25.30%,109,LOVELAND MUNICIPALITY (109 trucks),114000,14588,11445669.0,"$871,347.90"
Sol_031,10431 Quari St,https://www.loopnet.com/Listing/10431-Quari-St-Commerce-City-CO/29119294/,"Commerce City, CO 80022",0.72,270000.0,39.886267655476,-104.844980046547,9765.92,10000,L,97.66%,1716,ENVIRONMENTAL DESIGNS LLC (156 trucks) | BALIC TRANSPORT INC (120 trucks) | BURNCO COLORADO LLC (146 trucks) | WEST DIRECT OIL (140 trucks) | OFFEN PETROLEUM LLC (269 trucks) | ADAMS 12 FIVE STAR SCHOOLS (182 trucks) | CITY OF THORNTON (208 trucks) | CITY OF THORNTON (174 trucks) | TRI-STATE GENERATION & TRANSMISSION ASSOCIATION INC (321 trucks),114000,14588,11445669.0,"$270,000.00"
Sol_031,NEC N Fairgrounds Ave,https://www.loopnet.com/Listing/NEC-N-Fairgrounds-Ave-Windsor-CO/29890025/,"Windsor, CO 80528",0.74,483449.0,40.437732372143,-104.982630626628,3990.5600000000004,5000,M,79.81%,575,LARIMER COUNTY (131 trucks) | NOVUS AG LLC (444 trucks),114000,14588,11445669.0,"$483,449.00"
Sol_031,11958 Lincoln Ave,https://www.loopnet.com/Listing/Lincoln-Ave-Parker-CO/39741118/,"Parker, CO 80138",0.86,495000.0,39.536519536914,-104.76116705724,19379.71,20000,XL,96.90%,2601,ACCELERATED SERVICES LLC (373 trucks) | AMERICAN FURNITURE WAREHOUSE CO (340 trucks) | TERRACARE ASSOCIATES LLC (156 trucks) | IHC SCOTT INC (214 trucks) | BUCKLEY POWDER CO (217 trucks) | ORICA USA INC (215 trucks) | CHERRY CREEK SCHOOLS (352 trucks) | HBSCO DANS TRASH AT YOUR DISPOSAL (110 trucks) | GLOBAL TRANSPORTATION LLC (442 trucks) | WHEEL PROS LLC (182 trucks),114000,14588,11445669.0,"$495,000.00"
Sol_031,2450 Curtis St,https://www.loopnet.com/Listing/2450-Curtis-St-Denver-CO/34878162/,"Denver, CO 80205",0.93,1930000.0,39.755035173034,-104.984190298703,17881.31,20000,XL,89.41%,2226,RES (149 trucks) | CO TRAN LLC (275 trucks) | WASTE CONNECTIONS OF COLORADO INC (486 trucks) | COORS DISTRIBUTING COMPANY MILLER COORS LLC (105 trucks) | U S TRANSPORT INC (200 trucks) | SURESHOT DRILLING LLC ATOZ FIELD SERVICES LLC DRILL TECH LLC PINNACLE DEVELOPMENT INC HDD SPECIALISTS LLC (135 trucks) | EAGLE ROCK DISTRIBUTING COMPANY OF COLORADO LLC (148 trucks) | NAVAJO EXPRESS INC (309 trucks) | RMS CRANES (139 trucks) | WESTERN DISTRIBUTING TRANSPORTATION CORP (155 trucks) | SUPERSHUTTLE DENVER (125 trucks),114000,14588,11445669.0,"$1,930,000.00"
Sol_031,3311 Ideal Drive Dr,https://www.loopnet.com/Listing/3311-Ideal-Drive-Dr-Frederick-CO/35744244/,"Frederick, CO 80516",1.0,949000.0,40.087044076103,-104.992966989518,4928.75,5000,M,98.58%,991,SUPREME TRANSPORT INC (183 trucks) | WARD ELECTRIC COMPANY INC (222 trucks) | CITY OF LONGMONT (211 trucks) | ST VRAIN VALLEY SCHOOL DISTRICT (174 trucks) | HEAT WAVES HOT OIL SERVICE LLC (201 trucks),114000,14588,11445669.0,"$949,000.00"
Sol_031,Colfax Ave & Airport Blvd,https://www.loopnet.com/Listing/Colfax-Ave-Airport-Blvd-Aurora-CO/24946845/,"Aurora, CO 80011",1.1,955174.1,39.740269989586,-104.791334022205,9801.08,10000,L,98.01%,1396,METCO LANDSCAPING INC (226 trucks) | WAGNER EQUIPMENT CO (423 trucks) | AURORA PUBLIC SCHOOLS (127 trucks) | CITY OF AURORA (271 trucks) | SHAMROCK FOODS COMPANY (214 trucks) | SWINGLE TREE & LANDSCAPE CARE (135 trucks),114000,14588,11445669.0,"$955,174.10"
Sol_031,I-25 And Castle Pines Parkway,https://www.loopnet.com/Listing/I-25-And-Castle-Pines-Parkway-Castle-Rock-CO/32045010/,"Castle Rock, CO 80108",1.89,2000000.0,39.471987019978,-104.872723978419,7548.509999999999,10000,L,75.49%,1102,TOWN OF CASTLE ROCK  (109 trucks) | CH2M OMI CH2MHILL JACOBS (183 trucks) | ENTERPRISE RENT-A-CAR NATIONAL RENT A CAR ALAMO RENT A CAR (421 trucks) | GREAT SOUTHWESTERN CONSTRUCTION INC (280 trucks) | PACIFIC SHIPPING & TRUCKING CO INC (109 trucks),114000,14588,11445669.0,"$2,000,000.00"
Sol_032,2544 11th Ave,https://www.loopnet.com/Listing/2544-11th-Ave-Greeley-CO/35100267/,"Greeley, CO 80631",0.15,350000.0,40.395690645275,-104.69657283495,336.5,1000,XS,33.65%,145,WELD COUNTY PUBLIC WORKS DEPARTMENT (145 trucks),100000,13032,8270491.24,"$350,000.00"
Sol_032,1339 Sheridan Blvd,https://www.loopnet.com/Listing/1339-Sheridan-Blvd-Lakewood-CO/29629654/,"Lakewood, CO 80214",0.18,299999.0,39.737415742007,-105.053556666269,4008.78,5000,M,80.18%,809,COMPASS VEHICLE RENTAL INC (170 trucks) | JEFFERSON COUNTY (120 trucks) | JEFFCO SCHOOLS (274 trucks) | SITEWISE LLC (145 trucks) | CITY OF ARVADA (100 trucks),100000,13032,8270491.24,"$299,999.00"
Sol_032,422 Perry St,https://www.loopnet.com/Listing/422-Perry-St-Castle-Rock-CO/38421711/,"Castle Rock, CO 80104",0.24,605821.24,39.374148794158,-104.858322527659,2577.81,5000,M,51.56%,389,GREAT SOUTHWESTERN CONSTRUCTION INC (280 trucks) | TOWN OF CASTLE ROCK  (109 trucks),100000,13032,8270491.24,"$605,821.24"
Sol_032,239 S Main St,https://www.loopnet.com/Listing/239-S-Main-St-Brighton-CO/27424620/,"Brighton, CO 80601",0.31,250000.0,39.982905257485,-104.822555605705,1694.9,2000,S,84.75%,267,G&Z TRANSPORT LLC (147 trucks) | SIM TRUCKING INC (120 trucks),100000,13032,8270491.24,"$250,000.00"
Sol_032,606 W Colfax Ave,https://www.loopnet.com/Listing/606-W-Colfax-Ave-Denver-CO/26992476/,"Denver, CO 80204",0.31,1475000.0,39.739741342952,-104.995589435564,8930.12,10000,L,89.30%,1122,MPLX G&P (144 trucks) | RES (149 trucks) | CONCRETE EXPRESS INC (128 trucks) | FARMERS ALL NATURAL (121 trucks) | CO TRAN LLC (275 trucks) | COORS DISTRIBUTING COMPANY MILLER COORS LLC (105 trucks) | U S TRANSPORT INC (200 trucks),100000,13032,8270491.24,"$1,475,000.00"
Sol_032,1560 N Academy Blvd,https://www.loopnet.com/Listing/1560-N-Academy-Blvd-Colorado-Springs-CO/3886433/,"Colorado Springs, CO 80909",0.64,416700.0,38.854776988204,-104.75774002483,5689.619999999999,10000,L,56.90%,1031,COLORADO SPRINGS SCHOOL DISTRICT 11 (130 trucks) | MOUNTAIN METROPOLITAN TRANSIT (144 trucks) | CITY OF COLORADO SPRINGS (326 trucks) | El PASO COUNTY (112 trucks) | GOODWILL OF COLORADO (134 trucks) | VECTRUS SYSTEMS CORPORATION (185 trucks),100000,13032,8270491.24,"$416,700.00"
Sol_032,4237 McWhinney Blvd,https://www.loopnet.com/Listing/4237-McWhinney-Blvd-Loveland-CO/23974785/,"Loveland, CO 80538",0.65,871347.9,40.408208389025,-105.017378025231,252.96,1000,XS,25.30%,109,LOVELAND MUNICIPALITY (109 trucks),100000,13032,8270491.24,"$871,347.90"
Sol_032,10431 Quari St,https://www.loopnet.com/Listing/10431-Quari-St-Commerce-City-CO/29119294/,"Commerce City, CO 80022",0.72,270000.0,39.886267655476,-104.844980046547,4169.15,5000,M,83.38%,562,ENVIRONMENTAL DESIGNS LLC (156 trucks) | BALIC TRANSPORT INC (120 trucks) | BURNCO COLORADO LLC (146 trucks) | WEST DIRECT OIL (140 trucks),100000,13032,8270491.24,"$270,000.00"
Sol_032,NEC N Fairgrounds Ave,https://www.loopnet.com/Listing/NEC-N-Fairgrounds-Ave-Windsor-CO/29890025/,"Windsor, CO 80528",0.74,483449.0,40.437732372143,-104.982630626628,3990.5600000000004,5000,M,79.81%,575,LARIMER COUNTY (131 trucks) | NOVUS AG LLC (444 trucks),100000,13032,8270491.24,"$483,449.00"
Sol_032,11958 Lincoln Ave,https://www.loopnet.com/Listing/Lincoln-Ave-Parker-CO/39741118/,"Parker, CO 80138",0.86,495000.0,39.536519536914,-104.76116705724,18264.289999999997,20000,XL,91.32%,2581,ACCELERATED SERVICES LLC (373 trucks) | AMERICAN FURNITURE WAREHOUSE CO (340 trucks) | TERRACARE ASSOCIATES LLC (156 trucks) | IHC SCOTT INC (214 trucks) | BUCKLEY POWDER CO (217 trucks) | CH2M OMI CH2MHILL JACOBS (183 trucks) | ORICA USA INC (215 trucks) | CHERRY CREEK SCHOOLS (352 trucks) | HBSCO DANS TRASH AT YOUR DISPOSAL (110 trucks) | ENTERPRISE RENT-A-CAR NATIONAL RENT A CAR ALAMO RENT A CAR (421 trucks),100000,13032,8270491.24,"$495,000.00"
Sol_032,3311 Ideal Drive Dr,https://www.loopnet.com/Listing/3311-Ideal-Drive-Dr-Frederick-CO/35744244/,"Frederick, CO 80516",1.0,949000.0,40.087044076103,-104.992966989518,4928.75,5000,M,98.58%,991,SUPREME TRANSPORT INC (183 trucks) | WARD ELECTRIC COMPANY INC (222 trucks) | CITY OF LONGMONT (211 trucks) | ST VRAIN VALLEY SCHOOL DISTRICT (174 trucks) | HEAT WAVES HOT OIL SERVICE LLC (201 trucks),100000,13032,8270491.24,"$949,000.00"
Sol_032,Colfax Ave & Airport Blvd,https://www.loopnet.com/Listing/Colfax-Ave-Airport-Blvd-Aurora-CO/24946845/,"Aurora, CO 80011",1.1,955174.1,39.740269989586,-104.791334022205,9801.08,10000,L,98.01%,1396,METCO LANDSCAPING INC (226 trucks) | WAGNER EQUIPMENT CO (423 trucks) | AURORA PUBLIC SCHOOLS (127 trucks) | CITY OF AURORA (271 trucks) | SHAMROCK FOODS COMPANY (214 trucks) | SWINGLE TREE & LANDSCAPE CARE (135 trucks),100000,13032,8270491.24,"$955,174.10"
Sol_032,13800 Ash Cir,https://www.loopnet.com/Listing/13800-Ash-Cir-Thornton-CO/25414845/,"Thornton, CO 80602",1.15,500000.0,39.946456593436,-104.938427705755,951.35,1000,XS,95.14%,182,ADAMS 12 FIVE STAR SCHOOLS (182 trucks),100000,13032,8270491.24,"$500,000.00"
Sol_032,8850 Huron St,https://www.loopnet.com/Listing/8850-Huron-St-Thornton-CO/33061072/,"Thornton, CO 80260",1.26,349000.0,39.858426283979,-104.995662022846,19964.47,20000,XL,99.82%,2873,CITY OF THORNTON (208 trucks) | CITY OF THORNTON (174 trucks) | COCAL LANDSCAPE SERVICES INC (153 trucks) | COLD FRONT (121 trucks) | READY MIX CONCRETE COMPANY (191 trucks) | NAVAJO EXPRESS INC (309 trucks) | TRI-STATE GENERATION & TRANSMISSION ASSOCIATION INC (321 trucks) | WESTERN DISTRIBUTING TRANSPORTATION CORP (155 trucks) | RMS CRANES (139 trucks) | SURESHOT DRILLING LLC ATOZ FIELD SERVICES LLC DRILL TECH LLC PINNACLE DEVELOPMENT INC HDD SPECIALISTS LLC (135 trucks) | EAGLE ROCK DISTRIBUTING COMPANY OF COLORADO LLC (148 trucks) | OFFEN PETROLEUM LLC (269 trucks) | ALPINE MILLWORK COMPANY DBA ROCKY MOUNTAIN RELOAD (141 trucks) | UNITED SITE SERVICES OF NEVADA INC (409 trucks),100000,13032,8270491.24,"$349,000.00"
Sol_033,2544 11th Ave,https://www.loopnet.com/Listing/2544-11th-Ave-Greeley-CO/35100267/,"Greeley, CO 80631",0.15,350000.0,40.395690645275,-104.69657283495,336.5,1000,XS,33.65%,145,WELD COUNTY PUBLIC WORKS DEPARTMENT (145 trucks),144000,16524,11869329.69,"$350,000.00"
Sol_033,422 Perry St,https://www.loopnet.com/Listing/422-Perry-St-Castle-Rock-CO/38421711/,"Castle Rock, CO 80104",0.24,605821.24,39.374148794158,-104.858322527659,2577.81,5000,M,51.56%,389,GREAT SOUTHWESTERN CONSTRUCTION INC (280 trucks) | TOWN OF CASTLE ROCK  (109 trucks),144000,16524,11869329.69,"$605,821.24"
Sol_033,1319 Sheridan Blvd,https://www.loopnet.com/Listing/1319-1327-Sheridan-Blvd-Lakewood-CO/38343110/,"Lakewood, CO 80214",0.3,999998.0,39.737113071483,-105.053491874157,7437.9400000000005,10000,L,74.38%,1222,COMPASS VEHICLE RENTAL INC (170 trucks) | JEFFERSON COUNTY (120 trucks) | JEFFCO SCHOOLS (274 trucks) | SITEWISE LLC (145 trucks) | CITY OF ARVADA (100 trucks) | HOLCIM WCR INC (298 trucks) | ENIVIRONMENTAL LANDWORKS COMPANY INC (115 trucks),144000,16524,11869329.69,"$999,998.00"
Sol_033,239 S Main St,https://www.loopnet.com/Listing/239-S-Main-St-Brighton-CO/27424620/,"Brighton, CO 80601",0.31,250000.0,39.982905257485,-104.822555605705,1694.9,2000,S,84.75%,267,G&Z TRANSPORT LLC (147 trucks) | SIM TRUCKING INC (120 trucks),144000,16524,11869329.69,"$250,000.00"
Sol_033,606 W Colfax Ave,https://www.loopnet.com/Listing/606-W-Colfax-Ave-Denver-CO/26992476/,"Denver, CO 80204",0.31,1475000.0,39.739741342952,-104.995589435564,2877.2,5000,M,57.54%,393,MPLX G&P (144 trucks) | CONCRETE EXPRESS INC (128 trucks) | FARMERS ALL NATURAL (121 trucks),144000,16524,11869329.69,"$1,475,000.00"
Sol_033,1560 N Academy Blvd,https://www.loopnet.com/Listing/1560-N-Academy-Blvd-Colorado-Springs-CO/3886433/,"Colorado Springs, CO 80909",0.64,416700.0,38.854776988204,-104.75774002483,5689.619999999999,10000,L,56.90%,1031,COLORADO SPRINGS SCHOOL DISTRICT 11 (130 trucks) | MOUNTAIN METROPOLITAN TRANSIT (144 trucks) | CITY OF COLORADO SPRINGS (326 trucks) | El PASO COUNTY (112 trucks) | GOODWILL OF COLORADO (134 trucks) | VECTRUS SYSTEMS CORPORATION (185 trucks),144000,16524,11869329.69,"$416,700.00"
Sol_033,4237 McWhinney Blvd,https://www.loopnet.com/Listing/4237-McWhinney-Blvd-Loveland-CO/23974785/,"Loveland, CO 80538",0.65,871347.9,40.408208389025,-105.017378025231,252.96,1000,XS,25.30%,109,LOVELAND MUNICIPALITY (109 trucks),144000,16524,11869329.69,"$871,347.90"
Sol_033,10431 Quari St,https://www.loopnet.com/Listing/10431-Quari-St-Commerce-City-CO/29119294/,"Commerce City, CO 80022",0.72,270000.0,39.886267655476,-104.844980046547,4169.15,5000,M,83.38%,562,ENVIRONMENTAL DESIGNS LLC (156 trucks) | BALIC TRANSPORT INC (120 trucks) | BURNCO COLORADO LLC (146 trucks) | WEST DIRECT OIL (140 trucks),144000,16524,11869329.69,"$270,000.00"
Sol_033,NEC N Fairgrounds Ave,https://www.loopnet.com/Listing/NEC-N-Fairgrounds-Ave-Windsor-CO/29890025/,"Windsor, CO 80528",0.74,483449.0,40.437732372143,-104.982630626628,3990.5600000000004,5000,M,79.81%,575,LARIMER COUNTY (131 trucks) | NOVUS AG LLC (444 trucks),144000,16524,11869329.69,"$483,449.00"
Sol_033,11958 Lincoln Ave,https://www.loopnet.com/Listing/Lincoln-Ave-Parker-CO/39741118/,"Parker, CO 80138",0.86,495000.0,39.536519536914,-104.76116705724,15005.279999999999,20000,XL,75.03%,2050,ACCELERATED SERVICES LLC (373 trucks) | AMERICAN FURNITURE WAREHOUSE CO (340 trucks) | TERRACARE ASSOCIATES LLC (156 trucks) | IHC SCOTT INC (214 trucks) | BUCKLEY POWDER CO (217 trucks) | CH2M OMI CH2MHILL JACOBS (183 trucks) | ORICA USA INC (215 trucks) | CHERRY CREEK SCHOOLS (352 trucks),144000,16524,11869329.69,"$495,000.00"
Sol_033,2450 Curtis St,https://www.loopnet.com/Listing/2450-Curtis-St-Denver-CO/34878162/,"Denver, CO 80205",0.93,1930000.0,39.755035173034,-104.984190298703,13972.56,20000,XL,69.86%,1896,RES (149 trucks) | CO TRAN LLC (275 trucks) | WASTE CONNECTIONS OF COLORADO INC (486 trucks) | COORS DISTRIBUTING COMPANY MILLER COORS LLC (105 trucks) | U S TRANSPORT INC (200 trucks) | SUPERSHUTTLE DENVER (125 trucks) | UNITED SITE SERVICES OF NEVADA INC (409 trucks) | UNITED SITE SERVICES OF COLORADO INC (147 trucks),144000,16524,11869329.69,"$1,930,000.00"
Sol_033,1801 W Union Ave,https://www.loopnet.com/Listing/1801-W-Union-Ave-Englewood-CO/39250756/,"Englewood, CO 80110",0.95,912839.45,39.63264140749,-105.009568941318,14985.23,20000,XL,74.93%,2078,KEESEN ENTERPRISES INC (263 trucks) | QUALITY LOGISTICS INC (135 trucks) | PROCAM SERVICES  (101 trucks) | PACIFIC SHIPPING & TRUCKING CO INC (109 trucks) | CITY LIGHT AND POWER INC (121 trucks) | WHEEL PROS LLC (182 trucks) | GLOBAL TRANSPORTATION LLC (442 trucks) | COMCAST (194 trucks) | ENTERPRISE RENT-A-CAR NATIONAL RENT A CAR ALAMO RENT A CAR (421 trucks) | HBSCO DANS TRASH AT YOUR DISPOSAL (110 trucks),144000,16524,11869329.69,"$912,839.45"
Sol_033,3311 Ideal Drive Dr,https://www.loopnet.com/Listing/3311-Ideal-Drive-Dr-Frederick-CO/35744244/,"Frederick, CO 80516",1.0,949000.0,40.087044076103,-104.992966989518,4928.75,5000,M,98.58%,991,SUPREME TRANSPORT INC (183 trucks) | WARD ELECTRIC COMPANY INC (222 trucks) | CITY OF LONGMONT (211 trucks) | ST VRAIN VALLEY SCHOOL DISTRICT (174 trucks) | HEAT WAVES HOT OIL SERVICE LLC (201 trucks),144000,16524,11869329.69,"$949,000.00"
Sol_033,Colfax Ave & Airport Blvd,https://www.loopnet.com/Listing/Colfax-Ave-Airport-Blvd-Aurora-CO/24946845/,"Aurora, CO 80011",1.1,955174.1,39.740269989586,-104.791334022205,9801.08,10000,L,98.01%,1396,METCO LANDSCAPING INC (226 trucks) | WAGNER EQUIPMENT CO (423 trucks) | AURORA PUBLIC SCHOOLS (127 trucks) | CITY OF AURORA (271 trucks) | SHAMROCK FOODS COMPANY (214 trucks) | SWINGLE TREE & LANDSCAPE CARE (135 trucks),144000,16524,11869329.69,"$955,174.10"
Sol_033,8850 Huron St,https://www.loopnet.com/Listing/8850-Huron-St-Thornton-CO/33061072/,"Thornton, CO 80260",1.26,349000.0,39.858426283979,-104.995662022846,19552.47,20000,XL,97.76%,2801,CITY OF THORNTON (208 trucks) | CITY OF THORNTON (174 trucks) | COCAL LANDSCAPE SERVICES INC (153 trucks) | COLD FRONT (121 trucks) | READY MIX CONCRETE COMPANY (191 trucks) | NAVAJO EXPRESS INC (309 trucks) | TRI-STATE GENERATION & TRANSMISSION ASSOCIATION INC (321 trucks) | WESTERN DISTRIBUTING TRANSPORTATION CORP (155 trucks) | RMS CRANES (139 trucks) | SURESHOT DRILLING LLC ATOZ FIELD SERVICES LLC DRILL TECH LLC PINNACLE DEVELOPMENT INC HDD SPECIALISTS LLC (135 trucks) | EAGLE ROCK DISTRIBUTING COMPANY OF COLORADO LLC (148 trucks) | OFFEN PETROLEUM LLC (269 trucks) | ALPINE MILLWORK COMPANY DBA ROCKY MOUNTAIN RELOAD (141 trucks) | ADAMS 12 FIVE STAR SCHOOLS (182 trucks) | GEOSTABILIZATION INTERNATIONAL LLC (155 trucks),144000,16524,11869329.69,"$349,000.00"
Sol_033,765 Aspen Ridge Drive Dr,https://www.loopnet.com/Listing/765-Aspen-Ridge-Drive-Dr-Lafayette-CO/32931931/,"Lafayette, CO 80026",1.43,556000.0,40.006898203868,-105.107210150504,4585.06,5000,M,91.70%,619,BOULDER VALLEY SCHOOL DISTRICT RE-2 (134 trucks) | VIA MOBILITY SERVICES (196 trucks) | VIA MOBILITY SERVICES (116 trucks) | CU (173 trucks),144000,16524,11869329.69,"$556,000.00"
Sol_034,2544 11th Ave,https://www.loopnet.com/Listing/2544-11th-Ave-Greeley-CO/35100267/,"Greeley, CO 80631",0.15,350000.0,40.395690645275,-104.69657283495,336.5,1000,XS,33.65%,145,WELD COUNTY PUBLIC WORKS DEPARTMENT (145 trucks),124000,15492,11094670.0,"$350,000.00"
Sol_034,1339 Sheridan Blvd,https://www.loopnet.com/Listing/1339-Sheridan-Blvd-Lakewood-CO/29629654/,"Lakewood, CO 80214",0.18,299999.0,39.737415742007,-105.053556666269,4008.78,5000,M,80.18%,809,COMPASS VEHICLE RENTAL INC (170 trucks) | JEFFERSON COUNTY (120 trucks) | JEFFCO SCHOOLS (274 trucks) | SITEWISE LLC (145 trucks) | CITY OF ARVADA (100 trucks),124000,15492,11094670.0,"$299,999.00"
Sol_034,239 S Main St,https://www.loopnet.com/Listing/239-S-Main-St-Brighton-CO/27424620/,"Brighton, CO 80601",0.31,250000.0,39.982905257485,-104.822555605705,1694.9,2000,S,84.75%,267,G&Z TRANSPORT LLC (147 trucks) | SIM TRUCKING INC (120 trucks),124000,15492,11094670.0,"$250,000.00"
Sol_034,606 W Colfax Ave,https://www.loopnet.com/Listing/606-W-Colfax-Ave-Denver-CO/26992476/,"Denver, CO 80204",0.31,1475000.0,39.739741342952,-104.995589435564,8517.300000000001,10000,L,85.17%,1207,MPLX G&P (144 trucks) | CONCRETE EXPRESS INC (128 trucks) | FARMERS ALL NATURAL (121 trucks) | PROCAM SERVICES  (101 trucks) | QUALITY LOGISTICS INC (135 trucks) | KEESEN ENTERPRISES INC (263 trucks) | COMCAST (194 trucks) | CITY LIGHT AND POWER INC (121 trucks),124000,15492,11094670.0,"$1,475,000.00"
Sol_034,1560 N Academy Blvd,https://www.loopnet.com/Listing/1560-N-Academy-Blvd-Colorado-Springs-CO/3886433/,"Colorado Springs, CO 80909",0.64,416700.0,38.854776988204,-104.75774002483,5689.619999999999,10000,L,56.90%,1031,COLORADO SPRINGS SCHOOL DISTRICT 11 (130 trucks) | MOUNTAIN METROPOLITAN TRANSIT (144 trucks) | CITY OF COLORADO SPRINGS (326 trucks) | El PASO COUNTY (112 trucks) | GOODWILL OF COLORADO (134 trucks) | VECTRUS SYSTEMS CORPORATION (185 trucks),124000,15492,11094670.0,"$416,700.00"
Sol_034,4237 McWhinney Blvd,https://www.loopnet.com/Listing/4237-McWhinney-Blvd-Loveland-CO/23974785/,"Loveland, CO 80538",0.65,871347.9,40.408208389025,-105.017378025231,252.96,1000,XS,25.30%,109,LOVELAND MUNICIPALITY (109 trucks),124000,15492,11094670.0,"$871,347.90"
Sol_034,10431 Quari St,https://www.loopnet.com/Listing/10431-Quari-St-Commerce-City-CO/29119294/,"Commerce City, CO 80022",0.72,270000.0,39.886267655476,-104.844980046547,4169.15,5000,M,83.38%,562,ENVIRONMENTAL DESIGNS LLC (156 trucks) | BALIC TRANSPORT INC (120 trucks) | BURNCO COLORADO LLC (146 trucks) | WEST DIRECT OIL (140 trucks),124000,15492,11094670.0,"$270,000.00"
Sol_034,NEC N Fairgrounds Ave,https://www.loopnet.com/Listing/NEC-N-Fairgrounds-Ave-Windsor-CO/29890025/,"Windsor, CO 80528",0.74,483449.0,40.437732372143,-104.982630626628,3990.5600000000004,5000,M,79.81%,575,LARIMER COUNTY (131 trucks) | NOVUS AG LLC (444 trucks),124000,15492,11094670.0,"$483,449.00"
Sol_034,11958 Lincoln Ave,https://www.loopnet.com/Listing/Lincoln-Ave-Parker-CO/39741118/,"Parker, CO 80138",0.86,495000.0,39.536519536914,-104.76116705724,19379.71,20000,XL,96.90%,2601,ACCELERATED SERVICES LLC (373 trucks) | AMERICAN FURNITURE WAREHOUSE CO (340 trucks) | TERRACARE ASSOCIATES LLC (156 trucks) | IHC SCOTT INC (214 trucks) | BUCKLEY POWDER CO (217 trucks) | ORICA USA INC (215 trucks) | CHERRY CREEK SCHOOLS (352 trucks) | HBSCO DANS TRASH AT YOUR DISPOSAL (110 trucks) | GLOBAL TRANSPORTATION LLC (442 trucks) | WHEEL PROS LLC (182 trucks),124000,15492,11094670.0,"$495,000.00"
Sol_034,2450 Curtis St,https://www.loopnet.com/Listing/2450-Curtis-St-Denver-CO/34878162/,"Denver, CO 80205",0.93,1930000.0,39.755035173034,-104.984190298703,13972.56,20000,XL,69.86%,1896,RES (149 trucks) | CO TRAN LLC (275 trucks) | WASTE CONNECTIONS OF COLORADO INC (486 trucks) | COORS DISTRIBUTING COMPANY MILLER COORS LLC (105 trucks) | U S TRANSPORT INC (200 trucks) | SUPERSHUTTLE DENVER (125 trucks) | UNITED SITE SERVICES OF NEVADA INC (409 trucks) | UNITED SITE SERVICES OF COLORADO INC (147 trucks),124000,15492,11094670.0,"$1,930,000.00"
Sol_034,3311 Ideal Drive Dr,https://www.loopnet.com/Listing/3311-Ideal-Drive-Dr-Frederick-CO/35744244/,"Frederick, CO 80516",1.0,949000.0,40.087044076103,-104.992966989518,4928.75,5000,M,98.58%,991,SUPREME TRANSPORT INC (183 trucks) | WARD ELECTRIC COMPANY INC (222 trucks) | CITY OF LONGMONT (211 trucks) | ST VRAIN VALLEY SCHOOL DISTRICT (174 trucks) | HEAT WAVES HOT OIL SERVICE LLC (201 trucks),124000,15492,11094670.0,"$949,000.00"
Sol_034,Colfax Ave & Airport Blvd,https://www.loopnet.com/Listing/Colfax-Ave-Airport-Blvd-Aurora-CO/24946845/,"Aurora, CO 80011",1.1,955174.1,39.740269989586,-104.791334022205,9801.08,10000,L,98.01%,1396,METCO LANDSCAPING INC (226 trucks) | WAGNER EQUIPMENT CO (423 trucks) | AURORA PUBLIC SCHOOLS (127 trucks) | CITY OF AURORA (271 trucks) | SHAMROCK FOODS COMPANY (214 trucks) | SWINGLE TREE & LANDSCAPE CARE (135 trucks),124000,15492,11094670.0,"$955,174.10"
Sol_034,8850 Huron St,https://www.loopnet.com/Listing/8850-Huron-St-Thornton-CO/33061072/,"Thornton, CO 80260",1.26,349000.0,39.858426283979,-104.995662022846,19552.47,20000,XL,97.76%,2801,CITY OF THORNTON (208 trucks) | CITY OF THORNTON (174 trucks) | COCAL LANDSCAPE SERVICES INC (153 trucks) | COLD FRONT (121 trucks) | READY MIX CONCRETE COMPANY (191 trucks) | NAVAJO EXPRESS INC (309 trucks) | TRI-STATE GENERATION & TRANSMISSION ASSOCIATION INC (321 trucks) | WESTERN DISTRIBUTING TRANSPORTATION CORP (155 trucks) | RMS CRANES (139 trucks) | SURESHOT DRILLING LLC ATOZ FIELD SERVICES LLC DRILL TECH LLC PINNACLE DEVELOPMENT INC HDD SPECIALISTS LLC (135 trucks) | EAGLE ROCK DISTRIBUTING COMPANY OF COLORADO LLC (148 trucks) | OFFEN PETROLEUM LLC (269 trucks) | ALPINE MILLWORK COMPANY DBA ROCKY MOUNTAIN RELOAD (141 trucks) | ADAMS 12 FIVE STAR SCHOOLS (182 trucks) | GEOSTABILIZATION INTERNATIONAL LLC (155 trucks),124000,15492,11094670.0,"$349,000.00"
Sol_034,I-25 And Castle Pines Parkway,https://www.loopnet.com/Listing/I-25-And-Castle-Pines-Parkway-Castle-Rock-CO/32045010/,"Castle Rock, CO 80108",1.89,2000000.0,39.471987019978,-104.872723978419,7548.509999999999,10000,L,75.49%,1102,TOWN OF CASTLE ROCK  (109 trucks) | CH2M OMI CH2MHILL JACOBS (183 trucks) | ENTERPRISE RENT-A-CAR NATIONAL RENT A CAR ALAMO RENT A CAR (421 trucks) | GREAT SOUTHWESTERN CONSTRUCTION INC (280 trucks) | PACIFIC SHIPPING & TRUCKING CO INC (109 trucks),124000,15492,11094670.0,"$2,000,000.00"
Sol_035,2544 11th Ave,https://www.loopnet.com/Listing/2544-11th-Ave-Greeley-CO/35100267/,"Greeley, CO 80631",0.15,350000.0,40.395690645275,-104.69657283495,336.5,1000,XS,33.65%,145,WELD COUNTY PUBLIC WORKS DEPARTMENT (145 trucks),129000,15791,10956490.24,"$350,000.00"
Sol_035,422 Perry St,https://www.loopnet.com/Listing/422-Perry-St-Castle-Rock-CO/38421711/,"Castle Rock, CO 80104",0.24,605821.24,39.374148794158,-104.858322527659,2577.81,5000,M,51.56%,389,GREAT SOUTHWESTERN CONSTRUCTION INC (280 trucks) | TOWN OF CASTLE ROCK  (109 trucks),129000,15791,10956490.24,"$605,821.24"
Sol_035,1319 Sheridan Blvd,https://www.loopnet.com/Listing/1319-1327-Sheridan-Blvd-Lakewood-CO/38343110/,"Lakewood, CO 80214",0.3,999998.0,39.737113071483,-105.053491874157,7437.9400000000005,10000,L,74.38%,1222,COMPASS VEHICLE RENTAL INC (170 trucks) | JEFFERSON COUNTY (120 trucks) | JEFFCO SCHOOLS (274 trucks) | SITEWISE LLC (145 trucks) | CITY OF ARVADA (100 trucks) | HOLCIM WCR INC (298 trucks) | ENIVIRONMENTAL LANDWORKS COMPANY INC (115 trucks),129000,15791,10956490.24,"$999,998.00"
Sol_035,239 S Main St,https://www.loopnet.com/Listing/239-S-Main-St-Brighton-CO/27424620/,"Brighton, CO 80601",0.31,250000.0,39.982905257485,-104.822555605705,1694.9,2000,S,84.75%,267,G&Z TRANSPORT LLC (147 trucks) | SIM TRUCKING INC (120 trucks),129000,15791,10956490.24,"$250,000.00"
Sol_035,606 W Colfax Ave,https://www.loopnet.com/Listing/606-W-Colfax-Ave-Denver-CO/26992476/,"Denver, CO 80204",0.31,1475000.0,39.739741342952,-104.995589435564,8517.300000000001,10000,L,85.17%,1207,MPLX G&P (144 trucks) | CONCRETE EXPRESS INC (128 trucks) | FARMERS ALL NATURAL (121 trucks) | PROCAM SERVICES  (101 trucks) | QUALITY LOGISTICS INC (135 trucks) | KEESEN ENTERPRISES INC (263 trucks) | COMCAST (194 trucks) | CITY LIGHT AND POWER INC (121 trucks),129000,15791,10956490.24,"$1,475,000.00"
Sol_035,1560 N Academy Blvd,https://www.loopnet.com/Listing/1560-N-Academy-Blvd-Colorado-Springs-CO/3886433/,"Colorado Springs, CO 80909",0.64,416700.0,38.854776988204,-104.75774002483,5689.619999999999,10000,L,56.90%,1031,COLORADO SPRINGS SCHOOL DISTRICT 11 (130 trucks) | MOUNTAIN METROPOLITAN TRANSIT (144 trucks) | CITY OF COLORADO SPRINGS (326 trucks) | El PASO COUNTY (112 trucks) | GOODWILL OF COLORADO (134 trucks) | VECTRUS SYSTEMS CORPORATION (185 trucks),129000,15791,10956490.24,"$416,700.00"
Sol_035,4237 McWhinney Blvd,https://www.loopnet.com/Listing/4237-McWhinney-Blvd-Loveland-CO/23974785/,"Loveland, CO 80538",0.65,871347.9,40.408208389025,-105.017378025231,252.96,1000,XS,25.30%,109,LOVELAND MUNICIPALITY (109 trucks),129000,15791,10956490.24,"$871,347.90"
Sol_035,10431 Quari St,https://www.loopnet.com/Listing/10431-Quari-St-Commerce-City-CO/29119294/,"Commerce City, CO 80022",0.72,270000.0,39.886267655476,-104.844980046547,4169.15,5000,M,83.38%,562,ENVIRONMENTAL DESIGNS LLC (156 trucks) | BALIC TRANSPORT INC (120 trucks) | BURNCO COLORADO LLC (146 trucks) | WEST DIRECT OIL (140 trucks),129000,15791,10956490.24,"$270,000.00"
Sol_035,NEC N Fairgrounds Ave,https://www.loopnet.com/Listing/NEC-N-Fairgrounds-Ave-Windsor-CO/29890025/,"Windsor, CO 80528",0.74,483449.0,40.437732372143,-104.982630626628,3990.5600000000004,5000,M,79.81%,575,LARIMER COUNTY (131 trucks) | NOVUS AG LLC (444 trucks),129000,15791,10956490.24,"$483,449.00"
Sol_035,11958 Lincoln Ave,https://www.loopnet.com/Listing/Lincoln-Ave-Parker-CO/39741118/,"Parker, CO 80138",0.86,495000.0,39.536519536914,-104.76116705724,18264.289999999997,20000,XL,91.32%,2581,ACCELERATED SERVICES LLC (373 trucks) | AMERICAN FURNITURE WAREHOUSE CO (340 trucks) | TERRACARE ASSOCIATES LLC (156 trucks) | IHC SCOTT INC (214 trucks) | BUCKLEY POWDER CO (217 trucks) | CH2M OMI CH2MHILL JACOBS (183 trucks) | ORICA USA INC (215 trucks) | CHERRY CREEK SCHOOLS (352 trucks) | HBSCO DANS TRASH AT YOUR DISPOSAL (110 trucks) | ENTERPRISE RENT-A-CAR NATIONAL RENT A CAR ALAMO RENT A CAR (421 trucks),129000,15791,10956490.24,"$495,000.00"
Sol_035,2450 Curtis St,https://www.loopnet.com/Listing/2450-Curtis-St-Denver-CO/34878162/,"Denver, CO 80205",0.93,1930000.0,39.755035173034,-104.984190298703,13972.56,20000,XL,69.86%,1896,RES (149 trucks) | CO TRAN LLC (275 trucks) | WASTE CONNECTIONS OF COLORADO INC (486 trucks) | COORS DISTRIBUTING COMPANY MILLER COORS LLC (105 trucks) | U S TRANSPORT INC (200 trucks) | SUPERSHUTTLE DENVER (125 trucks) | UNITED SITE SERVICES OF NEVADA INC (409 trucks) | UNITED SITE SERVICES OF COLORADO INC (147 trucks),129000,15791,10956490.24,"$1,930,000.00"
Sol_035,3311 Ideal Drive Dr,https://www.loopnet.com/Listing/3311-Ideal-Drive-Dr-Frederick-CO/35744244/,"Frederick, CO 80516",1.0,949000.0,40.087044076103,-104.992966989518,4928.75,5000,M,98.58%,991,SUPREME TRANSPORT INC (183 trucks) | WARD ELECTRIC COMPANY INC (222 trucks) | CITY OF LONGMONT (211 trucks) | ST VRAIN VALLEY SCHOOL DISTRICT (174 trucks) | HEAT WAVES HOT OIL SERVICE LLC (201 trucks),129000,15791,10956490.24,"$949,000.00"
Sol_035,Colfax Ave & Airport Blvd,https://www.loopnet.com/Listing/Colfax-Ave-Airport-Blvd-Aurora-CO/24946845/,"Aurora, CO 80011",1.1,955174.1,39.740269989586,-104.791334022205,9801.08,10000,L,98.01%,1396,METCO LANDSCAPING INC (226 trucks) | WAGNER EQUIPMENT CO (423 trucks) | AURORA PUBLIC SCHOOLS (127 trucks) | CITY OF AURORA (271 trucks) | SHAMROCK FOODS COMPANY (214 trucks) | SWINGLE TREE & LANDSCAPE CARE (135 trucks),129000,15791,10956490.24,"$955,174.10"
Sol_035,8850 Huron St,https://www.loopnet.com/Listing/8850-Huron-St-Thornton-CO/33061072/,"Thornton, CO 80260",1.26,349000.0,39.858426283979,-104.995662022846,19552.47,20000,XL,97.76%,2801,CITY OF THORNTON (208 trucks) | CITY OF THORNTON (174 trucks) | COCAL LANDSCAPE SERVICES INC (153 trucks) | COLD FRONT (121 trucks) | READY MIX CONCRETE COMPANY (191 trucks) | NAVAJO EXPRESS INC (309 trucks) | TRI-STATE GENERATION & TRANSMISSION ASSOCIATION INC (321 trucks) | WESTERN DISTRIBUTING TRANSPORTATION CORP (155 trucks) | RMS CRANES (139 trucks) | SURESHOT DRILLING LLC ATOZ FIELD SERVICES LLC DRILL TECH LLC PINNACLE DEVELOPMENT INC HDD SPECIALISTS LLC (135 trucks) | EAGLE ROCK DISTRIBUTING COMPANY OF COLORADO LLC (148 trucks) | OFFEN PETROLEUM LLC (269 trucks) | ALPINE MILLWORK COMPANY DBA ROCKY MOUNTAIN RELOAD (141 trucks) | ADAMS 12 FIVE STAR SCHOOLS (182 trucks) | GEOSTABILIZATION INTERNATIONAL LLC (155 trucks),129000,15791,10956490.24,"$349,000.00"
Sol_035,765 Aspen Ridge Drive Dr,https://www.loopnet.com/Listing/765-Aspen-Ridge-Drive-Dr-Lafayette-CO/32931931/,"Lafayette, CO 80026",1.43,556000.0,40.006898203868,-105.107210150504,4585.06,5000,M,91.70%,619,BOULDER VALLEY SCHOOL DISTRICT RE-2 (134 trucks) | VIA MOBILITY SERVICES (196 trucks) | VIA MOBILITY SERVICES (116 trucks) | CU (173 trucks),129000,15791,10956490.24,"$556,000.00"
Sol_036,2544 11th Ave,https://www.loopnet.com/Listing/2544-11th-Ave-Greeley-CO/35100267/,"Greeley, CO 80631",0.15,350000.0,40.395690645275,-104.69657283495,336.5,1000,XS,33.65%,145,WELD COUNTY PUBLIC WORKS DEPARTMENT (145 trucks),137000,15730,10429225.69,"$350,000.00"
Sol_036,1339 Sheridan Blvd,https://www.loopnet.com/Listing/1339-Sheridan-Blvd-Lakewood-CO/29629654/,"Lakewood, CO 80214",0.18,299999.0,39.737415742007,-105.053556666269,1949.27,2000,S,97.46%,415,COMPASS VEHICLE RENTAL INC (170 trucks) | SITEWISE LLC (145 trucks) | CITY OF ARVADA (100 trucks),137000,15730,10429225.69,"$299,999.00"
Sol_036,422 Perry St,https://www.loopnet.com/Listing/422-Perry-St-Castle-Rock-CO/38421711/,"Castle Rock, CO 80104",0.24,605821.24,39.374148794158,-104.858322527659,2577.81,5000,M,51.56%,389,GREAT SOUTHWESTERN CONSTRUCTION INC (280 trucks) | TOWN OF CASTLE ROCK  (109 trucks),137000,15730,10429225.69,"$605,821.24"
Sol_036,239 S Main St,https://www.loopnet.com/Listing/239-S-Main-St-Brighton-CO/27424620/,"Brighton, CO 80601",0.31,250000.0,39.982905257485,-104.822555605705,1694.9,2000,S,84.75%,267,G&Z TRANSPORT LLC (147 trucks) | SIM TRUCKING INC (120 trucks),137000,15730,10429225.69,"$250,000.00"
Sol_036,606 W Colfax Ave,https://www.loopnet.com/Listing/606-W-Colfax-Ave-Denver-CO/26992476/,"Denver, CO 80204",0.31,1475000.0,39.739741342952,-104.995589435564,8930.12,10000,L,89.30%,1122,MPLX G&P (144 trucks) | RES (149 trucks) | CONCRETE EXPRESS INC (128 trucks) | FARMERS ALL NATURAL (121 trucks) | CO TRAN LLC (275 trucks) | COORS DISTRIBUTING COMPANY MILLER COORS LLC (105 trucks) | U S TRANSPORT INC (200 trucks),137000,15730,10429225.69,"$1,475,000.00"
Sol_036,17160 W Colfax Ave,https://www.loopnet.com/Listing/17160-W-Colfax-Ave-Golden-CO/29520298/,"Golden, CO 80401",0.63,500000.0,39.722253633534,-105.192465086092,5488.67,10000,L,54.89%,807,ENIVIRONMENTAL LANDWORKS COMPANY INC (115 trucks) | HOLCIM WCR INC (298 trucks) | JEFFCO SCHOOLS (274 trucks) | JEFFERSON COUNTY (120 trucks),137000,15730,10429225.69,"$500,000.00"
Sol_036,1560 N Academy Blvd,https://www.loopnet.com/Listing/1560-N-Academy-Blvd-Colorado-Springs-CO/3886433/,"Colorado Springs, CO 80909",0.64,416700.0,38.854776988204,-104.75774002483,5689.619999999999,10000,L,56.90%,1031,COLORADO SPRINGS SCHOOL DISTRICT 11 (130 trucks) | MOUNTAIN METROPOLITAN TRANSIT (144 trucks) | CITY OF COLORADO SPRINGS (326 trucks) | El PASO COUNTY (112 trucks) | GOODWILL OF COLORADO (134 trucks) | VECTRUS SYSTEMS CORPORATION (185 trucks),137000,15730,10429225.69,"$416,700.00"
Sol_036,4237 McWhinney Blvd,https://www.loopnet.com/Listing/4237-McWhinney-Blvd-Loveland-CO/23974785/,"Loveland, CO 80538",0.65,871347.9,40.408208389025,-105.017378025231,252.96,1000,XS,25.30%,109,LOVELAND MUNICIPALITY (109 trucks),137000,15730,10429225.69,"$871,347.90"
Sol_036,10431 Quari St,https://www.loopnet.com/Listing/10431-Quari-St-Commerce-City-CO/29119294/,"Commerce City, CO 80022",0.72,270000.0,39.886267655476,-104.844980046547,4169.15,5000,M,83.38%,562,ENVIRONMENTAL DESIGNS LLC (156 trucks) | BALIC TRANSPORT INC (120 trucks) | BURNCO COLORADO LLC (146 trucks) | WEST DIRECT OIL (140 trucks),137000,15730,10429225.69,"$270,000.00"
Sol_036,NEC N Fairgrounds Ave,https://www.loopnet.com/Listing/NEC-N-Fairgrounds-Ave-Windsor-CO/29890025/,"Windsor, CO 80528",0.74,483449.0,40.437732372143,-104.982630626628,304.01,1000,XS,30.40%,131,LARIMER COUNTY (131 trucks),137000,15730,10429225.69,"$483,449.00"
Sol_036,11958 Lincoln Ave,https://www.loopnet.com/Listing/Lincoln-Ave-Parker-CO/39741118/,"Parker, CO 80138",0.86,495000.0,39.536519536914,-104.76116705724,15005.279999999999,20000,XL,75.03%,2050,ACCELERATED SERVICES LLC (373 trucks) | AMERICAN FURNITURE WAREHOUSE CO (340 trucks) | TERRACARE ASSOCIATES LLC (156 trucks) | IHC SCOTT INC (214 trucks) | BUCKLEY POWDER CO (217 trucks) | CH2M OMI CH2MHILL JACOBS (183 trucks) | ORICA USA INC (215 trucks) | CHERRY CREEK SCHOOLS (352 trucks),137000,15730,10429225.69,"$495,000.00"
Sol_036,Harmony Rd,https://www.loopnet.com/Listing/Harmony-Rd-Timnath-CO/21109276/,"Timnath, CO 80547",0.88,689895.0,40.522951241822,-104.96262130308,5618.16,10000,L,56.18%,972,NOVUS AG LLC (444 trucks) | CITY OF FORT COLLINS (285 trucks) | Poudre School District  (243 trucks),137000,15730,10429225.69,"$689,895.00"
Sol_036,1801 W Union Ave,https://www.loopnet.com/Listing/1801-W-Union-Ave-Englewood-CO/39250756/,"Englewood, CO 80110",0.95,912839.45,39.63264140749,-105.009568941318,14985.23,20000,XL,74.93%,2078,KEESEN ENTERPRISES INC (263 trucks) | QUALITY LOGISTICS INC (135 trucks) | PROCAM SERVICES  (101 trucks) | PACIFIC SHIPPING & TRUCKING CO INC (109 trucks) | CITY LIGHT AND POWER INC (121 trucks) | WHEEL PROS LLC (182 trucks) | GLOBAL TRANSPORTATION LLC (442 trucks) | COMCAST (194 trucks) | ENTERPRISE RENT-A-CAR NATIONAL RENT A CAR ALAMO RENT A CAR (421 trucks) | HBSCO DANS TRASH AT YOUR DISPOSAL (110 trucks),137000,15730,10429225.69,"$912,839.45"
Sol_036,3311 Ideal Drive Dr,https://www.loopnet.com/Listing/3311-Ideal-Drive-Dr-Frederick-CO/35744244/,"Frederick, CO 80516",1.0,949000.0,40.087044076103,-104.992966989518,4928.75,5000,M,98.58%,991,SUPREME TRANSPORT INC (183 trucks) | WARD ELECTRIC COMPANY INC (222 trucks) | CITY OF LONGMONT (211 trucks) | ST VRAIN VALLEY SCHOOL DISTRICT (174 trucks) | HEAT WAVES HOT OIL SERVICE LLC (201 trucks),137000,15730,10429225.69,"$949,000.00"
Sol_036,Colfax Ave & Airport Blvd,https://www.loopnet.com/Listing/Colfax-Ave-Airport-Blvd-Aurora-CO/24946845/,"Aurora, CO 80011",1.1,955174.1,39.740269989586,-104.791334022205,9801.08,10000,L,98.01%,1396,METCO LANDSCAPING INC (226 trucks) | WAGNER EQUIPMENT CO (423 trucks) | AURORA PUBLIC SCHOOLS (127 trucks) | CITY OF AURORA (271 trucks) | SHAMROCK FOODS COMPANY (214 trucks) | SWINGLE TREE & LANDSCAPE CARE (135 trucks),137000,15730,10429225.69,"$955,174.10"
Sol_036,8850 Huron St,https://www.loopnet.com/Listing/8850-Huron-St-Thornton-CO/33061072/,"Thornton, CO 80260",1.26,349000.0,39.858426283979,-104.995662022846,18265.5,20000,XL,91.33%,2646,CITY OF THORNTON (208 trucks) | CITY OF THORNTON (174 trucks) | COCAL LANDSCAPE SERVICES INC (153 trucks) | COLD FRONT (121 trucks) | READY MIX CONCRETE COMPANY (191 trucks) | NAVAJO EXPRESS INC (309 trucks) | TRI-STATE GENERATION & TRANSMISSION ASSOCIATION INC (321 trucks) | WESTERN DISTRIBUTING TRANSPORTATION CORP (155 trucks) | RMS CRANES (139 trucks) | SURESHOT DRILLING LLC ATOZ FIELD SERVICES LLC DRILL TECH LLC PINNACLE DEVELOPMENT INC HDD SPECIALISTS LLC (135 trucks) | EAGLE ROCK DISTRIBUTING COMPANY OF COLORADO LLC (148 trucks) | OFFEN PETROLEUM LLC (269 trucks) | ALPINE MILLWORK COMPANY DBA ROCKY MOUNTAIN RELOAD (141 trucks) | ADAMS 12 FIVE STAR SCHOOLS (182 trucks),137000,15730,10429225.69,"$349,000.00"
Sol_036,765 Aspen Ridge Drive Dr,https://www.loopnet.com/Listing/765-Aspen-Ridge-Drive-Dr-Lafayette-CO/32931931/,"Lafayette, CO 80026",1.43,556000.0,40.006898203868,-105.107210150504,4585.06,5000,M,91.70%,619,BOULDER VALLEY SCHOOL DISTRICT RE-2 (134 trucks) | VIA MOBILITY SERVICES (196 trucks) | VIA MOBILITY SERVICES (116 trucks) | CU (173 trucks),137000,15730,10429225.69,"$556,000.00"
Sol_037,2544 11th Ave,https://www.loopnet.com/Listing/2544-11th-Ave-Greeley-CO/35100267/,"Greeley, CO 80631",0.15,350000.0,40.395690645275,-104.69657283495,336.5,1000,XS,33.65%,145,WELD COUNTY PUBLIC WORKS DEPARTMENT (145 trucks),104000,13242,8326491.24,"$350,000.00"
Sol_037,1339 Sheridan Blvd,https://www.loopnet.com/Listing/1339-Sheridan-Blvd-Lakewood-CO/29629654/,"Lakewood, CO 80214",0.18,299999.0,39.737415742007,-105.053556666269,4008.78,5000,M,80.18%,809,COMPASS VEHICLE RENTAL INC (170 trucks) | JEFFERSON COUNTY (120 trucks) | JEFFCO SCHOOLS (274 trucks) | SITEWISE LLC (145 trucks) | CITY OF ARVADA (100 trucks),104000,13242,8326491.24,"$299,999.00"
Sol_037,422 Perry St,https://www.loopnet.com/Listing/422-Perry-St-Castle-Rock-CO/38421711/,"Castle Rock, CO 80104",0.24,605821.24,39.374148794158,-104.858322527659,2577.81,5000,M,51.56%,389,GREAT SOUTHWESTERN CONSTRUCTION INC (280 trucks) | TOWN OF CASTLE ROCK  (109 trucks),104000,13242,8326491.24,"$605,821.24"
Sol_037,239 S Main St,https://www.loopnet.com/Listing/239-S-Main-St-Brighton-CO/27424620/,"Brighton, CO 80601",0.31,250000.0,39.982905257485,-104.822555605705,1694.9,2000,S,84.75%,267,G&Z TRANSPORT LLC (147 trucks) | SIM TRUCKING INC (120 trucks),104000,13242,8326491.24,"$250,000.00"
Sol_037,606 W Colfax Ave,https://www.loopnet.com/Listing/606-W-Colfax-Ave-Denver-CO/26992476/,"Denver, CO 80204",0.31,1475000.0,39.739741342952,-104.995589435564,8930.12,10000,L,89.30%,1122,MPLX G&P (144 trucks) | RES (149 trucks) | CONCRETE EXPRESS INC (128 trucks) | FARMERS ALL NATURAL (121 trucks) | CO TRAN LLC (275 trucks) | COORS DISTRIBUTING COMPANY MILLER COORS LLC (105 trucks) | U S TRANSPORT INC (200 trucks),104000,13242,8326491.24,"$1,475,000.00"
Sol_037,1560 N Academy Blvd,https://www.loopnet.com/Listing/1560-N-Academy-Blvd-Colorado-Springs-CO/3886433/,"Colorado Springs, CO 80909",0.64,416700.0,38.854776988204,-104.75774002483,5689.619999999999,10000,L,56.90%,1031,COLORADO SPRINGS SCHOOL DISTRICT 11 (130 trucks) | MOUNTAIN METROPOLITAN TRANSIT (144 trucks) | CITY OF COLORADO SPRINGS (326 trucks) | El PASO COUNTY (112 trucks) | GOODWILL OF COLORADO (134 trucks) | VECTRUS SYSTEMS CORPORATION (185 trucks),104000,13242,8326491.24,"$416,700.00"
Sol_037,4237 McWhinney Blvd,https://www.loopnet.com/Listing/4237-McWhinney-Blvd-Loveland-CO/23974785/,"Loveland, CO 80538",0.65,871347.9,40.408208389025,-105.017378025231,252.96,1000,XS,25.30%,109,LOVELAND MUNICIPALITY (109 trucks),104000,13242,8326491.24,"$871,347.90"
Sol_037,10431 Quari St,https://www.loopnet.com/Listing/10431-Quari-St-Commerce-City-CO/29119294/,"Commerce City, CO 80022",0.72,270000.0,39.886267655476,-104.844980046547,4169.15,5000,M,83.38%,562,ENVIRONMENTAL DESIGNS LLC (156 trucks) | BALIC TRANSPORT INC (120 trucks) | BURNCO COLORADO LLC (146 trucks) | WEST DIRECT OIL (140 trucks),104000,13242,8326491.24,"$270,000.00"
Sol_037,NEC N Fairgrounds Ave,https://www.loopnet.com/Listing/NEC-N-Fairgrounds-Ave-Windsor-CO/29890025/,"Windsor, CO 80528",0.74,483449.0,40.437732372143,-104.982630626628,3990.5600000000004,5000,M,79.81%,575,LARIMER COUNTY (131 trucks) | NOVUS AG LLC (444 trucks),104000,13242,8326491.24,"$483,449.00"
Sol_037,11958 Lincoln Ave,https://www.loopnet.com/Listing/Lincoln-Ave-Parker-CO/39741118/,"Parker, CO 80138",0.86,495000.0,39.536519536914,-104.76116705724,18264.289999999997,20000,XL,91.32%,2581,ACCELERATED SERVICES LLC (373 trucks) | AMERICAN FURNITURE WAREHOUSE CO (340 trucks) | TERRACARE ASSOCIATES LLC (156 trucks) | IHC SCOTT INC (214 trucks) | BUCKLEY POWDER CO (217 trucks) | CH2M OMI CH2MHILL JACOBS (183 trucks) | ORICA USA INC (215 trucks) | CHERRY CREEK SCHOOLS (352 trucks) | HBSCO DANS TRASH AT YOUR DISPOSAL (110 trucks) | ENTERPRISE RENT-A-CAR NATIONAL RENT A CAR ALAMO RENT A CAR (421 trucks),104000,13242,8326491.24,"$495,000.00"
Sol_037,3311 Ideal Drive Dr,https://www.loopnet.com/Listing/3311-Ideal-Drive-Dr-Frederick-CO/35744244/,"Frederick, CO 80516",1.0,949000.0,40.087044076103,-104.992966989518,4928.75,5000,M,98.58%,991,SUPREME TRANSPORT INC (183 trucks) | WARD ELECTRIC COMPANY INC (222 trucks) | CITY OF LONGMONT (211 trucks) | ST VRAIN VALLEY SCHOOL DISTRICT (174 trucks) | HEAT WAVES HOT OIL SERVICE LLC (201 trucks),104000,13242,8326491.24,"$949,000.00"
Sol_037,Colfax Ave & Airport Blvd,https://www.loopnet.com/Listing/Colfax-Ave-Airport-Blvd-Aurora-CO/24946845/,"Aurora, CO 80011",1.1,955174.1,39.740269989586,-104.791334022205,9801.08,10000,L,98.01%,1396,METCO LANDSCAPING INC (226 trucks) | WAGNER EQUIPMENT CO (423 trucks) | AURORA PUBLIC SCHOOLS (127 trucks) | CITY OF AURORA (271 trucks) | SHAMROCK FOODS COMPANY (214 trucks) | SWINGLE TREE & LANDSCAPE CARE (135 trucks),104000,13242,8326491.24,"$955,174.10"
Sol_037,8850 Huron St,https://www.loopnet.com/Listing/8850-Huron-St-Thornton-CO/33061072/,"Thornton, CO 80260",1.26,349000.0,39.858426283979,-104.995662022846,18265.5,20000,XL,91.33%,2646,CITY OF THORNTON (208 trucks) | CITY OF THORNTON (174 trucks) | COCAL LANDSCAPE SERVICES INC (153 trucks) | COLD FRONT (121 trucks) | READY MIX CONCRETE COMPANY (191 trucks) | NAVAJO EXPRESS INC (309 trucks) | TRI-STATE GENERATION & TRANSMISSION ASSOCIATION INC (321 trucks) | WESTERN DISTRIBUTING TRANSPORTATION CORP (155 trucks) | RMS CRANES (139 trucks) | SURESHOT DRILLING LLC ATOZ FIELD SERVICES LLC DRILL TECH LLC PINNACLE DEVELOPMENT INC HDD SPECIALISTS LLC (135 trucks) | EAGLE ROCK DISTRIBUTING COMPANY OF COLORADO LLC (148 trucks) | OFFEN PETROLEUM LLC (269 trucks) | ALPINE MILLWORK COMPANY DBA ROCKY MOUNTAIN RELOAD (141 trucks) | ADAMS 12 FIVE STAR SCHOOLS (182 trucks),104000,13242,8326491.24,"$349,000.00"
Sol_037,765 Aspen Ridge Drive Dr,https://www.loopnet.com/Listing/765-Aspen-Ridge-Drive-Dr-Lafayette-CO/32931931/,"Lafayette, CO 80026",1.43,556000.0,40.006898203868,-105.107210150504,4585.06,5000,M,91.70%,619,BOULDER VALLEY SCHOOL DISTRICT RE-2 (134 trucks) | VIA MOBILITY SERVICES (196 trucks) | VIA MOBILITY SERVICES (116 trucks) | CU (173 trucks),104000,13242,8326491.24,"$556,000.00"
Sol_038,2544 11th Ave,https://www.loopnet.com/Listing/2544-11th-Ave-Greeley-CO/35100267/,"Greeley, CO 80631",0.15,350000.0,40.395690645275,-104.69657283495,336.5,1000,XS,33.65%,145,WELD COUNTY PUBLIC WORKS DEPARTMENT (145 trucks),129000,15905,11794669.0,"$350,000.00"
Sol_038,1319 Sheridan Blvd,https://www.loopnet.com/Listing/1319-1327-Sheridan-Blvd-Lakewood-CO/38343110/,"Lakewood, CO 80214",0.3,999998.0,39.737113071483,-105.053491874157,7437.9400000000005,10000,L,74.38%,1222,COMPASS VEHICLE RENTAL INC (170 trucks) | JEFFERSON COUNTY (120 trucks) | JEFFCO SCHOOLS (274 trucks) | SITEWISE LLC (145 trucks) | CITY OF ARVADA (100 trucks) | HOLCIM WCR INC (298 trucks) | ENIVIRONMENTAL LANDWORKS COMPANY INC (115 trucks),129000,15905,11794669.0,"$999,998.00"
Sol_038,239 S Main St,https://www.loopnet.com/Listing/239-S-Main-St-Brighton-CO/27424620/,"Brighton, CO 80601",0.31,250000.0,39.982905257485,-104.822555605705,1694.9,2000,S,84.75%,267,G&Z TRANSPORT LLC (147 trucks) | SIM TRUCKING INC (120 trucks),129000,15905,11794669.0,"$250,000.00"
Sol_038,606 W Colfax Ave,https://www.loopnet.com/Listing/606-W-Colfax-Ave-Denver-CO/26992476/,"Denver, CO 80204",0.31,1475000.0,39.739741342952,-104.995589435564,8517.300000000001,10000,L,85.17%,1207,MPLX G&P (144 trucks) | CONCRETE EXPRESS INC (128 trucks) | FARMERS ALL NATURAL (121 trucks) | PROCAM SERVICES  (101 trucks) | QUALITY LOGISTICS INC (135 trucks) | KEESEN ENTERPRISES INC (263 trucks) | COMCAST (194 trucks) | CITY LIGHT AND POWER INC (121 trucks),129000,15905,11794669.0,"$1,475,000.00"
Sol_038,1560 N Academy Blvd,https://www.loopnet.com/Listing/1560-N-Academy-Blvd-Colorado-Springs-CO/3886433/,"Colorado Springs, CO 80909",0.64,416700.0,38.854776988204,-104.75774002483,5689.619999999999,10000,L,56.90%,1031,COLORADO SPRINGS SCHOOL DISTRICT 11 (130 trucks) | MOUNTAIN METROPOLITAN TRANSIT (144 trucks) | CITY OF COLORADO SPRINGS (326 trucks) | El PASO COUNTY (112 trucks) | GOODWILL OF COLORADO (134 trucks) | VECTRUS SYSTEMS CORPORATION (185 trucks),129000,15905,11794669.0,"$416,700.00"
Sol_038,4237 McWhinney Blvd,https://www.loopnet.com/Listing/4237-McWhinney-Blvd-Loveland-CO/23974785/,"Loveland, CO 80538",0.65,871347.9,40.408208389025,-105.017378025231,252.96,1000,XS,25.30%,109,LOVELAND MUNICIPALITY (109 trucks),129000,15905,11794669.0,"$871,347.90"
Sol_038,10431 Quari St,https://www.loopnet.com/Listing/10431-Quari-St-Commerce-City-CO/29119294/,"Commerce City, CO 80022",0.72,270000.0,39.886267655476,-104.844980046547,4169.15,5000,M,83.38%,562,ENVIRONMENTAL DESIGNS LLC (156 trucks) | BALIC TRANSPORT INC (120 trucks) | BURNCO COLORADO LLC (146 trucks) | WEST DIRECT OIL (140 trucks),129000,15905,11794669.0,"$270,000.00"
Sol_038,NEC N Fairgrounds Ave,https://www.loopnet.com/Listing/NEC-N-Fairgrounds-Ave-Windsor-CO/29890025/,"Windsor, CO 80528",0.74,483449.0,40.437732372143,-104.982630626628,3990.5600000000004,5000,M,79.81%,575,LARIMER COUNTY (131 trucks) | NOVUS AG LLC (444 trucks),129000,15905,11794669.0,"$483,449.00"
Sol_038,11958 Lincoln Ave,https://www.loopnet.com/Listing/Lincoln-Ave-Parker-CO/39741118/,"Parker, CO 80138",0.86,495000.0,39.536519536914,-104.76116705724,19379.71,20000,XL,96.90%,2601,ACCELERATED SERVICES LLC (373 trucks) | AMERICAN FURNITURE WAREHOUSE CO (340 trucks) | TERRACARE ASSOCIATES LLC (156 trucks) | IHC SCOTT INC (214 trucks) | BUCKLEY POWDER CO (217 trucks) | ORICA USA INC (215 trucks) | CHERRY CREEK SCHOOLS (352 trucks) | HBSCO DANS TRASH AT YOUR DISPOSAL (110 trucks) | GLOBAL TRANSPORTATION LLC (442 trucks) | WHEEL PROS LLC (182 trucks),129000,15905,11794669.0,"$495,000.00"
Sol_038,2450 Curtis St,https://www.loopnet.com/Listing/2450-Curtis-St-Denver-CO/34878162/,"Denver, CO 80205",0.93,1930000.0,39.755035173034,-104.984190298703,13972.56,20000,XL,69.86%,1896,RES (149 trucks) | CO TRAN LLC (275 trucks) | WASTE CONNECTIONS OF COLORADO INC (486 trucks) | COORS DISTRIBUTING COMPANY MILLER COORS LLC (105 trucks) | U S TRANSPORT INC (200 trucks) | SUPERSHUTTLE DENVER (125 trucks) | UNITED SITE SERVICES OF NEVADA INC (409 trucks) | UNITED SITE SERVICES OF COLORADO INC (147 trucks),129000,15905,11794669.0,"$1,930,000.00"
Sol_038,3311 Ideal Drive Dr,https://www.loopnet.com/Listing/3311-Ideal-Drive-Dr-Frederick-CO/35744244/,"Frederick, CO 80516",1.0,949000.0,40.087044076103,-104.992966989518,4928.75,5000,M,98.58%,991,SUPREME TRANSPORT INC (183 trucks) | WARD ELECTRIC COMPANY INC (222 trucks) | CITY OF LONGMONT (211 trucks) | ST VRAIN VALLEY SCHOOL DISTRICT (174 trucks) | HEAT WAVES HOT OIL SERVICE LLC (201 trucks),129000,15905,11794669.0,"$949,000.00"
Sol_038,Colfax Ave & Airport Blvd,https://www.loopnet.com/Listing/Colfax-Ave-Airport-Blvd-Aurora-CO/24946845/,"Aurora, CO 80011",1.1,955174.1,39.740269989586,-104.791334022205,9801.08,10000,L,98.01%,1396,METCO LANDSCAPING INC (226 trucks) | WAGNER EQUIPMENT CO (423 trucks) | AURORA PUBLIC SCHOOLS (127 trucks) | CITY OF AURORA (271 trucks) | SHAMROCK FOODS COMPANY (214 trucks) | SWINGLE TREE & LANDSCAPE CARE (135 trucks),129000,15905,11794669.0,"$955,174.10"
Sol_038,8850 Huron St,https://www.loopnet.com/Listing/8850-Huron-St-Thornton-CO/33061072/,"Thornton, CO 80260",1.26,349000.0,39.858426283979,-104.995662022846,19552.47,20000,XL,97.76%,2801,CITY OF THORNTON (208 trucks) | CITY OF THORNTON (174 trucks) | COCAL LANDSCAPE SERVICES INC (153 trucks) | COLD FRONT (121 trucks) | READY MIX CONCRETE COMPANY (191 trucks) | NAVAJO EXPRESS INC (309 trucks) | TRI-STATE GENERATION & TRANSMISSION ASSOCIATION INC (321 trucks) | WESTERN DISTRIBUTING TRANSPORTATION CORP (155 trucks) | RMS CRANES (139 trucks) | SURESHOT DRILLING LLC ATOZ FIELD SERVICES LLC DRILL TECH LLC PINNACLE DEVELOPMENT INC HDD SPECIALISTS LLC (135 trucks) | EAGLE ROCK DISTRIBUTING COMPANY OF COLORADO LLC (148 trucks) | OFFEN PETROLEUM LLC (269 trucks) | ALPINE MILLWORK COMPANY DBA ROCKY MOUNTAIN RELOAD (141 trucks) | ADAMS 12 FIVE STAR SCHOOLS (182 trucks) | GEOSTABILIZATION INTERNATIONAL LLC (155 trucks),129000,15905,11794669.0,"$349,000.00"
Sol_038,I-25 And Castle Pines Parkway,https://www.loopnet.com/Listing/I-25-And-Castle-Pines-Parkway-Castle-Rock-CO/32045010/,"Castle Rock, CO 80108",1.89,2000000.0,39.471987019978,-104.872723978419,7548.509999999999,10000,L,75.49%,1102,TOWN OF CASTLE ROCK  (109 trucks) | CH2M OMI CH2MHILL JACOBS (183 trucks) | ENTERPRISE RENT-A-CAR NATIONAL RENT A CAR ALAMO RENT A CAR (421 trucks) | GREAT SOUTHWESTERN CONSTRUCTION INC (280 trucks) | PACIFIC SHIPPING & TRUCKING CO INC (109 trucks),129000,15905,11794669.0,"$2,000,000.00"
Sol_039,2544 11th Ave,https://www.loopnet.com/Listing/2544-11th-Ave-Greeley-CO/35100267/,"Greeley, CO 80631",0.15,350000.0,40.395690645275,-104.69657283495,336.5,1000,XS,33.65%,145,WELD COUNTY PUBLIC WORKS DEPARTMENT (145 trucks),135000,16197,11140385.24,"$350,000.00"
Sol_039,1339 Sheridan Blvd,https://www.loopnet.com/Listing/1339-Sheridan-Blvd-Lakewood-CO/29629654/,"Lakewood, CO 80214",0.18,299999.0,39.737415742007,-105.053556666269,4008.78,5000,M,80.18%,809,COMPASS VEHICLE RENTAL INC (170 trucks) | JEFFERSON COUNTY (120 trucks) | JEFFCO SCHOOLS (274 trucks) | SITEWISE LLC (145 trucks) | CITY OF ARVADA (100 trucks),135000,16197,11140385.24,"$299,999.00"
Sol_039,831 N Clarkson St,https://www.loopnet.com/Listing/831-N-Clarkson-St-Denver-CO/38142797/,"Denver, CO 80218",0.18,899000.0,39.729919009716,-104.977904960968,3413.46,5000,M,68.27%,396,FARMERS ALL NATURAL (121 trucks) | CO TRAN LLC (275 trucks),135000,16197,11140385.24,"$899,000.00"
Sol_039,422 Perry St,https://www.loopnet.com/Listing/422-Perry-St-Castle-Rock-CO/38421711/,"Castle Rock, CO 80104",0.24,605821.24,39.374148794158,-104.858322527659,2577.81,5000,M,51.56%,389,GREAT SOUTHWESTERN CONSTRUCTION INC (280 trucks) | TOWN OF CASTLE ROCK  (109 trucks),135000,16197,11140385.24,"$605,821.24"
Sol_039,239 S Main St,https://www.loopnet.com/Listing/239-S-Main-St-Brighton-CO/27424620/,"Brighton, CO 80601",0.31,250000.0,39.982905257485,-104.822555605705,1694.9,2000,S,84.75%,267,G&Z TRANSPORT LLC (147 trucks) | SIM TRUCKING INC (120 trucks),135000,16197,11140385.24,"$250,000.00"
Sol_039,606 W Colfax Ave,https://www.loopnet.com/Listing/606-W-Colfax-Ave-Denver-CO/26992476/,"Denver, CO 80204",0.31,1475000.0,39.739741342952,-104.995589435564,8665.94,10000,L,86.66%,1212,MPLX G&P (144 trucks) | RES (149 trucks) | CONCRETE EXPRESS INC (128 trucks) | COORS DISTRIBUTING COMPANY MILLER COORS LLC (105 trucks) | U S TRANSPORT INC (200 trucks) | WASTE CONNECTIONS OF COLORADO INC (486 trucks),135000,16197,11140385.24,"$1,475,000.00"
Sol_039,8905 E Colfax Ave,https://www.loopnet.com/Listing/8905-E-Colfax-Ave-Aurora-CO/32567100/,"Aurora, CO 80010",0.33,845000.0,39.740387126683,-104.884281197975,8899.3,10000,L,88.99%,1313,SUPERSHUTTLE DENVER (125 trucks) | SWINGLE TREE & LANDSCAPE CARE (135 trucks) | COMCAST (194 trucks) | UNITED SITE SERVICES OF NEVADA INC (409 trucks) | UNITED SITE SERVICES OF COLORADO INC (147 trucks) | CITY LIGHT AND POWER INC (121 trucks) | WHEEL PROS LLC (182 trucks),135000,16197,11140385.24,"$845,000.00"
Sol_039,1560 N Academy Blvd,https://www.loopnet.com/Listing/1560-N-Academy-Blvd-Colorado-Springs-CO/3886433/,"Colorado Springs, CO 80909",0.64,416700.0,38.854776988204,-104.75774002483,5689.619999999999,10000,L,56.90%,1031,COLORADO SPRINGS SCHOOL DISTRICT 11 (130 trucks) | MOUNTAIN METROPOLITAN TRANSIT (144 trucks) | CITY OF COLORADO SPRINGS (326 trucks) | El PASO COUNTY (112 trucks) | GOODWILL OF COLORADO (134 trucks) | VECTRUS SYSTEMS CORPORATION (185 trucks),135000,16197,11140385.24,"$416,700.00"
Sol_039,4237 McWhinney Blvd,https://www.loopnet.com/Listing/4237-McWhinney-Blvd-Loveland-CO/23974785/,"Loveland, CO 80538",0.65,871347.9,40.408208389025,-105.017378025231,252.96,1000,XS,25.30%,109,LOVELAND MUNICIPALITY (109 trucks),135000,16197,11140385.24,"$871,347.90"
Sol_039,7300 W Jefferson Ave,https://www.loopnet.com/Listing/7300-W-Jefferson-Ave-Lakewood-CO/38419312/,"Lakewood, CO 80235",0.66,379999.0,39.649773884125,-105.079540805378,5048.249999999999,10000,L,50.48%,608,QUALITY LOGISTICS INC (135 trucks) | KEESEN ENTERPRISES INC (263 trucks) | PROCAM SERVICES  (101 trucks) | PACIFIC SHIPPING & TRUCKING CO INC (109 trucks),135000,16197,11140385.24,"$379,999.00"
Sol_039,10431 Quari St,https://www.loopnet.com/Listing/10431-Quari-St-Commerce-City-CO/29119294/,"Commerce City, CO 80022",0.72,270000.0,39.886267655476,-104.844980046547,4169.15,5000,M,83.38%,562,ENVIRONMENTAL DESIGNS LLC (156 trucks) | BALIC TRANSPORT INC (120 trucks) | BURNCO COLORADO LLC (146 trucks) | WEST DIRECT OIL (140 trucks),135000,16197,11140385.24,"$270,000.00"
Sol_039,NEC N Fairgrounds Ave,https://www.loopnet.com/Listing/NEC-N-Fairgrounds-Ave-Windsor-CO/29890025/,"Windsor, CO 80528",0.74,483449.0,40.437732372143,-104.982630626628,304.01,1000,XS,30.40%,131,LARIMER COUNTY (131 trucks),135000,16197,11140385.24,"$483,449.00"
Sol_039,11958 Lincoln Ave,https://www.loopnet.com/Listing/Lincoln-Ave-Parker-CO/39741118/,"Parker, CO 80138",0.86,495000.0,39.536519536914,-104.76116705724,18264.289999999997,20000,XL,91.32%,2581,ACCELERATED SERVICES LLC (373 trucks) | AMERICAN FURNITURE WAREHOUSE CO (340 trucks) | TERRACARE ASSOCIATES LLC (156 trucks) | IHC SCOTT INC (214 trucks) | BUCKLEY POWDER CO (217 trucks) | CH2M OMI CH2MHILL JACOBS (183 trucks) | ORICA USA INC (215 trucks) | CHERRY CREEK SCHOOLS (352 trucks) | HBSCO DANS TRASH AT YOUR DISPOSAL (110 trucks) | ENTERPRISE RENT-A-CAR NATIONAL RENT A CAR ALAMO RENT A CAR (421 trucks),135000,16197,11140385.24,"$495,000.00"
Sol_039,Harmony Rd,https://www.loopnet.com/Listing/Harmony-Rd-Timnath-CO/21109276/,"Timnath, CO 80547",0.88,689895.0,40.522951241822,-104.96262130308,5618.16,10000,L,56.18%,972,NOVUS AG LLC (444 trucks) | CITY OF FORT COLLINS (285 trucks) | Poudre School District  (243 trucks),135000,16197,11140385.24,"$689,895.00"
Sol_039,3311 Ideal Drive Dr,https://www.loopnet.com/Listing/3311-Ideal-Drive-Dr-Frederick-CO/35744244/,"Frederick, CO 80516",1.0,949000.0,40.087044076103,-104.992966989518,4928.75,5000,M,98.58%,991,SUPREME TRANSPORT INC (183 trucks) | WARD ELECTRIC COMPANY INC (222 trucks) | CITY OF LONGMONT (211 trucks) | ST VRAIN VALLEY SCHOOL DISTRICT (174 trucks) | HEAT WAVES HOT OIL SERVICE LLC (201 trucks),135000,16197,11140385.24,"$949,000.00"
Sol_039,Colfax Ave & Airport Blvd,https://www.loopnet.com/Listing/Colfax-Ave-Airport-Blvd-Aurora-CO/24946845/,"Aurora, CO 80011",1.1,955174.1,39.740269989586,-104.791334022205,8680.17,10000,L,86.80%,1261,METCO LANDSCAPING INC (226 trucks) | WAGNER EQUIPMENT CO (423 trucks) | AURORA PUBLIC SCHOOLS (127 trucks) | CITY OF AURORA (271 trucks) | SHAMROCK FOODS COMPANY (214 trucks),135000,16197,11140385.24,"$955,174.10"
Sol_039,8850 Huron St,https://www.loopnet.com/Listing/8850-Huron-St-Thornton-CO/33061072/,"Thornton, CO 80260",1.26,349000.0,39.858426283979,-104.995662022846,19552.47,20000,XL,97.76%,2801,CITY OF THORNTON (208 trucks) | CITY OF THORNTON (174 trucks) | COCAL LANDSCAPE SERVICES INC (153 trucks) | COLD FRONT (121 trucks) | READY MIX CONCRETE COMPANY (191 trucks) | NAVAJO EXPRESS INC (309 trucks) | TRI-STATE GENERATION & TRANSMISSION ASSOCIATION INC (321 trucks) | WESTERN DISTRIBUTING TRANSPORTATION CORP (155 trucks) | RMS CRANES (139 trucks) | SURESHOT DRILLING LLC ATOZ FIELD SERVICES LLC DRILL TECH LLC PINNACLE DEVELOPMENT INC HDD SPECIALISTS LLC (135 trucks) | EAGLE ROCK DISTRIBUTING COMPANY OF COLORADO LLC (148 trucks) | OFFEN PETROLEUM LLC (269 trucks) | ALPINE MILLWORK COMPANY DBA ROCKY MOUNTAIN RELOAD (141 trucks) | ADAMS 12 FIVE STAR SCHOOLS (182 trucks) | GEOSTABILIZATION INTERNATIONAL LLC (155 trucks),135000,16197,11140385.24,"$349,000.00"
Sol_039,765 Aspen Ridge Drive Dr,https://www.loopnet.com/Listing/765-Aspen-Ridge-Drive-Dr-Lafayette-CO/32931931/,"Lafayette, CO 80026",1.43,556000.0,40.006898203868,-105.107210150504,4585.06,5000,M,91.70%,619,BOULDER VALLEY SCHOOL DISTRICT RE-2 (134 trucks) | VIA MOBILITY SERVICES (196 trucks) | VIA MOBILITY SERVICES (116 trucks) | CU (173 trucks),135000,16197,11140385.24,"$556,000.00"
Sol_040,2544 11th Ave,https://www.loopnet.com/Listing/2544-11th-Ave-Greeley-CO/35100267/,"Greeley, CO 80631",0.15,350000.0,40.395690645275,-104.69657283495,336.5,1000,XS,33.65%,145,WELD COUNTY PUBLIC WORKS DEPARTMENT (145 trucks),141000,16038,10584330.69,"$350,000.00"
Sol_040,1339 Sheridan Blvd,https://www.loopnet.com/Listing/1339-Sheridan-Blvd-Lakewood-CO/29629654/,"Lakewood, CO 80214",0.18,299999.0,39.737415742007,-105.053556666269,1949.27,2000,S,97.46%,415,COMPASS VEHICLE RENTAL INC (170 trucks) | SITEWISE LLC (145 trucks) | CITY OF ARVADA (100 trucks),141000,16038,10584330.69,"$299,999.00"
Sol_040,422 Perry St,https://www.loopnet.com/Listing/422-Perry-St-Castle-Rock-CO/38421711/,"Castle Rock, CO 80104",0.24,605821.24,39.374148794158,-104.858322527659,2577.81,5000,M,51.56%,389,GREAT SOUTHWESTERN CONSTRUCTION INC (280 trucks) | TOWN OF CASTLE ROCK  (109 trucks),141000,16038,10584330.69,"$605,821.24"
Sol_040,239 S Main St,https://www.loopnet.com/Listing/239-S-Main-St-Brighton-CO/27424620/,"Brighton, CO 80601",0.31,250000.0,39.982905257485,-104.822555605705,1694.9,2000,S,84.75%,267,G&Z TRANSPORT LLC (147 trucks) | SIM TRUCKING INC (120 trucks),141000,16038,10584330.69,"$250,000.00"
Sol_040,606 W Colfax Ave,https://www.loopnet.com/Listing/606-W-Colfax-Ave-Denver-CO/26992476/,"Denver, CO 80204",0.31,1475000.0,39.739741342952,-104.995589435564,8930.12,10000,L,89.30%,1122,MPLX G&P (144 trucks) | RES (149 trucks) | CONCRETE EXPRESS INC (128 trucks) | FARMERS ALL NATURAL (121 trucks) | CO TRAN LLC (275 trucks) | COORS DISTRIBUTING COMPANY MILLER COORS LLC (105 trucks) | U S TRANSPORT INC (200 trucks),141000,16038,10584330.69,"$1,475,000.00"
Sol_040,8905 E Colfax Ave,https://www.loopnet.com/Listing/8905-E-Colfax-Ave-Aurora-CO/32567100/,"Aurora, CO 80010",0.33,845000.0,39.740387126683,-104.884281197975,6813.16,10000,L,68.13%,1010,SUPERSHUTTLE DENVER (125 trucks) | SWINGLE TREE & LANDSCAPE CARE (135 trucks) | COMCAST (194 trucks) | UNITED SITE SERVICES OF NEVADA INC (409 trucks) | UNITED SITE SERVICES OF COLORADO INC (147 trucks),141000,16038,10584330.69,"$845,000.00"
Sol_040,17160 W Colfax Ave,https://www.loopnet.com/Listing/17160-W-Colfax-Ave-Golden-CO/29520298/,"Golden, CO 80401",0.63,500000.0,39.722253633534,-105.192465086092,5488.67,10000,L,54.89%,807,ENIVIRONMENTAL LANDWORKS COMPANY INC (115 trucks) | HOLCIM WCR INC (298 trucks) | JEFFCO SCHOOLS (274 trucks) | JEFFERSON COUNTY (120 trucks),141000,16038,10584330.69,"$500,000.00"
Sol_040,1560 N Academy Blvd,https://www.loopnet.com/Listing/1560-N-Academy-Blvd-Colorado-Springs-CO/3886433/,"Colorado Springs, CO 80909",0.64,416700.0,38.854776988204,-104.75774002483,5689.619999999999,10000,L,56.90%,1031,COLORADO SPRINGS SCHOOL DISTRICT 11 (130 trucks) | MOUNTAIN METROPOLITAN TRANSIT (144 trucks) | CITY OF COLORADO SPRINGS (326 trucks) | El PASO COUNTY (112 trucks) | GOODWILL OF COLORADO (134 trucks) | VECTRUS SYSTEMS CORPORATION (185 trucks),141000,16038,10584330.69,"$416,700.00"
Sol_040,4237 McWhinney Blvd,https://www.loopnet.com/Listing/4237-McWhinney-Blvd-Loveland-CO/23974785/,"Loveland, CO 80538",0.65,871347.9,40.408208389025,-105.017378025231,252.96,1000,XS,25.30%,109,LOVELAND MUNICIPALITY (109 trucks),141000,16038,10584330.69,"$871,347.90"
Sol_040,10431 Quari St,https://www.loopnet.com/Listing/10431-Quari-St-Commerce-City-CO/29119294/,"Commerce City, CO 80022",0.72,270000.0,39.886267655476,-104.844980046547,4169.15,5000,M,83.38%,562,ENVIRONMENTAL DESIGNS LLC (156 trucks) | BALIC TRANSPORT INC (120 trucks) | BURNCO COLORADO LLC (146 trucks) | WEST DIRECT OIL (140 trucks),141000,16038,10584330.69,"$270,000.00"
Sol_040,NEC N Fairgrounds Ave,https://www.loopnet.com/Listing/NEC-N-Fairgrounds-Ave-Windsor-CO/29890025/,"Windsor, CO 80528",0.74,483449.0,40.437732372143,-104.982630626628,3990.5600000000004,5000,M,79.81%,575,LARIMER COUNTY (131 trucks) | NOVUS AG LLC (444 trucks),141000,16038,10584330.69,"$483,449.00"
Sol_040,11958 Lincoln Ave,https://www.loopnet.com/Listing/Lincoln-Ave-Parker-CO/39741118/,"Parker, CO 80138",0.86,495000.0,39.536519536914,-104.76116705724,15005.279999999999,20000,XL,75.03%,2050,ACCELERATED SERVICES LLC (373 trucks) | AMERICAN FURNITURE WAREHOUSE CO (340 trucks) | TERRACARE ASSOCIATES LLC (156 trucks) | IHC SCOTT INC (214 trucks) | BUCKLEY POWDER CO (217 trucks) | CH2M OMI CH2MHILL JACOBS (183 trucks) | ORICA USA INC (215 trucks) | CHERRY CREEK SCHOOLS (352 trucks),141000,16038,10584330.69,"$495,000.00"
Sol_040,1801 W Union Ave,https://www.loopnet.com/Listing/1801-W-Union-Ave-Englewood-CO/39250756/,"Englewood, CO 80110",0.95,912839.45,39.63264140749,-105.009568941318,14063.34,20000,XL,70.32%,1884,KEESEN ENTERPRISES INC (263 trucks) | QUALITY LOGISTICS INC (135 trucks) | PROCAM SERVICES  (101 trucks) | PACIFIC SHIPPING & TRUCKING CO INC (109 trucks) | CITY LIGHT AND POWER INC (121 trucks) | WHEEL PROS LLC (182 trucks) | GLOBAL TRANSPORTATION LLC (442 trucks) | ENTERPRISE RENT-A-CAR NATIONAL RENT A CAR ALAMO RENT A CAR (421 trucks) | HBSCO DANS TRASH AT YOUR DISPOSAL (110 trucks),141000,16038,10584330.69,"$912,839.45"
Sol_040,3311 Ideal Drive Dr,https://www.loopnet.com/Listing/3311-Ideal-Drive-Dr-Frederick-CO/35744244/,"Frederick, CO 80516",1.0,949000.0,40.087044076103,-104.992966989518,4928.75,5000,M,98.58%,991,SUPREME TRANSPORT INC (183 trucks) | WARD ELECTRIC COMPANY INC (222 trucks) | CITY OF LONGMONT (211 trucks) | ST VRAIN VALLEY SCHOOL DISTRICT (174 trucks) | HEAT WAVES HOT OIL SERVICE LLC (201 trucks),141000,16038,10584330.69,"$949,000.00"
Sol_040,Colfax Ave & Airport Blvd,https://www.loopnet.com/Listing/Colfax-Ave-Airport-Blvd-Aurora-CO/24946845/,"Aurora, CO 80011",1.1,955174.1,39.740269989586,-104.791334022205,8680.17,10000,L,86.80%,1261,METCO LANDSCAPING INC (226 trucks) | WAGNER EQUIPMENT CO (423 trucks) | AURORA PUBLIC SCHOOLS (127 trucks) | CITY OF AURORA (271 trucks) | SHAMROCK FOODS COMPANY (214 trucks),141000,16038,10584330.69,"$955,174.10"
Sol_040,8850 Huron St,https://www.loopnet.com/Listing/8850-Huron-St-Thornton-CO/33061072/,"Thornton, CO 80260",1.26,349000.0,39.858426283979,-104.995662022846,19552.47,20000,XL,97.76%,2801,CITY OF THORNTON (208 trucks) | CITY OF THORNTON (174 trucks) | COCAL LANDSCAPE SERVICES INC (153 trucks) | COLD FRONT (121 trucks) | READY MIX CONCRETE COMPANY (191 trucks) | NAVAJO EXPRESS INC (309 trucks) | TRI-STATE GENERATION & TRANSMISSION ASSOCIATION INC (321 trucks) | WESTERN DISTRIBUTING TRANSPORTATION CORP (155 trucks) | RMS CRANES (139 trucks) | SURESHOT DRILLING LLC ATOZ FIELD SERVICES LLC DRILL TECH LLC PINNACLE DEVELOPMENT INC HDD SPECIALISTS LLC (135 trucks) | EAGLE ROCK DISTRIBUTING COMPANY OF COLORADO LLC (148 trucks) | OFFEN PETROLEUM LLC (269 trucks) | ALPINE MILLWORK COMPANY DBA ROCKY MOUNTAIN RELOAD (141 trucks) | ADAMS 12 FIVE STAR SCHOOLS (182 trucks) | GEOSTABILIZATION INTERNATIONAL LLC (155 trucks),141000,16038,10584330.69,"$349,000.00"
Sol_040,765 Aspen Ridge Drive Dr,https://www.loopnet.com/Listing/765-Aspen-Ridge-Drive-Dr-Lafayette-CO/32931931/,"Lafayette, CO 80026",1.43,556000.0,40.006898203868,-105.107210150504,4585.06,5000,M,91.70%,619,BOULDER VALLEY SCHOOL DISTRICT RE-2 (134 trucks) | VIA MOBILITY SERVICES (196 trucks) | VIA MOBILITY SERVICES (116 trucks) | CU (173 trucks),141000,16038,10584330.69,"$556,000.00"
Sol_041,2544 11th Ave,https://www.loopnet.com/Listing/2544-11th-Ave-Greeley-CO/35100267/,"Greeley, CO 80631",0.15,350000.0,40.395690645275,-104.69657283495,336.5,1000,XS,33.65%,145,WELD COUNTY PUBLIC WORKS DEPARTMENT (145 trucks),109000,13397,8540491.24,"$350,000.00"
Sol_041,1339 Sheridan Blvd,https://www.loopnet.com/Listing/1339-Sheridan-Blvd-Lakewood-CO/29629654/,"Lakewood, CO 80214",0.18,299999.0,39.737415742007,-105.053556666269,4008.78,5000,M,80.18%,809,COMPASS VEHICLE RENTAL INC (170 trucks) | JEFFERSON COUNTY (120 trucks) | JEFFCO SCHOOLS (274 trucks) | SITEWISE LLC (145 trucks) | CITY OF ARVADA (100 trucks),109000,13397,8540491.24,"$299,999.00"
Sol_041,422 Perry St,https://www.loopnet.com/Listing/422-Perry-St-Castle-Rock-CO/38421711/,"Castle Rock, CO 80104",0.24,605821.24,39.374148794158,-104.858322527659,2577.81,5000,M,51.56%,389,GREAT SOUTHWESTERN CONSTRUCTION INC (280 trucks) | TOWN OF CASTLE ROCK  (109 trucks),109000,13397,8540491.24,"$605,821.24"
Sol_041,239 S Main St,https://www.loopnet.com/Listing/239-S-Main-St-Brighton-CO/27424620/,"Brighton, CO 80601",0.31,250000.0,39.982905257485,-104.822555605705,1694.9,2000,S,84.75%,267,G&Z TRANSPORT LLC (147 trucks) | SIM TRUCKING INC (120 trucks),109000,13397,8540491.24,"$250,000.00"
Sol_041,606 W Colfax Ave,https://www.loopnet.com/Listing/606-W-Colfax-Ave-Denver-CO/26992476/,"Denver, CO 80204",0.31,1475000.0,39.739741342952,-104.995589435564,8930.12,10000,L,89.30%,1122,MPLX G&P (144 trucks) | RES (149 trucks) | CONCRETE EXPRESS INC (128 trucks) | FARMERS ALL NATURAL (121 trucks) | CO TRAN LLC (275 trucks) | COORS DISTRIBUTING COMPANY MILLER COORS LLC (105 trucks) | U S TRANSPORT INC (200 trucks),109000,13397,8540491.24,"$1,475,000.00"
Sol_041,1560 N Academy Blvd,https://www.loopnet.com/Listing/1560-N-Academy-Blvd-Colorado-Springs-CO/3886433/,"Colorado Springs, CO 80909",0.64,416700.0,38.854776988204,-104.75774002483,5689.619999999999,10000,L,56.90%,1031,COLORADO SPRINGS SCHOOL DISTRICT 11 (130 trucks) | MOUNTAIN METROPOLITAN TRANSIT (144 trucks) | CITY OF COLORADO SPRINGS (326 trucks) | El PASO COUNTY (112 trucks) | GOODWILL OF COLORADO (134 trucks) | VECTRUS SYSTEMS CORPORATION (185 trucks),109000,13397,8540491.24,"$416,700.00"
Sol_041,4237 McWhinney Blvd,https://www.loopnet.com/Listing/4237-McWhinney-Blvd-Loveland-CO/23974785/,"Loveland, CO 80538",0.65,871347.9,40.408208389025,-105.017378025231,252.96,1000,XS,25.30%,109,LOVELAND MUNICIPALITY (109 trucks),109000,13397,8540491.24,"$871,347.90"
Sol_041,10431 Quari St,https://www.loopnet.com/Listing/10431-Quari-St-Commerce-City-CO/29119294/,"Commerce City, CO 80022",0.72,270000.0,39.886267655476,-104.844980046547,4169.15,5000,M,83.38%,562,ENVIRONMENTAL DESIGNS LLC (156 trucks) | BALIC TRANSPORT INC (120 trucks) | BURNCO COLORADO LLC (146 trucks) | WEST DIRECT OIL (140 trucks),109000,13397,8540491.24,"$270,000.00"
Sol_041,NEC N Fairgrounds Ave,https://www.loopnet.com/Listing/NEC-N-Fairgrounds-Ave-Windsor-CO/29890025/,"Windsor, CO 80528",0.74,483449.0,40.437732372143,-104.982630626628,3990.5600000000004,5000,M,79.81%,575,LARIMER COUNTY (131 trucks) | NOVUS AG LLC (444 trucks),109000,13397,8540491.24,"$483,449.00"
Sol_041,11958 Lincoln Ave,https://www.loopnet.com/Listing/Lincoln-Ave-Parker-CO/39741118/,"Parker, CO 80138",0.86,495000.0,39.536519536914,-104.76116705724,18264.289999999997,20000,XL,91.32%,2581,ACCELERATED SERVICES LLC (373 trucks) | AMERICAN FURNITURE WAREHOUSE CO (340 trucks) | TERRACARE ASSOCIATES LLC (156 trucks) | IHC SCOTT INC (214 trucks) | BUCKLEY POWDER CO (217 trucks) | CH2M OMI CH2MHILL JACOBS (183 trucks) | ORICA USA INC (215 trucks) | CHERRY CREEK SCHOOLS (352 trucks) | HBSCO DANS TRASH AT YOUR DISPOSAL (110 trucks) | ENTERPRISE RENT-A-CAR NATIONAL RENT A CAR ALAMO RENT A CAR (421 trucks),109000,13397,8540491.24,"$495,000.00"
Sol_041,3311 Ideal Drive Dr,https://www.loopnet.com/Listing/3311-Ideal-Drive-Dr-Frederick-CO/35744244/,"Frederick, CO 80516",1.0,949000.0,40.087044076103,-104.992966989518,4928.75,5000,M,98.58%,991,SUPREME TRANSPORT INC (183 trucks) | WARD ELECTRIC COMPANY INC (222 trucks) | CITY OF LONGMONT (211 trucks) | ST VRAIN VALLEY SCHOOL DISTRICT (174 trucks) | HEAT WAVES HOT OIL SERVICE LLC (201 trucks),109000,13397,8540491.24,"$949,000.00"
Sol_041,Colfax Ave & Airport Blvd,https://www.loopnet.com/Listing/Colfax-Ave-Airport-Blvd-Aurora-CO/24946845/,"Aurora, CO 80011",1.1,955174.1,39.740269989586,-104.791334022205,9801.08,10000,L,98.01%,1396,METCO LANDSCAPING INC (226 trucks) | WAGNER EQUIPMENT CO (423 trucks) | AURORA PUBLIC SCHOOLS (127 trucks) | CITY OF AURORA (271 trucks) | SHAMROCK FOODS COMPANY (214 trucks) | SWINGLE TREE & LANDSCAPE CARE (135 trucks),109000,13397,8540491.24,"$955,174.10"
Sol_041,8850 Huron St,https://www.loopnet.com/Listing/8850-Huron-St-Thornton-CO/33061072/,"Thornton, CO 80260",1.26,349000.0,39.858426283979,-104.995662022846,18265.5,20000,XL,91.33%,2646,CITY OF THORNTON (208 trucks) | CITY OF THORNTON (174 trucks) | COCAL LANDSCAPE SERVICES INC (153 trucks) | COLD FRONT (121 trucks) | READY MIX CONCRETE COMPANY (191 trucks) | NAVAJO EXPRESS INC (309 trucks) | TRI-STATE GENERATION & TRANSMISSION ASSOCIATION INC (321 trucks) | WESTERN DISTRIBUTING TRANSPORTATION CORP (155 trucks) | RMS CRANES (139 trucks) | SURESHOT DRILLING LLC ATOZ FIELD SERVICES LLC DRILL TECH LLC PINNACLE DEVELOPMENT INC HDD SPECIALISTS LLC (135 trucks) | EAGLE ROCK DISTRIBUTING COMPANY OF COLORADO LLC (148 trucks) | OFFEN PETROLEUM LLC (269 trucks) | ALPINE MILLWORK COMPANY DBA ROCKY MOUNTAIN RELOAD (141 trucks) | ADAMS 12 FIVE STAR SCHOOLS (182 trucks),109000,13397,8540491.24,"$349,000.00"
Sol_041,691 S Arthur Ave,https://www.loopnet.com/Listing/691-S-Arthur-Ave-Louisville-CO/28363665/,"Louisville, CO 80027",1.82,770000.0,39.959650421496,-105.123043733241,5872.03,10000,L,58.72%,774,GEOSTABILIZATION INTERNATIONAL LLC (155 trucks) | BOULDER VALLEY SCHOOL DISTRICT RE-2 (134 trucks) | VIA MOBILITY SERVICES (196 trucks) | VIA MOBILITY SERVICES (116 trucks) | CU (173 trucks),109000,13397,8540491.24,"$770,000.00"
Sol_042,2544 11th Ave,https://www.loopnet.com/Listing/2544-11th-Ave-Greeley-CO/35100267/,"Greeley, CO 80631",0.15,350000.0,40.395690645275,-104.69657283495,336.5,1000,XS,33.65%,145,WELD COUNTY PUBLIC WORKS DEPARTMENT (145 trucks),109000,14175,10745670.0,"$350,000.00"
Sol_042,1339 Sheridan Blvd,https://www.loopnet.com/Listing/1339-Sheridan-Blvd-Lakewood-CO/29629654/,"Lakewood, CO 80214",0.18,299999.0,39.737415742007,-105.053556666269,4008.78,5000,M,80.18%,809,COMPASS VEHICLE RENTAL INC (170 trucks) | JEFFERSON COUNTY (120 trucks) | JEFFCO SCHOOLS (274 trucks) | SITEWISE LLC (145 trucks) | CITY OF ARVADA (100 trucks),109000,14175,10745670.0,"$299,999.00"
Sol_042,239 S Main St,https://www.loopnet.com/Listing/239-S-Main-St-Brighton-CO/27424620/,"Brighton, CO 80601",0.31,250000.0,39.982905257485,-104.822555605705,1694.9,2000,S,84.75%,267,G&Z TRANSPORT LLC (147 trucks) | SIM TRUCKING INC (120 trucks),109000,14175,10745670.0,"$250,000.00"
Sol_042,606 W Colfax Ave,https://www.loopnet.com/Listing/606-W-Colfax-Ave-Denver-CO/26992476/,"Denver, CO 80204",0.31,1475000.0,39.739741342952,-104.995589435564,8517.300000000001,10000,L,85.17%,1207,MPLX G&P (144 trucks) | CONCRETE EXPRESS INC (128 trucks) | FARMERS ALL NATURAL (121 trucks) | PROCAM SERVICES  (101 trucks) | QUALITY LOGISTICS INC (135 trucks) | KEESEN ENTERPRISES INC (263 trucks) | COMCAST (194 trucks) | CITY LIGHT AND POWER INC (121 trucks),109000,14175,10745670.0,"$1,475,000.00"
Sol_042,1560 N Academy Blvd,https://www.loopnet.com/Listing/1560-N-Academy-Blvd-Colorado-Springs-CO/3886433/,"Colorado Springs, CO 80909",0.64,416700.0,38.854776988204,-104.75774002483,5689.619999999999,10000,L,56.90%,1031,COLORADO SPRINGS SCHOOL DISTRICT 11 (130 trucks) | MOUNTAIN METROPOLITAN TRANSIT (144 trucks) | CITY OF COLORADO SPRINGS (326 trucks) | El PASO COUNTY (112 trucks) | GOODWILL OF COLORADO (134 trucks) | VECTRUS SYSTEMS CORPORATION (185 trucks),109000,14175,10745670.0,"$416,700.00"
Sol_042,4237 McWhinney Blvd,https://www.loopnet.com/Listing/4237-McWhinney-Blvd-Loveland-CO/23974785/,"Loveland, CO 80538",0.65,871347.9,40.408208389025,-105.017378025231,252.96,1000,XS,25.30%,109,LOVELAND MUNICIPALITY (109 trucks),109000,14175,10745670.0,"$871,347.90"
Sol_042,10431 Quari St,https://www.loopnet.com/Listing/10431-Quari-St-Commerce-City-CO/29119294/,"Commerce City, CO 80022",0.72,270000.0,39.886267655476,-104.844980046547,9765.92,10000,L,97.66%,1716,ENVIRONMENTAL DESIGNS LLC (156 trucks) | BALIC TRANSPORT INC (120 trucks) | BURNCO COLORADO LLC (146 trucks) | WEST DIRECT OIL (140 trucks) | OFFEN PETROLEUM LLC (269 trucks) | ADAMS 12 FIVE STAR SCHOOLS (182 trucks) | CITY OF THORNTON (208 trucks) | CITY OF THORNTON (174 trucks) | TRI-STATE GENERATION & TRANSMISSION ASSOCIATION INC (321 trucks),109000,14175,10745670.0,"$270,000.00"
Sol_042,NEC N Fairgrounds Ave,https://www.loopnet.com/Listing/NEC-N-Fairgrounds-Ave-Windsor-CO/29890025/,"Windsor, CO 80528",0.74,483449.0,40.437732372143,-104.982630626628,3990.5600000000004,5000,M,79.81%,575,LARIMER COUNTY (131 trucks) | NOVUS AG LLC (444 trucks),109000,14175,10745670.0,"$483,449.00"
Sol_042,11958 Lincoln Ave,https://www.loopnet.com/Listing/Lincoln-Ave-Parker-CO/39741118/,"Parker, CO 80138",0.86,495000.0,39.536519536914,-104.76116705724,19379.71,20000,XL,96.90%,2601,ACCELERATED SERVICES LLC (373 trucks) | AMERICAN FURNITURE WAREHOUSE CO (340 trucks) | TERRACARE ASSOCIATES LLC (156 trucks) | IHC SCOTT INC (214 trucks) | BUCKLEY POWDER CO (217 trucks) | ORICA USA INC (215 trucks) | CHERRY CREEK SCHOOLS (352 trucks) | HBSCO DANS TRASH AT YOUR DISPOSAL (110 trucks) | GLOBAL TRANSPORTATION LLC (442 trucks) | WHEEL PROS LLC (182 trucks),109000,14175,10745670.0,"$495,000.00"
Sol_042,2450 Curtis St,https://www.loopnet.com/Listing/2450-Curtis-St-Denver-CO/34878162/,"Denver, CO 80205",0.93,1930000.0,39.755035173034,-104.984190298703,17881.31,20000,XL,89.41%,2226,RES (149 trucks) | CO TRAN LLC (275 trucks) | WASTE CONNECTIONS OF COLORADO INC (486 trucks) | COORS DISTRIBUTING COMPANY MILLER COORS LLC (105 trucks) | U S TRANSPORT INC (200 trucks) | SURESHOT DRILLING LLC ATOZ FIELD SERVICES LLC DRILL TECH LLC PINNACLE DEVELOPMENT INC HDD SPECIALISTS LLC (135 trucks) | EAGLE ROCK DISTRIBUTING COMPANY OF COLORADO LLC (148 trucks) | NAVAJO EXPRESS INC (309 trucks) | RMS CRANES (139 trucks) | WESTERN DISTRIBUTING TRANSPORTATION CORP (155 trucks) | SUPERSHUTTLE DENVER (125 trucks),109000,14175,10745670.0,"$1,930,000.00"
Sol_042,3311 Ideal Drive Dr,https://www.loopnet.com/Listing/3311-Ideal-Drive-Dr-Frederick-CO/35744244/,"Frederick, CO 80516",1.0,949000.0,40.087044076103,-104.992966989518,4928.75,5000,M,98.58%,991,SUPREME TRANSPORT INC (183 trucks) | WARD ELECTRIC COMPANY INC (222 trucks) | CITY OF LONGMONT (211 trucks) | ST VRAIN VALLEY SCHOOL DISTRICT (174 trucks) | HEAT WAVES HOT OIL SERVICE LLC (201 trucks),109000,14175,10745670.0,"$949,000.00"
Sol_042,Colfax Ave & Airport Blvd,https://www.loopnet.com/Listing/Colfax-Ave-Airport-Blvd-Aurora-CO/24946845/,"Aurora, CO 80011",1.1,955174.1,39.740269989586,-104.791334022205,9801.08,10000,L,98.01%,1396,METCO LANDSCAPING INC (226 trucks) | WAGNER EQUIPMENT CO (423 trucks) | AURORA PUBLIC SCHOOLS (127 trucks) | CITY OF AURORA (271 trucks) | SHAMROCK FOODS COMPANY (214 trucks) | SWINGLE TREE & LANDSCAPE CARE (135 trucks),109000,14175,10745670.0,"$955,174.10"
Sol_042,I-25 And Castle Pines Parkway,https://www.loopnet.com/Listing/I-25-And-Castle-Pines-Parkway-Castle-Rock-CO/32045010/,"Castle Rock, CO 80108",1.89,2000000.0,39.471987019978,-104.872723978419,7548.509999999999,10000,L,75.49%,1102,TOWN OF CASTLE ROCK  (109 trucks) | CH2M OMI CH2MHILL JACOBS (183 trucks) | ENTERPRISE RENT-A-CAR NATIONAL RENT A CAR ALAMO RENT A CAR (421 trucks) | GREAT SOUTHWESTERN CONSTRUCTION INC (280 trucks) | PACIFIC SHIPPING & TRUCKING CO INC (109 trucks),109000,14175,10745670.0,"$2,000,000.00"
Sol_043,2544 11th Ave,https://www.loopnet.com/Listing/2544-11th-Ave-Greeley-CO/35100267/,"Greeley, CO 80631",0.15,350000.0,40.395690645275,-104.69657283495,336.5,1000,XS,33.65%,145,WELD COUNTY PUBLIC WORKS DEPARTMENT (145 trucks),124000,14813,9333508.450000001,"$350,000.00"
Sol_043,1319 Sheridan Blvd,https://www.loopnet.com/Listing/1319-1327-Sheridan-Blvd-Lakewood-CO/38343110/,"Lakewood, CO 80214",0.3,999998.0,39.737113071483,-105.053491874157,7437.9400000000005,10000,L,74.38%,1222,COMPASS VEHICLE RENTAL INC (170 trucks) | JEFFERSON COUNTY (120 trucks) | JEFFCO SCHOOLS (274 trucks) | SITEWISE LLC (145 trucks) | CITY OF ARVADA (100 trucks) | HOLCIM WCR INC (298 trucks) | ENIVIRONMENTAL LANDWORKS COMPANY INC (115 trucks),124000,14813,9333508.450000001,"$999,998.00"
Sol_043,239 S Main St,https://www.loopnet.com/Listing/239-S-Main-St-Brighton-CO/27424620/,"Brighton, CO 80601",0.31,250000.0,39.982905257485,-104.822555605705,1694.9,2000,S,84.75%,267,G&Z TRANSPORT LLC (147 trucks) | SIM TRUCKING INC (120 trucks),124000,14813,9333508.450000001,"$250,000.00"
Sol_043,606 W Colfax Ave,https://www.loopnet.com/Listing/606-W-Colfax-Ave-Denver-CO/26992476/,"Denver, CO 80204",0.31,1475000.0,39.739741342952,-104.995589435564,8930.12,10000,L,89.30%,1122,MPLX G&P (144 trucks) | RES (149 trucks) | CONCRETE EXPRESS INC (128 trucks) | FARMERS ALL NATURAL (121 trucks) | CO TRAN LLC (275 trucks) | COORS DISTRIBUTING COMPANY MILLER COORS LLC (105 trucks) | U S TRANSPORT INC (200 trucks),124000,14813,9333508.450000001,"$1,475,000.00"
Sol_043,1560 N Academy Blvd,https://www.loopnet.com/Listing/1560-N-Academy-Blvd-Colorado-Springs-CO/3886433/,"Colorado Springs, CO 80909",0.64,416700.0,38.854776988204,-104.75774002483,5689.619999999999,10000,L,56.90%,1031,COLORADO SPRINGS SCHOOL DISTRICT 11 (130 trucks) | MOUNTAIN METROPOLITAN TRANSIT (144 trucks) | CITY OF COLORADO SPRINGS (326 trucks) | El PASO COUNTY (112 trucks) | GOODWILL OF COLORADO (134 trucks) | VECTRUS SYSTEMS CORPORATION (185 trucks),124000,14813,9333508.450000001,"$416,700.00"
Sol_043,4237 McWhinney Blvd,https://www.loopnet.com/Listing/4237-McWhinney-Blvd-Loveland-CO/23974785/,"Loveland, CO 80538",0.65,871347.9,40.408208389025,-105.017378025231,252.96,1000,XS,25.30%,109,LOVELAND MUNICIPALITY (109 trucks),124000,14813,9333508.450000001,"$871,347.90"
Sol_043,10431 Quari St,https://www.loopnet.com/Listing/10431-Quari-St-Commerce-City-CO/29119294/,"Commerce City, CO 80022",0.72,270000.0,39.886267655476,-104.844980046547,4169.15,5000,M,83.38%,562,ENVIRONMENTAL DESIGNS LLC (156 trucks) | BALIC TRANSPORT INC (120 trucks) | BURNCO COLORADO LLC (146 trucks) | WEST DIRECT OIL (140 trucks),124000,14813,9333508.450000001,"$270,000.00"
Sol_043,NEC N Fairgrounds Ave,https://www.loopnet.com/Listing/NEC-N-Fairgrounds-Ave-Windsor-CO/29890025/,"Windsor, CO 80528",0.74,483449.0,40.437732372143,-104.982630626628,3990.5600000000004,5000,M,79.81%,575,LARIMER COUNTY (131 trucks) | NOVUS AG LLC (444 trucks),124000,14813,9333508.450000001,"$483,449.00"
Sol_043,11958 Lincoln Ave,https://www.loopnet.com/Listing/Lincoln-Ave-Parker-CO/39741118/,"Parker, CO 80138",0.86,495000.0,39.536519536914,-104.76116705724,15005.279999999999,20000,XL,75.03%,2050,ACCELERATED SERVICES LLC (373 trucks) | AMERICAN FURNITURE WAREHOUSE CO (340 trucks) | TERRACARE ASSOCIATES LLC (156 trucks) | IHC SCOTT INC (214 trucks) | BUCKLEY POWDER CO (217 trucks) | CH2M OMI CH2MHILL JACOBS (183 trucks) | ORICA USA INC (215 trucks) | CHERRY CREEK SCHOOLS (352 trucks),124000,14813,9333508.450000001,"$495,000.00"
Sol_043,1801 W Union Ave,https://www.loopnet.com/Listing/1801-W-Union-Ave-Englewood-CO/39250756/,"Englewood, CO 80110",0.95,912839.45,39.63264140749,-105.009568941318,14985.23,20000,XL,74.93%,2078,KEESEN ENTERPRISES INC (263 trucks) | QUALITY LOGISTICS INC (135 trucks) | PROCAM SERVICES  (101 trucks) | PACIFIC SHIPPING & TRUCKING CO INC (109 trucks) | CITY LIGHT AND POWER INC (121 trucks) | WHEEL PROS LLC (182 trucks) | GLOBAL TRANSPORTATION LLC (442 trucks) | COMCAST (194 trucks) | ENTERPRISE RENT-A-CAR NATIONAL RENT A CAR ALAMO RENT A CAR (421 trucks) | HBSCO DANS TRASH AT YOUR DISPOSAL (110 trucks),124000,14813,9333508.450000001,"$912,839.45"
Sol_043,3311 Ideal Drive Dr,https://www.loopnet.com/Listing/3311-Ideal-Drive-Dr-Frederick-CO/35744244/,"Frederick, CO 80516",1.0,949000.0,40.087044076103,-104.992966989518,4928.75,5000,M,98.58%,991,SUPREME TRANSPORT INC (183 trucks) | WARD ELECTRIC COMPANY INC (222 trucks) | CITY OF LONGMONT (211 trucks) | ST VRAIN VALLEY SCHOOL DISTRICT (174 trucks) | HEAT WAVES HOT OIL SERVICE LLC (201 trucks),124000,14813,9333508.450000001,"$949,000.00"
Sol_043,Colfax Ave & Airport Blvd,https://www.loopnet.com/Listing/Colfax-Ave-Airport-Blvd-Aurora-CO/24946845/,"Aurora, CO 80011",1.1,955174.1,39.740269989586,-104.791334022205,9801.08,10000,L,98.01%,1396,METCO LANDSCAPING INC (226 trucks) | WAGNER EQUIPMENT CO (423 trucks) | AURORA PUBLIC SCHOOLS (127 trucks) | CITY OF AURORA (271 trucks) | SHAMROCK FOODS COMPANY (214 trucks) | SWINGLE TREE & LANDSCAPE CARE (135 trucks),124000,14813,9333508.450000001,"$955,174.10"
Sol_043,8850 Huron St,https://www.loopnet.com/Listing/8850-Huron-St-Thornton-CO/33061072/,"Thornton, CO 80260",1.26,349000.0,39.858426283979,-104.995662022846,18265.5,20000,XL,91.33%,2646,CITY OF THORNTON (208 trucks) | CITY OF THORNTON (174 trucks) | COCAL LANDSCAPE SERVICES INC (153 trucks) | COLD FRONT (121 trucks) | READY MIX CONCRETE COMPANY (191 trucks) | NAVAJO EXPRESS INC (309 trucks) | TRI-STATE GENERATION & TRANSMISSION ASSOCIATION INC (321 trucks) | WESTERN DISTRIBUTING TRANSPORTATION CORP (155 trucks) | RMS CRANES (139 trucks) | SURESHOT DRILLING LLC ATOZ FIELD SERVICES LLC DRILL TECH LLC PINNACLE DEVELOPMENT INC HDD SPECIALISTS LLC (135 trucks) | EAGLE ROCK DISTRIBUTING COMPANY OF COLORADO LLC (148 trucks) | OFFEN PETROLEUM LLC (269 trucks) | ALPINE MILLWORK COMPANY DBA ROCKY MOUNTAIN RELOAD (141 trucks) | ADAMS 12 FIVE STAR SCHOOLS (182 trucks),124000,14813,9333508.450000001,"$349,000.00"
Sol_043,765 Aspen Ridge Drive Dr,https://www.loopnet.com/Listing/765-Aspen-Ridge-Drive-Dr-Lafayette-CO/32931931/,"Lafayette, CO 80026",1.43,556000.0,40.006898203868,-105.107210150504,4585.06,5000,M,91.70%,619,BOULDER VALLEY SCHOOL DISTRICT RE-2 (134 trucks) | VIA MOBILITY SERVICES (196 trucks) | VIA MOBILITY SERVICES (116 trucks) | CU (173 trucks),124000,14813,9333508.450000001,"$556,000.00"
Sol_044,2544 11th Ave,https://www.loopnet.com/Listing/2544-11th-Ave-Greeley-CO/35100267/,"Greeley, CO 80631",0.15,350000.0,40.395690645275,-104.69657283495,336.5,1000,XS,33.65%,145,WELD COUNTY PUBLIC WORKS DEPARTMENT (145 trucks),109000,14175,10745670.0,"$350,000.00"
Sol_044,1339 Sheridan Blvd,https://www.loopnet.com/Listing/1339-Sheridan-Blvd-Lakewood-CO/29629654/,"Lakewood, CO 80214",0.18,299999.0,39.737415742007,-105.053556666269,4008.78,5000,M,80.18%,809,COMPASS VEHICLE RENTAL INC (170 trucks) | JEFFERSON COUNTY (120 trucks) | JEFFCO SCHOOLS (274 trucks) | SITEWISE LLC (145 trucks) | CITY OF ARVADA (100 trucks),109000,14175,10745670.0,"$299,999.00"
Sol_044,239 S Main St,https://www.loopnet.com/Listing/239-S-Main-St-Brighton-CO/27424620/,"Brighton, CO 80601",0.31,250000.0,39.982905257485,-104.822555605705,1694.9,2000,S,84.75%,267,G&Z TRANSPORT LLC (147 trucks) | SIM TRUCKING INC (120 trucks),109000,14175,10745670.0,"$250,000.00"
Sol_044,606 W Colfax Ave,https://www.loopnet.com/Listing/606-W-Colfax-Ave-Denver-CO/26992476/,"Denver, CO 80204",0.31,1475000.0,39.739741342952,-104.995589435564,8517.300000000001,10000,L,85.17%,1207,MPLX G&P (144 trucks) | CONCRETE EXPRESS INC (128 trucks) | FARMERS ALL NATURAL (121 trucks) | PROCAM SERVICES  (101 trucks) | QUALITY LOGISTICS INC (135 trucks) | KEESEN ENTERPRISES INC (263 trucks) | COMCAST (194 trucks) | CITY LIGHT AND POWER INC (121 trucks),109000,14175,10745670.0,"$1,475,000.00"
Sol_044,1560 N Academy Blvd,https://www.loopnet.com/Listing/1560-N-Academy-Blvd-Colorado-Springs-CO/3886433/,"Colorado Springs, CO 80909",0.64,416700.0,38.854776988204,-104.75774002483,5689.619999999999,10000,L,56.90%,1031,COLORADO SPRINGS SCHOOL DISTRICT 11 (130 trucks) | MOUNTAIN METROPOLITAN TRANSIT (144 trucks) | CITY OF COLORADO SPRINGS (326 trucks) | El PASO COUNTY (112 trucks) | GOODWILL OF COLORADO (134 trucks) | VECTRUS SYSTEMS CORPORATION (185 trucks),109000,14175,10745670.0,"$416,700.00"
Sol_044,4237 McWhinney Blvd,https://www.loopnet.com/Listing/4237-McWhinney-Blvd-Loveland-CO/23974785/,"Loveland, CO 80538",0.65,871347.9,40.408208389025,-105.017378025231,252.96,1000,XS,25.30%,109,LOVELAND MUNICIPALITY (109 trucks),109000,14175,10745670.0,"$871,347.90"
Sol_044,10431 Quari St,https://www.loopnet.com/Listing/10431-Quari-St-Commerce-City-CO/29119294/,"Commerce City, CO 80022",0.72,270000.0,39.886267655476,-104.844980046547,9765.92,10000,L,97.66%,1716,ENVIRONMENTAL DESIGNS LLC (156 trucks) | BALIC TRANSPORT INC (120 trucks) | BURNCO COLORADO LLC (146 trucks) | WEST DIRECT OIL (140 trucks) | OFFEN PETROLEUM LLC (269 trucks) | ADAMS 12 FIVE STAR SCHOOLS (182 trucks) | CITY OF THORNTON (208 trucks) | CITY OF THORNTON (174 trucks) | TRI-STATE GENERATION & TRANSMISSION ASSOCIATION INC (321 trucks),109000,14175,10745670.0,"$270,000.00"
Sol_044,NEC N Fairgrounds Ave,https://www.loopnet.com/Listing/NEC-N-Fairgrounds-Ave-Windsor-CO/29890025/,"Windsor, CO 80528",0.74,483449.0,40.437732372143,-104.982630626628,3990.5600000000004,5000,M,79.81%,575,LARIMER COUNTY (131 trucks) | NOVUS AG LLC (444 trucks),109000,14175,10745670.0,"$483,449.00"
Sol_044,11958 Lincoln Ave,https://www.loopnet.com/Listing/Lincoln-Ave-Parker-CO/39741118/,"Parker, CO 80138",0.86,495000.0,39.536519536914,-104.76116705724,19379.71,20000,XL,96.90%,2601,ACCELERATED SERVICES LLC (373 trucks) | AMERICAN FURNITURE WAREHOUSE CO (340 trucks) | TERRACARE ASSOCIATES LLC (156 trucks) | IHC SCOTT INC (214 trucks) | BUCKLEY POWDER CO (217 trucks) | ORICA USA INC (215 trucks) | CHERRY CREEK SCHOOLS (352 trucks) | HBSCO DANS TRASH AT YOUR DISPOSAL (110 trucks) | GLOBAL TRANSPORTATION LLC (442 trucks) | WHEEL PROS LLC (182 trucks),109000,14175,10745670.0,"$495,000.00"
Sol_044,2450 Curtis St,https://www.loopnet.com/Listing/2450-Curtis-St-Denver-CO/34878162/,"Denver, CO 80205",0.93,1930000.0,39.755035173034,-104.984190298703,17881.31,20000,XL,89.41%,2226,RES (149 trucks) | CO TRAN LLC (275 trucks) | WASTE CONNECTIONS OF COLORADO INC (486 trucks) | COORS DISTRIBUTING COMPANY MILLER COORS LLC (105 trucks) | U S TRANSPORT INC (200 trucks) | SURESHOT DRILLING LLC ATOZ FIELD SERVICES LLC DRILL TECH LLC PINNACLE DEVELOPMENT INC HDD SPECIALISTS LLC (135 trucks) | EAGLE ROCK DISTRIBUTING COMPANY OF COLORADO LLC (148 trucks) | NAVAJO EXPRESS INC (309 trucks) | RMS CRANES (139 trucks) | WESTERN DISTRIBUTING TRANSPORTATION CORP (155 trucks) | SUPERSHUTTLE DENVER (125 trucks),109000,14175,10745670.0,"$1,930,000.00"
Sol_044,3311 Ideal Drive Dr,https://www.loopnet.com/Listing/3311-Ideal-Drive-Dr-Frederick-CO/35744244/,"Frederick, CO 80516",1.0,949000.0,40.087044076103,-104.992966989518,4928.75,5000,M,98.58%,991,SUPREME TRANSPORT INC (183 trucks) | WARD ELECTRIC COMPANY INC (222 trucks) | CITY OF LONGMONT (211 trucks) | ST VRAIN VALLEY SCHOOL DISTRICT (174 trucks) | HEAT WAVES HOT OIL SERVICE LLC (201 trucks),109000,14175,10745670.0,"$949,000.00"
Sol_044,Colfax Ave & Airport Blvd,https://www.loopnet.com/Listing/Colfax-Ave-Airport-Blvd-Aurora-CO/24946845/,"Aurora, CO 80011",1.1,955174.1,39.740269989586,-104.791334022205,9801.08,10000,L,98.01%,1396,METCO LANDSCAPING INC (226 trucks) | WAGNER EQUIPMENT CO (423 trucks) | AURORA PUBLIC SCHOOLS (127 trucks) | CITY OF AURORA (271 trucks) | SHAMROCK FOODS COMPANY (214 trucks) | SWINGLE TREE & LANDSCAPE CARE (135 trucks),109000,14175,10745670.0,"$955,174.10"
Sol_044,I-25 And Castle Pines Parkway,https://www.loopnet.com/Listing/I-25-And-Castle-Pines-Parkway-Castle-Rock-CO/32045010/,"Castle Rock, CO 80108",1.89,2000000.0,39.471987019978,-104.872723978419,7548.509999999999,10000,L,75.49%,1102,TOWN OF CASTLE ROCK  (109 trucks) | CH2M OMI CH2MHILL JACOBS (183 trucks) | ENTERPRISE RENT-A-CAR NATIONAL RENT A CAR ALAMO RENT A CAR (421 trucks) | GREAT SOUTHWESTERN CONSTRUCTION INC (280 trucks) | PACIFIC SHIPPING & TRUCKING CO INC (109 trucks),109000,14175,10745670.0,"$2,000,000.00"
Sol_045,2544 11th Ave,https://www.loopnet.com/Listing/2544-11th-Ave-Greeley-CO/35100267/,"Greeley, CO 80631",0.15,350000.0,40.395690645275,-104.69657283495,336.5,1000,XS,33.65%,145,WELD COUNTY PUBLIC WORKS DEPARTMENT (145 trucks),129000,15202,9939329.690000001,"$350,000.00"
Sol_045,422 Perry St,https://www.loopnet.com/Listing/422-Perry-St-Castle-Rock-CO/38421711/,"Castle Rock, CO 80104",0.24,605821.24,39.374148794158,-104.858322527659,2577.81,5000,M,51.56%,389,GREAT SOUTHWESTERN CONSTRUCTION INC (280 trucks) | TOWN OF CASTLE ROCK  (109 trucks),129000,15202,9939329.690000001,"$605,821.24"
Sol_045,1319 Sheridan Blvd,https://www.loopnet.com/Listing/1319-1327-Sheridan-Blvd-Lakewood-CO/38343110/,"Lakewood, CO 80214",0.3,999998.0,39.737113071483,-105.053491874157,7437.9400000000005,10000,L,74.38%,1222,COMPASS VEHICLE RENTAL INC (170 trucks) | JEFFERSON COUNTY (120 trucks) | JEFFCO SCHOOLS (274 trucks) | SITEWISE LLC (145 trucks) | CITY OF ARVADA (100 trucks) | HOLCIM WCR INC (298 trucks) | ENIVIRONMENTAL LANDWORKS COMPANY INC (115 trucks),129000,15202,9939329.690000001,"$999,998.00"
Sol_045,239 S Main St,https://www.loopnet.com/Listing/239-S-Main-St-Brighton-CO/27424620/,"Brighton, CO 80601",0.31,250000.0,39.982905257485,-104.822555605705,1694.9,2000,S,84.75%,267,G&Z TRANSPORT LLC (147 trucks) | SIM TRUCKING INC (120 trucks),129000,15202,9939329.690000001,"$250,000.00"
Sol_045,606 W Colfax Ave,https://www.loopnet.com/Listing/606-W-Colfax-Ave-Denver-CO/26992476/,"Denver, CO 80204",0.31,1475000.0,39.739741342952,-104.995589435564,8930.12,10000,L,89.30%,1122,MPLX G&P (144 trucks) | RES (149 trucks) | CONCRETE EXPRESS INC (128 trucks) | FARMERS ALL NATURAL (121 trucks) | CO TRAN LLC (275 trucks) | COORS DISTRIBUTING COMPANY MILLER COORS LLC (105 trucks) | U S TRANSPORT INC (200 trucks),129000,15202,9939329.690000001,"$1,475,000.00"
Sol_045,1560 N Academy Blvd,https://www.loopnet.com/Listing/1560-N-Academy-Blvd-Colorado-Springs-CO/3886433/,"Colorado Springs, CO 80909",0.64,416700.0,38.854776988204,-104.75774002483,5689.619999999999,10000,L,56.90%,1031,COLORADO SPRINGS SCHOOL DISTRICT 11 (130 trucks) | MOUNTAIN METROPOLITAN TRANSIT (144 trucks) | CITY OF COLORADO SPRINGS (326 trucks) | El PASO COUNTY (112 trucks) | GOODWILL OF COLORADO (134 trucks) | VECTRUS SYSTEMS CORPORATION (185 trucks),129000,15202,9939329.690000001,"$416,700.00"
Sol_045,4237 McWhinney Blvd,https://www.loopnet.com/Listing/4237-McWhinney-Blvd-Loveland-CO/23974785/,"Loveland, CO 80538",0.65,871347.9,40.408208389025,-105.017378025231,252.96,1000,XS,25.30%,109,LOVELAND MUNICIPALITY (109 trucks),129000,15202,9939329.690000001,"$871,347.90"
Sol_045,10431 Quari St,https://www.loopnet.com/Listing/10431-Quari-St-Commerce-City-CO/29119294/,"Commerce City, CO 80022",0.72,270000.0,39.886267655476,-104.844980046547,4169.15,5000,M,83.38%,562,ENVIRONMENTAL DESIGNS LLC (156 trucks) | BALIC TRANSPORT INC (120 trucks) | BURNCO COLORADO LLC (146 trucks) | WEST DIRECT OIL (140 trucks),129000,15202,9939329.690000001,"$270,000.00"
Sol_045,NEC N Fairgrounds Ave,https://www.loopnet.com/Listing/NEC-N-Fairgrounds-Ave-Windsor-CO/29890025/,"Windsor, CO 80528",0.74,483449.0,40.437732372143,-104.982630626628,3990.5600000000004,5000,M,79.81%,575,LARIMER COUNTY (131 trucks) | NOVUS AG LLC (444 trucks),129000,15202,9939329.690000001,"$483,449.00"
Sol_045,11958 Lincoln Ave,https://www.loopnet.com/Listing/Lincoln-Ave-Parker-CO/39741118/,"Parker, CO 80138",0.86,495000.0,39.536519536914,-104.76116705724,15005.279999999999,20000,XL,75.03%,2050,ACCELERATED SERVICES LLC (373 trucks) | AMERICAN FURNITURE WAREHOUSE CO (340 trucks) | TERRACARE ASSOCIATES LLC (156 trucks) | IHC SCOTT INC (214 trucks) | BUCKLEY POWDER CO (217 trucks) | CH2M OMI CH2MHILL JACOBS (183 trucks) | ORICA USA INC (215 trucks) | CHERRY CREEK SCHOOLS (352 trucks),129000,15202,9939329.690000001,"$495,000.00"
Sol_045,1801 W Union Ave,https://www.loopnet.com/Listing/1801-W-Union-Ave-Englewood-CO/39250756/,"Englewood, CO 80110",0.95,912839.45,39.63264140749,-105.009568941318,14985.23,20000,XL,74.93%,2078,KEESEN ENTERPRISES INC (263 trucks) | QUALITY LOGISTICS INC (135 trucks) | PROCAM SERVICES  (101 trucks) | PACIFIC SHIPPING & TRUCKING CO INC (109 trucks) | CITY LIGHT AND POWER INC (121 trucks) | WHEEL PROS LLC (182 trucks) | GLOBAL TRANSPORTATION LLC (442 trucks) | COMCAST (194 trucks) | ENTERPRISE RENT-A-CAR NATIONAL RENT A CAR ALAMO RENT A CAR (421 trucks) | HBSCO DANS TRASH AT YOUR DISPOSAL (110 trucks),129000,15202,9939329.690000001,"$912,839.45"
Sol_045,3311 Ideal Drive Dr,https://www.loopnet.com/Listing/3311-Ideal-Drive-Dr-Frederick-CO/35744244/,"Frederick, CO 80516",1.0,949000.0,40.087044076103,-104.992966989518,4928.75,5000,M,98.58%,991,SUPREME TRANSPORT INC (183 trucks) | WARD ELECTRIC COMPANY INC (222 trucks) | CITY OF LONGMONT (211 trucks) | ST VRAIN VALLEY SCHOOL DISTRICT (174 trucks) | HEAT WAVES HOT OIL SERVICE LLC (201 trucks),129000,15202,9939329.690000001,"$949,000.00"
Sol_045,Colfax Ave & Airport Blvd,https://www.loopnet.com/Listing/Colfax-Ave-Airport-Blvd-Aurora-CO/24946845/,"Aurora, CO 80011",1.1,955174.1,39.740269989586,-104.791334022205,9801.08,10000,L,98.01%,1396,METCO LANDSCAPING INC (226 trucks) | WAGNER EQUIPMENT CO (423 trucks) | AURORA PUBLIC SCHOOLS (127 trucks) | CITY OF AURORA (271 trucks) | SHAMROCK FOODS COMPANY (214 trucks) | SWINGLE TREE & LANDSCAPE CARE (135 trucks),129000,15202,9939329.690000001,"$955,174.10"
Sol_045,8850 Huron St,https://www.loopnet.com/Listing/8850-Huron-St-Thornton-CO/33061072/,"Thornton, CO 80260",1.26,349000.0,39.858426283979,-104.995662022846,18265.5,20000,XL,91.33%,2646,CITY OF THORNTON (208 trucks) | CITY OF THORNTON (174 trucks) | COCAL LANDSCAPE SERVICES INC (153 trucks) | COLD FRONT (121 trucks) | READY MIX CONCRETE COMPANY (191 trucks) | NAVAJO EXPRESS INC (309 trucks) | TRI-STATE GENERATION & TRANSMISSION ASSOCIATION INC (321 trucks) | WESTERN DISTRIBUTING TRANSPORTATION CORP (155 trucks) | RMS CRANES (139 trucks) | SURESHOT DRILLING LLC ATOZ FIELD SERVICES LLC DRILL TECH LLC PINNACLE DEVELOPMENT INC HDD SPECIALISTS LLC (135 trucks) | EAGLE ROCK DISTRIBUTING COMPANY OF COLORADO LLC (148 trucks) | OFFEN PETROLEUM LLC (269 trucks) | ALPINE MILLWORK COMPANY DBA ROCKY MOUNTAIN RELOAD (141 trucks) | ADAMS 12 FIVE STAR SCHOOLS (182 trucks),129000,15202,9939329.690000001,"$349,000.00"
Sol_045,765 Aspen Ridge Drive Dr,https://www.loopnet.com/Listing/765-Aspen-Ridge-Drive-Dr-Lafayette-CO/32931931/,"Lafayette, CO 80026",1.43,556000.0,40.006898203868,-105.107210150504,4585.06,5000,M,91.70%,619,BOULDER VALLEY SCHOOL DISTRICT RE-2 (134 trucks) | VIA MOBILITY SERVICES (196 trucks) | VIA MOBILITY SERVICES (116 trucks) | CU (173 trucks),129000,15202,9939329.690000001,"$556,000.00"
Sol_046,2544 11th Ave,https://www.loopnet.com/Listing/2544-11th-Ave-Greeley-CO/35100267/,"Greeley, CO 80631",0.15,350000.0,40.395690645275,-104.69657283495,336.5,1000,XS,33.65%,145,WELD COUNTY PUBLIC WORKS DEPARTMENT (145 trucks),109000,13769,9864669.0,"$350,000.00"
Sol_046,1319 Sheridan Blvd,https://www.loopnet.com/Listing/1319-1327-Sheridan-Blvd-Lakewood-CO/38343110/,"Lakewood, CO 80214",0.3,999998.0,39.737113071483,-105.053491874157,7437.9400000000005,10000,L,74.38%,1222,COMPASS VEHICLE RENTAL INC (170 trucks) | JEFFERSON COUNTY (120 trucks) | JEFFCO SCHOOLS (274 trucks) | SITEWISE LLC (145 trucks) | CITY OF ARVADA (100 trucks) | HOLCIM WCR INC (298 trucks) | ENIVIRONMENTAL LANDWORKS COMPANY INC (115 trucks),109000,13769,9864669.0,"$999,998.00"
Sol_046,239 S Main St,https://www.loopnet.com/Listing/239-S-Main-St-Brighton-CO/27424620/,"Brighton, CO 80601",0.31,250000.0,39.982905257485,-104.822555605705,1694.9,2000,S,84.75%,267,G&Z TRANSPORT LLC (147 trucks) | SIM TRUCKING INC (120 trucks),109000,13769,9864669.0,"$250,000.00"
Sol_046,606 W Colfax Ave,https://www.loopnet.com/Listing/606-W-Colfax-Ave-Denver-CO/26992476/,"Denver, CO 80204",0.31,1475000.0,39.739741342952,-104.995589435564,8930.12,10000,L,89.30%,1122,MPLX G&P (144 trucks) | RES (149 trucks) | CONCRETE EXPRESS INC (128 trucks) | FARMERS ALL NATURAL (121 trucks) | CO TRAN LLC (275 trucks) | COORS DISTRIBUTING COMPANY MILLER COORS LLC (105 trucks) | U S TRANSPORT INC (200 trucks),109000,13769,9864669.0,"$1,475,000.00"
Sol_046,1560 N Academy Blvd,https://www.loopnet.com/Listing/1560-N-Academy-Blvd-Colorado-Springs-CO/3886433/,"Colorado Springs, CO 80909",0.64,416700.0,38.854776988204,-104.75774002483,5689.619999999999,10000,L,56.90%,1031,COLORADO SPRINGS SCHOOL DISTRICT 11 (130 trucks) | MOUNTAIN METROPOLITAN TRANSIT (144 trucks) | CITY OF COLORADO SPRINGS (326 trucks) | El PASO COUNTY (112 trucks) | GOODWILL OF COLORADO (134 trucks) | VECTRUS SYSTEMS CORPORATION (185 trucks),109000,13769,9864669.0,"$416,700.00"
Sol_046,4237 McWhinney Blvd,https://www.loopnet.com/Listing/4237-McWhinney-Blvd-Loveland-CO/23974785/,"Loveland, CO 80538",0.65,871347.9,40.408208389025,-105.017378025231,252.96,1000,XS,25.30%,109,LOVELAND MUNICIPALITY (109 trucks),109000,13769,9864669.0,"$871,347.90"
Sol_046,10431 Quari St,https://www.loopnet.com/Listing/10431-Quari-St-Commerce-City-CO/29119294/,"Commerce City, CO 80022",0.72,270000.0,39.886267655476,-104.844980046547,4169.15,5000,M,83.38%,562,ENVIRONMENTAL DESIGNS LLC (156 trucks) | BALIC TRANSPORT INC (120 trucks) | BURNCO COLORADO LLC (146 trucks) | WEST DIRECT OIL (140 trucks),109000,13769,9864669.0,"$270,000.00"
Sol_046,NEC N Fairgrounds Ave,https://www.loopnet.com/Listing/NEC-N-Fairgrounds-Ave-Windsor-CO/29890025/,"Windsor, CO 80528",0.74,483449.0,40.437732372143,-104.982630626628,3990.5600000000004,5000,M,79.81%,575,LARIMER COUNTY (131 trucks) | NOVUS AG LLC (444 trucks),109000,13769,9864669.0,"$483,449.00"
Sol_046,11958 Lincoln Ave,https://www.loopnet.com/Listing/Lincoln-Ave-Parker-CO/39741118/,"Parker, CO 80138",0.86,495000.0,39.536519536914,-104.76116705724,19379.71,20000,XL,96.90%,2601,ACCELERATED SERVICES LLC (373 trucks) | AMERICAN FURNITURE WAREHOUSE CO (340 trucks) | TERRACARE ASSOCIATES LLC (156 trucks) | IHC SCOTT INC (214 trucks) | BUCKLEY POWDER CO (217 trucks) | ORICA USA INC (215 trucks) | CHERRY CREEK SCHOOLS (352 trucks) | HBSCO DANS TRASH AT YOUR DISPOSAL (110 trucks) | GLOBAL TRANSPORTATION LLC (442 trucks) | WHEEL PROS LLC (182 trucks),109000,13769,9864669.0,"$495,000.00"
Sol_046,3311 Ideal Drive Dr,https://www.loopnet.com/Listing/3311-Ideal-Drive-Dr-Frederick-CO/35744244/,"Frederick, CO 80516",1.0,949000.0,40.087044076103,-104.992966989518,4928.75,5000,M,98.58%,991,SUPREME TRANSPORT INC (183 trucks) | WARD ELECTRIC COMPANY INC (222 trucks) | CITY OF LONGMONT (211 trucks) | ST VRAIN VALLEY SCHOOL DISTRICT (174 trucks) | HEAT WAVES HOT OIL SERVICE LLC (201 trucks),109000,13769,9864669.0,"$949,000.00"
Sol_046,Colfax Ave & Airport Blvd,https://www.loopnet.com/Listing/Colfax-Ave-Airport-Blvd-Aurora-CO/24946845/,"Aurora, CO 80011",1.1,955174.1,39.740269989586,-104.791334022205,9801.08,10000,L,98.01%,1396,METCO LANDSCAPING INC (226 trucks) | WAGNER EQUIPMENT CO (423 trucks) | AURORA PUBLIC SCHOOLS (127 trucks) | CITY OF AURORA (271 trucks) | SHAMROCK FOODS COMPANY (214 trucks) | SWINGLE TREE & LANDSCAPE CARE (135 trucks),109000,13769,9864669.0,"$955,174.10"
Sol_046,8850 Huron St,https://www.loopnet.com/Listing/8850-Huron-St-Thornton-CO/33061072/,"Thornton, CO 80260",1.26,349000.0,39.858426283979,-104.995662022846,18265.5,20000,XL,91.33%,2646,CITY OF THORNTON (208 trucks) | CITY OF THORNTON (174 trucks) | COCAL LANDSCAPE SERVICES INC (153 trucks) | COLD FRONT (121 trucks) | READY MIX CONCRETE COMPANY (191 trucks) | NAVAJO EXPRESS INC (309 trucks) | TRI-STATE GENERATION & TRANSMISSION ASSOCIATION INC (321 trucks) | WESTERN DISTRIBUTING TRANSPORTATION CORP (155 trucks) | RMS CRANES (139 trucks) | SURESHOT DRILLING LLC ATOZ FIELD SERVICES LLC DRILL TECH LLC PINNACLE DEVELOPMENT INC HDD SPECIALISTS LLC (135 trucks) | EAGLE ROCK DISTRIBUTING COMPANY OF COLORADO LLC (148 trucks) | OFFEN PETROLEUM LLC (269 trucks) | ALPINE MILLWORK COMPANY DBA ROCKY MOUNTAIN RELOAD (141 trucks) | ADAMS 12 FIVE STAR SCHOOLS (182 trucks),109000,13769,9864669.0,"$349,000.00"
Sol_046,I-25 And Castle Pines Parkway,https://www.loopnet.com/Listing/I-25-And-Castle-Pines-Parkway-Castle-Rock-CO/32045010/,"Castle Rock, CO 80108",1.89,2000000.0,39.471987019978,-104.872723978419,7548.509999999999,10000,L,75.49%,1102,TOWN OF CASTLE ROCK  (109 trucks) | CH2M OMI CH2MHILL JACOBS (183 trucks) | ENTERPRISE RENT-A-CAR NATIONAL RENT A CAR ALAMO RENT A CAR (421 trucks) | GREAT SOUTHWESTERN CONSTRUCTION INC (280 trucks) | PACIFIC SHIPPING & TRUCKING CO INC (109 trucks),109000,13769,9864669.0,"$2,000,000.00"
Sol_047,2544 11th Ave,https://www.loopnet.com/Listing/2544-11th-Ave-Greeley-CO/35100267/,"Greeley, CO 80631",0.15,350000.0,40.395690645275,-104.69657283495,336.5,1000,XS,33.65%,145,WELD COUNTY PUBLIC WORKS DEPARTMENT (145 trucks),109000,13769,9864669.0,"$350,000.00"
Sol_047,1319 Sheridan Blvd,https://www.loopnet.com/Listing/1319-1327-Sheridan-Blvd-Lakewood-CO/38343110/,"Lakewood, CO 80214",0.3,999998.0,39.737113071483,-105.053491874157,7437.9400000000005,10000,L,74.38%,1222,COMPASS VEHICLE RENTAL INC (170 trucks) | JEFFERSON COUNTY (120 trucks) | JEFFCO SCHOOLS (274 trucks) | SITEWISE LLC (145 trucks) | CITY OF ARVADA (100 trucks) | HOLCIM WCR INC (298 trucks) | ENIVIRONMENTAL LANDWORKS COMPANY INC (115 trucks),109000,13769,9864669.0,"$999,998.00"
Sol_047,239 S Main St,https://www.loopnet.com/Listing/239-S-Main-St-Brighton-CO/27424620/,"Brighton, CO 80601",0.31,250000.0,39.982905257485,-104.822555605705,1694.9,2000,S,84.75%,267,G&Z TRANSPORT LLC (147 trucks) | SIM TRUCKING INC (120 trucks),109000,13769,9864669.0,"$250,000.00"
Sol_047,606 W Colfax Ave,https://www.loopnet.com/Listing/606-W-Colfax-Ave-Denver-CO/26992476/,"Denver, CO 80204",0.31,1475000.0,39.739741342952,-104.995589435564,8930.12,10000,L,89.30%,1122,MPLX G&P (144 trucks) | RES (149 trucks) | CONCRETE EXPRESS INC (128 trucks) | FARMERS ALL NATURAL (121 trucks) | CO TRAN LLC (275 trucks) | COORS DISTRIBUTING COMPANY MILLER COORS LLC (105 trucks) | U S TRANSPORT INC (200 trucks),109000,13769,9864669.0,"$1,475,000.00"
Sol_047,1560 N Academy Blvd,https://www.loopnet.com/Listing/1560-N-Academy-Blvd-Colorado-Springs-CO/3886433/,"Colorado Springs, CO 80909",0.64,416700.0,38.854776988204,-104.75774002483,5689.619999999999,10000,L,56.90%,1031,COLORADO SPRINGS SCHOOL DISTRICT 11 (130 trucks) | MOUNTAIN METROPOLITAN TRANSIT (144 trucks) | CITY OF COLORADO SPRINGS (326 trucks) | El PASO COUNTY (112 trucks) | GOODWILL OF COLORADO (134 trucks) | VECTRUS SYSTEMS CORPORATION (185 trucks),109000,13769,9864669.0,"$416,700.00"
Sol_047,4237 McWhinney Blvd,https://www.loopnet.com/Listing/4237-McWhinney-Blvd-Loveland-CO/23974785/,"Loveland, CO 80538",0.65,871347.9,40.408208389025,-105.017378025231,252.96,1000,XS,25.30%,109,LOVELAND MUNICIPALITY (109 trucks),109000,13769,9864669.0,"$871,347.90"
Sol_047,10431 Quari St,https://www.loopnet.com/Listing/10431-Quari-St-Commerce-City-CO/29119294/,"Commerce City, CO 80022",0.72,270000.0,39.886267655476,-104.844980046547,4169.15,5000,M,83.38%,562,ENVIRONMENTAL DESIGNS LLC (156 trucks) | BALIC TRANSPORT INC (120 trucks) | BURNCO COLORADO LLC (146 trucks) | WEST DIRECT OIL (140 trucks),109000,13769,9864669.0,"$270,000.00"
Sol_047,NEC N Fairgrounds Ave,https://www.loopnet.com/Listing/NEC-N-Fairgrounds-Ave-Windsor-CO/29890025/,"Windsor, CO 80528",0.74,483449.0,40.437732372143,-104.982630626628,3990.5600000000004,5000,M,79.81%,575,LARIMER COUNTY (131 trucks) | NOVUS AG LLC (444 trucks),109000,13769,9864669.0,"$483,449.00"
Sol_047,11958 Lincoln Ave,https://www.loopnet.com/Listing/Lincoln-Ave-Parker-CO/39741118/,"Parker, CO 80138",0.86,495000.0,39.536519536914,-104.76116705724,19379.71,20000,XL,96.90%,2601,ACCELERATED SERVICES LLC (373 trucks) | AMERICAN FURNITURE WAREHOUSE CO (340 trucks) | TERRACARE ASSOCIATES LLC (156 trucks) | IHC SCOTT INC (214 trucks) | BUCKLEY POWDER CO (217 trucks) | ORICA USA INC (215 trucks) | CHERRY CREEK SCHOOLS (352 trucks) | HBSCO DANS TRASH AT YOUR DISPOSAL (110 trucks) | GLOBAL TRANSPORTATION LLC (442 trucks) | WHEEL PROS LLC (182 trucks),109000,13769,9864669.0,"$495,000.00"
Sol_047,3311 Ideal Drive Dr,https://www.loopnet.com/Listing/3311-Ideal-Drive-Dr-Frederick-CO/35744244/,"Frederick, CO 80516",1.0,949000.0,40.087044076103,-104.992966989518,4928.75,5000,M,98.58%,991,SUPREME TRANSPORT INC (183 trucks) | WARD ELECTRIC COMPANY INC (222 trucks) | CITY OF LONGMONT (211 trucks) | ST VRAIN VALLEY SCHOOL DISTRICT (174 trucks) | HEAT WAVES HOT OIL SERVICE LLC (201 trucks),109000,13769,9864669.0,"$949,000.00"
Sol_047,Colfax Ave & Airport Blvd,https://www.loopnet.com/Listing/Colfax-Ave-Airport-Blvd-Aurora-CO/24946845/,"Aurora, CO 80011",1.1,955174.1,39.740269989586,-104.791334022205,9801.08,10000,L,98.01%,1396,METCO LANDSCAPING INC (226 trucks) | WAGNER EQUIPMENT CO (423 trucks) | AURORA PUBLIC SCHOOLS (127 trucks) | CITY OF AURORA (271 trucks) | SHAMROCK FOODS COMPANY (214 trucks) | SWINGLE TREE & LANDSCAPE CARE (135 trucks),109000,13769,9864669.0,"$955,174.10"
Sol_047,8850 Huron St,https://www.loopnet.com/Listing/8850-Huron-St-Thornton-CO/33061072/,"Thornton, CO 80260",1.26,349000.0,39.858426283979,-104.995662022846,18265.5,20000,XL,91.33%,2646,CITY OF THORNTON (208 trucks) | CITY OF THORNTON (174 trucks) | COCAL LANDSCAPE SERVICES INC (153 trucks) | COLD FRONT (121 trucks) | READY MIX CONCRETE COMPANY (191 trucks) | NAVAJO EXPRESS INC (309 trucks) | TRI-STATE GENERATION & TRANSMISSION ASSOCIATION INC (321 trucks) | WESTERN DISTRIBUTING TRANSPORTATION CORP (155 trucks) | RMS CRANES (139 trucks) | SURESHOT DRILLING LLC ATOZ FIELD SERVICES LLC DRILL TECH LLC PINNACLE DEVELOPMENT INC HDD SPECIALISTS LLC (135 trucks) | EAGLE ROCK DISTRIBUTING COMPANY OF COLORADO LLC (148 trucks) | OFFEN PETROLEUM LLC (269 trucks) | ALPINE MILLWORK COMPANY DBA ROCKY MOUNTAIN RELOAD (141 trucks) | ADAMS 12 FIVE STAR SCHOOLS (182 trucks),109000,13769,9864669.0,"$349,000.00"
Sol_047,I-25 And Castle Pines Parkway,https://www.loopnet.com/Listing/I-25-And-Castle-Pines-Parkway-Castle-Rock-CO/32045010/,"Castle Rock, CO 80108",1.89,2000000.0,39.471987019978,-104.872723978419,7548.509999999999,10000,L,75.49%,1102,TOWN OF CASTLE ROCK  (109 trucks) | CH2M OMI CH2MHILL JACOBS (183 trucks) | ENTERPRISE RENT-A-CAR NATIONAL RENT A CAR ALAMO RENT A CAR (421 trucks) | GREAT SOUTHWESTERN CONSTRUCTION INC (280 trucks) | PACIFIC SHIPPING & TRUCKING CO INC (109 trucks),109000,13769,9864669.0,"$2,000,000.00"
Sol_048,2544 11th Ave,https://www.loopnet.com/Listing/2544-11th-Ave-Greeley-CO/35100267/,"Greeley, CO 80631",0.15,350000.0,40.395690645275,-104.69657283495,336.5,1000,XS,33.65%,145,WELD COUNTY PUBLIC WORKS DEPARTMENT (145 trucks),109000,13204,8284509.45,"$350,000.00"
Sol_048,1339 Sheridan Blvd,https://www.loopnet.com/Listing/1339-Sheridan-Blvd-Lakewood-CO/29629654/,"Lakewood, CO 80214",0.18,299999.0,39.737415742007,-105.053556666269,4008.78,5000,M,80.18%,809,COMPASS VEHICLE RENTAL INC (170 trucks) | JEFFERSON COUNTY (120 trucks) | JEFFCO SCHOOLS (274 trucks) | SITEWISE LLC (145 trucks) | CITY OF ARVADA (100 trucks),109000,13204,8284509.45,"$299,999.00"
Sol_048,239 S Main St,https://www.loopnet.com/Listing/239-S-Main-St-Brighton-CO/27424620/,"Brighton, CO 80601",0.31,250000.0,39.982905257485,-104.822555605705,1694.9,2000,S,84.75%,267,G&Z TRANSPORT LLC (147 trucks) | SIM TRUCKING INC (120 trucks),109000,13204,8284509.45,"$250,000.00"
Sol_048,606 W Colfax Ave,https://www.loopnet.com/Listing/606-W-Colfax-Ave-Denver-CO/26992476/,"Denver, CO 80204",0.31,1475000.0,39.739741342952,-104.995589435564,8930.12,10000,L,89.30%,1122,MPLX G&P (144 trucks) | RES (149 trucks) | CONCRETE EXPRESS INC (128 trucks) | FARMERS ALL NATURAL (121 trucks) | CO TRAN LLC (275 trucks) | COORS DISTRIBUTING COMPANY MILLER COORS LLC (105 trucks) | U S TRANSPORT INC (200 trucks),109000,13204,8284509.45,"$1,475,000.00"
Sol_048,1560 N Academy Blvd,https://www.loopnet.com/Listing/1560-N-Academy-Blvd-Colorado-Springs-CO/3886433/,"Colorado Springs, CO 80909",0.64,416700.0,38.854776988204,-104.75774002483,5689.619999999999,10000,L,56.90%,1031,COLORADO SPRINGS SCHOOL DISTRICT 11 (130 trucks) | MOUNTAIN METROPOLITAN TRANSIT (144 trucks) | CITY OF COLORADO SPRINGS (326 trucks) | El PASO COUNTY (112 trucks) | GOODWILL OF COLORADO (134 trucks) | VECTRUS SYSTEMS CORPORATION (185 trucks),109000,13204,8284509.45,"$416,700.00"
Sol_048,4237 McWhinney Blvd,https://www.loopnet.com/Listing/4237-McWhinney-Blvd-Loveland-CO/23974785/,"Loveland, CO 80538",0.65,871347.9,40.408208389025,-105.017378025231,252.96,1000,XS,25.30%,109,LOVELAND MUNICIPALITY (109 trucks),109000,13204,8284509.45,"$871,347.90"
Sol_048,10431 Quari St,https://www.loopnet.com/Listing/10431-Quari-St-Commerce-City-CO/29119294/,"Commerce City, CO 80022",0.72,270000.0,39.886267655476,-104.844980046547,9765.92,10000,L,97.66%,1716,ENVIRONMENTAL DESIGNS LLC (156 trucks) | BALIC TRANSPORT INC (120 trucks) | BURNCO COLORADO LLC (146 trucks) | WEST DIRECT OIL (140 trucks) | OFFEN PETROLEUM LLC (269 trucks) | ADAMS 12 FIVE STAR SCHOOLS (182 trucks) | CITY OF THORNTON (208 trucks) | CITY OF THORNTON (174 trucks) | TRI-STATE GENERATION & TRANSMISSION ASSOCIATION INC (321 trucks),109000,13204,8284509.45,"$270,000.00"
Sol_048,NEC N Fairgrounds Ave,https://www.loopnet.com/Listing/NEC-N-Fairgrounds-Ave-Windsor-CO/29890025/,"Windsor, CO 80528",0.74,483449.0,40.437732372143,-104.982630626628,3990.5600000000004,5000,M,79.81%,575,LARIMER COUNTY (131 trucks) | NOVUS AG LLC (444 trucks),109000,13204,8284509.45,"$483,449.00"
Sol_048,11958 Lincoln Ave,https://www.loopnet.com/Listing/Lincoln-Ave-Parker-CO/39741118/,"Parker, CO 80138",0.86,495000.0,39.536519536914,-104.76116705724,15005.279999999999,20000,XL,75.03%,2050,ACCELERATED SERVICES LLC (373 trucks) | AMERICAN FURNITURE WAREHOUSE CO (340 trucks) | TERRACARE ASSOCIATES LLC (156 trucks) | IHC SCOTT INC (214 trucks) | BUCKLEY POWDER CO (217 trucks) | CH2M OMI CH2MHILL JACOBS (183 trucks) | ORICA USA INC (215 trucks) | CHERRY CREEK SCHOOLS (352 trucks),109000,13204,8284509.45,"$495,000.00"
Sol_048,1801 W Union Ave,https://www.loopnet.com/Listing/1801-W-Union-Ave-Englewood-CO/39250756/,"Englewood, CO 80110",0.95,912839.45,39.63264140749,-105.009568941318,14985.23,20000,XL,74.93%,2078,KEESEN ENTERPRISES INC (263 trucks) | QUALITY LOGISTICS INC (135 trucks) | PROCAM SERVICES  (101 trucks) | PACIFIC SHIPPING & TRUCKING CO INC (109 trucks) | CITY LIGHT AND POWER INC (121 trucks) | WHEEL PROS LLC (182 trucks) | GLOBAL TRANSPORTATION LLC (442 trucks) | COMCAST (194 trucks) | ENTERPRISE RENT-A-CAR NATIONAL RENT A CAR ALAMO RENT A CAR (421 trucks) | HBSCO DANS TRASH AT YOUR DISPOSAL (110 trucks),109000,13204,8284509.45,"$912,839.45"
Sol_048,3311 Ideal Drive Dr,https://www.loopnet.com/Listing/3311-Ideal-Drive-Dr-Frederick-CO/35744244/,"Frederick, CO 80516",1.0,949000.0,40.087044076103,-104.992966989518,4928.75,5000,M,98.58%,991,SUPREME TRANSPORT INC (183 trucks) | WARD ELECTRIC COMPANY INC (222 trucks) | CITY OF LONGMONT (211 trucks) | ST VRAIN VALLEY SCHOOL DISTRICT (174 trucks) | HEAT WAVES HOT OIL SERVICE LLC (201 trucks),109000,13204,8284509.45,"$949,000.00"
Sol_048,Colfax Ave & Airport Blvd,https://www.loopnet.com/Listing/Colfax-Ave-Airport-Blvd-Aurora-CO/24946845/,"Aurora, CO 80011",1.1,955174.1,39.740269989586,-104.791334022205,9801.08,10000,L,98.01%,1396,METCO LANDSCAPING INC (226 trucks) | WAGNER EQUIPMENT CO (423 trucks) | AURORA PUBLIC SCHOOLS (127 trucks) | CITY OF AURORA (271 trucks) | SHAMROCK FOODS COMPANY (214 trucks) | SWINGLE TREE & LANDSCAPE CARE (135 trucks),109000,13204,8284509.45,"$955,174.10"
Sol_048,765 Aspen Ridge Drive Dr,https://www.loopnet.com/Listing/765-Aspen-Ridge-Drive-Dr-Lafayette-CO/32931931/,"Lafayette, CO 80026",1.43,556000.0,40.006898203868,-105.107210150504,7042.76,10000,L,70.43%,915,BOULDER VALLEY SCHOOL DISTRICT RE-2 (134 trucks) | VIA MOBILITY SERVICES (196 trucks) | VIA MOBILITY SERVICES (116 trucks) | GEOSTABILIZATION INTERNATIONAL LLC (155 trucks) | CU (173 trucks) | ALPINE MILLWORK COMPANY DBA ROCKY MOUNTAIN RELOAD (141 trucks),109000,13204,8284509.45,"$556,000.00"
Sol_049,2544 11th Ave,https://www.loopnet.com/Listing/2544-11th-Ave-Greeley-CO/35100267/,"Greeley, CO 80631",0.15,350000.0,40.395690645275,-104.69657283495,336.5,1000,XS,33.65%,145,WELD COUNTY PUBLIC WORKS DEPARTMENT (145 trucks),135000,16319,11646385.24,"$350,000.00"
Sol_049,422 Perry St,https://www.loopnet.com/Listing/422-Perry-St-Castle-Rock-CO/38421711/,"Castle Rock, CO 80104",0.24,605821.24,39.374148794158,-104.858322527659,2577.81,5000,M,51.56%,389,GREAT SOUTHWESTERN CONSTRUCTION INC (280 trucks) | TOWN OF CASTLE ROCK  (109 trucks),135000,16319,11646385.24,"$605,821.24"
Sol_049,1319 Sheridan Blvd,https://www.loopnet.com/Listing/1319-1327-Sheridan-Blvd-Lakewood-CO/38343110/,"Lakewood, CO 80214",0.3,999998.0,39.737113071483,-105.053491874157,7437.9400000000005,10000,L,74.38%,1222,COMPASS VEHICLE RENTAL INC (170 trucks) | JEFFERSON COUNTY (120 trucks) | JEFFCO SCHOOLS (274 trucks) | SITEWISE LLC (145 trucks) | CITY OF ARVADA (100 trucks) | HOLCIM WCR INC (298 trucks) | ENIVIRONMENTAL LANDWORKS COMPANY INC (115 trucks),135000,16319,11646385.24,"$999,998.00"
Sol_049,239 S Main St,https://www.loopnet.com/Listing/239-S-Main-St-Brighton-CO/27424620/,"Brighton, CO 80601",0.31,250000.0,39.982905257485,-104.822555605705,1694.9,2000,S,84.75%,267,G&Z TRANSPORT LLC (147 trucks) | SIM TRUCKING INC (120 trucks),135000,16319,11646385.24,"$250,000.00"
Sol_049,606 W Colfax Ave,https://www.loopnet.com/Listing/606-W-Colfax-Ave-Denver-CO/26992476/,"Denver, CO 80204",0.31,1475000.0,39.739741342952,-104.995589435564,8517.300000000001,10000,L,85.17%,1207,MPLX G&P (144 trucks) | CONCRETE EXPRESS INC (128 trucks) | FARMERS ALL NATURAL (121 trucks) | PROCAM SERVICES  (101 trucks) | QUALITY LOGISTICS INC (135 trucks) | KEESEN ENTERPRISES INC (263 trucks) | COMCAST (194 trucks) | CITY LIGHT AND POWER INC (121 trucks),135000,16319,11646385.24,"$1,475,000.00"
Sol_049,1560 N Academy Blvd,https://www.loopnet.com/Listing/1560-N-Academy-Blvd-Colorado-Springs-CO/3886433/,"Colorado Springs, CO 80909",0.64,416700.0,38.854776988204,-104.75774002483,5689.619999999999,10000,L,56.90%,1031,COLORADO SPRINGS SCHOOL DISTRICT 11 (130 trucks) | MOUNTAIN METROPOLITAN TRANSIT (144 trucks) | CITY OF COLORADO SPRINGS (326 trucks) | El PASO COUNTY (112 trucks) | GOODWILL OF COLORADO (134 trucks) | VECTRUS SYSTEMS CORPORATION (185 trucks),135000,16319,11646385.24,"$416,700.00"
Sol_049,4237 McWhinney Blvd,https://www.loopnet.com/Listing/4237-McWhinney-Blvd-Loveland-CO/23974785/,"Loveland, CO 80538",0.65,871347.9,40.408208389025,-105.017378025231,252.96,1000,XS,25.30%,109,LOVELAND MUNICIPALITY (109 trucks),135000,16319,11646385.24,"$871,347.90"
Sol_049,10431 Quari St,https://www.loopnet.com/Listing/10431-Quari-St-Commerce-City-CO/29119294/,"Commerce City, CO 80022",0.72,270000.0,39.886267655476,-104.844980046547,4169.15,5000,M,83.38%,562,ENVIRONMENTAL DESIGNS LLC (156 trucks) | BALIC TRANSPORT INC (120 trucks) | BURNCO COLORADO LLC (146 trucks) | WEST DIRECT OIL (140 trucks),135000,16319,11646385.24,"$270,000.00"
Sol_049,NEC N Fairgrounds Ave,https://www.loopnet.com/Listing/NEC-N-Fairgrounds-Ave-Windsor-CO/29890025/,"Windsor, CO 80528",0.74,483449.0,40.437732372143,-104.982630626628,304.01,1000,XS,30.40%,131,LARIMER COUNTY (131 trucks),135000,16319,11646385.24,"$483,449.00"
Sol_049,11958 Lincoln Ave,https://www.loopnet.com/Listing/Lincoln-Ave-Parker-CO/39741118/,"Parker, CO 80138",0.86,495000.0,39.536519536914,-104.76116705724,18264.289999999997,20000,XL,91.32%,2581,ACCELERATED SERVICES LLC (373 trucks) | AMERICAN FURNITURE WAREHOUSE CO (340 trucks) | TERRACARE ASSOCIATES LLC (156 trucks) | IHC SCOTT INC (214 trucks) | BUCKLEY POWDER CO (217 trucks) | CH2M OMI CH2MHILL JACOBS (183 trucks) | ORICA USA INC (215 trucks) | CHERRY CREEK SCHOOLS (352 trucks) | HBSCO DANS TRASH AT YOUR DISPOSAL (110 trucks) | ENTERPRISE RENT-A-CAR NATIONAL RENT A CAR ALAMO RENT A CAR (421 trucks),135000,16319,11646385.24,"$495,000.00"
Sol_049,Harmony Rd,https://www.loopnet.com/Listing/Harmony-Rd-Timnath-CO/21109276/,"Timnath, CO 80547",0.88,689895.0,40.522951241822,-104.96262130308,5618.16,10000,L,56.18%,972,NOVUS AG LLC (444 trucks) | CITY OF FORT COLLINS (285 trucks) | Poudre School District  (243 trucks),135000,16319,11646385.24,"$689,895.00"
Sol_049,2450 Curtis St,https://www.loopnet.com/Listing/2450-Curtis-St-Denver-CO/34878162/,"Denver, CO 80205",0.93,1930000.0,39.755035173034,-104.984190298703,13972.56,20000,XL,69.86%,1896,RES (149 trucks) | CO TRAN LLC (275 trucks) | WASTE CONNECTIONS OF COLORADO INC (486 trucks) | COORS DISTRIBUTING COMPANY MILLER COORS LLC (105 trucks) | U S TRANSPORT INC (200 trucks) | SUPERSHUTTLE DENVER (125 trucks) | UNITED SITE SERVICES OF NEVADA INC (409 trucks) | UNITED SITE SERVICES OF COLORADO INC (147 trucks),135000,16319,11646385.24,"$1,930,000.00"
Sol_049,3311 Ideal Drive Dr,https://www.loopnet.com/Listing/3311-Ideal-Drive-Dr-Frederick-CO/35744244/,"Frederick, CO 80516",1.0,949000.0,40.087044076103,-104.992966989518,4928.75,5000,M,98.58%,991,SUPREME TRANSPORT INC (183 trucks) | WARD ELECTRIC COMPANY INC (222 trucks) | CITY OF LONGMONT (211 trucks) | ST VRAIN VALLEY SCHOOL DISTRICT (174 trucks) | HEAT WAVES HOT OIL SERVICE LLC (201 trucks),135000,16319,11646385.24,"$949,000.00"
Sol_049,Colfax Ave & Airport Blvd,https://www.loopnet.com/Listing/Colfax-Ave-Airport-Blvd-Aurora-CO/24946845/,"Aurora, CO 80011",1.1,955174.1,39.740269989586,-104.791334022205,9801.08,10000,L,98.01%,1396,METCO LANDSCAPING INC (226 trucks) | WAGNER EQUIPMENT CO (423 trucks) | AURORA PUBLIC SCHOOLS (127 trucks) | CITY OF AURORA (271 trucks) | SHAMROCK FOODS COMPANY (214 trucks) | SWINGLE TREE & LANDSCAPE CARE (135 trucks),135000,16319,11646385.24,"$955,174.10"
Sol_049,8850 Huron St,https://www.loopnet.com/Listing/8850-Huron-St-Thornton-CO/33061072/,"Thornton, CO 80260",1.26,349000.0,39.858426283979,-104.995662022846,19552.47,20000,XL,97.76%,2801,CITY OF THORNTON (208 trucks) | CITY OF THORNTON (174 trucks) | COCAL LANDSCAPE SERVICES INC (153 trucks) | COLD FRONT (121 trucks) | READY MIX CONCRETE COMPANY (191 trucks) | NAVAJO EXPRESS INC (309 trucks) | TRI-STATE GENERATION & TRANSMISSION ASSOCIATION INC (321 trucks) | WESTERN DISTRIBUTING TRANSPORTATION CORP (155 trucks) | RMS CRANES (139 trucks) | SURESHOT DRILLING LLC ATOZ FIELD SERVICES LLC DRILL TECH LLC PINNACLE DEVELOPMENT INC HDD SPECIALISTS LLC (135 trucks) | EAGLE ROCK DISTRIBUTING COMPANY OF COLORADO LLC (148 trucks) | OFFEN PETROLEUM LLC (269 trucks) | ALPINE MILLWORK COMPANY DBA ROCKY MOUNTAIN RELOAD (141 trucks) | ADAMS 12 FIVE STAR SCHOOLS (182 trucks) | GEOSTABILIZATION INTERNATIONAL LLC (155 trucks),135000,16319,11646385.24,"$349,000.00"
Sol_049,765 Aspen Ridge Drive Dr,https://www.loopnet.com/Listing/765-Aspen-Ridge-Drive-Dr-Lafayette-CO/32931931/,"Lafayette, CO 80026",1.43,556000.0,40.006898203868,-105.107210150504,4585.06,5000,M,91.70%,619,BOULDER VALLEY SCHOOL DISTRICT RE-2 (134 trucks) | VIA MOBILITY SERVICES (196 trucks) | VIA MOBILITY SERVICES (116 trucks) | CU (173 trucks),135000,16319,11646385.24,"$556,000.00"
Sol_050,2544 11th Ave,https://www.loopnet.com/Listing/2544-11th-Ave-Greeley-CO/35100267/,"Greeley, CO 80631",0.15,350000.0,40.395690645275,-104.69657283495,336.5,1000,XS,33.65%,145,WELD COUNTY PUBLIC WORKS DEPARTMENT (145 trucks),152000,17052,12359225.69,"$350,000.00"
Sol_050,1339 Sheridan Blvd,https://www.loopnet.com/Listing/1339-Sheridan-Blvd-Lakewood-CO/29629654/,"Lakewood, CO 80214",0.18,299999.0,39.737415742007,-105.053556666269,1949.27,2000,S,97.46%,415,COMPASS VEHICLE RENTAL INC (170 trucks) | SITEWISE LLC (145 trucks) | CITY OF ARVADA (100 trucks),152000,17052,12359225.69,"$299,999.00"
Sol_050,422 Perry St,https://www.loopnet.com/Listing/422-Perry-St-Castle-Rock-CO/38421711/,"Castle Rock, CO 80104",0.24,605821.24,39.374148794158,-104.858322527659,2577.81,5000,M,51.56%,389,GREAT SOUTHWESTERN CONSTRUCTION INC (280 trucks) | TOWN OF CASTLE ROCK  (109 trucks),152000,17052,12359225.69,"$605,821.24"
Sol_050,239 S Main St,https://www.loopnet.com/Listing/239-S-Main-St-Brighton-CO/27424620/,"Brighton, CO 80601",0.31,250000.0,39.982905257485,-104.822555605705,1694.9,2000,S,84.75%,267,G&Z TRANSPORT LLC (147 trucks) | SIM TRUCKING INC (120 trucks),152000,17052,12359225.69,"$250,000.00"
Sol_050,606 W Colfax Ave,https://www.loopnet.com/Listing/606-W-Colfax-Ave-Denver-CO/26992476/,"Denver, CO 80204",0.31,1475000.0,39.739741342952,-104.995589435564,2877.2,5000,M,57.54%,393,MPLX G&P (144 trucks) | CONCRETE EXPRESS INC (128 trucks) | FARMERS ALL NATURAL (121 trucks),152000,17052,12359225.69,"$1,475,000.00"
Sol_050,17160 W Colfax Ave,https://www.loopnet.com/Listing/17160-W-Colfax-Ave-Golden-CO/29520298/,"Golden, CO 80401",0.63,500000.0,39.722253633534,-105.192465086092,5488.67,10000,L,54.89%,807,ENIVIRONMENTAL LANDWORKS COMPANY INC (115 trucks) | HOLCIM WCR INC (298 trucks) | JEFFCO SCHOOLS (274 trucks) | JEFFERSON COUNTY (120 trucks),152000,17052,12359225.69,"$500,000.00"
Sol_050,1560 N Academy Blvd,https://www.loopnet.com/Listing/1560-N-Academy-Blvd-Colorado-Springs-CO/3886433/,"Colorado Springs, CO 80909",0.64,416700.0,38.854776988204,-104.75774002483,5689.619999999999,10000,L,56.90%,1031,COLORADO SPRINGS SCHOOL DISTRICT 11 (130 trucks) | MOUNTAIN METROPOLITAN TRANSIT (144 trucks) | CITY OF COLORADO SPRINGS (326 trucks) | El PASO COUNTY (112 trucks) | GOODWILL OF COLORADO (134 trucks) | VECTRUS SYSTEMS CORPORATION (185 trucks),152000,17052,12359225.69,"$416,700.00"
Sol_050,4237 McWhinney Blvd,https://www.loopnet.com/Listing/4237-McWhinney-Blvd-Loveland-CO/23974785/,"Loveland, CO 80538",0.65,871347.9,40.408208389025,-105.017378025231,252.96,1000,XS,25.30%,109,LOVELAND MUNICIPALITY (109 trucks),152000,17052,12359225.69,"$871,347.90"
Sol_050,10431 Quari St,https://www.loopnet.com/Listing/10431-Quari-St-Commerce-City-CO/29119294/,"Commerce City, CO 80022",0.72,270000.0,39.886267655476,-104.844980046547,4169.15,5000,M,83.38%,562,ENVIRONMENTAL DESIGNS LLC (156 trucks) | BALIC TRANSPORT INC (120 trucks) | BURNCO COLORADO LLC (146 trucks) | WEST DIRECT OIL (140 trucks),152000,17052,12359225.69,"$270,000.00"
Sol_050,NEC N Fairgrounds Ave,https://www.loopnet.com/Listing/NEC-N-Fairgrounds-Ave-Windsor-CO/29890025/,"Windsor, CO 80528",0.74,483449.0,40.437732372143,-104.982630626628,304.01,1000,XS,30.40%,131,LARIMER COUNTY (131 trucks),152000,17052,12359225.69,"$483,449.00"
Sol_050,11958 Lincoln Ave,https://www.loopnet.com/Listing/Lincoln-Ave-Parker-CO/39741118/,"Parker, CO 80138",0.86,495000.0,39.536519536914,-104.76116705724,15005.279999999999,20000,XL,75.03%,2050,ACCELERATED SERVICES LLC (373 trucks) | AMERICAN FURNITURE WAREHOUSE CO (340 trucks) | TERRACARE ASSOCIATES LLC (156 trucks) | IHC SCOTT INC (214 trucks) | BUCKLEY POWDER CO (217 trucks) | CH2M OMI CH2MHILL JACOBS (183 trucks) | ORICA USA INC (215 trucks) | CHERRY CREEK SCHOOLS (352 trucks),152000,17052,12359225.69,"$495,000.00"
Sol_050,Harmony Rd,https://www.loopnet.com/Listing/Harmony-Rd-Timnath-CO/21109276/,"Timnath, CO 80547",0.88,689895.0,40.522951241822,-104.96262130308,5618.16,10000,L,56.18%,972,NOVUS AG LLC (444 trucks) | CITY OF FORT COLLINS (285 trucks) | Poudre School District  (243 trucks),152000,17052,12359225.69,"$689,895.00"
Sol_050,2450 Curtis St,https://www.loopnet.com/Listing/2450-Curtis-St-Denver-CO/34878162/,"Denver, CO 80205",0.93,1930000.0,39.755035173034,-104.984190298703,13972.56,20000,XL,69.86%,1896,RES (149 trucks) | CO TRAN LLC (275 trucks) | WASTE CONNECTIONS OF COLORADO INC (486 trucks) | COORS DISTRIBUTING COMPANY MILLER COORS LLC (105 trucks) | U S TRANSPORT INC (200 trucks) | SUPERSHUTTLE DENVER (125 trucks) | UNITED SITE SERVICES OF NEVADA INC (409 trucks) | UNITED SITE SERVICES OF COLORADO INC (147 trucks),152000,17052,12359225.69,"$1,930,000.00"
Sol_050,1801 W Union Ave,https://www.loopnet.com/Listing/1801-W-Union-Ave-Englewood-CO/39250756/,"Englewood, CO 80110",0.95,912839.45,39.63264140749,-105.009568941318,14985.23,20000,XL,74.93%,2078,KEESEN ENTERPRISES INC (263 trucks) | QUALITY LOGISTICS INC (135 trucks) | PROCAM SERVICES  (101 trucks) | PACIFIC SHIPPING & TRUCKING CO INC (109 trucks) | CITY LIGHT AND POWER INC (121 trucks) | WHEEL PROS LLC (182 trucks) | GLOBAL TRANSPORTATION LLC (442 trucks) | COMCAST (194 trucks) | ENTERPRISE RENT-A-CAR NATIONAL RENT A CAR ALAMO RENT A CAR (421 trucks) | HBSCO DANS TRASH AT YOUR DISPOSAL (110 trucks),152000,17052,12359225.69,"$912,839.45"
Sol_050,3311 Ideal Drive Dr,https://www.loopnet.com/Listing/3311-Ideal-Drive-Dr-Frederick-CO/35744244/,"Frederick, CO 80516",1.0,949000.0,40.087044076103,-104.992966989518,4928.75,5000,M,98.58%,991,SUPREME TRANSPORT INC (183 trucks) | WARD ELECTRIC COMPANY INC (222 trucks) | CITY OF LONGMONT (211 trucks) | ST VRAIN VALLEY SCHOOL DISTRICT (174 trucks) | HEAT WAVES HOT OIL SERVICE LLC (201 trucks),152000,17052,12359225.69,"$949,000.00"
Sol_050,Colfax Ave & Airport Blvd,https://www.loopnet.com/Listing/Colfax-Ave-Airport-Blvd-Aurora-CO/24946845/,"Aurora, CO 80011",1.1,955174.1,39.740269989586,-104.791334022205,9801.08,10000,L,98.01%,1396,METCO LANDSCAPING INC (226 trucks) | WAGNER EQUIPMENT CO (423 trucks) | AURORA PUBLIC SCHOOLS (127 trucks) | CITY OF AURORA (271 trucks) | SHAMROCK FOODS COMPANY (214 trucks) | SWINGLE TREE & LANDSCAPE CARE (135 trucks),152000,17052,12359225.69,"$955,174.10"
Sol_050,8850 Huron St,https://www.loopnet.com/Listing/8850-Huron-St-Thornton-CO/33061072/,"Thornton, CO 80260",1.26,349000.0,39.858426283979,-104.995662022846,19552.47,20000,XL,97.76%,2801,CITY OF THORNTON (208 trucks) | CITY OF THORNTON (174 trucks) | COCAL LANDSCAPE SERVICES INC (153 trucks) | COLD FRONT (121 trucks) | READY MIX CONCRETE COMPANY (191 trucks) | NAVAJO EXPRESS INC (309 trucks) | TRI-STATE GENERATION & TRANSMISSION ASSOCIATION INC (321 trucks) | WESTERN DISTRIBUTING TRANSPORTATION CORP (155 trucks) | RMS CRANES (139 trucks) | SURESHOT DRILLING LLC ATOZ FIELD SERVICES LLC DRILL TECH LLC PINNACLE DEVELOPMENT INC HDD SPECIALISTS LLC (135 trucks) | EAGLE ROCK DISTRIBUTING COMPANY OF COLORADO LLC (148 trucks) | OFFEN PETROLEUM LLC (269 trucks) | ALPINE MILLWORK COMPANY DBA ROCKY MOUNTAIN RELOAD (141 trucks) | ADAMS 12 FIVE STAR SCHOOLS (182 trucks) | GEOSTABILIZATION INTERNATIONAL LLC (155 trucks),152000,17052,12359225.69,"$349,000.00"
Sol_050,765 Aspen Ridge Drive Dr,https://www.loopnet.com/Listing/765-Aspen-Ridge-Drive-Dr-Lafayette-CO/32931931/,"Lafayette, CO 80026",1.43,556000.0,40.006898203868,-105.107210150504,4585.06,5000,M,91.70%,619,BOULDER VALLEY SCHOOL DISTRICT RE-2 (134 trucks) | VIA MOBILITY SERVICES (196 trucks) | VIA MOBILITY SERVICES (116 trucks) | CU (173 trucks),152000,17052,12359225.69,"$556,000.00"
Sol_051,2544 11th Ave,https://www.loopnet.com/Listing/2544-11th-Ave-Greeley-CO/35100267/,"Greeley, CO 80631",0.15,350000.0,40.395690645275,-104.69657283495,336.5,1000,XS,33.65%,145,WELD COUNTY PUBLIC WORKS DEPARTMENT (145 trucks),134000,15625,10084330.690000001,"$350,000.00"
Sol_051,1339 Sheridan Blvd,https://www.loopnet.com/Listing/1339-Sheridan-Blvd-Lakewood-CO/29629654/,"Lakewood, CO 80214",0.18,299999.0,39.737415742007,-105.053556666269,4008.78,5000,M,80.18%,809,COMPASS VEHICLE RENTAL INC (170 trucks) | JEFFERSON COUNTY (120 trucks) | JEFFCO SCHOOLS (274 trucks) | SITEWISE LLC (145 trucks) | CITY OF ARVADA (100 trucks),134000,15625,10084330.690000001,"$299,999.00"
Sol_051,422 Perry St,https://www.loopnet.com/Listing/422-Perry-St-Castle-Rock-CO/38421711/,"Castle Rock, CO 80104",0.24,605821.24,39.374148794158,-104.858322527659,2577.81,5000,M,51.56%,389,GREAT SOUTHWESTERN CONSTRUCTION INC (280 trucks) | TOWN OF CASTLE ROCK  (109 trucks),134000,15625,10084330.690000001,"$605,821.24"
Sol_051,239 S Main St,https://www.loopnet.com/Listing/239-S-Main-St-Brighton-CO/27424620/,"Brighton, CO 80601",0.31,250000.0,39.982905257485,-104.822555605705,1694.9,2000,S,84.75%,267,G&Z TRANSPORT LLC (147 trucks) | SIM TRUCKING INC (120 trucks),134000,15625,10084330.690000001,"$250,000.00"
Sol_051,606 W Colfax Ave,https://www.loopnet.com/Listing/606-W-Colfax-Ave-Denver-CO/26992476/,"Denver, CO 80204",0.31,1475000.0,39.739741342952,-104.995589435564,8930.12,10000,L,89.30%,1122,MPLX G&P (144 trucks) | RES (149 trucks) | CONCRETE EXPRESS INC (128 trucks) | FARMERS ALL NATURAL (121 trucks) | CO TRAN LLC (275 trucks) | COORS DISTRIBUTING COMPANY MILLER COORS LLC (105 trucks) | U S TRANSPORT INC (200 trucks),134000,15625,10084330.690000001,"$1,475,000.00"
Sol_051,8905 E Colfax Ave,https://www.loopnet.com/Listing/8905-E-Colfax-Ave-Aurora-CO/32567100/,"Aurora, CO 80010",0.33,845000.0,39.740387126683,-104.884281197975,6813.16,10000,L,68.13%,1010,SUPERSHUTTLE DENVER (125 trucks) | SWINGLE TREE & LANDSCAPE CARE (135 trucks) | COMCAST (194 trucks) | UNITED SITE SERVICES OF NEVADA INC (409 trucks) | UNITED SITE SERVICES OF COLORADO INC (147 trucks),134000,15625,10084330.690000001,"$845,000.00"
Sol_051,1560 N Academy Blvd,https://www.loopnet.com/Listing/1560-N-Academy-Blvd-Colorado-Springs-CO/3886433/,"Colorado Springs, CO 80909",0.64,416700.0,38.854776988204,-104.75774002483,5689.619999999999,10000,L,56.90%,1031,COLORADO SPRINGS SCHOOL DISTRICT 11 (130 trucks) | MOUNTAIN METROPOLITAN TRANSIT (144 trucks) | CITY OF COLORADO SPRINGS (326 trucks) | El PASO COUNTY (112 trucks) | GOODWILL OF COLORADO (134 trucks) | VECTRUS SYSTEMS CORPORATION (185 trucks),134000,15625,10084330.690000001,"$416,700.00"
Sol_051,4237 McWhinney Blvd,https://www.loopnet.com/Listing/4237-McWhinney-Blvd-Loveland-CO/23974785/,"Loveland, CO 80538",0.65,871347.9,40.408208389025,-105.017378025231,252.96,1000,XS,25.30%,109,LOVELAND MUNICIPALITY (109 trucks),134000,15625,10084330.690000001,"$871,347.90"
Sol_051,10431 Quari St,https://www.loopnet.com/Listing/10431-Quari-St-Commerce-City-CO/29119294/,"Commerce City, CO 80022",0.72,270000.0,39.886267655476,-104.844980046547,4169.15,5000,M,83.38%,562,ENVIRONMENTAL DESIGNS LLC (156 trucks) | BALIC TRANSPORT INC (120 trucks) | BURNCO COLORADO LLC (146 trucks) | WEST DIRECT OIL (140 trucks),134000,15625,10084330.690000001,"$270,000.00"
Sol_051,NEC N Fairgrounds Ave,https://www.loopnet.com/Listing/NEC-N-Fairgrounds-Ave-Windsor-CO/29890025/,"Windsor, CO 80528",0.74,483449.0,40.437732372143,-104.982630626628,3990.5600000000004,5000,M,79.81%,575,LARIMER COUNTY (131 trucks) | NOVUS AG LLC (444 trucks),134000,15625,10084330.690000001,"$483,449.00"
Sol_051,11958 Lincoln Ave,https://www.loopnet.com/Listing/Lincoln-Ave-Parker-CO/39741118/,"Parker, CO 80138",0.86,495000.0,39.536519536914,-104.76116705724,15005.279999999999,20000,XL,75.03%,2050,ACCELERATED SERVICES LLC (373 trucks) | AMERICAN FURNITURE WAREHOUSE CO (340 trucks) | TERRACARE ASSOCIATES LLC (156 trucks) | IHC SCOTT INC (214 trucks) | BUCKLEY POWDER CO (217 trucks) | CH2M OMI CH2MHILL JACOBS (183 trucks) | ORICA USA INC (215 trucks) | CHERRY CREEK SCHOOLS (352 trucks),134000,15625,10084330.690000001,"$495,000.00"
Sol_051,1801 W Union Ave,https://www.loopnet.com/Listing/1801-W-Union-Ave-Englewood-CO/39250756/,"Englewood, CO 80110",0.95,912839.45,39.63264140749,-105.009568941318,14063.34,20000,XL,70.32%,1884,KEESEN ENTERPRISES INC (263 trucks) | QUALITY LOGISTICS INC (135 trucks) | PROCAM SERVICES  (101 trucks) | PACIFIC SHIPPING & TRUCKING CO INC (109 trucks) | CITY LIGHT AND POWER INC (121 trucks) | WHEEL PROS LLC (182 trucks) | GLOBAL TRANSPORTATION LLC (442 trucks) | ENTERPRISE RENT-A-CAR NATIONAL RENT A CAR ALAMO RENT A CAR (421 trucks) | HBSCO DANS TRASH AT YOUR DISPOSAL (110 trucks),134000,15625,10084330.690000001,"$912,839.45"
Sol_051,3311 Ideal Drive Dr,https://www.loopnet.com/Listing/3311-Ideal-Drive-Dr-Frederick-CO/35744244/,"Frederick, CO 80516",1.0,949000.0,40.087044076103,-104.992966989518,4928.75,5000,M,98.58%,991,SUPREME TRANSPORT INC (183 trucks) | WARD ELECTRIC COMPANY INC (222 trucks) | CITY OF LONGMONT (211 trucks) | ST VRAIN VALLEY SCHOOL DISTRICT (174 trucks) | HEAT WAVES HOT OIL SERVICE LLC (201 trucks),134000,15625,10084330.690000001,"$949,000.00"
Sol_051,Colfax Ave & Airport Blvd,https://www.loopnet.com/Listing/Colfax-Ave-Airport-Blvd-Aurora-CO/24946845/,"Aurora, CO 80011",1.1,955174.1,39.740269989586,-104.791334022205,8680.17,10000,L,86.80%,1261,METCO LANDSCAPING INC (226 trucks) | WAGNER EQUIPMENT CO (423 trucks) | AURORA PUBLIC SCHOOLS (127 trucks) | CITY OF AURORA (271 trucks) | SHAMROCK FOODS COMPANY (214 trucks),134000,15625,10084330.690000001,"$955,174.10"
Sol_051,8850 Huron St,https://www.loopnet.com/Listing/8850-Huron-St-Thornton-CO/33061072/,"Thornton, CO 80260",1.26,349000.0,39.858426283979,-104.995662022846,19552.47,20000,XL,97.76%,2801,CITY OF THORNTON (208 trucks) | CITY OF THORNTON (174 trucks) | COCAL LANDSCAPE SERVICES INC (153 trucks) | COLD FRONT (121 trucks) | READY MIX CONCRETE COMPANY (191 trucks) | NAVAJO EXPRESS INC (309 trucks) | TRI-STATE GENERATION & TRANSMISSION ASSOCIATION INC (321 trucks) | WESTERN DISTRIBUTING TRANSPORTATION CORP (155 trucks) | RMS CRANES (139 trucks) | SURESHOT DRILLING LLC ATOZ FIELD SERVICES LLC DRILL TECH LLC PINNACLE DEVELOPMENT INC HDD SPECIALISTS LLC (135 trucks) | EAGLE ROCK DISTRIBUTING COMPANY OF COLORADO LLC (148 trucks) | OFFEN PETROLEUM LLC (269 trucks) | ALPINE MILLWORK COMPANY DBA ROCKY MOUNTAIN RELOAD (141 trucks) | ADAMS 12 FIVE STAR SCHOOLS (182 trucks) | GEOSTABILIZATION INTERNATIONAL LLC (155 trucks),134000,15625,10084330.690000001,"$349,000.00"
Sol_051,765 Aspen Ridge Drive Dr,https://www.loopnet.com/Listing/765-Aspen-Ridge-Drive-Dr-Lafayette-CO/32931931/,"Lafayette, CO 80026",1.43,556000.0,40.006898203868,-105.107210150504,4585.06,5000,M,91.70%,619,BOULDER VALLEY SCHOOL DISTRICT RE-2 (134 trucks) | VIA MOBILITY SERVICES (196 trucks) | VIA MOBILITY SERVICES (116 trucks) | CU (173 trucks),134000,15625,10084330.690000001,"$556,000.00"
Sol_052,2544 11th Ave,https://www.loopnet.com/Listing/2544-11th-Ave-Greeley-CO/35100267/,"Greeley, CO 80631",0.15,350000.0,40.395690645275,-104.69657283495,336.5,1000,XS,33.65%,145,WELD COUNTY PUBLIC WORKS DEPARTMENT (145 trucks),129000,15791,10956490.24,"$350,000.00"
Sol_052,422 Perry St,https://www.loopnet.com/Listing/422-Perry-St-Castle-Rock-CO/38421711/,"Castle Rock, CO 80104",0.24,605821.24,39.374148794158,-104.858322527659,2577.81,5000,M,51.56%,389,GREAT SOUTHWESTERN CONSTRUCTION INC (280 trucks) | TOWN OF CASTLE ROCK  (109 trucks),129000,15791,10956490.24,"$605,821.24"
Sol_052,1319 Sheridan Blvd,https://www.loopnet.com/Listing/1319-1327-Sheridan-Blvd-Lakewood-CO/38343110/,"Lakewood, CO 80214",0.3,999998.0,39.737113071483,-105.053491874157,7437.9400000000005,10000,L,74.38%,1222,COMPASS VEHICLE RENTAL INC (170 trucks) | JEFFERSON COUNTY (120 trucks) | JEFFCO SCHOOLS (274 trucks) | SITEWISE LLC (145 trucks) | CITY OF ARVADA (100 trucks) | HOLCIM WCR INC (298 trucks) | ENIVIRONMENTAL LANDWORKS COMPANY INC (115 trucks),129000,15791,10956490.24,"$999,998.00"
Sol_052,239 S Main St,https://www.loopnet.com/Listing/239-S-Main-St-Brighton-CO/27424620/,"Brighton, CO 80601",0.31,250000.0,39.982905257485,-104.822555605705,1694.9,2000,S,84.75%,267,G&Z TRANSPORT LLC (147 trucks) | SIM TRUCKING INC (120 trucks),129000,15791,10956490.24,"$250,000.00"
Sol_052,606 W Colfax Ave,https://www.loopnet.com/Listing/606-W-Colfax-Ave-Denver-CO/26992476/,"Denver, CO 80204",0.31,1475000.0,39.739741342952,-104.995589435564,8517.300000000001,10000,L,85.17%,1207,MPLX G&P (144 trucks) | CONCRETE EXPRESS INC (128 trucks) | FARMERS ALL NATURAL (121 trucks) | PROCAM SERVICES  (101 trucks) | QUALITY LOGISTICS INC (135 trucks) | KEESEN ENTERPRISES INC (263 trucks) | COMCAST (194 trucks) | CITY LIGHT AND POWER INC (121 trucks),129000,15791,10956490.24,"$1,475,000.00"
Sol_052,1560 N Academy Blvd,https://www.loopnet.com/Listing/1560-N-Academy-Blvd-Colorado-Springs-CO/3886433/,"Colorado Springs, CO 80909",0.64,416700.0,38.854776988204,-104.75774002483,5689.619999999999,10000,L,56.90%,1031,COLORADO SPRINGS SCHOOL DISTRICT 11 (130 trucks) | MOUNTAIN METROPOLITAN TRANSIT (144 trucks) | CITY OF COLORADO SPRINGS (326 trucks) | El PASO COUNTY (112 trucks) | GOODWILL OF COLORADO (134 trucks) | VECTRUS SYSTEMS CORPORATION (185 trucks),129000,15791,10956490.24,"$416,700.00"
Sol_052,4237 McWhinney Blvd,https://www.loopnet.com/Listing/4237-McWhinney-Blvd-Loveland-CO/23974785/,"Loveland, CO 80538",0.65,871347.9,40.408208389025,-105.017378025231,252.96,1000,XS,25.30%,109,LOVELAND MUNICIPALITY (109 trucks),129000,15791,10956490.24,"$871,347.90"
Sol_052,10431 Quari St,https://www.loopnet.com/Listing/10431-Quari-St-Commerce-City-CO/29119294/,"Commerce City, CO 80022",0.72,270000.0,39.886267655476,-104.844980046547,4169.15,5000,M,83.38%,562,ENVIRONMENTAL DESIGNS LLC (156 trucks) | BALIC TRANSPORT INC (120 trucks) | BURNCO COLORADO LLC (146 trucks) | WEST DIRECT OIL (140 trucks),129000,15791,10956490.24,"$270,000.00"
Sol_052,NEC N Fairgrounds Ave,https://www.loopnet.com/Listing/NEC-N-Fairgrounds-Ave-Windsor-CO/29890025/,"Windsor, CO 80528",0.74,483449.0,40.437732372143,-104.982630626628,3990.5600000000004,5000,M,79.81%,575,LARIMER COUNTY (131 trucks) | NOVUS AG LLC (444 trucks),129000,15791,10956490.24,"$483,449.00"
Sol_052,11958 Lincoln Ave,https://www.loopnet.com/Listing/Lincoln-Ave-Parker-CO/39741118/,"Parker, CO 80138",0.86,495000.0,39.536519536914,-104.76116705724,18264.289999999997,20000,XL,91.32%,2581,ACCELERATED SERVICES LLC (373 trucks) | AMERICAN FURNITURE WAREHOUSE CO (340 trucks) | TERRACARE ASSOCIATES LLC (156 trucks) | IHC SCOTT INC (214 trucks) | BUCKLEY POWDER CO (217 trucks) | CH2M OMI CH2MHILL JACOBS (183 trucks) | ORICA USA INC (215 trucks) | CHERRY CREEK SCHOOLS (352 trucks) | HBSCO DANS TRASH AT YOUR DISPOSAL (110 trucks) | ENTERPRISE RENT-A-CAR NATIONAL RENT A CAR ALAMO RENT A CAR (421 trucks),129000,15791,10956490.24,"$495,000.00"
Sol_052,2450 Curtis St,https://www.loopnet.com/Listing/2450-Curtis-St-Denver-CO/34878162/,"Denver, CO 80205",0.93,1930000.0,39.755035173034,-104.984190298703,13972.56,20000,XL,69.86%,1896,RES (149 trucks) | CO TRAN LLC (275 trucks) | WASTE CONNECTIONS OF COLORADO INC (486 trucks) | COORS DISTRIBUTING COMPANY MILLER COORS LLC (105 trucks) | U S TRANSPORT INC (200 trucks) | SUPERSHUTTLE DENVER (125 trucks) | UNITED SITE SERVICES OF NEVADA INC (409 trucks) | UNITED SITE SERVICES OF COLORADO INC (147 trucks),129000,15791,10956490.24,"$1,930,000.00"
Sol_052,3311 Ideal Drive Dr,https://www.loopnet.com/Listing/3311-Ideal-Drive-Dr-Frederick-CO/35744244/,"Frederick, CO 80516",1.0,949000.0,40.087044076103,-104.992966989518,4928.75,5000,M,98.58%,991,SUPREME TRANSPORT INC (183 trucks) | WARD ELECTRIC COMPANY INC (222 trucks) | CITY OF LONGMONT (211 trucks) | ST VRAIN VALLEY SCHOOL DISTRICT (174 trucks) | HEAT WAVES HOT OIL SERVICE LLC (201 trucks),129000,15791,10956490.24,"$949,000.00"
Sol_052,Colfax Ave & Airport Blvd,https://www.loopnet.com/Listing/Colfax-Ave-Airport-Blvd-Aurora-CO/24946845/,"Aurora, CO 80011",1.1,955174.1,39.740269989586,-104.791334022205,9801.08,10000,L,98.01%,1396,METCO LANDSCAPING INC (226 trucks) | WAGNER EQUIPMENT CO (423 trucks) | AURORA PUBLIC SCHOOLS (127 trucks) | CITY OF AURORA (271 trucks) | SHAMROCK FOODS COMPANY (214 trucks) | SWINGLE TREE & LANDSCAPE CARE (135 trucks),129000,15791,10956490.24,"$955,174.10"
Sol_052,8850 Huron St,https://www.loopnet.com/Listing/8850-Huron-St-Thornton-CO/33061072/,"Thornton, CO 80260",1.26,349000.0,39.858426283979,-104.995662022846,19552.47,20000,XL,97.76%,2801,CITY OF THORNTON (208 trucks) | CITY OF THORNTON (174 trucks) | COCAL LANDSCAPE SERVICES INC (153 trucks) | COLD FRONT (121 trucks) | READY MIX CONCRETE COMPANY (191 trucks) | NAVAJO EXPRESS INC (309 trucks) | TRI-STATE GENERATION & TRANSMISSION ASSOCIATION INC (321 trucks) | WESTERN DISTRIBUTING TRANSPORTATION CORP (155 trucks) | RMS CRANES (139 trucks) | SURESHOT DRILLING LLC ATOZ FIELD SERVICES LLC DRILL TECH LLC PINNACLE DEVELOPMENT INC HDD SPECIALISTS LLC (135 trucks) | EAGLE ROCK DISTRIBUTING COMPANY OF COLORADO LLC (148 trucks) | OFFEN PETROLEUM LLC (269 trucks) | ALPINE MILLWORK COMPANY DBA ROCKY MOUNTAIN RELOAD (141 trucks) | ADAMS 12 FIVE STAR SCHOOLS (182 trucks) | GEOSTABILIZATION INTERNATIONAL LLC (155 trucks),129000,15791,10956490.24,"$349,000.00"
Sol_052,765 Aspen Ridge Drive Dr,https://www.loopnet.com/Listing/765-Aspen-Ridge-Drive-Dr-Lafayette-CO/32931931/,"Lafayette, CO 80026",1.43,556000.0,40.006898203868,-105.107210150504,4585.06,5000,M,91.70%,619,BOULDER VALLEY SCHOOL DISTRICT RE-2 (134 trucks) | VIA MOBILITY SERVICES (196 trucks) | VIA MOBILITY SERVICES (116 trucks) | CU (173 trucks),129000,15791,10956490.24,"$556,000.00"
Sol_053,2544 11th Ave,https://www.loopnet.com/Listing/2544-11th-Ave-Greeley-CO/35100267/,"Greeley, CO 80631",0.15,350000.0,40.395690645275,-104.69657283495,336.5,1000,XS,33.65%,145,WELD COUNTY PUBLIC WORKS DEPARTMENT (145 trucks),124000,15378,10256491.24,"$350,000.00"
Sol_053,1339 Sheridan Blvd,https://www.loopnet.com/Listing/1339-Sheridan-Blvd-Lakewood-CO/29629654/,"Lakewood, CO 80214",0.18,299999.0,39.737415742007,-105.053556666269,4008.78,5000,M,80.18%,809,COMPASS VEHICLE RENTAL INC (170 trucks) | JEFFERSON COUNTY (120 trucks) | JEFFCO SCHOOLS (274 trucks) | SITEWISE LLC (145 trucks) | CITY OF ARVADA (100 trucks),124000,15378,10256491.24,"$299,999.00"
Sol_053,422 Perry St,https://www.loopnet.com/Listing/422-Perry-St-Castle-Rock-CO/38421711/,"Castle Rock, CO 80104",0.24,605821.24,39.374148794158,-104.858322527659,2577.81,5000,M,51.56%,389,GREAT SOUTHWESTERN CONSTRUCTION INC (280 trucks) | TOWN OF CASTLE ROCK  (109 trucks),124000,15378,10256491.24,"$605,821.24"
Sol_053,239 S Main St,https://www.loopnet.com/Listing/239-S-Main-St-Brighton-CO/27424620/,"Brighton, CO 80601",0.31,250000.0,39.982905257485,-104.822555605705,1694.9,2000,S,84.75%,267,G&Z TRANSPORT LLC (147 trucks) | SIM TRUCKING INC (120 trucks),124000,15378,10256491.24,"$250,000.00"
Sol_053,606 W Colfax Ave,https://www.loopnet.com/Listing/606-W-Colfax-Ave-Denver-CO/26992476/,"Denver, CO 80204",0.31,1475000.0,39.739741342952,-104.995589435564,8517.300000000001,10000,L,85.17%,1207,MPLX G&P (144 trucks) | CONCRETE EXPRESS INC (128 trucks) | FARMERS ALL NATURAL (121 trucks) | PROCAM SERVICES  (101 trucks) | QUALITY LOGISTICS INC (135 trucks) | KEESEN ENTERPRISES INC (263 trucks) | COMCAST (194 trucks) | CITY LIGHT AND POWER INC (121 trucks),124000,15378,10256491.24,"$1,475,000.00"
Sol_053,1560 N Academy Blvd,https://www.loopnet.com/Listing/1560-N-Academy-Blvd-Colorado-Springs-CO/3886433/,"Colorado Springs, CO 80909",0.64,416700.0,38.854776988204,-104.75774002483,5689.619999999999,10000,L,56.90%,1031,COLORADO SPRINGS SCHOOL DISTRICT 11 (130 trucks) | MOUNTAIN METROPOLITAN TRANSIT (144 trucks) | CITY OF COLORADO SPRINGS (326 trucks) | El PASO COUNTY (112 trucks) | GOODWILL OF COLORADO (134 trucks) | VECTRUS SYSTEMS CORPORATION (185 trucks),124000,15378,10256491.24,"$416,700.00"
Sol_053,4237 McWhinney Blvd,https://www.loopnet.com/Listing/4237-McWhinney-Blvd-Loveland-CO/23974785/,"Loveland, CO 80538",0.65,871347.9,40.408208389025,-105.017378025231,252.96,1000,XS,25.30%,109,LOVELAND MUNICIPALITY (109 trucks),124000,15378,10256491.24,"$871,347.90"
Sol_053,10431 Quari St,https://www.loopnet.com/Listing/10431-Quari-St-Commerce-City-CO/29119294/,"Commerce City, CO 80022",0.72,270000.0,39.886267655476,-104.844980046547,4169.15,5000,M,83.38%,562,ENVIRONMENTAL DESIGNS LLC (156 trucks) | BALIC TRANSPORT INC (120 trucks) | BURNCO COLORADO LLC (146 trucks) | WEST DIRECT OIL (140 trucks),124000,15378,10256491.24,"$270,000.00"
Sol_053,NEC N Fairgrounds Ave,https://www.loopnet.com/Listing/NEC-N-Fairgrounds-Ave-Windsor-CO/29890025/,"Windsor, CO 80528",0.74,483449.0,40.437732372143,-104.982630626628,3990.5600000000004,5000,M,79.81%,575,LARIMER COUNTY (131 trucks) | NOVUS AG LLC (444 trucks),124000,15378,10256491.24,"$483,449.00"
Sol_053,11958 Lincoln Ave,https://www.loopnet.com/Listing/Lincoln-Ave-Parker-CO/39741118/,"Parker, CO 80138",0.86,495000.0,39.536519536914,-104.76116705724,18264.289999999997,20000,XL,91.32%,2581,ACCELERATED SERVICES LLC (373 trucks) | AMERICAN FURNITURE WAREHOUSE CO (340 trucks) | TERRACARE ASSOCIATES LLC (156 trucks) | IHC SCOTT INC (214 trucks) | BUCKLEY POWDER CO (217 trucks) | CH2M OMI CH2MHILL JACOBS (183 trucks) | ORICA USA INC (215 trucks) | CHERRY CREEK SCHOOLS (352 trucks) | HBSCO DANS TRASH AT YOUR DISPOSAL (110 trucks) | ENTERPRISE RENT-A-CAR NATIONAL RENT A CAR ALAMO RENT A CAR (421 trucks),124000,15378,10256491.24,"$495,000.00"
Sol_053,2450 Curtis St,https://www.loopnet.com/Listing/2450-Curtis-St-Denver-CO/34878162/,"Denver, CO 80205",0.93,1930000.0,39.755035173034,-104.984190298703,13972.56,20000,XL,69.86%,1896,RES (149 trucks) | CO TRAN LLC (275 trucks) | WASTE CONNECTIONS OF COLORADO INC (486 trucks) | COORS DISTRIBUTING COMPANY MILLER COORS LLC (105 trucks) | U S TRANSPORT INC (200 trucks) | SUPERSHUTTLE DENVER (125 trucks) | UNITED SITE SERVICES OF NEVADA INC (409 trucks) | UNITED SITE SERVICES OF COLORADO INC (147 trucks),124000,15378,10256491.24,"$1,930,000.00"
Sol_053,3311 Ideal Drive Dr,https://www.loopnet.com/Listing/3311-Ideal-Drive-Dr-Frederick-CO/35744244/,"Frederick, CO 80516",1.0,949000.0,40.087044076103,-104.992966989518,4928.75,5000,M,98.58%,991,SUPREME TRANSPORT INC (183 trucks) | WARD ELECTRIC COMPANY INC (222 trucks) | CITY OF LONGMONT (211 trucks) | ST VRAIN VALLEY SCHOOL DISTRICT (174 trucks) | HEAT WAVES HOT OIL SERVICE LLC (201 trucks),124000,15378,10256491.24,"$949,000.00"
Sol_053,Colfax Ave & Airport Blvd,https://www.loopnet.com/Listing/Colfax-Ave-Airport-Blvd-Aurora-CO/24946845/,"Aurora, CO 80011",1.1,955174.1,39.740269989586,-104.791334022205,9801.08,10000,L,98.01%,1396,METCO LANDSCAPING INC (226 trucks) | WAGNER EQUIPMENT CO (423 trucks) | AURORA PUBLIC SCHOOLS (127 trucks) | CITY OF AURORA (271 trucks) | SHAMROCK FOODS COMPANY (214 trucks) | SWINGLE TREE & LANDSCAPE CARE (135 trucks),124000,15378,10256491.24,"$955,174.10"
Sol_053,8850 Huron St,https://www.loopnet.com/Listing/8850-Huron-St-Thornton-CO/33061072/,"Thornton, CO 80260",1.26,349000.0,39.858426283979,-104.995662022846,19552.47,20000,XL,97.76%,2801,CITY OF THORNTON (208 trucks) | CITY OF THORNTON (174 trucks) | COCAL LANDSCAPE SERVICES INC (153 trucks) | COLD FRONT (121 trucks) | READY MIX CONCRETE COMPANY (191 trucks) | NAVAJO EXPRESS INC (309 trucks) | TRI-STATE GENERATION & TRANSMISSION ASSOCIATION INC (321 trucks) | WESTERN DISTRIBUTING TRANSPORTATION CORP (155 trucks) | RMS CRANES (139 trucks) | SURESHOT DRILLING LLC ATOZ FIELD SERVICES LLC DRILL TECH LLC PINNACLE DEVELOPMENT INC HDD SPECIALISTS LLC (135 trucks) | EAGLE ROCK DISTRIBUTING COMPANY OF COLORADO LLC (148 trucks) | OFFEN PETROLEUM LLC (269 trucks) | ALPINE MILLWORK COMPANY DBA ROCKY MOUNTAIN RELOAD (141 trucks) | ADAMS 12 FIVE STAR SCHOOLS (182 trucks) | GEOSTABILIZATION INTERNATIONAL LLC (155 trucks),124000,15378,10256491.24,"$349,000.00"
Sol_053,765 Aspen Ridge Drive Dr,https://www.loopnet.com/Listing/765-Aspen-Ridge-Drive-Dr-Lafayette-CO/32931931/,"Lafayette, CO 80026",1.43,556000.0,40.006898203868,-105.107210150504,4585.06,5000,M,91.70%,619,BOULDER VALLEY SCHOOL DISTRICT RE-2 (134 trucks) | VIA MOBILITY SERVICES (196 trucks) | VIA MOBILITY SERVICES (116 trucks) | CU (173 trucks),124000,15378,10256491.24,"$556,000.00"
Sol_054,2544 11th Ave,https://www.loopnet.com/Listing/2544-11th-Ave-Greeley-CO/35100267/,"Greeley, CO 80631",0.15,350000.0,40.395690645275,-104.69657283495,336.5,1000,XS,33.65%,145,WELD COUNTY PUBLIC WORKS DEPARTMENT (145 trucks),142000,16610,11640385.24,"$350,000.00"
Sol_054,1339 Sheridan Blvd,https://www.loopnet.com/Listing/1339-Sheridan-Blvd-Lakewood-CO/29629654/,"Lakewood, CO 80214",0.18,299999.0,39.737415742007,-105.053556666269,1949.27,2000,S,97.46%,415,COMPASS VEHICLE RENTAL INC (170 trucks) | SITEWISE LLC (145 trucks) | CITY OF ARVADA (100 trucks),142000,16610,11640385.24,"$299,999.00"
Sol_054,831 N Clarkson St,https://www.loopnet.com/Listing/831-N-Clarkson-St-Denver-CO/38142797/,"Denver, CO 80218",0.18,899000.0,39.729919009716,-104.977904960968,3413.46,5000,M,68.27%,396,FARMERS ALL NATURAL (121 trucks) | CO TRAN LLC (275 trucks),142000,16610,11640385.24,"$899,000.00"
Sol_054,422 Perry St,https://www.loopnet.com/Listing/422-Perry-St-Castle-Rock-CO/38421711/,"Castle Rock, CO 80104",0.24,605821.24,39.374148794158,-104.858322527659,2577.81,5000,M,51.56%,389,GREAT SOUTHWESTERN CONSTRUCTION INC (280 trucks) | TOWN OF CASTLE ROCK  (109 trucks),142000,16610,11640385.24,"$605,821.24"
Sol_054,239 S Main St,https://www.loopnet.com/Listing/239-S-Main-St-Brighton-CO/27424620/,"Brighton, CO 80601",0.31,250000.0,39.982905257485,-104.822555605705,1694.9,2000,S,84.75%,267,G&Z TRANSPORT LLC (147 trucks) | SIM TRUCKING INC (120 trucks),142000,16610,11640385.24,"$250,000.00"
Sol_054,606 W Colfax Ave,https://www.loopnet.com/Listing/606-W-Colfax-Ave-Denver-CO/26992476/,"Denver, CO 80204",0.31,1475000.0,39.739741342952,-104.995589435564,8665.94,10000,L,86.66%,1212,MPLX G&P (144 trucks) | RES (149 trucks) | CONCRETE EXPRESS INC (128 trucks) | COORS DISTRIBUTING COMPANY MILLER COORS LLC (105 trucks) | U S TRANSPORT INC (200 trucks) | WASTE CONNECTIONS OF COLORADO INC (486 trucks),142000,16610,11640385.24,"$1,475,000.00"
Sol_054,8905 E Colfax Ave,https://www.loopnet.com/Listing/8905-E-Colfax-Ave-Aurora-CO/32567100/,"Aurora, CO 80010",0.33,845000.0,39.740387126683,-104.884281197975,8899.3,10000,L,88.99%,1313,SUPERSHUTTLE DENVER (125 trucks) | SWINGLE TREE & LANDSCAPE CARE (135 trucks) | COMCAST (194 trucks) | UNITED SITE SERVICES OF NEVADA INC (409 trucks) | UNITED SITE SERVICES OF COLORADO INC (147 trucks) | CITY LIGHT AND POWER INC (121 trucks) | WHEEL PROS LLC (182 trucks),142000,16610,11640385.24,"$845,000.00"
Sol_054,17160 W Colfax Ave,https://www.loopnet.com/Listing/17160-W-Colfax-Ave-Golden-CO/29520298/,"Golden, CO 80401",0.63,500000.0,39.722253633534,-105.192465086092,5488.67,10000,L,54.89%,807,ENIVIRONMENTAL LANDWORKS COMPANY INC (115 trucks) | HOLCIM WCR INC (298 trucks) | JEFFCO SCHOOLS (274 trucks) | JEFFERSON COUNTY (120 trucks),142000,16610,11640385.24,"$500,000.00"
Sol_054,1560 N Academy Blvd,https://www.loopnet.com/Listing/1560-N-Academy-Blvd-Colorado-Springs-CO/3886433/,"Colorado Springs, CO 80909",0.64,416700.0,38.854776988204,-104.75774002483,5689.619999999999,10000,L,56.90%,1031,COLORADO SPRINGS SCHOOL DISTRICT 11 (130 trucks) | MOUNTAIN METROPOLITAN TRANSIT (144 trucks) | CITY OF COLORADO SPRINGS (326 trucks) | El PASO COUNTY (112 trucks) | GOODWILL OF COLORADO (134 trucks) | VECTRUS SYSTEMS CORPORATION (185 trucks),142000,16610,11640385.24,"$416,700.00"
Sol_054,4237 McWhinney Blvd,https://www.loopnet.com/Listing/4237-McWhinney-Blvd-Loveland-CO/23974785/,"Loveland, CO 80538",0.65,871347.9,40.408208389025,-105.017378025231,252.96,1000,XS,25.30%,109,LOVELAND MUNICIPALITY (109 trucks),142000,16610,11640385.24,"$871,347.90"
Sol_054,7300 W Jefferson Ave,https://www.loopnet.com/Listing/7300-W-Jefferson-Ave-Lakewood-CO/38419312/,"Lakewood, CO 80235",0.66,379999.0,39.649773884125,-105.079540805378,5048.249999999999,10000,L,50.48%,608,QUALITY LOGISTICS INC (135 trucks) | KEESEN ENTERPRISES INC (263 trucks) | PROCAM SERVICES  (101 trucks) | PACIFIC SHIPPING & TRUCKING CO INC (109 trucks),142000,16610,11640385.24,"$379,999.00"
Sol_054,10431 Quari St,https://www.loopnet.com/Listing/10431-Quari-St-Commerce-City-CO/29119294/,"Commerce City, CO 80022",0.72,270000.0,39.886267655476,-104.844980046547,4169.15,5000,M,83.38%,562,ENVIRONMENTAL DESIGNS LLC (156 trucks) | BALIC TRANSPORT INC (120 trucks) | BURNCO COLORADO LLC (146 trucks) | WEST DIRECT OIL (140 trucks),142000,16610,11640385.24,"$270,000.00"
Sol_054,NEC N Fairgrounds Ave,https://www.loopnet.com/Listing/NEC-N-Fairgrounds-Ave-Windsor-CO/29890025/,"Windsor, CO 80528",0.74,483449.0,40.437732372143,-104.982630626628,304.01,1000,XS,30.40%,131,LARIMER COUNTY (131 trucks),142000,16610,11640385.24,"$483,449.00"
Sol_054,11958 Lincoln Ave,https://www.loopnet.com/Listing/Lincoln-Ave-Parker-CO/39741118/,"Parker, CO 80138",0.86,495000.0,39.536519536914,-104.76116705724,18264.289999999997,20000,XL,91.32%,2581,ACCELERATED SERVICES LLC (373 trucks) | AMERICAN FURNITURE WAREHOUSE CO (340 trucks) | TERRACARE ASSOCIATES LLC (156 trucks) | IHC SCOTT INC (214 trucks) | BUCKLEY POWDER CO (217 trucks) | CH2M OMI CH2MHILL JACOBS (183 trucks) | ORICA USA INC (215 trucks) | CHERRY CREEK SCHOOLS (352 trucks) | HBSCO DANS TRASH AT YOUR DISPOSAL (110 trucks) | ENTERPRISE RENT-A-CAR NATIONAL RENT A CAR ALAMO RENT A CAR (421 trucks),142000,16610,11640385.24,"$495,000.00"
Sol_054,Harmony Rd,https://www.loopnet.com/Listing/Harmony-Rd-Timnath-CO/21109276/,"Timnath, CO 80547",0.88,689895.0,40.522951241822,-104.96262130308,5618.16,10000,L,56.18%,972,NOVUS AG LLC (444 trucks) | CITY OF FORT COLLINS (285 trucks) | Poudre School District  (243 trucks),142000,16610,11640385.24,"$689,895.00"
Sol_054,3311 Ideal Drive Dr,https://www.loopnet.com/Listing/3311-Ideal-Drive-Dr-Frederick-CO/35744244/,"Frederick, CO 80516",1.0,949000.0,40.087044076103,-104.992966989518,4928.75,5000,M,98.58%,991,SUPREME TRANSPORT INC (183 trucks) | WARD ELECTRIC COMPANY INC (222 trucks) | CITY OF LONGMONT (211 trucks) | ST VRAIN VALLEY SCHOOL DISTRICT (174 trucks) | HEAT WAVES HOT OIL SERVICE LLC (201 trucks),142000,16610,11640385.24,"$949,000.00"
Sol_054,Colfax Ave & Airport Blvd,https://www.loopnet.com/Listing/Colfax-Ave-Airport-Blvd-Aurora-CO/24946845/,"Aurora, CO 80011",1.1,955174.1,39.740269989586,-104.791334022205,8680.17,10000,L,86.80%,1261,METCO LANDSCAPING INC (226 trucks) | WAGNER EQUIPMENT CO (423 trucks) | AURORA PUBLIC SCHOOLS (127 trucks) | CITY OF AURORA (271 trucks) | SHAMROCK FOODS COMPANY (214 trucks),142000,16610,11640385.24,"$955,174.10"
Sol_054,8850 Huron St,https://www.loopnet.com/Listing/8850-Huron-St-Thornton-CO/33061072/,"Thornton, CO 80260",1.26,349000.0,39.858426283979,-104.995662022846,19552.47,20000,XL,97.76%,2801,CITY OF THORNTON (208 trucks) | CITY OF THORNTON (174 trucks) | COCAL LANDSCAPE SERVICES INC (153 trucks) | COLD FRONT (121 trucks) | READY MIX CONCRETE COMPANY (191 trucks) | NAVAJO EXPRESS INC (309 trucks) | TRI-STATE GENERATION & TRANSMISSION ASSOCIATION INC (321 trucks) | WESTERN DISTRIBUTING TRANSPORTATION CORP (155 trucks) | RMS CRANES (139 trucks) | SURESHOT DRILLING LLC ATOZ FIELD SERVICES LLC DRILL TECH LLC PINNACLE DEVELOPMENT INC HDD SPECIALISTS LLC (135 trucks) | EAGLE ROCK DISTRIBUTING COMPANY OF COLORADO LLC (148 trucks) | OFFEN PETROLEUM LLC (269 trucks) | ALPINE MILLWORK COMPANY DBA ROCKY MOUNTAIN RELOAD (141 trucks) | ADAMS 12 FIVE STAR SCHOOLS (182 trucks) | GEOSTABILIZATION INTERNATIONAL LLC (155 trucks),142000,16610,11640385.24,"$349,000.00"
Sol_054,765 Aspen Ridge Drive Dr,https://www.loopnet.com/Listing/765-Aspen-Ridge-Drive-Dr-Lafayette-CO/32931931/,"Lafayette, CO 80026",1.43,556000.0,40.006898203868,-105.107210150504,4585.06,5000,M,91.70%,619,BOULDER VALLEY SCHOOL DISTRICT RE-2 (134 trucks) | VIA MOBILITY SERVICES (196 trucks) | VIA MOBILITY SERVICES (116 trucks) | CU (173 trucks),142000,16610,11640385.24,"$556,000.00"
Sol_055,2544 11th Ave,https://www.loopnet.com/Listing/2544-11th-Ave-Greeley-CO/35100267/,"Greeley, CO 80631",0.15,350000.0,40.395690645275,-104.69657283495,336.5,1000,XS,33.65%,145,WELD COUNTY PUBLIC WORKS DEPARTMENT (145 trucks),104000,13242,8326491.24,"$350,000.00"
Sol_055,1339 Sheridan Blvd,https://www.loopnet.com/Listing/1339-Sheridan-Blvd-Lakewood-CO/29629654/,"Lakewood, CO 80214",0.18,299999.0,39.737415742007,-105.053556666269,4008.78,5000,M,80.18%,809,COMPASS VEHICLE RENTAL INC (170 trucks) | JEFFERSON COUNTY (120 trucks) | JEFFCO SCHOOLS (274 trucks) | SITEWISE LLC (145 trucks) | CITY OF ARVADA (100 trucks),104000,13242,8326491.24,"$299,999.00"
Sol_055,422 Perry St,https://www.loopnet.com/Listing/422-Perry-St-Castle-Rock-CO/38421711/,"Castle Rock, CO 80104",0.24,605821.24,39.374148794158,-104.858322527659,2577.81,5000,M,51.56%,389,GREAT SOUTHWESTERN CONSTRUCTION INC (280 trucks) | TOWN OF CASTLE ROCK  (109 trucks),104000,13242,8326491.24,"$605,821.24"
Sol_055,239 S Main St,https://www.loopnet.com/Listing/239-S-Main-St-Brighton-CO/27424620/,"Brighton, CO 80601",0.31,250000.0,39.982905257485,-104.822555605705,1694.9,2000,S,84.75%,267,G&Z TRANSPORT LLC (147 trucks) | SIM TRUCKING INC (120 trucks),104000,13242,8326491.24,"$250,000.00"
Sol_055,606 W Colfax Ave,https://www.loopnet.com/Listing/606-W-Colfax-Ave-Denver-CO/26992476/,"Denver, CO 80204",0.31,1475000.0,39.739741342952,-104.995589435564,8930.12,10000,L,89.30%,1122,MPLX G&P (144 trucks) | RES (149 trucks) | CONCRETE EXPRESS INC (128 trucks) | FARMERS ALL NATURAL (121 trucks) | CO TRAN LLC (275 trucks) | COORS DISTRIBUTING COMPANY MILLER COORS LLC (105 trucks) | U S TRANSPORT INC (200 trucks),104000,13242,8326491.24,"$1,475,000.00"
Sol_055,1560 N Academy Blvd,https://www.loopnet.com/Listing/1560-N-Academy-Blvd-Colorado-Springs-CO/3886433/,"Colorado Springs, CO 80909",0.64,416700.0,38.854776988204,-104.75774002483,5689.619999999999,10000,L,56.90%,1031,COLORADO SPRINGS SCHOOL DISTRICT 11 (130 trucks) | MOUNTAIN METROPOLITAN TRANSIT (144 trucks) | CITY OF COLORADO SPRINGS (326 trucks) | El PASO COUNTY (112 trucks) | GOODWILL OF COLORADO (134 trucks) | VECTRUS SYSTEMS CORPORATION (185 trucks),104000,13242,8326491.24,"$416,700.00"
Sol_055,4237 McWhinney Blvd,https://www.loopnet.com/Listing/4237-McWhinney-Blvd-Loveland-CO/23974785/,"Loveland, CO 80538",0.65,871347.9,40.408208389025,-105.017378025231,252.96,1000,XS,25.30%,109,LOVELAND MUNICIPALITY (109 trucks),104000,13242,8326491.24,"$871,347.90"
Sol_055,10431 Quari St,https://www.loopnet.com/Listing/10431-Quari-St-Commerce-City-CO/29119294/,"Commerce City, CO 80022",0.72,270000.0,39.886267655476,-104.844980046547,4169.15,5000,M,83.38%,562,ENVIRONMENTAL DESIGNS LLC (156 trucks) | BALIC TRANSPORT INC (120 trucks) | BURNCO COLORADO LLC (146 trucks) | WEST DIRECT OIL (140 trucks),104000,13242,8326491.24,"$270,000.00"
Sol_055,NEC N Fairgrounds Ave,https://www.loopnet.com/Listing/NEC-N-Fairgrounds-Ave-Windsor-CO/29890025/,"Windsor, CO 80528",0.74,483449.0,40.437732372143,-104.982630626628,3990.5600000000004,5000,M,79.81%,575,LARIMER COUNTY (131 trucks) | NOVUS AG LLC (444 trucks),104000,13242,8326491.24,"$483,449.00"
Sol_055,11958 Lincoln Ave,https://www.loopnet.com/Listing/Lincoln-Ave-Parker-CO/39741118/,"Parker, CO 80138",0.86,495000.0,39.536519536914,-104.76116705724,18264.289999999997,20000,XL,91.32%,2581,ACCELERATED SERVICES LLC (373 trucks) | AMERICAN FURNITURE WAREHOUSE CO (340 trucks) | TERRACARE ASSOCIATES LLC (156 trucks) | IHC SCOTT INC (214 trucks) | BUCKLEY POWDER CO (217 trucks) | CH2M OMI CH2MHILL JACOBS (183 trucks) | ORICA USA INC (215 trucks) | CHERRY CREEK SCHOOLS (352 trucks) | HBSCO DANS TRASH AT YOUR DISPOSAL (110 trucks) | ENTERPRISE RENT-A-CAR NATIONAL RENT A CAR ALAMO RENT A CAR (421 trucks),104000,13242,8326491.24,"$495,000.00"
Sol_055,3311 Ideal Drive Dr,https://www.loopnet.com/Listing/3311-Ideal-Drive-Dr-Frederick-CO/35744244/,"Frederick, CO 80516",1.0,949000.0,40.087044076103,-104.992966989518,4928.75,5000,M,98.58%,991,SUPREME TRANSPORT INC (183 trucks) | WARD ELECTRIC COMPANY INC (222 trucks) | CITY OF LONGMONT (211 trucks) | ST VRAIN VALLEY SCHOOL DISTRICT (174 trucks) | HEAT WAVES HOT OIL SERVICE LLC (201 trucks),104000,13242,8326491.24,"$949,000.00"
Sol_055,Colfax Ave & Airport Blvd,https://www.loopnet.com/Listing/Colfax-Ave-Airport-Blvd-Aurora-CO/24946845/,"Aurora, CO 80011",1.1,955174.1,39.740269989586,-104.791334022205,9801.08,10000,L,98.01%,1396,METCO LANDSCAPING INC (226 trucks) | WAGNER EQUIPMENT CO (423 trucks) | AURORA PUBLIC SCHOOLS (127 trucks) | CITY OF AURORA (271 trucks) | SHAMROCK FOODS COMPANY (214 trucks) | SWINGLE TREE & LANDSCAPE CARE (135 trucks),104000,13242,8326491.24,"$955,174.10"
Sol_055,8850 Huron St,https://www.loopnet.com/Listing/8850-Huron-St-Thornton-CO/33061072/,"Thornton, CO 80260",1.26,349000.0,39.858426283979,-104.995662022846,18265.5,20000,XL,91.33%,2646,CITY OF THORNTON (208 trucks) | CITY OF THORNTON (174 trucks) | COCAL LANDSCAPE SERVICES INC (153 trucks) | COLD FRONT (121 trucks) | READY MIX CONCRETE COMPANY (191 trucks) | NAVAJO EXPRESS INC (309 trucks) | TRI-STATE GENERATION & TRANSMISSION ASSOCIATION INC (321 trucks) | WESTERN DISTRIBUTING TRANSPORTATION CORP (155 trucks) | RMS CRANES (139 trucks) | SURESHOT DRILLING LLC ATOZ FIELD SERVICES LLC DRILL TECH LLC PINNACLE DEVELOPMENT INC HDD SPECIALISTS LLC (135 trucks) | EAGLE ROCK DISTRIBUTING COMPANY OF COLORADO LLC (148 trucks) | OFFEN PETROLEUM LLC (269 trucks) | ALPINE MILLWORK COMPANY DBA ROCKY MOUNTAIN RELOAD (141 trucks) | ADAMS 12 FIVE STAR SCHOOLS (182 trucks),104000,13242,8326491.24,"$349,000.00"
Sol_055,765 Aspen Ridge Drive Dr,https://www.loopnet.com/Listing/765-Aspen-Ridge-Drive-Dr-Lafayette-CO/32931931/,"Lafayette, CO 80026",1.43,556000.0,40.006898203868,-105.107210150504,4585.06,5000,M,91.70%,619,BOULDER VALLEY SCHOOL DISTRICT RE-2 (134 trucks) | VIA MOBILITY SERVICES (196 trucks) | VIA MOBILITY SERVICES (116 trucks) | CU (173 trucks),104000,13242,8326491.24,"$556,000.00"
Sol_056,2544 11th Ave,https://www.loopnet.com/Listing/2544-11th-Ave-Greeley-CO/35100267/,"Greeley, CO 80631",0.15,350000.0,40.395690645275,-104.69657283495,336.5,1000,XS,33.65%,145,WELD COUNTY PUBLIC WORKS DEPARTMENT (145 trucks),129000,14944,9453330.690000001,"$350,000.00"
Sol_056,1339 Sheridan Blvd,https://www.loopnet.com/Listing/1339-Sheridan-Blvd-Lakewood-CO/29629654/,"Lakewood, CO 80214",0.18,299999.0,39.737415742007,-105.053556666269,4008.78,5000,M,80.18%,809,COMPASS VEHICLE RENTAL INC (170 trucks) | JEFFERSON COUNTY (120 trucks) | JEFFCO SCHOOLS (274 trucks) | SITEWISE LLC (145 trucks) | CITY OF ARVADA (100 trucks),129000,14944,9453330.690000001,"$299,999.00"
Sol_056,422 Perry St,https://www.loopnet.com/Listing/422-Perry-St-Castle-Rock-CO/38421711/,"Castle Rock, CO 80104",0.24,605821.24,39.374148794158,-104.858322527659,2577.81,5000,M,51.56%,389,GREAT SOUTHWESTERN CONSTRUCTION INC (280 trucks) | TOWN OF CASTLE ROCK  (109 trucks),129000,14944,9453330.690000001,"$605,821.24"
Sol_056,239 S Main St,https://www.loopnet.com/Listing/239-S-Main-St-Brighton-CO/27424620/,"Brighton, CO 80601",0.31,250000.0,39.982905257485,-104.822555605705,1694.9,2000,S,84.75%,267,G&Z TRANSPORT LLC (147 trucks) | SIM TRUCKING INC (120 trucks),129000,14944,9453330.690000001,"$250,000.00"
Sol_056,606 W Colfax Ave,https://www.loopnet.com/Listing/606-W-Colfax-Ave-Denver-CO/26992476/,"Denver, CO 80204",0.31,1475000.0,39.739741342952,-104.995589435564,8930.12,10000,L,89.30%,1122,MPLX G&P (144 trucks) | RES (149 trucks) | CONCRETE EXPRESS INC (128 trucks) | FARMERS ALL NATURAL (121 trucks) | CO TRAN LLC (275 trucks) | COORS DISTRIBUTING COMPANY MILLER COORS LLC (105 trucks) | U S TRANSPORT INC (200 trucks),129000,14944,9453330.690000001,"$1,475,000.00"
Sol_056,1560 N Academy Blvd,https://www.loopnet.com/Listing/1560-N-Academy-Blvd-Colorado-Springs-CO/3886433/,"Colorado Springs, CO 80909",0.64,416700.0,38.854776988204,-104.75774002483,5689.619999999999,10000,L,56.90%,1031,COLORADO SPRINGS SCHOOL DISTRICT 11 (130 trucks) | MOUNTAIN METROPOLITAN TRANSIT (144 trucks) | CITY OF COLORADO SPRINGS (326 trucks) | El PASO COUNTY (112 trucks) | GOODWILL OF COLORADO (134 trucks) | VECTRUS SYSTEMS CORPORATION (185 trucks),129000,14944,9453330.690000001,"$416,700.00"
Sol_056,4237 McWhinney Blvd,https://www.loopnet.com/Listing/4237-McWhinney-Blvd-Loveland-CO/23974785/,"Loveland, CO 80538",0.65,871347.9,40.408208389025,-105.017378025231,252.96,1000,XS,25.30%,109,LOVELAND MUNICIPALITY (109 trucks),129000,14944,9453330.690000001,"$871,347.90"
Sol_056,10431 Quari St,https://www.loopnet.com/Listing/10431-Quari-St-Commerce-City-CO/29119294/,"Commerce City, CO 80022",0.72,270000.0,39.886267655476,-104.844980046547,4169.15,5000,M,83.38%,562,ENVIRONMENTAL DESIGNS LLC (156 trucks) | BALIC TRANSPORT INC (120 trucks) | BURNCO COLORADO LLC (146 trucks) | WEST DIRECT OIL (140 trucks),129000,14944,9453330.690000001,"$270,000.00"
Sol_056,NEC N Fairgrounds Ave,https://www.loopnet.com/Listing/NEC-N-Fairgrounds-Ave-Windsor-CO/29890025/,"Windsor, CO 80528",0.74,483449.0,40.437732372143,-104.982630626628,3990.5600000000004,5000,M,79.81%,575,LARIMER COUNTY (131 trucks) | NOVUS AG LLC (444 trucks),129000,14944,9453330.690000001,"$483,449.00"
Sol_056,11958 Lincoln Ave,https://www.loopnet.com/Listing/Lincoln-Ave-Parker-CO/39741118/,"Parker, CO 80138",0.86,495000.0,39.536519536914,-104.76116705724,15005.279999999999,20000,XL,75.03%,2050,ACCELERATED SERVICES LLC (373 trucks) | AMERICAN FURNITURE WAREHOUSE CO (340 trucks) | TERRACARE ASSOCIATES LLC (156 trucks) | IHC SCOTT INC (214 trucks) | BUCKLEY POWDER CO (217 trucks) | CH2M OMI CH2MHILL JACOBS (183 trucks) | ORICA USA INC (215 trucks) | CHERRY CREEK SCHOOLS (352 trucks),129000,14944,9453330.690000001,"$495,000.00"
Sol_056,1801 W Union Ave,https://www.loopnet.com/Listing/1801-W-Union-Ave-Englewood-CO/39250756/,"Englewood, CO 80110",0.95,912839.45,39.63264140749,-105.009568941318,14985.23,20000,XL,74.93%,2078,KEESEN ENTERPRISES INC (263 trucks) | QUALITY LOGISTICS INC (135 trucks) | PROCAM SERVICES  (101 trucks) | PACIFIC SHIPPING & TRUCKING CO INC (109 trucks) | CITY LIGHT AND POWER INC (121 trucks) | WHEEL PROS LLC (182 trucks) | GLOBAL TRANSPORTATION LLC (442 trucks) | COMCAST (194 trucks) | ENTERPRISE RENT-A-CAR NATIONAL RENT A CAR ALAMO RENT A CAR (421 trucks) | HBSCO DANS TRASH AT YOUR DISPOSAL (110 trucks),129000,14944,9453330.690000001,"$912,839.45"
Sol_056,3311 Ideal Drive Dr,https://www.loopnet.com/Listing/3311-Ideal-Drive-Dr-Frederick-CO/35744244/,"Frederick, CO 80516",1.0,949000.0,40.087044076103,-104.992966989518,4928.75,5000,M,98.58%,991,SUPREME TRANSPORT INC (183 trucks) | WARD ELECTRIC COMPANY INC (222 trucks) | CITY OF LONGMONT (211 trucks) | ST VRAIN VALLEY SCHOOL DISTRICT (174 trucks) | HEAT WAVES HOT OIL SERVICE LLC (201 trucks),129000,14944,9453330.690000001,"$949,000.00"
Sol_056,Colfax Ave & Airport Blvd,https://www.loopnet.com/Listing/Colfax-Ave-Airport-Blvd-Aurora-CO/24946845/,"Aurora, CO 80011",1.1,955174.1,39.740269989586,-104.791334022205,9801.08,10000,L,98.01%,1396,METCO LANDSCAPING INC (226 trucks) | WAGNER EQUIPMENT CO (423 trucks) | AURORA PUBLIC SCHOOLS (127 trucks) | CITY OF AURORA (271 trucks) | SHAMROCK FOODS COMPANY (214 trucks) | SWINGLE TREE & LANDSCAPE CARE (135 trucks),129000,14944,9453330.690000001,"$955,174.10"
Sol_056,8850 Huron St,https://www.loopnet.com/Listing/8850-Huron-St-Thornton-CO/33061072/,"Thornton, CO 80260",1.26,349000.0,39.858426283979,-104.995662022846,18265.5,20000,XL,91.33%,2646,CITY OF THORNTON (208 trucks) | CITY OF THORNTON (174 trucks) | COCAL LANDSCAPE SERVICES INC (153 trucks) | COLD FRONT (121 trucks) | READY MIX CONCRETE COMPANY (191 trucks) | NAVAJO EXPRESS INC (309 trucks) | TRI-STATE GENERATION & TRANSMISSION ASSOCIATION INC (321 trucks) | WESTERN DISTRIBUTING TRANSPORTATION CORP (155 trucks) | RMS CRANES (139 trucks) | SURESHOT DRILLING LLC ATOZ FIELD SERVICES LLC DRILL TECH LLC PINNACLE DEVELOPMENT INC HDD SPECIALISTS LLC (135 trucks) | EAGLE ROCK DISTRIBUTING COMPANY OF COLORADO LLC (148 trucks) | OFFEN PETROLEUM LLC (269 trucks) | ALPINE MILLWORK COMPANY DBA ROCKY MOUNTAIN RELOAD (141 trucks) | ADAMS 12 FIVE STAR SCHOOLS (182 trucks),129000,14944,9453330.690000001,"$349,000.00"
Sol_056,691 S Arthur Ave,https://www.loopnet.com/Listing/691-S-Arthur-Ave-Louisville-CO/28363665/,"Louisville, CO 80027",1.82,770000.0,39.959650421496,-105.123043733241,5872.03,10000,L,58.72%,774,GEOSTABILIZATION INTERNATIONAL LLC (155 trucks) | BOULDER VALLEY SCHOOL DISTRICT RE-2 (134 trucks) | VIA MOBILITY SERVICES (196 trucks) | VIA MOBILITY SERVICES (116 trucks) | CU (173 trucks),129000,14944,9453330.690000001,"$770,000.00"
Sol_057,2544 11th Ave,https://www.loopnet.com/Listing/2544-11th-Ave-Greeley-CO/35100267/,"Greeley, CO 80631",0.15,350000.0,40.395690645275,-104.69657283495,336.5,1000,XS,33.65%,145,WELD COUNTY PUBLIC WORKS DEPARTMENT (145 trucks),134000,16524,12350669.0,"$350,000.00"
Sol_057,1319 Sheridan Blvd,https://www.loopnet.com/Listing/1319-1327-Sheridan-Blvd-Lakewood-CO/38343110/,"Lakewood, CO 80214",0.3,999998.0,39.737113071483,-105.053491874157,7437.9400000000005,10000,L,74.38%,1222,COMPASS VEHICLE RENTAL INC (170 trucks) | JEFFERSON COUNTY (120 trucks) | JEFFCO SCHOOLS (274 trucks) | SITEWISE LLC (145 trucks) | CITY OF ARVADA (100 trucks) | HOLCIM WCR INC (298 trucks) | ENIVIRONMENTAL LANDWORKS COMPANY INC (115 trucks),134000,16524,12350669.0,"$999,998.00"
Sol_057,239 S Main St,https://www.loopnet.com/Listing/239-S-Main-St-Brighton-CO/27424620/,"Brighton, CO 80601",0.31,250000.0,39.982905257485,-104.822555605705,1694.9,2000,S,84.75%,267,G&Z TRANSPORT LLC (147 trucks) | SIM TRUCKING INC (120 trucks),134000,16524,12350669.0,"$250,000.00"
Sol_057,606 W Colfax Ave,https://www.loopnet.com/Listing/606-W-Colfax-Ave-Denver-CO/26992476/,"Denver, CO 80204",0.31,1475000.0,39.739741342952,-104.995589435564,8517.300000000001,10000,L,85.17%,1207,MPLX G&P (144 trucks) | CONCRETE EXPRESS INC (128 trucks) | FARMERS ALL NATURAL (121 trucks) | PROCAM SERVICES  (101 trucks) | QUALITY LOGISTICS INC (135 trucks) | KEESEN ENTERPRISES INC (263 trucks) | COMCAST (194 trucks) | CITY LIGHT AND POWER INC (121 trucks),134000,16524,12350669.0,"$1,475,000.00"
Sol_057,1560 N Academy Blvd,https://www.loopnet.com/Listing/1560-N-Academy-Blvd-Colorado-Springs-CO/3886433/,"Colorado Springs, CO 80909",0.64,416700.0,38.854776988204,-104.75774002483,5689.619999999999,10000,L,56.90%,1031,COLORADO SPRINGS SCHOOL DISTRICT 11 (130 trucks) | MOUNTAIN METROPOLITAN TRANSIT (144 trucks) | CITY OF COLORADO SPRINGS (326 trucks) | El PASO COUNTY (112 trucks) | GOODWILL OF COLORADO (134 trucks) | VECTRUS SYSTEMS CORPORATION (185 trucks),134000,16524,12350669.0,"$416,700.00"
Sol_057,4237 McWhinney Blvd,https://www.loopnet.com/Listing/4237-McWhinney-Blvd-Loveland-CO/23974785/,"Loveland, CO 80538",0.65,871347.9,40.408208389025,-105.017378025231,252.96,1000,XS,25.30%,109,LOVELAND MUNICIPALITY (109 trucks),134000,16524,12350669.0,"$871,347.90"
Sol_057,10431 Quari St,https://www.loopnet.com/Listing/10431-Quari-St-Commerce-City-CO/29119294/,"Commerce City, CO 80022",0.72,270000.0,39.886267655476,-104.844980046547,4169.15,5000,M,83.38%,562,ENVIRONMENTAL DESIGNS LLC (156 trucks) | BALIC TRANSPORT INC (120 trucks) | BURNCO COLORADO LLC (146 trucks) | WEST DIRECT OIL (140 trucks),134000,16524,12350669.0,"$270,000.00"
Sol_057,NEC N Fairgrounds Ave,https://www.loopnet.com/Listing/NEC-N-Fairgrounds-Ave-Windsor-CO/29890025/,"Windsor, CO 80528",0.74,483449.0,40.437732372143,-104.982630626628,3990.5600000000004,5000,M,79.81%,575,LARIMER COUNTY (131 trucks) | NOVUS AG LLC (444 trucks),134000,16524,12350669.0,"$483,449.00"
Sol_057,11958 Lincoln Ave,https://www.loopnet.com/Listing/Lincoln-Ave-Parker-CO/39741118/,"Parker, CO 80138",0.86,495000.0,39.536519536914,-104.76116705724,19379.71,20000,XL,96.90%,2601,ACCELERATED SERVICES LLC (373 trucks) | AMERICAN FURNITURE WAREHOUSE CO (340 trucks) | TERRACARE ASSOCIATES LLC (156 trucks) | IHC SCOTT INC (214 trucks) | BUCKLEY POWDER CO (217 trucks) | ORICA USA INC (215 trucks) | CHERRY CREEK SCHOOLS (352 trucks) | HBSCO DANS TRASH AT YOUR DISPOSAL (110 trucks) | GLOBAL TRANSPORTATION LLC (442 trucks) | WHEEL PROS LLC (182 trucks),134000,16524,12350669.0,"$495,000.00"
Sol_057,2450 Curtis St,https://www.loopnet.com/Listing/2450-Curtis-St-Denver-CO/34878162/,"Denver, CO 80205",0.93,1930000.0,39.755035173034,-104.984190298703,13972.56,20000,XL,69.86%,1896,RES (149 trucks) | CO TRAN LLC (275 trucks) | WASTE CONNECTIONS OF COLORADO INC (486 trucks) | COORS DISTRIBUTING COMPANY MILLER COORS LLC (105 trucks) | U S TRANSPORT INC (200 trucks) | SUPERSHUTTLE DENVER (125 trucks) | UNITED SITE SERVICES OF NEVADA INC (409 trucks) | UNITED SITE SERVICES OF COLORADO INC (147 trucks),134000,16524,12350669.0,"$1,930,000.00"
Sol_057,3311 Ideal Drive Dr,https://www.loopnet.com/Listing/3311-Ideal-Drive-Dr-Frederick-CO/35744244/,"Frederick, CO 80516",1.0,949000.0,40.087044076103,-104.992966989518,4928.75,5000,M,98.58%,991,SUPREME TRANSPORT INC (183 trucks) | WARD ELECTRIC COMPANY INC (222 trucks) | CITY OF LONGMONT (211 trucks) | ST VRAIN VALLEY SCHOOL DISTRICT (174 trucks) | HEAT WAVES HOT OIL SERVICE LLC (201 trucks),134000,16524,12350669.0,"$949,000.00"
Sol_057,Colfax Ave & Airport Blvd,https://www.loopnet.com/Listing/Colfax-Ave-Airport-Blvd-Aurora-CO/24946845/,"Aurora, CO 80011",1.1,955174.1,39.740269989586,-104.791334022205,9801.08,10000,L,98.01%,1396,METCO LANDSCAPING INC (226 trucks) | WAGNER EQUIPMENT CO (423 trucks) | AURORA PUBLIC SCHOOLS (127 trucks) | CITY OF AURORA (271 trucks) | SHAMROCK FOODS COMPANY (214 trucks) | SWINGLE TREE & LANDSCAPE CARE (135 trucks),134000,16524,12350669.0,"$955,174.10"
Sol_057,8850 Huron St,https://www.loopnet.com/Listing/8850-Huron-St-Thornton-CO/33061072/,"Thornton, CO 80260",1.26,349000.0,39.858426283979,-104.995662022846,19552.47,20000,XL,97.76%,2801,CITY OF THORNTON (208 trucks) | CITY OF THORNTON (174 trucks) | COCAL LANDSCAPE SERVICES INC (153 trucks) | COLD FRONT (121 trucks) | READY MIX CONCRETE COMPANY (191 trucks) | NAVAJO EXPRESS INC (309 trucks) | TRI-STATE GENERATION & TRANSMISSION ASSOCIATION INC (321 trucks) | WESTERN DISTRIBUTING TRANSPORTATION CORP (155 trucks) | RMS CRANES (139 trucks) | SURESHOT DRILLING LLC ATOZ FIELD SERVICES LLC DRILL TECH LLC PINNACLE DEVELOPMENT INC HDD SPECIALISTS LLC (135 trucks) | EAGLE ROCK DISTRIBUTING COMPANY OF COLORADO LLC (148 trucks) | OFFEN PETROLEUM LLC (269 trucks) | ALPINE MILLWORK COMPANY DBA ROCKY MOUNTAIN RELOAD (141 trucks) | ADAMS 12 FIVE STAR SCHOOLS (182 trucks) | GEOSTABILIZATION INTERNATIONAL LLC (155 trucks),134000,16524,12350669.0,"$349,000.00"
Sol_057,765 Aspen Ridge Drive Dr,https://www.loopnet.com/Listing/765-Aspen-Ridge-Drive-Dr-Lafayette-CO/32931931/,"Lafayette, CO 80026",1.43,556000.0,40.006898203868,-105.107210150504,4585.06,5000,M,91.70%,619,BOULDER VALLEY SCHOOL DISTRICT RE-2 (134 trucks) | VIA MOBILITY SERVICES (196 trucks) | VIA MOBILITY SERVICES (116 trucks) | CU (173 trucks),134000,16524,12350669.0,"$556,000.00"
Sol_057,I-25 And Castle Pines Parkway,https://www.loopnet.com/Listing/I-25-And-Castle-Pines-Parkway-Castle-Rock-CO/32045010/,"Castle Rock, CO 80108",1.89,2000000.0,39.471987019978,-104.872723978419,7548.509999999999,10000,L,75.49%,1102,TOWN OF CASTLE ROCK  (109 trucks) | CH2M OMI CH2MHILL JACOBS (183 trucks) | ENTERPRISE RENT-A-CAR NATIONAL RENT A CAR ALAMO RENT A CAR (421 trucks) | GREAT SOUTHWESTERN CONSTRUCTION INC (280 trucks) | PACIFIC SHIPPING & TRUCKING CO INC (109 trucks),134000,16524,12350669.0,"$2,000,000.00"
Sol_058,2544 11th Ave,https://www.loopnet.com/Listing/2544-11th-Ave-Greeley-CO/35100267/,"Greeley, CO 80631",0.15,350000.0,40.395690645275,-104.69657283495,336.5,1000,XS,33.65%,145,WELD COUNTY PUBLIC WORKS DEPARTMENT (145 trucks),139000,16038,10784329.69,"$350,000.00"
Sol_058,422 Perry St,https://www.loopnet.com/Listing/422-Perry-St-Castle-Rock-CO/38421711/,"Castle Rock, CO 80104",0.24,605821.24,39.374148794158,-104.858322527659,2577.81,5000,M,51.56%,389,GREAT SOUTHWESTERN CONSTRUCTION INC (280 trucks) | TOWN OF CASTLE ROCK  (109 trucks),139000,16038,10784329.69,"$605,821.24"
Sol_058,1319 Sheridan Blvd,https://www.loopnet.com/Listing/1319-1327-Sheridan-Blvd-Lakewood-CO/38343110/,"Lakewood, CO 80214",0.3,999998.0,39.737113071483,-105.053491874157,7437.9400000000005,10000,L,74.38%,1222,COMPASS VEHICLE RENTAL INC (170 trucks) | JEFFERSON COUNTY (120 trucks) | JEFFCO SCHOOLS (274 trucks) | SITEWISE LLC (145 trucks) | CITY OF ARVADA (100 trucks) | HOLCIM WCR INC (298 trucks) | ENIVIRONMENTAL LANDWORKS COMPANY INC (115 trucks),139000,16038,10784329.69,"$999,998.00"
Sol_058,239 S Main St,https://www.loopnet.com/Listing/239-S-Main-St-Brighton-CO/27424620/,"Brighton, CO 80601",0.31,250000.0,39.982905257485,-104.822555605705,1694.9,2000,S,84.75%,267,G&Z TRANSPORT LLC (147 trucks) | SIM TRUCKING INC (120 trucks),139000,16038,10784329.69,"$250,000.00"
Sol_058,606 W Colfax Ave,https://www.loopnet.com/Listing/606-W-Colfax-Ave-Denver-CO/26992476/,"Denver, CO 80204",0.31,1475000.0,39.739741342952,-104.995589435564,8930.12,10000,L,89.30%,1122,MPLX G&P (144 trucks) | RES (149 trucks) | CONCRETE EXPRESS INC (128 trucks) | FARMERS ALL NATURAL (121 trucks) | CO TRAN LLC (275 trucks) | COORS DISTRIBUTING COMPANY MILLER COORS LLC (105 trucks) | U S TRANSPORT INC (200 trucks),139000,16038,10784329.69,"$1,475,000.00"
Sol_058,8905 E Colfax Ave,https://www.loopnet.com/Listing/8905-E-Colfax-Ave-Aurora-CO/32567100/,"Aurora, CO 80010",0.33,845000.0,39.740387126683,-104.884281197975,6813.16,10000,L,68.13%,1010,SUPERSHUTTLE DENVER (125 trucks) | SWINGLE TREE & LANDSCAPE CARE (135 trucks) | COMCAST (194 trucks) | UNITED SITE SERVICES OF NEVADA INC (409 trucks) | UNITED SITE SERVICES OF COLORADO INC (147 trucks),139000,16038,10784329.69,"$845,000.00"
Sol_058,1560 N Academy Blvd,https://www.loopnet.com/Listing/1560-N-Academy-Blvd-Colorado-Springs-CO/3886433/,"Colorado Springs, CO 80909",0.64,416700.0,38.854776988204,-104.75774002483,5689.619999999999,10000,L,56.90%,1031,COLORADO SPRINGS SCHOOL DISTRICT 11 (130 trucks) | MOUNTAIN METROPOLITAN TRANSIT (144 trucks) | CITY OF COLORADO SPRINGS (326 trucks) | El PASO COUNTY (112 trucks) | GOODWILL OF COLORADO (134 trucks) | VECTRUS SYSTEMS CORPORATION (185 trucks),139000,16038,10784329.69,"$416,700.00"
Sol_058,4237 McWhinney Blvd,https://www.loopnet.com/Listing/4237-McWhinney-Blvd-Loveland-CO/23974785/,"Loveland, CO 80538",0.65,871347.9,40.408208389025,-105.017378025231,252.96,1000,XS,25.30%,109,LOVELAND MUNICIPALITY (109 trucks),139000,16038,10784329.69,"$871,347.90"
Sol_058,10431 Quari St,https://www.loopnet.com/Listing/10431-Quari-St-Commerce-City-CO/29119294/,"Commerce City, CO 80022",0.72,270000.0,39.886267655476,-104.844980046547,4169.15,5000,M,83.38%,562,ENVIRONMENTAL DESIGNS LLC (156 trucks) | BALIC TRANSPORT INC (120 trucks) | BURNCO COLORADO LLC (146 trucks) | WEST DIRECT OIL (140 trucks),139000,16038,10784329.69,"$270,000.00"
Sol_058,NEC N Fairgrounds Ave,https://www.loopnet.com/Listing/NEC-N-Fairgrounds-Ave-Windsor-CO/29890025/,"Windsor, CO 80528",0.74,483449.0,40.437732372143,-104.982630626628,3990.5600000000004,5000,M,79.81%,575,LARIMER COUNTY (131 trucks) | NOVUS AG LLC (444 trucks),139000,16038,10784329.69,"$483,449.00"
Sol_058,11958 Lincoln Ave,https://www.loopnet.com/Listing/Lincoln-Ave-Parker-CO/39741118/,"Parker, CO 80138",0.86,495000.0,39.536519536914,-104.76116705724,15005.279999999999,20000,XL,75.03%,2050,ACCELERATED SERVICES LLC (373 trucks) | AMERICAN FURNITURE WAREHOUSE CO (340 trucks) | TERRACARE ASSOCIATES LLC (156 trucks) | IHC SCOTT INC (214 trucks) | BUCKLEY POWDER CO (217 trucks) | CH2M OMI CH2MHILL JACOBS (183 trucks) | ORICA USA INC (215 trucks) | CHERRY CREEK SCHOOLS (352 trucks),139000,16038,10784329.69,"$495,000.00"
Sol_058,1801 W Union Ave,https://www.loopnet.com/Listing/1801-W-Union-Ave-Englewood-CO/39250756/,"Englewood, CO 80110",0.95,912839.45,39.63264140749,-105.009568941318,14063.34,20000,XL,70.32%,1884,KEESEN ENTERPRISES INC (263 trucks) | QUALITY LOGISTICS INC (135 trucks) | PROCAM SERVICES  (101 trucks) | PACIFIC SHIPPING & TRUCKING CO INC (109 trucks) | CITY LIGHT AND POWER INC (121 trucks) | WHEEL PROS LLC (182 trucks) | GLOBAL TRANSPORTATION LLC (442 trucks) | ENTERPRISE RENT-A-CAR NATIONAL RENT A CAR ALAMO RENT A CAR (421 trucks) | HBSCO DANS TRASH AT YOUR DISPOSAL (110 trucks),139000,16038,10784329.69,"$912,839.45"
Sol_058,3311 Ideal Drive Dr,https://www.loopnet.com/Listing/3311-Ideal-Drive-Dr-Frederick-CO/35744244/,"Frederick, CO 80516",1.0,949000.0,40.087044076103,-104.992966989518,4928.75,5000,M,98.58%,991,SUPREME TRANSPORT INC (183 trucks) | WARD ELECTRIC COMPANY INC (222 trucks) | CITY OF LONGMONT (211 trucks) | ST VRAIN VALLEY SCHOOL DISTRICT (174 trucks) | HEAT WAVES HOT OIL SERVICE LLC (201 trucks),139000,16038,10784329.69,"$949,000.00"
Sol_058,Colfax Ave & Airport Blvd,https://www.loopnet.com/Listing/Colfax-Ave-Airport-Blvd-Aurora-CO/24946845/,"Aurora, CO 80011",1.1,955174.1,39.740269989586,-104.791334022205,8680.17,10000,L,86.80%,1261,METCO LANDSCAPING INC (226 trucks) | WAGNER EQUIPMENT CO (423 trucks) | AURORA PUBLIC SCHOOLS (127 trucks) | CITY OF AURORA (271 trucks) | SHAMROCK FOODS COMPANY (214 trucks),139000,16038,10784329.69,"$955,174.10"
Sol_058,8850 Huron St,https://www.loopnet.com/Listing/8850-Huron-St-Thornton-CO/33061072/,"Thornton, CO 80260",1.26,349000.0,39.858426283979,-104.995662022846,19552.47,20000,XL,97.76%,2801,CITY OF THORNTON (208 trucks) | CITY OF THORNTON (174 trucks) | COCAL LANDSCAPE SERVICES INC (153 trucks) | COLD FRONT (121 trucks) | READY MIX CONCRETE COMPANY (191 trucks) | NAVAJO EXPRESS INC (309 trucks) | TRI-STATE GENERATION & TRANSMISSION ASSOCIATION INC (321 trucks) | WESTERN DISTRIBUTING TRANSPORTATION CORP (155 trucks) | RMS CRANES (139 trucks) | SURESHOT DRILLING LLC ATOZ FIELD SERVICES LLC DRILL TECH LLC PINNACLE DEVELOPMENT INC HDD SPECIALISTS LLC (135 trucks) | EAGLE ROCK DISTRIBUTING COMPANY OF COLORADO LLC (148 trucks) | OFFEN PETROLEUM LLC (269 trucks) | ALPINE MILLWORK COMPANY DBA ROCKY MOUNTAIN RELOAD (141 trucks) | ADAMS 12 FIVE STAR SCHOOLS (182 trucks) | GEOSTABILIZATION INTERNATIONAL LLC (155 trucks),139000,16038,10784329.69,"$349,000.00"
Sol_058,765 Aspen Ridge Drive Dr,https://www.loopnet.com/Listing/765-Aspen-Ridge-Drive-Dr-Lafayette-CO/32931931/,"Lafayette, CO 80026",1.43,556000.0,40.006898203868,-105.107210150504,4585.06,5000,M,91.70%,619,BOULDER VALLEY SCHOOL DISTRICT RE-2 (134 trucks) | VIA MOBILITY SERVICES (196 trucks) | VIA MOBILITY SERVICES (116 trucks) | CU (173 trucks),139000,16038,10784329.69,"$556,000.00"
Sol_059,2544 11th Ave,https://www.loopnet.com/Listing/2544-11th-Ave-Greeley-CO/35100267/,"Greeley, CO 80631",0.15,350000.0,40.395690645275,-104.69657283495,336.5,1000,XS,33.65%,145,WELD COUNTY PUBLIC WORKS DEPARTMENT (145 trucks),114000,14575,9171491.24,"$350,000.00"
Sol_059,1339 Sheridan Blvd,https://www.loopnet.com/Listing/1339-Sheridan-Blvd-Lakewood-CO/29629654/,"Lakewood, CO 80214",0.18,299999.0,39.737415742007,-105.053556666269,4008.78,5000,M,80.18%,809,COMPASS VEHICLE RENTAL INC (170 trucks) | JEFFERSON COUNTY (120 trucks) | JEFFCO SCHOOLS (274 trucks) | SITEWISE LLC (145 trucks) | CITY OF ARVADA (100 trucks),114000,14575,9171491.24,"$299,999.00"
Sol_059,422 Perry St,https://www.loopnet.com/Listing/422-Perry-St-Castle-Rock-CO/38421711/,"Castle Rock, CO 80104",0.24,605821.24,39.374148794158,-104.858322527659,2577.81,5000,M,51.56%,389,GREAT SOUTHWESTERN CONSTRUCTION INC (280 trucks) | TOWN OF CASTLE ROCK  (109 trucks),114000,14575,9171491.24,"$605,821.24"
Sol_059,239 S Main St,https://www.loopnet.com/Listing/239-S-Main-St-Brighton-CO/27424620/,"Brighton, CO 80601",0.31,250000.0,39.982905257485,-104.822555605705,1694.9,2000,S,84.75%,267,G&Z TRANSPORT LLC (147 trucks) | SIM TRUCKING INC (120 trucks),114000,14575,9171491.24,"$250,000.00"
Sol_059,606 W Colfax Ave,https://www.loopnet.com/Listing/606-W-Colfax-Ave-Denver-CO/26992476/,"Denver, CO 80204",0.31,1475000.0,39.739741342952,-104.995589435564,8930.12,10000,L,89.30%,1122,MPLX G&P (144 trucks) | RES (149 trucks) | CONCRETE EXPRESS INC (128 trucks) | FARMERS ALL NATURAL (121 trucks) | CO TRAN LLC (275 trucks) | COORS DISTRIBUTING COMPANY MILLER COORS LLC (105 trucks) | U S TRANSPORT INC (200 trucks),114000,14575,9171491.24,"$1,475,000.00"
Sol_059,8905 E Colfax Ave,https://www.loopnet.com/Listing/8905-E-Colfax-Ave-Aurora-CO/32567100/,"Aurora, CO 80010",0.33,845000.0,39.740387126683,-104.884281197975,8899.3,10000,L,88.99%,1313,SUPERSHUTTLE DENVER (125 trucks) | SWINGLE TREE & LANDSCAPE CARE (135 trucks) | COMCAST (194 trucks) | UNITED SITE SERVICES OF NEVADA INC (409 trucks) | UNITED SITE SERVICES OF COLORADO INC (147 trucks) | CITY LIGHT AND POWER INC (121 trucks) | WHEEL PROS LLC (182 trucks),114000,14575,9171491.24,"$845,000.00"
Sol_059,1560 N Academy Blvd,https://www.loopnet.com/Listing/1560-N-Academy-Blvd-Colorado-Springs-CO/3886433/,"Colorado Springs, CO 80909",0.64,416700.0,38.854776988204,-104.75774002483,5689.619999999999,10000,L,56.90%,1031,COLORADO SPRINGS SCHOOL DISTRICT 11 (130 trucks) | MOUNTAIN METROPOLITAN TRANSIT (144 trucks) | CITY OF COLORADO SPRINGS (326 trucks) | El PASO COUNTY (112 trucks) | GOODWILL OF COLORADO (134 trucks) | VECTRUS SYSTEMS CORPORATION (185 trucks),114000,14575,9171491.24,"$416,700.00"
Sol_059,4237 McWhinney Blvd,https://www.loopnet.com/Listing/4237-McWhinney-Blvd-Loveland-CO/23974785/,"Loveland, CO 80538",0.65,871347.9,40.408208389025,-105.017378025231,252.96,1000,XS,25.30%,109,LOVELAND MUNICIPALITY (109 trucks),114000,14575,9171491.24,"$871,347.90"
Sol_059,10431 Quari St,https://www.loopnet.com/Listing/10431-Quari-St-Commerce-City-CO/29119294/,"Commerce City, CO 80022",0.72,270000.0,39.886267655476,-104.844980046547,4169.15,5000,M,83.38%,562,ENVIRONMENTAL DESIGNS LLC (156 trucks) | BALIC TRANSPORT INC (120 trucks) | BURNCO COLORADO LLC (146 trucks) | WEST DIRECT OIL (140 trucks),114000,14575,9171491.24,"$270,000.00"
Sol_059,NEC N Fairgrounds Ave,https://www.loopnet.com/Listing/NEC-N-Fairgrounds-Ave-Windsor-CO/29890025/,"Windsor, CO 80528",0.74,483449.0,40.437732372143,-104.982630626628,3990.5600000000004,5000,M,79.81%,575,LARIMER COUNTY (131 trucks) | NOVUS AG LLC (444 trucks),114000,14575,9171491.24,"$483,449.00"
Sol_059,11958 Lincoln Ave,https://www.loopnet.com/Listing/Lincoln-Ave-Parker-CO/39741118/,"Parker, CO 80138",0.86,495000.0,39.536519536914,-104.76116705724,18264.289999999997,20000,XL,91.32%,2581,ACCELERATED SERVICES LLC (373 trucks) | AMERICAN FURNITURE WAREHOUSE CO (340 trucks) | TERRACARE ASSOCIATES LLC (156 trucks) | IHC SCOTT INC (214 trucks) | BUCKLEY POWDER CO (217 trucks) | CH2M OMI CH2MHILL JACOBS (183 trucks) | ORICA USA INC (215 trucks) | CHERRY CREEK SCHOOLS (352 trucks) | HBSCO DANS TRASH AT YOUR DISPOSAL (110 trucks) | ENTERPRISE RENT-A-CAR NATIONAL RENT A CAR ALAMO RENT A CAR (421 trucks),114000,14575,9171491.24,"$495,000.00"
Sol_059,3311 Ideal Drive Dr,https://www.loopnet.com/Listing/3311-Ideal-Drive-Dr-Frederick-CO/35744244/,"Frederick, CO 80516",1.0,949000.0,40.087044076103,-104.992966989518,4928.75,5000,M,98.58%,991,SUPREME TRANSPORT INC (183 trucks) | WARD ELECTRIC COMPANY INC (222 trucks) | CITY OF LONGMONT (211 trucks) | ST VRAIN VALLEY SCHOOL DISTRICT (174 trucks) | HEAT WAVES HOT OIL SERVICE LLC (201 trucks),114000,14575,9171491.24,"$949,000.00"
Sol_059,Colfax Ave & Airport Blvd,https://www.loopnet.com/Listing/Colfax-Ave-Airport-Blvd-Aurora-CO/24946845/,"Aurora, CO 80011",1.1,955174.1,39.740269989586,-104.791334022205,8680.17,10000,L,86.80%,1261,METCO LANDSCAPING INC (226 trucks) | WAGNER EQUIPMENT CO (423 trucks) | AURORA PUBLIC SCHOOLS (127 trucks) | CITY OF AURORA (271 trucks) | SHAMROCK FOODS COMPANY (214 trucks),114000,14575,9171491.24,"$955,174.10"
Sol_059,8850 Huron St,https://www.loopnet.com/Listing/8850-Huron-St-Thornton-CO/33061072/,"Thornton, CO 80260",1.26,349000.0,39.858426283979,-104.995662022846,19552.47,20000,XL,97.76%,2801,CITY OF THORNTON (208 trucks) | CITY OF THORNTON (174 trucks) | COCAL LANDSCAPE SERVICES INC (153 trucks) | COLD FRONT (121 trucks) | READY MIX CONCRETE COMPANY (191 trucks) | NAVAJO EXPRESS INC (309 trucks) | TRI-STATE GENERATION & TRANSMISSION ASSOCIATION INC (321 trucks) | WESTERN DISTRIBUTING TRANSPORTATION CORP (155 trucks) | RMS CRANES (139 trucks) | SURESHOT DRILLING LLC ATOZ FIELD SERVICES LLC DRILL TECH LLC PINNACLE DEVELOPMENT INC HDD SPECIALISTS LLC (135 trucks) | EAGLE ROCK DISTRIBUTING COMPANY OF COLORADO LLC (148 trucks) | OFFEN PETROLEUM LLC (269 trucks) | ALPINE MILLWORK COMPANY DBA ROCKY MOUNTAIN RELOAD (141 trucks) | ADAMS 12 FIVE STAR SCHOOLS (182 trucks) | GEOSTABILIZATION INTERNATIONAL LLC (155 trucks),114000,14575,9171491.24,"$349,000.00"
Sol_059,765 Aspen Ridge Drive Dr,https://www.loopnet.com/Listing/765-Aspen-Ridge-Drive-Dr-Lafayette-CO/32931931/,"Lafayette, CO 80026",1.43,556000.0,40.006898203868,-105.107210150504,4585.06,5000,M,91.70%,619,BOULDER VALLEY SCHOOL DISTRICT RE-2 (134 trucks) | VIA MOBILITY SERVICES (196 trucks) | VIA MOBILITY SERVICES (116 trucks) | CU (173 trucks),114000,14575,9171491.24,"$556,000.00"
Sol_060,2544 11th Ave,https://www.loopnet.com/Listing/2544-11th-Ave-Greeley-CO/35100267/,"Greeley, CO 80631",0.15,350000.0,40.395690645275,-104.69657283495,336.5,1000,XS,33.65%,145,WELD COUNTY PUBLIC WORKS DEPARTMENT (145 trucks),131000,15202,9739330.690000001,"$350,000.00"
Sol_060,1339 Sheridan Blvd,https://www.loopnet.com/Listing/1339-Sheridan-Blvd-Lakewood-CO/29629654/,"Lakewood, CO 80214",0.18,299999.0,39.737415742007,-105.053556666269,1949.27,2000,S,97.46%,415,COMPASS VEHICLE RENTAL INC (170 trucks) | SITEWISE LLC (145 trucks) | CITY OF ARVADA (100 trucks),131000,15202,9739330.690000001,"$299,999.00"
Sol_060,422 Perry St,https://www.loopnet.com/Listing/422-Perry-St-Castle-Rock-CO/38421711/,"Castle Rock, CO 80104",0.24,605821.24,39.374148794158,-104.858322527659,2577.81,5000,M,51.56%,389,GREAT SOUTHWESTERN CONSTRUCTION INC (280 trucks) | TOWN OF CASTLE ROCK  (109 trucks),131000,15202,9739330.690000001,"$605,821.24"
Sol_060,239 S Main St,https://www.loopnet.com/Listing/239-S-Main-St-Brighton-CO/27424620/,"Brighton, CO 80601",0.31,250000.0,39.982905257485,-104.822555605705,1694.9,2000,S,84.75%,267,G&Z TRANSPORT LLC (147 trucks) | SIM TRUCKING INC (120 trucks),131000,15202,9739330.690000001,"$250,000.00"
Sol_060,606 W Colfax Ave,https://www.loopnet.com/Listing/606-W-Colfax-Ave-Denver-CO/26992476/,"Denver, CO 80204",0.31,1475000.0,39.739741342952,-104.995589435564,8930.12,10000,L,89.30%,1122,MPLX G&P (144 trucks) | RES (149 trucks) | CONCRETE EXPRESS INC (128 trucks) | FARMERS ALL NATURAL (121 trucks) | CO TRAN LLC (275 trucks) | COORS DISTRIBUTING COMPANY MILLER COORS LLC (105 trucks) | U S TRANSPORT INC (200 trucks),131000,15202,9739330.690000001,"$1,475,000.00"
Sol_060,17160 W Colfax Ave,https://www.loopnet.com/Listing/17160-W-Colfax-Ave-Golden-CO/29520298/,"Golden, CO 80401",0.63,500000.0,39.722253633534,-105.192465086092,5488.67,10000,L,54.89%,807,ENIVIRONMENTAL LANDWORKS COMPANY INC (115 trucks) | HOLCIM WCR INC (298 trucks) | JEFFCO SCHOOLS (274 trucks) | JEFFERSON COUNTY (120 trucks),131000,15202,9739330.690000001,"$500,000.00"
Sol_060,1560 N Academy Blvd,https://www.loopnet.com/Listing/1560-N-Academy-Blvd-Colorado-Springs-CO/3886433/,"Colorado Springs, CO 80909",0.64,416700.0,38.854776988204,-104.75774002483,5689.619999999999,10000,L,56.90%,1031,COLORADO SPRINGS SCHOOL DISTRICT 11 (130 trucks) | MOUNTAIN METROPOLITAN TRANSIT (144 trucks) | CITY OF COLORADO SPRINGS (326 trucks) | El PASO COUNTY (112 trucks) | GOODWILL OF COLORADO (134 trucks) | VECTRUS SYSTEMS CORPORATION (185 trucks),131000,15202,9739330.690000001,"$416,700.00"
Sol_060,4237 McWhinney Blvd,https://www.loopnet.com/Listing/4237-McWhinney-Blvd-Loveland-CO/23974785/,"Loveland, CO 80538",0.65,871347.9,40.408208389025,-105.017378025231,252.96,1000,XS,25.30%,109,LOVELAND MUNICIPALITY (109 trucks),131000,15202,9739330.690000001,"$871,347.90"
Sol_060,10431 Quari St,https://www.loopnet.com/Listing/10431-Quari-St-Commerce-City-CO/29119294/,"Commerce City, CO 80022",0.72,270000.0,39.886267655476,-104.844980046547,4169.15,5000,M,83.38%,562,ENVIRONMENTAL DESIGNS LLC (156 trucks) | BALIC TRANSPORT INC (120 trucks) | BURNCO COLORADO LLC (146 trucks) | WEST DIRECT OIL (140 trucks),131000,15202,9739330.690000001,"$270,000.00"
Sol_060,NEC N Fairgrounds Ave,https://www.loopnet.com/Listing/NEC-N-Fairgrounds-Ave-Windsor-CO/29890025/,"Windsor, CO 80528",0.74,483449.0,40.437732372143,-104.982630626628,3990.5600000000004,5000,M,79.81%,575,LARIMER COUNTY (131 trucks) | NOVUS AG LLC (444 trucks),131000,15202,9739330.690000001,"$483,449.00"
Sol_060,11958 Lincoln Ave,https://www.loopnet.com/Listing/Lincoln-Ave-Parker-CO/39741118/,"Parker, CO 80138",0.86,495000.0,39.536519536914,-104.76116705724,15005.279999999999,20000,XL,75.03%,2050,ACCELERATED SERVICES LLC (373 trucks) | AMERICAN FURNITURE WAREHOUSE CO (340 trucks) | TERRACARE ASSOCIATES LLC (156 trucks) | IHC SCOTT INC (214 trucks) | BUCKLEY POWDER CO (217 trucks) | CH2M OMI CH2MHILL JACOBS (183 trucks) | ORICA USA INC (215 trucks) | CHERRY CREEK SCHOOLS (352 trucks),131000,15202,9739330.690000001,"$495,000.00"
Sol_060,1801 W Union Ave,https://www.loopnet.com/Listing/1801-W-Union-Ave-Englewood-CO/39250756/,"Englewood, CO 80110",0.95,912839.45,39.63264140749,-105.009568941318,14985.23,20000,XL,74.93%,2078,KEESEN ENTERPRISES INC (263 trucks) | QUALITY LOGISTICS INC (135 trucks) | PROCAM SERVICES  (101 trucks) | PACIFIC SHIPPING & TRUCKING CO INC (109 trucks) | CITY LIGHT AND POWER INC (121 trucks) | WHEEL PROS LLC (182 trucks) | GLOBAL TRANSPORTATION LLC (442 trucks) | COMCAST (194 trucks) | ENTERPRISE RENT-A-CAR NATIONAL RENT A CAR ALAMO RENT A CAR (421 trucks) | HBSCO DANS TRASH AT YOUR DISPOSAL (110 trucks),131000,15202,9739330.690000001,"$912,839.45"
Sol_060,3311 Ideal Drive Dr,https://www.loopnet.com/Listing/3311-Ideal-Drive-Dr-Frederick-CO/35744244/,"Frederick, CO 80516",1.0,949000.0,40.087044076103,-104.992966989518,4928.75,5000,M,98.58%,991,SUPREME TRANSPORT INC (183 trucks) | WARD ELECTRIC COMPANY INC (222 trucks) | CITY OF LONGMONT (211 trucks) | ST VRAIN VALLEY SCHOOL DISTRICT (174 trucks) | HEAT WAVES HOT OIL SERVICE LLC (201 trucks),131000,15202,9739330.690000001,"$949,000.00"
Sol_060,Colfax Ave & Airport Blvd,https://www.loopnet.com/Listing/Colfax-Ave-Airport-Blvd-Aurora-CO/24946845/,"Aurora, CO 80011",1.1,955174.1,39.740269989586,-104.791334022205,9801.08,10000,L,98.01%,1396,METCO LANDSCAPING INC (226 trucks) | WAGNER EQUIPMENT CO (423 trucks) | AURORA PUBLIC SCHOOLS (127 trucks) | CITY OF AURORA (271 trucks) | SHAMROCK FOODS COMPANY (214 trucks) | SWINGLE TREE & LANDSCAPE CARE (135 trucks),131000,15202,9739330.690000001,"$955,174.10"
Sol_060,8850 Huron St,https://www.loopnet.com/Listing/8850-Huron-St-Thornton-CO/33061072/,"Thornton, CO 80260",1.26,349000.0,39.858426283979,-104.995662022846,18265.5,20000,XL,91.33%,2646,CITY OF THORNTON (208 trucks) | CITY OF THORNTON (174 trucks) | COCAL LANDSCAPE SERVICES INC (153 trucks) | COLD FRONT (121 trucks) | READY MIX CONCRETE COMPANY (191 trucks) | NAVAJO EXPRESS INC (309 trucks) | TRI-STATE GENERATION & TRANSMISSION ASSOCIATION INC (321 trucks) | WESTERN DISTRIBUTING TRANSPORTATION CORP (155 trucks) | RMS CRANES (139 trucks) | SURESHOT DRILLING LLC ATOZ FIELD SERVICES LLC DRILL TECH LLC PINNACLE DEVELOPMENT INC HDD SPECIALISTS LLC (135 trucks) | EAGLE ROCK DISTRIBUTING COMPANY OF COLORADO LLC (148 trucks) | OFFEN PETROLEUM LLC (269 trucks) | ALPINE MILLWORK COMPANY DBA ROCKY MOUNTAIN RELOAD (141 trucks) | ADAMS 12 FIVE STAR SCHOOLS (182 trucks),131000,15202,9739330.690000001,"$349,000.00"
Sol_060,765 Aspen Ridge Drive Dr,https://www.loopnet.com/Listing/765-Aspen-Ridge-Drive-Dr-Lafayette-CO/32931931/,"Lafayette, CO 80026",1.43,556000.0,40.006898203868,-105.107210150504,4585.06,5000,M,91.70%,619,BOULDER VALLEY SCHOOL DISTRICT RE-2 (134 trucks) | VIA MOBILITY SERVICES (196 trucks) | VIA MOBILITY SERVICES (116 trucks) | CU (173 trucks),131000,15202,9739330.690000001,"$556,000.00"
Sol_061,2544 11th Ave,https://www.loopnet.com/Listing/2544-11th-Ave-Greeley-CO/35100267/,"Greeley, CO 80631",0.15,350000.0,40.395690645275,-104.69657283495,336.5,1000,XS,33.65%,145,WELD COUNTY PUBLIC WORKS DEPARTMENT (145 trucks),139000,16111,11169330.69,"$350,000.00"
Sol_061,1339 Sheridan Blvd,https://www.loopnet.com/Listing/1339-Sheridan-Blvd-Lakewood-CO/29629654/,"Lakewood, CO 80214",0.18,299999.0,39.737415742007,-105.053556666269,4008.78,5000,M,80.18%,809,COMPASS VEHICLE RENTAL INC (170 trucks) | JEFFERSON COUNTY (120 trucks) | JEFFCO SCHOOLS (274 trucks) | SITEWISE LLC (145 trucks) | CITY OF ARVADA (100 trucks),139000,16111,11169330.69,"$299,999.00"
Sol_061,422 Perry St,https://www.loopnet.com/Listing/422-Perry-St-Castle-Rock-CO/38421711/,"Castle Rock, CO 80104",0.24,605821.24,39.374148794158,-104.858322527659,2577.81,5000,M,51.56%,389,GREAT SOUTHWESTERN CONSTRUCTION INC (280 trucks) | TOWN OF CASTLE ROCK  (109 trucks),139000,16111,11169330.69,"$605,821.24"
Sol_061,239 S Main St,https://www.loopnet.com/Listing/239-S-Main-St-Brighton-CO/27424620/,"Brighton, CO 80601",0.31,250000.0,39.982905257485,-104.822555605705,1694.9,2000,S,84.75%,267,G&Z TRANSPORT LLC (147 trucks) | SIM TRUCKING INC (120 trucks),139000,16111,11169330.69,"$250,000.00"
Sol_061,606 W Colfax Ave,https://www.loopnet.com/Listing/606-W-Colfax-Ave-Denver-CO/26992476/,"Denver, CO 80204",0.31,1475000.0,39.739741342952,-104.995589435564,2877.2,5000,M,57.54%,393,MPLX G&P (144 trucks) | CONCRETE EXPRESS INC (128 trucks) | FARMERS ALL NATURAL (121 trucks),139000,16111,11169330.69,"$1,475,000.00"
Sol_061,1560 N Academy Blvd,https://www.loopnet.com/Listing/1560-N-Academy-Blvd-Colorado-Springs-CO/3886433/,"Colorado Springs, CO 80909",0.64,416700.0,38.854776988204,-104.75774002483,5689.619999999999,10000,L,56.90%,1031,COLORADO SPRINGS SCHOOL DISTRICT 11 (130 trucks) | MOUNTAIN METROPOLITAN TRANSIT (144 trucks) | CITY OF COLORADO SPRINGS (326 trucks) | El PASO COUNTY (112 trucks) | GOODWILL OF COLORADO (134 trucks) | VECTRUS SYSTEMS CORPORATION (185 trucks),139000,16111,11169330.69,"$416,700.00"
Sol_061,4237 McWhinney Blvd,https://www.loopnet.com/Listing/4237-McWhinney-Blvd-Loveland-CO/23974785/,"Loveland, CO 80538",0.65,871347.9,40.408208389025,-105.017378025231,252.96,1000,XS,25.30%,109,LOVELAND MUNICIPALITY (109 trucks),139000,16111,11169330.69,"$871,347.90"
Sol_061,10431 Quari St,https://www.loopnet.com/Listing/10431-Quari-St-Commerce-City-CO/29119294/,"Commerce City, CO 80022",0.72,270000.0,39.886267655476,-104.844980046547,4169.15,5000,M,83.38%,562,ENVIRONMENTAL DESIGNS LLC (156 trucks) | BALIC TRANSPORT INC (120 trucks) | BURNCO COLORADO LLC (146 trucks) | WEST DIRECT OIL (140 trucks),139000,16111,11169330.69,"$270,000.00"
Sol_061,NEC N Fairgrounds Ave,https://www.loopnet.com/Listing/NEC-N-Fairgrounds-Ave-Windsor-CO/29890025/,"Windsor, CO 80528",0.74,483449.0,40.437732372143,-104.982630626628,3990.5600000000004,5000,M,79.81%,575,LARIMER COUNTY (131 trucks) | NOVUS AG LLC (444 trucks),139000,16111,11169330.69,"$483,449.00"
Sol_061,11958 Lincoln Ave,https://www.loopnet.com/Listing/Lincoln-Ave-Parker-CO/39741118/,"Parker, CO 80138",0.86,495000.0,39.536519536914,-104.76116705724,15005.279999999999,20000,XL,75.03%,2050,ACCELERATED SERVICES LLC (373 trucks) | AMERICAN FURNITURE WAREHOUSE CO (340 trucks) | TERRACARE ASSOCIATES LLC (156 trucks) | IHC SCOTT INC (214 trucks) | BUCKLEY POWDER CO (217 trucks) | CH2M OMI CH2MHILL JACOBS (183 trucks) | ORICA USA INC (215 trucks) | CHERRY CREEK SCHOOLS (352 trucks),139000,16111,11169330.69,"$495,000.00"
Sol_061,2450 Curtis St,https://www.loopnet.com/Listing/2450-Curtis-St-Denver-CO/34878162/,"Denver, CO 80205",0.93,1930000.0,39.755035173034,-104.984190298703,13972.56,20000,XL,69.86%,1896,RES (149 trucks) | CO TRAN LLC (275 trucks) | WASTE CONNECTIONS OF COLORADO INC (486 trucks) | COORS DISTRIBUTING COMPANY MILLER COORS LLC (105 trucks) | U S TRANSPORT INC (200 trucks) | SUPERSHUTTLE DENVER (125 trucks) | UNITED SITE SERVICES OF NEVADA INC (409 trucks) | UNITED SITE SERVICES OF COLORADO INC (147 trucks),139000,16111,11169330.69,"$1,930,000.00"
Sol_061,1801 W Union Ave,https://www.loopnet.com/Listing/1801-W-Union-Ave-Englewood-CO/39250756/,"Englewood, CO 80110",0.95,912839.45,39.63264140749,-105.009568941318,14985.23,20000,XL,74.93%,2078,KEESEN ENTERPRISES INC (263 trucks) | QUALITY LOGISTICS INC (135 trucks) | PROCAM SERVICES  (101 trucks) | PACIFIC SHIPPING & TRUCKING CO INC (109 trucks) | CITY LIGHT AND POWER INC (121 trucks) | WHEEL PROS LLC (182 trucks) | GLOBAL TRANSPORTATION LLC (442 trucks) | COMCAST (194 trucks) | ENTERPRISE RENT-A-CAR NATIONAL RENT A CAR ALAMO RENT A CAR (421 trucks) | HBSCO DANS TRASH AT YOUR DISPOSAL (110 trucks),139000,16111,11169330.69,"$912,839.45"
Sol_061,3311 Ideal Drive Dr,https://www.loopnet.com/Listing/3311-Ideal-Drive-Dr-Frederick-CO/35744244/,"Frederick, CO 80516",1.0,949000.0,40.087044076103,-104.992966989518,4928.75,5000,M,98.58%,991,SUPREME TRANSPORT INC (183 trucks) | WARD ELECTRIC COMPANY INC (222 trucks) | CITY OF LONGMONT (211 trucks) | ST VRAIN VALLEY SCHOOL DISTRICT (174 trucks) | HEAT WAVES HOT OIL SERVICE LLC (201 trucks),139000,16111,11169330.69,"$949,000.00"
Sol_061,Colfax Ave & Airport Blvd,https://www.loopnet.com/Listing/Colfax-Ave-Airport-Blvd-Aurora-CO/24946845/,"Aurora, CO 80011",1.1,955174.1,39.740269989586,-104.791334022205,9801.08,10000,L,98.01%,1396,METCO LANDSCAPING INC (226 trucks) | WAGNER EQUIPMENT CO (423 trucks) | AURORA PUBLIC SCHOOLS (127 trucks) | CITY OF AURORA (271 trucks) | SHAMROCK FOODS COMPANY (214 trucks) | SWINGLE TREE & LANDSCAPE CARE (135 trucks),139000,16111,11169330.69,"$955,174.10"
Sol_061,8850 Huron St,https://www.loopnet.com/Listing/8850-Huron-St-Thornton-CO/33061072/,"Thornton, CO 80260",1.26,349000.0,39.858426283979,-104.995662022846,19552.47,20000,XL,97.76%,2801,CITY OF THORNTON (208 trucks) | CITY OF THORNTON (174 trucks) | COCAL LANDSCAPE SERVICES INC (153 trucks) | COLD FRONT (121 trucks) | READY MIX CONCRETE COMPANY (191 trucks) | NAVAJO EXPRESS INC (309 trucks) | TRI-STATE GENERATION & TRANSMISSION ASSOCIATION INC (321 trucks) | WESTERN DISTRIBUTING TRANSPORTATION CORP (155 trucks) | RMS CRANES (139 trucks) | SURESHOT DRILLING LLC ATOZ FIELD SERVICES LLC DRILL TECH LLC PINNACLE DEVELOPMENT INC HDD SPECIALISTS LLC (135 trucks) | EAGLE ROCK DISTRIBUTING COMPANY OF COLORADO LLC (148 trucks) | OFFEN PETROLEUM LLC (269 trucks) | ALPINE MILLWORK COMPANY DBA ROCKY MOUNTAIN RELOAD (141 trucks) | ADAMS 12 FIVE STAR SCHOOLS (182 trucks) | GEOSTABILIZATION INTERNATIONAL LLC (155 trucks),139000,16111,11169330.69,"$349,000.00"
Sol_061,765 Aspen Ridge Drive Dr,https://www.loopnet.com/Listing/765-Aspen-Ridge-Drive-Dr-Lafayette-CO/32931931/,"Lafayette, CO 80026",1.43,556000.0,40.006898203868,-105.107210150504,4585.06,5000,M,91.70%,619,BOULDER VALLEY SCHOOL DISTRICT RE-2 (134 trucks) | VIA MOBILITY SERVICES (196 trucks) | VIA MOBILITY SERVICES (116 trucks) | CU (173 trucks),139000,16111,11169330.69,"$556,000.00"
Sol_062,2544 11th Ave,https://www.loopnet.com/Listing/2544-11th-Ave-Greeley-CO/35100267/,"Greeley, CO 80631",0.15,350000.0,40.395690645275,-104.69657283495,336.5,1000,XS,33.65%,145,WELD COUNTY PUBLIC WORKS DEPARTMENT (145 trucks),129000,15905,11794669.0,"$350,000.00"
Sol_062,1319 Sheridan Blvd,https://www.loopnet.com/Listing/1319-1327-Sheridan-Blvd-Lakewood-CO/38343110/,"Lakewood, CO 80214",0.3,999998.0,39.737113071483,-105.053491874157,7437.9400000000005,10000,L,74.38%,1222,COMPASS VEHICLE RENTAL INC (170 trucks) | JEFFERSON COUNTY (120 trucks) | JEFFCO SCHOOLS (274 trucks) | SITEWISE LLC (145 trucks) | CITY OF ARVADA (100 trucks) | HOLCIM WCR INC (298 trucks) | ENIVIRONMENTAL LANDWORKS COMPANY INC (115 trucks),129000,15905,11794669.0,"$999,998.00"
Sol_062,239 S Main St,https://www.loopnet.com/Listing/239-S-Main-St-Brighton-CO/27424620/,"Brighton, CO 80601",0.31,250000.0,39.982905257485,-104.822555605705,1694.9,2000,S,84.75%,267,G&Z TRANSPORT LLC (147 trucks) | SIM TRUCKING INC (120 trucks),129000,15905,11794669.0,"$250,000.00"
Sol_062,606 W Colfax Ave,https://www.loopnet.com/Listing/606-W-Colfax-Ave-Denver-CO/26992476/,"Denver, CO 80204",0.31,1475000.0,39.739741342952,-104.995589435564,8517.300000000001,10000,L,85.17%,1207,MPLX G&P (144 trucks) | CONCRETE EXPRESS INC (128 trucks) | FARMERS ALL NATURAL (121 trucks) | PROCAM SERVICES  (101 trucks) | QUALITY LOGISTICS INC (135 trucks) | KEESEN ENTERPRISES INC (263 trucks) | COMCAST (194 trucks) | CITY LIGHT AND POWER INC (121 trucks),129000,15905,11794669.0,"$1,475,000.00"
Sol_062,1560 N Academy Blvd,https://www.loopnet.com/Listing/1560-N-Academy-Blvd-Colorado-Springs-CO/3886433/,"Colorado Springs, CO 80909",0.64,416700.0,38.854776988204,-104.75774002483,5689.619999999999,10000,L,56.90%,1031,COLORADO SPRINGS SCHOOL DISTRICT 11 (130 trucks) | MOUNTAIN METROPOLITAN TRANSIT (144 trucks) | CITY OF COLORADO SPRINGS (326 trucks) | El PASO COUNTY (112 trucks) | GOODWILL OF COLORADO (134 trucks) | VECTRUS SYSTEMS CORPORATION (185 trucks),129000,15905,11794669.0,"$416,700.00"
Sol_062,4237 McWhinney Blvd,https://www.loopnet.com/Listing/4237-McWhinney-Blvd-Loveland-CO/23974785/,"Loveland, CO 80538",0.65,871347.9,40.408208389025,-105.017378025231,252.96,1000,XS,25.30%,109,LOVELAND MUNICIPALITY (109 trucks),129000,15905,11794669.0,"$871,347.90"
Sol_062,10431 Quari St,https://www.loopnet.com/Listing/10431-Quari-St-Commerce-City-CO/29119294/,"Commerce City, CO 80022",0.72,270000.0,39.886267655476,-104.844980046547,4169.15,5000,M,83.38%,562,ENVIRONMENTAL DESIGNS LLC (156 trucks) | BALIC TRANSPORT INC (120 trucks) | BURNCO COLORADO LLC (146 trucks) | WEST DIRECT OIL (140 trucks),129000,15905,11794669.0,"$270,000.00"
Sol_062,NEC N Fairgrounds Ave,https://www.loopnet.com/Listing/NEC-N-Fairgrounds-Ave-Windsor-CO/29890025/,"Windsor, CO 80528",0.74,483449.0,40.437732372143,-104.982630626628,3990.5600000000004,5000,M,79.81%,575,LARIMER COUNTY (131 trucks) | NOVUS AG LLC (444 trucks),129000,15905,11794669.0,"$483,449.00"
Sol_062,11958 Lincoln Ave,https://www.loopnet.com/Listing/Lincoln-Ave-Parker-CO/39741118/,"Parker, CO 80138",0.86,495000.0,39.536519536914,-104.76116705724,19379.71,20000,XL,96.90%,2601,ACCELERATED SERVICES LLC (373 trucks) | AMERICAN FURNITURE WAREHOUSE CO (340 trucks) | TERRACARE ASSOCIATES LLC (156 trucks) | IHC SCOTT INC (214 trucks) | BUCKLEY POWDER CO (217 trucks) | ORICA USA INC (215 trucks) | CHERRY CREEK SCHOOLS (352 trucks) | HBSCO DANS TRASH AT YOUR DISPOSAL (110 trucks) | GLOBAL TRANSPORTATION LLC (442 trucks) | WHEEL PROS LLC (182 trucks),129000,15905,11794669.0,"$495,000.00"
Sol_062,2450 Curtis St,https://www.loopnet.com/Listing/2450-Curtis-St-Denver-CO/34878162/,"Denver, CO 80205",0.93,1930000.0,39.755035173034,-104.984190298703,13972.56,20000,XL,69.86%,1896,RES (149 trucks) | CO TRAN LLC (275 trucks) | WASTE CONNECTIONS OF COLORADO INC (486 trucks) | COORS DISTRIBUTING COMPANY MILLER COORS LLC (105 trucks) | U S TRANSPORT INC (200 trucks) | SUPERSHUTTLE DENVER (125 trucks) | UNITED SITE SERVICES OF NEVADA INC (409 trucks) | UNITED SITE SERVICES OF COLORADO INC (147 trucks),129000,15905,11794669.0,"$1,930,000.00"
Sol_062,3311 Ideal Drive Dr,https://www.loopnet.com/Listing/3311-Ideal-Drive-Dr-Frederick-CO/35744244/,"Frederick, CO 80516",1.0,949000.0,40.087044076103,-104.992966989518,4928.75,5000,M,98.58%,991,SUPREME TRANSPORT INC (183 trucks) | WARD ELECTRIC COMPANY INC (222 trucks) | CITY OF LONGMONT (211 trucks) | ST VRAIN VALLEY SCHOOL DISTRICT (174 trucks) | HEAT WAVES HOT OIL SERVICE LLC (201 trucks),129000,15905,11794669.0,"$949,000.00"
Sol_062,Colfax Ave & Airport Blvd,https://www.loopnet.com/Listing/Colfax-Ave-Airport-Blvd-Aurora-CO/24946845/,"Aurora, CO 80011",1.1,955174.1,39.740269989586,-104.791334022205,9801.08,10000,L,98.01%,1396,METCO LANDSCAPING INC (226 trucks) | WAGNER EQUIPMENT CO (423 trucks) | AURORA PUBLIC SCHOOLS (127 trucks) | CITY OF AURORA (271 trucks) | SHAMROCK FOODS COMPANY (214 trucks) | SWINGLE TREE & LANDSCAPE CARE (135 trucks),129000,15905,11794669.0,"$955,174.10"
Sol_062,8850 Huron St,https://www.loopnet.com/Listing/8850-Huron-St-Thornton-CO/33061072/,"Thornton, CO 80260",1.26,349000.0,39.858426283979,-104.995662022846,19552.47,20000,XL,97.76%,2801,CITY OF THORNTON (208 trucks) | CITY OF THORNTON (174 trucks) | COCAL LANDSCAPE SERVICES INC (153 trucks) | COLD FRONT (121 trucks) | READY MIX CONCRETE COMPANY (191 trucks) | NAVAJO EXPRESS INC (309 trucks) | TRI-STATE GENERATION & TRANSMISSION ASSOCIATION INC (321 trucks) | WESTERN DISTRIBUTING TRANSPORTATION CORP (155 trucks) | RMS CRANES (139 trucks) | SURESHOT DRILLING LLC ATOZ FIELD SERVICES LLC DRILL TECH LLC PINNACLE DEVELOPMENT INC HDD SPECIALISTS LLC (135 trucks) | EAGLE ROCK DISTRIBUTING COMPANY OF COLORADO LLC (148 trucks) | OFFEN PETROLEUM LLC (269 trucks) | ALPINE MILLWORK COMPANY DBA ROCKY MOUNTAIN RELOAD (141 trucks) | ADAMS 12 FIVE STAR SCHOOLS (182 trucks) | GEOSTABILIZATION INTERNATIONAL LLC (155 trucks),129000,15905,11794669.0,"$349,000.00"
Sol_062,I-25 And Castle Pines Parkway,https://www.loopnet.com/Listing/I-25-And-Castle-Pines-Parkway-Castle-Rock-CO/32045010/,"Castle Rock, CO 80108",1.89,2000000.0,39.471987019978,-104.872723978419,7548.509999999999,10000,L,75.49%,1102,TOWN OF CASTLE ROCK  (109 trucks) | CH2M OMI CH2MHILL JACOBS (183 trucks) | ENTERPRISE RENT-A-CAR NATIONAL RENT A CAR ALAMO RENT A CAR (421 trucks) | GREAT SOUTHWESTERN CONSTRUCTION INC (280 trucks) | PACIFIC SHIPPING & TRUCKING CO INC (109 trucks),129000,15905,11794669.0,"$2,000,000.00"
Sol_063,2544 11th Ave,https://www.loopnet.com/Listing/2544-11th-Ave-Greeley-CO/35100267/,"Greeley, CO 80631",0.15,350000.0,40.395690645275,-104.69657283495,336.5,1000,XS,33.65%,145,WELD COUNTY PUBLIC WORKS DEPARTMENT (145 trucks),145000,16639,11859225.69,"$350,000.00"
Sol_063,1339 Sheridan Blvd,https://www.loopnet.com/Listing/1339-Sheridan-Blvd-Lakewood-CO/29629654/,"Lakewood, CO 80214",0.18,299999.0,39.737415742007,-105.053556666269,4008.78,5000,M,80.18%,809,COMPASS VEHICLE RENTAL INC (170 trucks) | JEFFERSON COUNTY (120 trucks) | JEFFCO SCHOOLS (274 trucks) | SITEWISE LLC (145 trucks) | CITY OF ARVADA (100 trucks),145000,16639,11859225.69,"$299,999.00"
Sol_063,422 Perry St,https://www.loopnet.com/Listing/422-Perry-St-Castle-Rock-CO/38421711/,"Castle Rock, CO 80104",0.24,605821.24,39.374148794158,-104.858322527659,2577.81,5000,M,51.56%,389,GREAT SOUTHWESTERN CONSTRUCTION INC (280 trucks) | TOWN OF CASTLE ROCK  (109 trucks),145000,16639,11859225.69,"$605,821.24"
Sol_063,239 S Main St,https://www.loopnet.com/Listing/239-S-Main-St-Brighton-CO/27424620/,"Brighton, CO 80601",0.31,250000.0,39.982905257485,-104.822555605705,1694.9,2000,S,84.75%,267,G&Z TRANSPORT LLC (147 trucks) | SIM TRUCKING INC (120 trucks),145000,16639,11859225.69,"$250,000.00"
Sol_063,606 W Colfax Ave,https://www.loopnet.com/Listing/606-W-Colfax-Ave-Denver-CO/26992476/,"Denver, CO 80204",0.31,1475000.0,39.739741342952,-104.995589435564,2877.2,5000,M,57.54%,393,MPLX G&P (144 trucks) | CONCRETE EXPRESS INC (128 trucks) | FARMERS ALL NATURAL (121 trucks),145000,16639,11859225.69,"$1,475,000.00"
Sol_063,1560 N Academy Blvd,https://www.loopnet.com/Listing/1560-N-Academy-Blvd-Colorado-Springs-CO/3886433/,"Colorado Springs, CO 80909",0.64,416700.0,38.854776988204,-104.75774002483,5689.619999999999,10000,L,56.90%,1031,COLORADO SPRINGS SCHOOL DISTRICT 11 (130 trucks) | MOUNTAIN METROPOLITAN TRANSIT (144 trucks) | CITY OF COLORADO SPRINGS (326 trucks) | El PASO COUNTY (112 trucks) | GOODWILL OF COLORADO (134 trucks) | VECTRUS SYSTEMS CORPORATION (185 trucks),145000,16639,11859225.69,"$416,700.00"
Sol_063,4237 McWhinney Blvd,https://www.loopnet.com/Listing/4237-McWhinney-Blvd-Loveland-CO/23974785/,"Loveland, CO 80538",0.65,871347.9,40.408208389025,-105.017378025231,252.96,1000,XS,25.30%,109,LOVELAND MUNICIPALITY (109 trucks),145000,16639,11859225.69,"$871,347.90"
Sol_063,10431 Quari St,https://www.loopnet.com/Listing/10431-Quari-St-Commerce-City-CO/29119294/,"Commerce City, CO 80022",0.72,270000.0,39.886267655476,-104.844980046547,4169.15,5000,M,83.38%,562,ENVIRONMENTAL DESIGNS LLC (156 trucks) | BALIC TRANSPORT INC (120 trucks) | BURNCO COLORADO LLC (146 trucks) | WEST DIRECT OIL (140 trucks),145000,16639,11859225.69,"$270,000.00"
Sol_063,NEC N Fairgrounds Ave,https://www.loopnet.com/Listing/NEC-N-Fairgrounds-Ave-Windsor-CO/29890025/,"Windsor, CO 80528",0.74,483449.0,40.437732372143,-104.982630626628,304.01,1000,XS,30.40%,131,LARIMER COUNTY (131 trucks),145000,16639,11859225.69,"$483,449.00"
Sol_063,11958 Lincoln Ave,https://www.loopnet.com/Listing/Lincoln-Ave-Parker-CO/39741118/,"Parker, CO 80138",0.86,495000.0,39.536519536914,-104.76116705724,15005.279999999999,20000,XL,75.03%,2050,ACCELERATED SERVICES LLC (373 trucks) | AMERICAN FURNITURE WAREHOUSE CO (340 trucks) | TERRACARE ASSOCIATES LLC (156 trucks) | IHC SCOTT INC (214 trucks) | BUCKLEY POWDER CO (217 trucks) | CH2M OMI CH2MHILL JACOBS (183 trucks) | ORICA USA INC (215 trucks) | CHERRY CREEK SCHOOLS (352 trucks),145000,16639,11859225.69,"$495,000.00"
Sol_063,Harmony Rd,https://www.loopnet.com/Listing/Harmony-Rd-Timnath-CO/21109276/,"Timnath, CO 80547",0.88,689895.0,40.522951241822,-104.96262130308,5618.16,10000,L,56.18%,972,NOVUS AG LLC (444 trucks) | CITY OF FORT COLLINS (285 trucks) | Poudre School District  (243 trucks),145000,16639,11859225.69,"$689,895.00"
Sol_063,2450 Curtis St,https://www.loopnet.com/Listing/2450-Curtis-St-Denver-CO/34878162/,"Denver, CO 80205",0.93,1930000.0,39.755035173034,-104.984190298703,13972.56,20000,XL,69.86%,1896,RES (149 trucks) | CO TRAN LLC (275 trucks) | WASTE CONNECTIONS OF COLORADO INC (486 trucks) | COORS DISTRIBUTING COMPANY MILLER COORS LLC (105 trucks) | U S TRANSPORT INC (200 trucks) | SUPERSHUTTLE DENVER (125 trucks) | UNITED SITE SERVICES OF NEVADA INC (409 trucks) | UNITED SITE SERVICES OF COLORADO INC (147 trucks),145000,16639,11859225.69,"$1,930,000.00"
Sol_063,1801 W Union Ave,https://www.loopnet.com/Listing/1801-W-Union-Ave-Englewood-CO/39250756/,"Englewood, CO 80110",0.95,912839.45,39.63264140749,-105.009568941318,14985.23,20000,XL,74.93%,2078,KEESEN ENTERPRISES INC (263 trucks) | QUALITY LOGISTICS INC (135 trucks) | PROCAM SERVICES  (101 trucks) | PACIFIC SHIPPING & TRUCKING CO INC (109 trucks) | CITY LIGHT AND POWER INC (121 trucks) | WHEEL PROS LLC (182 trucks) | GLOBAL TRANSPORTATION LLC (442 trucks) | COMCAST (194 trucks) | ENTERPRISE RENT-A-CAR NATIONAL RENT A CAR ALAMO RENT A CAR (421 trucks) | HBSCO DANS TRASH AT YOUR DISPOSAL (110 trucks),145000,16639,11859225.69,"$912,839.45"
Sol_063,3311 Ideal Drive Dr,https://www.loopnet.com/Listing/3311-Ideal-Drive-Dr-Frederick-CO/35744244/,"Frederick, CO 80516",1.0,949000.0,40.087044076103,-104.992966989518,4928.75,5000,M,98.58%,991,SUPREME TRANSPORT INC (183 trucks) | WARD ELECTRIC COMPANY INC (222 trucks) | CITY OF LONGMONT (211 trucks) | ST VRAIN VALLEY SCHOOL DISTRICT (174 trucks) | HEAT WAVES HOT OIL SERVICE LLC (201 trucks),145000,16639,11859225.69,"$949,000.00"
Sol_063,Colfax Ave & Airport Blvd,https://www.loopnet.com/Listing/Colfax-Ave-Airport-Blvd-Aurora-CO/24946845/,"Aurora, CO 80011",1.1,955174.1,39.740269989586,-104.791334022205,9801.08,10000,L,98.01%,1396,METCO LANDSCAPING INC (226 trucks) | WAGNER EQUIPMENT CO (423 trucks) | AURORA PUBLIC SCHOOLS (127 trucks) | CITY OF AURORA (271 trucks) | SHAMROCK FOODS COMPANY (214 trucks) | SWINGLE TREE & LANDSCAPE CARE (135 trucks),145000,16639,11859225.69,"$955,174.10"
Sol_063,8850 Huron St,https://www.loopnet.com/Listing/8850-Huron-St-Thornton-CO/33061072/,"Thornton, CO 80260",1.26,349000.0,39.858426283979,-104.995662022846,19552.47,20000,XL,97.76%,2801,CITY OF THORNTON (208 trucks) | CITY OF THORNTON (174 trucks) | COCAL LANDSCAPE SERVICES INC (153 trucks) | COLD FRONT (121 trucks) | READY MIX CONCRETE COMPANY (191 trucks) | NAVAJO EXPRESS INC (309 trucks) | TRI-STATE GENERATION & TRANSMISSION ASSOCIATION INC (321 trucks) | WESTERN DISTRIBUTING TRANSPORTATION CORP (155 trucks) | RMS CRANES (139 trucks) | SURESHOT DRILLING LLC ATOZ FIELD SERVICES LLC DRILL TECH LLC PINNACLE DEVELOPMENT INC HDD SPECIALISTS LLC (135 trucks) | EAGLE ROCK DISTRIBUTING COMPANY OF COLORADO LLC (148 trucks) | OFFEN PETROLEUM LLC (269 trucks) | ALPINE MILLWORK COMPANY DBA ROCKY MOUNTAIN RELOAD (141 trucks) | ADAMS 12 FIVE STAR SCHOOLS (182 trucks) | GEOSTABILIZATION INTERNATIONAL LLC (155 trucks),145000,16639,11859225.69,"$349,000.00"
Sol_063,765 Aspen Ridge Drive Dr,https://www.loopnet.com/Listing/765-Aspen-Ridge-Drive-Dr-Lafayette-CO/32931931/,"Lafayette, CO 80026",1.43,556000.0,40.006898203868,-105.107210150504,4585.06,5000,M,91.70%,619,BOULDER VALLEY SCHOOL DISTRICT RE-2 (134 trucks) | VIA MOBILITY SERVICES (196 trucks) | VIA MOBILITY SERVICES (116 trucks) | CU (173 trucks),145000,16639,11859225.69,"$556,000.00"
Sol_064,2544 11th Ave,https://www.loopnet.com/Listing/2544-11th-Ave-Greeley-CO/35100267/,"Greeley, CO 80631",0.15,350000.0,40.395690645275,-104.69657283495,336.5,1000,XS,33.65%,145,WELD COUNTY PUBLIC WORKS DEPARTMENT (145 trucks),145000,16566,11474224.69,"$350,000.00"
Sol_064,422 Perry St,https://www.loopnet.com/Listing/422-Perry-St-Castle-Rock-CO/38421711/,"Castle Rock, CO 80104",0.24,605821.24,39.374148794158,-104.858322527659,2577.81,5000,M,51.56%,389,GREAT SOUTHWESTERN CONSTRUCTION INC (280 trucks) | TOWN OF CASTLE ROCK  (109 trucks),145000,16566,11474224.69,"$605,821.24"
Sol_064,1319 Sheridan Blvd,https://www.loopnet.com/Listing/1319-1327-Sheridan-Blvd-Lakewood-CO/38343110/,"Lakewood, CO 80214",0.3,999998.0,39.737113071483,-105.053491874157,7437.9400000000005,10000,L,74.38%,1222,COMPASS VEHICLE RENTAL INC (170 trucks) | JEFFERSON COUNTY (120 trucks) | JEFFCO SCHOOLS (274 trucks) | SITEWISE LLC (145 trucks) | CITY OF ARVADA (100 trucks) | HOLCIM WCR INC (298 trucks) | ENIVIRONMENTAL LANDWORKS COMPANY INC (115 trucks),145000,16566,11474224.69,"$999,998.00"
Sol_064,239 S Main St,https://www.loopnet.com/Listing/239-S-Main-St-Brighton-CO/27424620/,"Brighton, CO 80601",0.31,250000.0,39.982905257485,-104.822555605705,1694.9,2000,S,84.75%,267,G&Z TRANSPORT LLC (147 trucks) | SIM TRUCKING INC (120 trucks),145000,16566,11474224.69,"$250,000.00"
Sol_064,606 W Colfax Ave,https://www.loopnet.com/Listing/606-W-Colfax-Ave-Denver-CO/26992476/,"Denver, CO 80204",0.31,1475000.0,39.739741342952,-104.995589435564,8930.12,10000,L,89.30%,1122,MPLX G&P (144 trucks) | RES (149 trucks) | CONCRETE EXPRESS INC (128 trucks) | FARMERS ALL NATURAL (121 trucks) | CO TRAN LLC (275 trucks) | COORS DISTRIBUTING COMPANY MILLER COORS LLC (105 trucks) | U S TRANSPORT INC (200 trucks),145000,16566,11474224.69,"$1,475,000.00"
Sol_064,8905 E Colfax Ave,https://www.loopnet.com/Listing/8905-E-Colfax-Ave-Aurora-CO/32567100/,"Aurora, CO 80010",0.33,845000.0,39.740387126683,-104.884281197975,6813.16,10000,L,68.13%,1010,SUPERSHUTTLE DENVER (125 trucks) | SWINGLE TREE & LANDSCAPE CARE (135 trucks) | COMCAST (194 trucks) | UNITED SITE SERVICES OF NEVADA INC (409 trucks) | UNITED SITE SERVICES OF COLORADO INC (147 trucks),145000,16566,11474224.69,"$845,000.00"
Sol_064,1560 N Academy Blvd,https://www.loopnet.com/Listing/1560-N-Academy-Blvd-Colorado-Springs-CO/3886433/,"Colorado Springs, CO 80909",0.64,416700.0,38.854776988204,-104.75774002483,5689.619999999999,10000,L,56.90%,1031,COLORADO SPRINGS SCHOOL DISTRICT 11 (130 trucks) | MOUNTAIN METROPOLITAN TRANSIT (144 trucks) | CITY OF COLORADO SPRINGS (326 trucks) | El PASO COUNTY (112 trucks) | GOODWILL OF COLORADO (134 trucks) | VECTRUS SYSTEMS CORPORATION (185 trucks),145000,16566,11474224.69,"$416,700.00"
Sol_064,4237 McWhinney Blvd,https://www.loopnet.com/Listing/4237-McWhinney-Blvd-Loveland-CO/23974785/,"Loveland, CO 80538",0.65,871347.9,40.408208389025,-105.017378025231,252.96,1000,XS,25.30%,109,LOVELAND MUNICIPALITY (109 trucks),145000,16566,11474224.69,"$871,347.90"
Sol_064,10431 Quari St,https://www.loopnet.com/Listing/10431-Quari-St-Commerce-City-CO/29119294/,"Commerce City, CO 80022",0.72,270000.0,39.886267655476,-104.844980046547,4169.15,5000,M,83.38%,562,ENVIRONMENTAL DESIGNS LLC (156 trucks) | BALIC TRANSPORT INC (120 trucks) | BURNCO COLORADO LLC (146 trucks) | WEST DIRECT OIL (140 trucks),145000,16566,11474224.69,"$270,000.00"
Sol_064,NEC N Fairgrounds Ave,https://www.loopnet.com/Listing/NEC-N-Fairgrounds-Ave-Windsor-CO/29890025/,"Windsor, CO 80528",0.74,483449.0,40.437732372143,-104.982630626628,304.01,1000,XS,30.40%,131,LARIMER COUNTY (131 trucks),145000,16566,11474224.69,"$483,449.00"
Sol_064,11958 Lincoln Ave,https://www.loopnet.com/Listing/Lincoln-Ave-Parker-CO/39741118/,"Parker, CO 80138",0.86,495000.0,39.536519536914,-104.76116705724,15005.279999999999,20000,XL,75.03%,2050,ACCELERATED SERVICES LLC (373 trucks) | AMERICAN FURNITURE WAREHOUSE CO (340 trucks) | TERRACARE ASSOCIATES LLC (156 trucks) | IHC SCOTT INC (214 trucks) | BUCKLEY POWDER CO (217 trucks) | CH2M OMI CH2MHILL JACOBS (183 trucks) | ORICA USA INC (215 trucks) | CHERRY CREEK SCHOOLS (352 trucks),145000,16566,11474224.69,"$495,000.00"
Sol_064,Harmony Rd,https://www.loopnet.com/Listing/Harmony-Rd-Timnath-CO/21109276/,"Timnath, CO 80547",0.88,689895.0,40.522951241822,-104.96262130308,5618.16,10000,L,56.18%,972,NOVUS AG LLC (444 trucks) | CITY OF FORT COLLINS (285 trucks) | Poudre School District  (243 trucks),145000,16566,11474224.69,"$689,895.00"
Sol_064,1801 W Union Ave,https://www.loopnet.com/Listing/1801-W-Union-Ave-Englewood-CO/39250756/,"Englewood, CO 80110",0.95,912839.45,39.63264140749,-105.009568941318,14063.34,20000,XL,70.32%,1884,KEESEN ENTERPRISES INC (263 trucks) | QUALITY LOGISTICS INC (135 trucks) | PROCAM SERVICES  (101 trucks) | PACIFIC SHIPPING & TRUCKING CO INC (109 trucks) | CITY LIGHT AND POWER INC (121 trucks) | WHEEL PROS LLC (182 trucks) | GLOBAL TRANSPORTATION LLC (442 trucks) | ENTERPRISE RENT-A-CAR NATIONAL RENT A CAR ALAMO RENT A CAR (421 trucks) | HBSCO DANS TRASH AT YOUR DISPOSAL (110 trucks),145000,16566,11474224.69,"$912,839.45"
Sol_064,3311 Ideal Drive Dr,https://www.loopnet.com/Listing/3311-Ideal-Drive-Dr-Frederick-CO/35744244/,"Frederick, CO 80516",1.0,949000.0,40.087044076103,-104.992966989518,4928.75,5000,M,98.58%,991,SUPREME TRANSPORT INC (183 trucks) | WARD ELECTRIC COMPANY INC (222 trucks) | CITY OF LONGMONT (211 trucks) | ST VRAIN VALLEY SCHOOL DISTRICT (174 trucks) | HEAT WAVES HOT OIL SERVICE LLC (201 trucks),145000,16566,11474224.69,"$949,000.00"
Sol_064,Colfax Ave & Airport Blvd,https://www.loopnet.com/Listing/Colfax-Ave-Airport-Blvd-Aurora-CO/24946845/,"Aurora, CO 80011",1.1,955174.1,39.740269989586,-104.791334022205,8680.17,10000,L,86.80%,1261,METCO LANDSCAPING INC (226 trucks) | WAGNER EQUIPMENT CO (423 trucks) | AURORA PUBLIC SCHOOLS (127 trucks) | CITY OF AURORA (271 trucks) | SHAMROCK FOODS COMPANY (214 trucks),145000,16566,11474224.69,"$955,174.10"
Sol_064,8850 Huron St,https://www.loopnet.com/Listing/8850-Huron-St-Thornton-CO/33061072/,"Thornton, CO 80260",1.26,349000.0,39.858426283979,-104.995662022846,19552.47,20000,XL,97.76%,2801,CITY OF THORNTON (208 trucks) | CITY OF THORNTON (174 trucks) | COCAL LANDSCAPE SERVICES INC (153 trucks) | COLD FRONT (121 trucks) | READY MIX CONCRETE COMPANY (191 trucks) | NAVAJO EXPRESS INC (309 trucks) | TRI-STATE GENERATION & TRANSMISSION ASSOCIATION INC (321 trucks) | WESTERN DISTRIBUTING TRANSPORTATION CORP (155 trucks) | RMS CRANES (139 trucks) | SURESHOT DRILLING LLC ATOZ FIELD SERVICES LLC DRILL TECH LLC PINNACLE DEVELOPMENT INC HDD SPECIALISTS LLC (135 trucks) | EAGLE ROCK DISTRIBUTING COMPANY OF COLORADO LLC (148 trucks) | OFFEN PETROLEUM LLC (269 trucks) | ALPINE MILLWORK COMPANY DBA ROCKY MOUNTAIN RELOAD (141 trucks) | ADAMS 12 FIVE STAR SCHOOLS (182 trucks) | GEOSTABILIZATION INTERNATIONAL LLC (155 trucks),145000,16566,11474224.69,"$349,000.00"
Sol_064,765 Aspen Ridge Drive Dr,https://www.loopnet.com/Listing/765-Aspen-Ridge-Drive-Dr-Lafayette-CO/32931931/,"Lafayette, CO 80026",1.43,556000.0,40.006898203868,-105.107210150504,4585.06,5000,M,91.70%,619,BOULDER VALLEY SCHOOL DISTRICT RE-2 (134 trucks) | VIA MOBILITY SERVICES (196 trucks) | VIA MOBILITY SERVICES (116 trucks) | CU (173 trucks),145000,16566,11474224.69,"$556,000.00"
Sol_065,2544 11th Ave,https://www.loopnet.com/Listing/2544-11th-Ave-Greeley-CO/35100267/,"Greeley, CO 80631",0.15,350000.0,40.395690645275,-104.69657283495,336.5,1000,XS,33.65%,145,WELD COUNTY PUBLIC WORKS DEPARTMENT (145 trucks),129000,14944,9453330.690000001,"$350,000.00"
Sol_065,1339 Sheridan Blvd,https://www.loopnet.com/Listing/1339-Sheridan-Blvd-Lakewood-CO/29629654/,"Lakewood, CO 80214",0.18,299999.0,39.737415742007,-105.053556666269,4008.78,5000,M,80.18%,809,COMPASS VEHICLE RENTAL INC (170 trucks) | JEFFERSON COUNTY (120 trucks) | JEFFCO SCHOOLS (274 trucks) | SITEWISE LLC (145 trucks) | CITY OF ARVADA (100 trucks),129000,14944,9453330.690000001,"$299,999.00"
Sol_065,422 Perry St,https://www.loopnet.com/Listing/422-Perry-St-Castle-Rock-CO/38421711/,"Castle Rock, CO 80104",0.24,605821.24,39.374148794158,-104.858322527659,2577.81,5000,M,51.56%,389,GREAT SOUTHWESTERN CONSTRUCTION INC (280 trucks) | TOWN OF CASTLE ROCK  (109 trucks),129000,14944,9453330.690000001,"$605,821.24"
Sol_065,239 S Main St,https://www.loopnet.com/Listing/239-S-Main-St-Brighton-CO/27424620/,"Brighton, CO 80601",0.31,250000.0,39.982905257485,-104.822555605705,1694.9,2000,S,84.75%,267,G&Z TRANSPORT LLC (147 trucks) | SIM TRUCKING INC (120 trucks),129000,14944,9453330.690000001,"$250,000.00"
Sol_065,606 W Colfax Ave,https://www.loopnet.com/Listing/606-W-Colfax-Ave-Denver-CO/26992476/,"Denver, CO 80204",0.31,1475000.0,39.739741342952,-104.995589435564,8930.12,10000,L,89.30%,1122,MPLX G&P (144 trucks) | RES (149 trucks) | CONCRETE EXPRESS INC (128 trucks) | FARMERS ALL NATURAL (121 trucks) | CO TRAN LLC (275 trucks) | COORS DISTRIBUTING COMPANY MILLER COORS LLC (105 trucks) | U S TRANSPORT INC (200 trucks),129000,14944,9453330.690000001,"$1,475,000.00"
Sol_065,1560 N Academy Blvd,https://www.loopnet.com/Listing/1560-N-Academy-Blvd-Colorado-Springs-CO/3886433/,"Colorado Springs, CO 80909",0.64,416700.0,38.854776988204,-104.75774002483,5689.619999999999,10000,L,56.90%,1031,COLORADO SPRINGS SCHOOL DISTRICT 11 (130 trucks) | MOUNTAIN METROPOLITAN TRANSIT (144 trucks) | CITY OF COLORADO SPRINGS (326 trucks) | El PASO COUNTY (112 trucks) | GOODWILL OF COLORADO (134 trucks) | VECTRUS SYSTEMS CORPORATION (185 trucks),129000,14944,9453330.690000001,"$416,700.00"
Sol_065,4237 McWhinney Blvd,https://www.loopnet.com/Listing/4237-McWhinney-Blvd-Loveland-CO/23974785/,"Loveland, CO 80538",0.65,871347.9,40.408208389025,-105.017378025231,252.96,1000,XS,25.30%,109,LOVELAND MUNICIPALITY (109 trucks),129000,14944,9453330.690000001,"$871,347.90"
Sol_065,10431 Quari St,https://www.loopnet.com/Listing/10431-Quari-St-Commerce-City-CO/29119294/,"Commerce City, CO 80022",0.72,270000.0,39.886267655476,-104.844980046547,4169.15,5000,M,83.38%,562,ENVIRONMENTAL DESIGNS LLC (156 trucks) | BALIC TRANSPORT INC (120 trucks) | BURNCO COLORADO LLC (146 trucks) | WEST DIRECT OIL (140 trucks),129000,14944,9453330.690000001,"$270,000.00"
Sol_065,NEC N Fairgrounds Ave,https://www.loopnet.com/Listing/NEC-N-Fairgrounds-Ave-Windsor-CO/29890025/,"Windsor, CO 80528",0.74,483449.0,40.437732372143,-104.982630626628,3990.5600000000004,5000,M,79.81%,575,LARIMER COUNTY (131 trucks) | NOVUS AG LLC (444 trucks),129000,14944,9453330.690000001,"$483,449.00"
Sol_065,11958 Lincoln Ave,https://www.loopnet.com/Listing/Lincoln-Ave-Parker-CO/39741118/,"Parker, CO 80138",0.86,495000.0,39.536519536914,-104.76116705724,15005.279999999999,20000,XL,75.03%,2050,ACCELERATED SERVICES LLC (373 trucks) | AMERICAN FURNITURE WAREHOUSE CO (340 trucks) | TERRACARE ASSOCIATES LLC (156 trucks) | IHC SCOTT INC (214 trucks) | BUCKLEY POWDER CO (217 trucks) | CH2M OMI CH2MHILL JACOBS (183 trucks) | ORICA USA INC (215 trucks) | CHERRY CREEK SCHOOLS (352 trucks),129000,14944,9453330.690000001,"$495,000.00"
Sol_065,1801 W Union Ave,https://www.loopnet.com/Listing/1801-W-Union-Ave-Englewood-CO/39250756/,"Englewood, CO 80110",0.95,912839.45,39.63264140749,-105.009568941318,14985.23,20000,XL,74.93%,2078,KEESEN ENTERPRISES INC (263 trucks) | QUALITY LOGISTICS INC (135 trucks) | PROCAM SERVICES  (101 trucks) | PACIFIC SHIPPING & TRUCKING CO INC (109 trucks) | CITY LIGHT AND POWER INC (121 trucks) | WHEEL PROS LLC (182 trucks) | GLOBAL TRANSPORTATION LLC (442 trucks) | COMCAST (194 trucks) | ENTERPRISE RENT-A-CAR NATIONAL RENT A CAR ALAMO RENT A CAR (421 trucks) | HBSCO DANS TRASH AT YOUR DISPOSAL (110 trucks),129000,14944,9453330.690000001,"$912,839.45"
Sol_065,3311 Ideal Drive Dr,https://www.loopnet.com/Listing/3311-Ideal-Drive-Dr-Frederick-CO/35744244/,"Frederick, CO 80516",1.0,949000.0,40.087044076103,-104.992966989518,4928.75,5000,M,98.58%,991,SUPREME TRANSPORT INC (183 trucks) | WARD ELECTRIC COMPANY INC (222 trucks) | CITY OF LONGMONT (211 trucks) | ST VRAIN VALLEY SCHOOL DISTRICT (174 trucks) | HEAT WAVES HOT OIL SERVICE LLC (201 trucks),129000,14944,9453330.690000001,"$949,000.00"
Sol_065,Colfax Ave & Airport Blvd,https://www.loopnet.com/Listing/Colfax-Ave-Airport-Blvd-Aurora-CO/24946845/,"Aurora, CO 80011",1.1,955174.1,39.740269989586,-104.791334022205,9801.08,10000,L,98.01%,1396,METCO LANDSCAPING INC (226 trucks) | WAGNER EQUIPMENT CO (423 trucks) | AURORA PUBLIC SCHOOLS (127 trucks) | CITY OF AURORA (271 trucks) | SHAMROCK FOODS COMPANY (214 trucks) | SWINGLE TREE & LANDSCAPE CARE (135 trucks),129000,14944,9453330.690000001,"$955,174.10"
Sol_065,8850 Huron St,https://www.loopnet.com/Listing/8850-Huron-St-Thornton-CO/33061072/,"Thornton, CO 80260",1.26,349000.0,39.858426283979,-104.995662022846,18265.5,20000,XL,91.33%,2646,CITY OF THORNTON (208 trucks) | CITY OF THORNTON (174 trucks) | COCAL LANDSCAPE SERVICES INC (153 trucks) | COLD FRONT (121 trucks) | READY MIX CONCRETE COMPANY (191 trucks) | NAVAJO EXPRESS INC (309 trucks) | TRI-STATE GENERATION & TRANSMISSION ASSOCIATION INC (321 trucks) | WESTERN DISTRIBUTING TRANSPORTATION CORP (155 trucks) | RMS CRANES (139 trucks) | SURESHOT DRILLING LLC ATOZ FIELD SERVICES LLC DRILL TECH LLC PINNACLE DEVELOPMENT INC HDD SPECIALISTS LLC (135 trucks) | EAGLE ROCK DISTRIBUTING COMPANY OF COLORADO LLC (148 trucks) | OFFEN PETROLEUM LLC (269 trucks) | ALPINE MILLWORK COMPANY DBA ROCKY MOUNTAIN RELOAD (141 trucks) | ADAMS 12 FIVE STAR SCHOOLS (182 trucks),129000,14944,9453330.690000001,"$349,000.00"
Sol_065,691 S Arthur Ave,https://www.loopnet.com/Listing/691-S-Arthur-Ave-Louisville-CO/28363665/,"Louisville, CO 80027",1.82,770000.0,39.959650421496,-105.123043733241,5872.03,10000,L,58.72%,774,GEOSTABILIZATION INTERNATIONAL LLC (155 trucks) | BOULDER VALLEY SCHOOL DISTRICT RE-2 (134 trucks) | VIA MOBILITY SERVICES (196 trucks) | VIA MOBILITY SERVICES (116 trucks) | CU (173 trucks),129000,14944,9453330.690000001,"$770,000.00"
Sol_066,2544 11th Ave,https://www.loopnet.com/Listing/2544-11th-Ave-Greeley-CO/35100267/,"Greeley, CO 80631",0.15,350000.0,40.395690645275,-104.69657283495,336.5,1000,XS,33.65%,145,WELD COUNTY PUBLIC WORKS DEPARTMENT (145 trucks),137000,16124,10741385.24,"$350,000.00"
Sol_066,1339 Sheridan Blvd,https://www.loopnet.com/Listing/1339-Sheridan-Blvd-Lakewood-CO/29629654/,"Lakewood, CO 80214",0.18,299999.0,39.737415742007,-105.053556666269,1949.27,2000,S,97.46%,415,COMPASS VEHICLE RENTAL INC (170 trucks) | SITEWISE LLC (145 trucks) | CITY OF ARVADA (100 trucks),137000,16124,10741385.24,"$299,999.00"
Sol_066,422 Perry St,https://www.loopnet.com/Listing/422-Perry-St-Castle-Rock-CO/38421711/,"Castle Rock, CO 80104",0.24,605821.24,39.374148794158,-104.858322527659,2577.81,5000,M,51.56%,389,GREAT SOUTHWESTERN CONSTRUCTION INC (280 trucks) | TOWN OF CASTLE ROCK  (109 trucks),137000,16124,10741385.24,"$605,821.24"
Sol_066,239 S Main St,https://www.loopnet.com/Listing/239-S-Main-St-Brighton-CO/27424620/,"Brighton, CO 80601",0.31,250000.0,39.982905257485,-104.822555605705,1694.9,2000,S,84.75%,267,G&Z TRANSPORT LLC (147 trucks) | SIM TRUCKING INC (120 trucks),137000,16124,10741385.24,"$250,000.00"
Sol_066,606 W Colfax Ave,https://www.loopnet.com/Listing/606-W-Colfax-Ave-Denver-CO/26992476/,"Denver, CO 80204",0.31,1475000.0,39.739741342952,-104.995589435564,8930.12,10000,L,89.30%,1122,MPLX G&P (144 trucks) | RES (149 trucks) | CONCRETE EXPRESS INC (128 trucks) | FARMERS ALL NATURAL (121 trucks) | CO TRAN LLC (275 trucks) | COORS DISTRIBUTING COMPANY MILLER COORS LLC (105 trucks) | U S TRANSPORT INC (200 trucks),137000,16124,10741385.24,"$1,475,000.00"
Sol_066,8905 E Colfax Ave,https://www.loopnet.com/Listing/8905-E-Colfax-Ave-Aurora-CO/32567100/,"Aurora, CO 80010",0.33,845000.0,39.740387126683,-104.884281197975,8899.3,10000,L,88.99%,1313,SUPERSHUTTLE DENVER (125 trucks) | SWINGLE TREE & LANDSCAPE CARE (135 trucks) | COMCAST (194 trucks) | UNITED SITE SERVICES OF NEVADA INC (409 trucks) | UNITED SITE SERVICES OF COLORADO INC (147 trucks) | CITY LIGHT AND POWER INC (121 trucks) | WHEEL PROS LLC (182 trucks),137000,16124,10741385.24,"$845,000.00"
Sol_066,17160 W Colfax Ave,https://www.loopnet.com/Listing/17160-W-Colfax-Ave-Golden-CO/29520298/,"Golden, CO 80401",0.63,500000.0,39.722253633534,-105.192465086092,5488.67,10000,L,54.89%,807,ENIVIRONMENTAL LANDWORKS COMPANY INC (115 trucks) | HOLCIM WCR INC (298 trucks) | JEFFCO SCHOOLS (274 trucks) | JEFFERSON COUNTY (120 trucks),137000,16124,10741385.24,"$500,000.00"
Sol_066,1560 N Academy Blvd,https://www.loopnet.com/Listing/1560-N-Academy-Blvd-Colorado-Springs-CO/3886433/,"Colorado Springs, CO 80909",0.64,416700.0,38.854776988204,-104.75774002483,5689.619999999999,10000,L,56.90%,1031,COLORADO SPRINGS SCHOOL DISTRICT 11 (130 trucks) | MOUNTAIN METROPOLITAN TRANSIT (144 trucks) | CITY OF COLORADO SPRINGS (326 trucks) | El PASO COUNTY (112 trucks) | GOODWILL OF COLORADO (134 trucks) | VECTRUS SYSTEMS CORPORATION (185 trucks),137000,16124,10741385.24,"$416,700.00"
Sol_066,4237 McWhinney Blvd,https://www.loopnet.com/Listing/4237-McWhinney-Blvd-Loveland-CO/23974785/,"Loveland, CO 80538",0.65,871347.9,40.408208389025,-105.017378025231,252.96,1000,XS,25.30%,109,LOVELAND MUNICIPALITY (109 trucks),137000,16124,10741385.24,"$871,347.90"
Sol_066,7300 W Jefferson Ave,https://www.loopnet.com/Listing/7300-W-Jefferson-Ave-Lakewood-CO/38419312/,"Lakewood, CO 80235",0.66,379999.0,39.649773884125,-105.079540805378,5048.249999999999,10000,L,50.48%,608,QUALITY LOGISTICS INC (135 trucks) | KEESEN ENTERPRISES INC (263 trucks) | PROCAM SERVICES  (101 trucks) | PACIFIC SHIPPING & TRUCKING CO INC (109 trucks),137000,16124,10741385.24,"$379,999.00"
Sol_066,10431 Quari St,https://www.loopnet.com/Listing/10431-Quari-St-Commerce-City-CO/29119294/,"Commerce City, CO 80022",0.72,270000.0,39.886267655476,-104.844980046547,4169.15,5000,M,83.38%,562,ENVIRONMENTAL DESIGNS LLC (156 trucks) | BALIC TRANSPORT INC (120 trucks) | BURNCO COLORADO LLC (146 trucks) | WEST DIRECT OIL (140 trucks),137000,16124,10741385.24,"$270,000.00"
Sol_066,NEC N Fairgrounds Ave,https://www.loopnet.com/Listing/NEC-N-Fairgrounds-Ave-Windsor-CO/29890025/,"Windsor, CO 80528",0.74,483449.0,40.437732372143,-104.982630626628,304.01,1000,XS,30.40%,131,LARIMER COUNTY (131 trucks),137000,16124,10741385.24,"$483,449.00"
Sol_066,11958 Lincoln Ave,https://www.loopnet.com/Listing/Lincoln-Ave-Parker-CO/39741118/,"Parker, CO 80138",0.86,495000.0,39.536519536914,-104.76116705724,18264.289999999997,20000,XL,91.32%,2581,ACCELERATED SERVICES LLC (373 trucks) | AMERICAN FURNITURE WAREHOUSE CO (340 trucks) | TERRACARE ASSOCIATES LLC (156 trucks) | IHC SCOTT INC (214 trucks) | BUCKLEY POWDER CO (217 trucks) | CH2M OMI CH2MHILL JACOBS (183 trucks) | ORICA USA INC (215 trucks) | CHERRY CREEK SCHOOLS (352 trucks) | HBSCO DANS TRASH AT YOUR DISPOSAL (110 trucks) | ENTERPRISE RENT-A-CAR NATIONAL RENT A CAR ALAMO RENT A CAR (421 trucks),137000,16124,10741385.24,"$495,000.00"
Sol_066,Harmony Rd,https://www.loopnet.com/Listing/Harmony-Rd-Timnath-CO/21109276/,"Timnath, CO 80547",0.88,689895.0,40.522951241822,-104.96262130308,5618.16,10000,L,56.18%,972,NOVUS AG LLC (444 trucks) | CITY OF FORT COLLINS (285 trucks) | Poudre School District  (243 trucks),137000,16124,10741385.24,"$689,895.00"
Sol_066,3311 Ideal Drive Dr,https://www.loopnet.com/Listing/3311-Ideal-Drive-Dr-Frederick-CO/35744244/,"Frederick, CO 80516",1.0,949000.0,40.087044076103,-104.992966989518,4928.75,5000,M,98.58%,991,SUPREME TRANSPORT INC (183 trucks) | WARD ELECTRIC COMPANY INC (222 trucks) | CITY OF LONGMONT (211 trucks) | ST VRAIN VALLEY SCHOOL DISTRICT (174 trucks) | HEAT WAVES HOT OIL SERVICE LLC (201 trucks),137000,16124,10741385.24,"$949,000.00"
Sol_066,Colfax Ave & Airport Blvd,https://www.loopnet.com/Listing/Colfax-Ave-Airport-Blvd-Aurora-CO/24946845/,"Aurora, CO 80011",1.1,955174.1,39.740269989586,-104.791334022205,8680.17,10000,L,86.80%,1261,METCO LANDSCAPING INC (226 trucks) | WAGNER EQUIPMENT CO (423 trucks) | AURORA PUBLIC SCHOOLS (127 trucks) | CITY OF AURORA (271 trucks) | SHAMROCK FOODS COMPANY (214 trucks),137000,16124,10741385.24,"$955,174.10"
Sol_066,8850 Huron St,https://www.loopnet.com/Listing/8850-Huron-St-Thornton-CO/33061072/,"Thornton, CO 80260",1.26,349000.0,39.858426283979,-104.995662022846,19552.47,20000,XL,97.76%,2801,CITY OF THORNTON (208 trucks) | CITY OF THORNTON (174 trucks) | COCAL LANDSCAPE SERVICES INC (153 trucks) | COLD FRONT (121 trucks) | READY MIX CONCRETE COMPANY (191 trucks) | NAVAJO EXPRESS INC (309 trucks) | TRI-STATE GENERATION & TRANSMISSION ASSOCIATION INC (321 trucks) | WESTERN DISTRIBUTING TRANSPORTATION CORP (155 trucks) | RMS CRANES (139 trucks) | SURESHOT DRILLING LLC ATOZ FIELD SERVICES LLC DRILL TECH LLC PINNACLE DEVELOPMENT INC HDD SPECIALISTS LLC (135 trucks) | EAGLE ROCK DISTRIBUTING COMPANY OF COLORADO LLC (148 trucks) | OFFEN PETROLEUM LLC (269 trucks) | ALPINE MILLWORK COMPANY DBA ROCKY MOUNTAIN RELOAD (141 trucks) | ADAMS 12 FIVE STAR SCHOOLS (182 trucks) | GEOSTABILIZATION INTERNATIONAL LLC (155 trucks),137000,16124,10741385.24,"$349,000.00"
Sol_066,765 Aspen Ridge Drive Dr,https://www.loopnet.com/Listing/765-Aspen-Ridge-Drive-Dr-Lafayette-CO/32931931/,"Lafayette, CO 80026",1.43,556000.0,40.006898203868,-105.107210150504,4585.06,5000,M,91.70%,619,BOULDER VALLEY SCHOOL DISTRICT RE-2 (134 trucks) | VIA MOBILITY SERVICES (196 trucks) | VIA MOBILITY SERVICES (116 trucks) | CU (173 trucks),137000,16124,10741385.24,"$556,000.00"
Sol_067,2544 11th Ave,https://www.loopnet.com/Listing/2544-11th-Ave-Greeley-CO/35100267/,"Greeley, CO 80631",0.15,350000.0,40.395690645275,-104.69657283495,336.5,1000,XS,33.65%,145,WELD COUNTY PUBLIC WORKS DEPARTMENT (145 trucks),141000,16038,10584330.69,"$350,000.00"
Sol_067,1339 Sheridan Blvd,https://www.loopnet.com/Listing/1339-Sheridan-Blvd-Lakewood-CO/29629654/,"Lakewood, CO 80214",0.18,299999.0,39.737415742007,-105.053556666269,1949.27,2000,S,97.46%,415,COMPASS VEHICLE RENTAL INC (170 trucks) | SITEWISE LLC (145 trucks) | CITY OF ARVADA (100 trucks),141000,16038,10584330.69,"$299,999.00"
Sol_067,422 Perry St,https://www.loopnet.com/Listing/422-Perry-St-Castle-Rock-CO/38421711/,"Castle Rock, CO 80104",0.24,605821.24,39.374148794158,-104.858322527659,2577.81,5000,M,51.56%,389,GREAT SOUTHWESTERN CONSTRUCTION INC (280 trucks) | TOWN OF CASTLE ROCK  (109 trucks),141000,16038,10584330.69,"$605,821.24"
Sol_067,239 S Main St,https://www.loopnet.com/Listing/239-S-Main-St-Brighton-CO/27424620/,"Brighton, CO 80601",0.31,250000.0,39.982905257485,-104.822555605705,1694.9,2000,S,84.75%,267,G&Z TRANSPORT LLC (147 trucks) | SIM TRUCKING INC (120 trucks),141000,16038,10584330.69,"$250,000.00"
Sol_067,606 W Colfax Ave,https://www.loopnet.com/Listing/606-W-Colfax-Ave-Denver-CO/26992476/,"Denver, CO 80204",0.31,1475000.0,39.739741342952,-104.995589435564,8930.12,10000,L,89.30%,1122,MPLX G&P (144 trucks) | RES (149 trucks) | CONCRETE EXPRESS INC (128 trucks) | FARMERS ALL NATURAL (121 trucks) | CO TRAN LLC (275 trucks) | COORS DISTRIBUTING COMPANY MILLER COORS LLC (105 trucks) | U S TRANSPORT INC (200 trucks),141000,16038,10584330.69,"$1,475,000.00"
Sol_067,8905 E Colfax Ave,https://www.loopnet.com/Listing/8905-E-Colfax-Ave-Aurora-CO/32567100/,"Aurora, CO 80010",0.33,845000.0,39.740387126683,-104.884281197975,6813.16,10000,L,68.13%,1010,SUPERSHUTTLE DENVER (125 trucks) | SWINGLE TREE & LANDSCAPE CARE (135 trucks) | COMCAST (194 trucks) | UNITED SITE SERVICES OF NEVADA INC (409 trucks) | UNITED SITE SERVICES OF COLORADO INC (147 trucks),141000,16038,10584330.69,"$845,000.00"
Sol_067,17160 W Colfax Ave,https://www.loopnet.com/Listing/17160-W-Colfax-Ave-Golden-CO/29520298/,"Golden, CO 80401",0.63,500000.0,39.722253633534,-105.192465086092,5488.67,10000,L,54.89%,807,ENIVIRONMENTAL LANDWORKS COMPANY INC (115 trucks) | HOLCIM WCR INC (298 trucks) | JEFFCO SCHOOLS (274 trucks) | JEFFERSON COUNTY (120 trucks),141000,16038,10584330.69,"$500,000.00"
Sol_067,1560 N Academy Blvd,https://www.loopnet.com/Listing/1560-N-Academy-Blvd-Colorado-Springs-CO/3886433/,"Colorado Springs, CO 80909",0.64,416700.0,38.854776988204,-104.75774002483,5689.619999999999,10000,L,56.90%,1031,COLORADO SPRINGS SCHOOL DISTRICT 11 (130 trucks) | MOUNTAIN METROPOLITAN TRANSIT (144 trucks) | CITY OF COLORADO SPRINGS (326 trucks) | El PASO COUNTY (112 trucks) | GOODWILL OF COLORADO (134 trucks) | VECTRUS SYSTEMS CORPORATION (185 trucks),141000,16038,10584330.69,"$416,700.00"
Sol_067,4237 McWhinney Blvd,https://www.loopnet.com/Listing/4237-McWhinney-Blvd-Loveland-CO/23974785/,"Loveland, CO 80538",0.65,871347.9,40.408208389025,-105.017378025231,252.96,1000,XS,25.30%,109,LOVELAND MUNICIPALITY (109 trucks),141000,16038,10584330.69,"$871,347.90"
Sol_067,10431 Quari St,https://www.loopnet.com/Listing/10431-Quari-St-Commerce-City-CO/29119294/,"Commerce City, CO 80022",0.72,270000.0,39.886267655476,-104.844980046547,4169.15,5000,M,83.38%,562,ENVIRONMENTAL DESIGNS LLC (156 trucks) | BALIC TRANSPORT INC (120 trucks) | BURNCO COLORADO LLC (146 trucks) | WEST DIRECT OIL (140 trucks),141000,16038,10584330.69,"$270,000.00"
Sol_067,NEC N Fairgrounds Ave,https://www.loopnet.com/Listing/NEC-N-Fairgrounds-Ave-Windsor-CO/29890025/,"Windsor, CO 80528",0.74,483449.0,40.437732372143,-104.982630626628,3990.5600000000004,5000,M,79.81%,575,LARIMER COUNTY (131 trucks) | NOVUS AG LLC (444 trucks),141000,16038,10584330.69,"$483,449.00"
Sol_067,11958 Lincoln Ave,https://www.loopnet.com/Listing/Lincoln-Ave-Parker-CO/39741118/,"Parker, CO 80138",0.86,495000.0,39.536519536914,-104.76116705724,15005.279999999999,20000,XL,75.03%,2050,ACCELERATED SERVICES LLC (373 trucks) | AMERICAN FURNITURE WAREHOUSE CO (340 trucks) | TERRACARE ASSOCIATES LLC (156 trucks) | IHC SCOTT INC (214 trucks) | BUCKLEY POWDER CO (217 trucks) | CH2M OMI CH2MHILL JACOBS (183 trucks) | ORICA USA INC (215 trucks) | CHERRY CREEK SCHOOLS (352 trucks),141000,16038,10584330.69,"$495,000.00"
Sol_067,1801 W Union Ave,https://www.loopnet.com/Listing/1801-W-Union-Ave-Englewood-CO/39250756/,"Englewood, CO 80110",0.95,912839.45,39.63264140749,-105.009568941318,14063.34,20000,XL,70.32%,1884,KEESEN ENTERPRISES INC (263 trucks) | QUALITY LOGISTICS INC (135 trucks) | PROCAM SERVICES  (101 trucks) | PACIFIC SHIPPING & TRUCKING CO INC (109 trucks) | CITY LIGHT AND POWER INC (121 trucks) | WHEEL PROS LLC (182 trucks) | GLOBAL TRANSPORTATION LLC (442 trucks) | ENTERPRISE RENT-A-CAR NATIONAL RENT A CAR ALAMO RENT A CAR (421 trucks) | HBSCO DANS TRASH AT YOUR DISPOSAL (110 trucks),141000,16038,10584330.69,"$912,839.45"
Sol_067,3311 Ideal Drive Dr,https://www.loopnet.com/Listing/3311-Ideal-Drive-Dr-Frederick-CO/35744244/,"Frederick, CO 80516",1.0,949000.0,40.087044076103,-104.992966989518,4928.75,5000,M,98.58%,991,SUPREME TRANSPORT INC (183 trucks) | WARD ELECTRIC COMPANY INC (222 trucks) | CITY OF LONGMONT (211 trucks) | ST VRAIN VALLEY SCHOOL DISTRICT (174 trucks) | HEAT WAVES HOT OIL SERVICE LLC (201 trucks),141000,16038,10584330.69,"$949,000.00"
Sol_067,Colfax Ave & Airport Blvd,https://www.loopnet.com/Listing/Colfax-Ave-Airport-Blvd-Aurora-CO/24946845/,"Aurora, CO 80011",1.1,955174.1,39.740269989586,-104.791334022205,8680.17,10000,L,86.80%,1261,METCO LANDSCAPING INC (226 trucks) | WAGNER EQUIPMENT CO (423 trucks) | AURORA PUBLIC SCHOOLS (127 trucks) | CITY OF AURORA (271 trucks) | SHAMROCK FOODS COMPANY (214 trucks),141000,16038,10584330.69,"$955,174.10"
Sol_067,8850 Huron St,https://www.loopnet.com/Listing/8850-Huron-St-Thornton-CO/33061072/,"Thornton, CO 80260",1.26,349000.0,39.858426283979,-104.995662022846,19552.47,20000,XL,97.76%,2801,CITY OF THORNTON (208 trucks) | CITY OF THORNTON (174 trucks) | COCAL LANDSCAPE SERVICES INC (153 trucks) | COLD FRONT (121 trucks) | READY MIX CONCRETE COMPANY (191 trucks) | NAVAJO EXPRESS INC (309 trucks) | TRI-STATE GENERATION & TRANSMISSION ASSOCIATION INC (321 trucks) | WESTERN DISTRIBUTING TRANSPORTATION CORP (155 trucks) | RMS CRANES (139 trucks) | SURESHOT DRILLING LLC ATOZ FIELD SERVICES LLC DRILL TECH LLC PINNACLE DEVELOPMENT INC HDD SPECIALISTS LLC (135 trucks) | EAGLE ROCK DISTRIBUTING COMPANY OF COLORADO LLC (148 trucks) | OFFEN PETROLEUM LLC (269 trucks) | ALPINE MILLWORK COMPANY DBA ROCKY MOUNTAIN RELOAD (141 trucks) | ADAMS 12 FIVE STAR SCHOOLS (182 trucks) | GEOSTABILIZATION INTERNATIONAL LLC (155 trucks),141000,16038,10584330.69,"$349,000.00"
Sol_067,765 Aspen Ridge Drive Dr,https://www.loopnet.com/Listing/765-Aspen-Ridge-Drive-Dr-Lafayette-CO/32931931/,"Lafayette, CO 80026",1.43,556000.0,40.006898203868,-105.107210150504,4585.06,5000,M,91.70%,619,BOULDER VALLEY SCHOOL DISTRICT RE-2 (134 trucks) | VIA MOBILITY SERVICES (196 trucks) | VIA MOBILITY SERVICES (116 trucks) | CU (173 trucks),141000,16038,10584330.69,"$556,000.00"
Sol_068,2544 11th Ave,https://www.loopnet.com/Listing/2544-11th-Ave-Greeley-CO/35100267/,"Greeley, CO 80631",0.15,350000.0,40.395690645275,-104.69657283495,336.5,1000,XS,33.65%,145,WELD COUNTY PUBLIC WORKS DEPARTMENT (145 trucks),145000,16639,11673225.69,"$350,000.00"
Sol_068,1339 Sheridan Blvd,https://www.loopnet.com/Listing/1339-Sheridan-Blvd-Lakewood-CO/29629654/,"Lakewood, CO 80214",0.18,299999.0,39.737415742007,-105.053556666269,4008.78,5000,M,80.18%,809,COMPASS VEHICLE RENTAL INC (170 trucks) | JEFFERSON COUNTY (120 trucks) | JEFFCO SCHOOLS (274 trucks) | SITEWISE LLC (145 trucks) | CITY OF ARVADA (100 trucks),145000,16639,11673225.69,"$299,999.00"
Sol_068,831 N Clarkson St,https://www.loopnet.com/Listing/831-N-Clarkson-St-Denver-CO/38142797/,"Denver, CO 80218",0.18,899000.0,39.729919009716,-104.977904960968,3413.46,5000,M,68.27%,396,FARMERS ALL NATURAL (121 trucks) | CO TRAN LLC (275 trucks),145000,16639,11673225.69,"$899,000.00"
Sol_068,422 Perry St,https://www.loopnet.com/Listing/422-Perry-St-Castle-Rock-CO/38421711/,"Castle Rock, CO 80104",0.24,605821.24,39.374148794158,-104.858322527659,2577.81,5000,M,51.56%,389,GREAT SOUTHWESTERN CONSTRUCTION INC (280 trucks) | TOWN OF CASTLE ROCK  (109 trucks),145000,16639,11673225.69,"$605,821.24"
Sol_068,239 S Main St,https://www.loopnet.com/Listing/239-S-Main-St-Brighton-CO/27424620/,"Brighton, CO 80601",0.31,250000.0,39.982905257485,-104.822555605705,1694.9,2000,S,84.75%,267,G&Z TRANSPORT LLC (147 trucks) | SIM TRUCKING INC (120 trucks),145000,16639,11673225.69,"$250,000.00"
Sol_068,606 W Colfax Ave,https://www.loopnet.com/Listing/606-W-Colfax-Ave-Denver-CO/26992476/,"Denver, CO 80204",0.31,1475000.0,39.739741342952,-104.995589435564,8665.94,10000,L,86.66%,1212,MPLX G&P (144 trucks) | RES (149 trucks) | CONCRETE EXPRESS INC (128 trucks) | COORS DISTRIBUTING COMPANY MILLER COORS LLC (105 trucks) | U S TRANSPORT INC (200 trucks) | WASTE CONNECTIONS OF COLORADO INC (486 trucks),145000,16639,11673225.69,"$1,475,000.00"
Sol_068,8905 E Colfax Ave,https://www.loopnet.com/Listing/8905-E-Colfax-Ave-Aurora-CO/32567100/,"Aurora, CO 80010",0.33,845000.0,39.740387126683,-104.884281197975,6813.16,10000,L,68.13%,1010,SUPERSHUTTLE DENVER (125 trucks) | SWINGLE TREE & LANDSCAPE CARE (135 trucks) | COMCAST (194 trucks) | UNITED SITE SERVICES OF NEVADA INC (409 trucks) | UNITED SITE SERVICES OF COLORADO INC (147 trucks),145000,16639,11673225.69,"$845,000.00"
Sol_068,1560 N Academy Blvd,https://www.loopnet.com/Listing/1560-N-Academy-Blvd-Colorado-Springs-CO/3886433/,"Colorado Springs, CO 80909",0.64,416700.0,38.854776988204,-104.75774002483,5689.619999999999,10000,L,56.90%,1031,COLORADO SPRINGS SCHOOL DISTRICT 11 (130 trucks) | MOUNTAIN METROPOLITAN TRANSIT (144 trucks) | CITY OF COLORADO SPRINGS (326 trucks) | El PASO COUNTY (112 trucks) | GOODWILL OF COLORADO (134 trucks) | VECTRUS SYSTEMS CORPORATION (185 trucks),145000,16639,11673225.69,"$416,700.00"
Sol_068,4237 McWhinney Blvd,https://www.loopnet.com/Listing/4237-McWhinney-Blvd-Loveland-CO/23974785/,"Loveland, CO 80538",0.65,871347.9,40.408208389025,-105.017378025231,252.96,1000,XS,25.30%,109,LOVELAND MUNICIPALITY (109 trucks),145000,16639,11673225.69,"$871,347.90"
Sol_068,10431 Quari St,https://www.loopnet.com/Listing/10431-Quari-St-Commerce-City-CO/29119294/,"Commerce City, CO 80022",0.72,270000.0,39.886267655476,-104.844980046547,4169.15,5000,M,83.38%,562,ENVIRONMENTAL DESIGNS LLC (156 trucks) | BALIC TRANSPORT INC (120 trucks) | BURNCO COLORADO LLC (146 trucks) | WEST DIRECT OIL (140 trucks),145000,16639,11673225.69,"$270,000.00"
Sol_068,NEC N Fairgrounds Ave,https://www.loopnet.com/Listing/NEC-N-Fairgrounds-Ave-Windsor-CO/29890025/,"Windsor, CO 80528",0.74,483449.0,40.437732372143,-104.982630626628,304.01,1000,XS,30.40%,131,LARIMER COUNTY (131 trucks),145000,16639,11673225.69,"$483,449.00"
Sol_068,11958 Lincoln Ave,https://www.loopnet.com/Listing/Lincoln-Ave-Parker-CO/39741118/,"Parker, CO 80138",0.86,495000.0,39.536519536914,-104.76116705724,15005.279999999999,20000,XL,75.03%,2050,ACCELERATED SERVICES LLC (373 trucks) | AMERICAN FURNITURE WAREHOUSE CO (340 trucks) | TERRACARE ASSOCIATES LLC (156 trucks) | IHC SCOTT INC (214 trucks) | BUCKLEY POWDER CO (217 trucks) | CH2M OMI CH2MHILL JACOBS (183 trucks) | ORICA USA INC (215 trucks) | CHERRY CREEK SCHOOLS (352 trucks),145000,16639,11673225.69,"$495,000.00"
Sol_068,Harmony Rd,https://www.loopnet.com/Listing/Harmony-Rd-Timnath-CO/21109276/,"Timnath, CO 80547",0.88,689895.0,40.522951241822,-104.96262130308,5618.16,10000,L,56.18%,972,NOVUS AG LLC (444 trucks) | CITY OF FORT COLLINS (285 trucks) | Poudre School District  (243 trucks),145000,16639,11673225.69,"$689,895.00"
Sol_068,1801 W Union Ave,https://www.loopnet.com/Listing/1801-W-Union-Ave-Englewood-CO/39250756/,"Englewood, CO 80110",0.95,912839.45,39.63264140749,-105.009568941318,14063.34,20000,XL,70.32%,1884,KEESEN ENTERPRISES INC (263 trucks) | QUALITY LOGISTICS INC (135 trucks) | PROCAM SERVICES  (101 trucks) | PACIFIC SHIPPING & TRUCKING CO INC (109 trucks) | CITY LIGHT AND POWER INC (121 trucks) | WHEEL PROS LLC (182 trucks) | GLOBAL TRANSPORTATION LLC (442 trucks) | ENTERPRISE RENT-A-CAR NATIONAL RENT A CAR ALAMO RENT A CAR (421 trucks) | HBSCO DANS TRASH AT YOUR DISPOSAL (110 trucks),145000,16639,11673225.69,"$912,839.45"
Sol_068,3311 Ideal Drive Dr,https://www.loopnet.com/Listing/3311-Ideal-Drive-Dr-Frederick-CO/35744244/,"Frederick, CO 80516",1.0,949000.0,40.087044076103,-104.992966989518,4928.75,5000,M,98.58%,991,SUPREME TRANSPORT INC (183 trucks) | WARD ELECTRIC COMPANY INC (222 trucks) | CITY OF LONGMONT (211 trucks) | ST VRAIN VALLEY SCHOOL DISTRICT (174 trucks) | HEAT WAVES HOT OIL SERVICE LLC (201 trucks),145000,16639,11673225.69,"$949,000.00"
Sol_068,Colfax Ave & Airport Blvd,https://www.loopnet.com/Listing/Colfax-Ave-Airport-Blvd-Aurora-CO/24946845/,"Aurora, CO 80011",1.1,955174.1,39.740269989586,-104.791334022205,8680.17,10000,L,86.80%,1261,METCO LANDSCAPING INC (226 trucks) | WAGNER EQUIPMENT CO (423 trucks) | AURORA PUBLIC SCHOOLS (127 trucks) | CITY OF AURORA (271 trucks) | SHAMROCK FOODS COMPANY (214 trucks),145000,16639,11673225.69,"$955,174.10"
Sol_068,8850 Huron St,https://www.loopnet.com/Listing/8850-Huron-St-Thornton-CO/33061072/,"Thornton, CO 80260",1.26,349000.0,39.858426283979,-104.995662022846,19552.47,20000,XL,97.76%,2801,CITY OF THORNTON (208 trucks) | CITY OF THORNTON (174 trucks) | COCAL LANDSCAPE SERVICES INC (153 trucks) | COLD FRONT (121 trucks) | READY MIX CONCRETE COMPANY (191 trucks) | NAVAJO EXPRESS INC (309 trucks) | TRI-STATE GENERATION & TRANSMISSION ASSOCIATION INC (321 trucks) | WESTERN DISTRIBUTING TRANSPORTATION CORP (155 trucks) | RMS CRANES (139 trucks) | SURESHOT DRILLING LLC ATOZ FIELD SERVICES LLC DRILL TECH LLC PINNACLE DEVELOPMENT INC HDD SPECIALISTS LLC (135 trucks) | EAGLE ROCK DISTRIBUTING COMPANY OF COLORADO LLC (148 trucks) | OFFEN PETROLEUM LLC (269 trucks) | ALPINE MILLWORK COMPANY DBA ROCKY MOUNTAIN RELOAD (141 trucks) | ADAMS 12 FIVE STAR SCHOOLS (182 trucks) | GEOSTABILIZATION INTERNATIONAL LLC (155 trucks),145000,16639,11673225.69,"$349,000.00"
Sol_068,765 Aspen Ridge Drive Dr,https://www.loopnet.com/Listing/765-Aspen-Ridge-Drive-Dr-Lafayette-CO/32931931/,"Lafayette, CO 80026",1.43,556000.0,40.006898203868,-105.107210150504,4585.06,5000,M,91.70%,619,BOULDER VALLEY SCHOOL DISTRICT RE-2 (134 trucks) | VIA MOBILITY SERVICES (196 trucks) | VIA MOBILITY SERVICES (116 trucks) | CU (173 trucks),145000,16639,11673225.69,"$556,000.00"
Sol_069,2544 11th Ave,https://www.loopnet.com/Listing/2544-11th-Ave-Greeley-CO/35100267/,"Greeley, CO 80631",0.15,350000.0,40.395690645275,-104.69657283495,336.5,1000,XS,33.65%,145,WELD COUNTY PUBLIC WORKS DEPARTMENT (145 trucks),136000,15357,9953330.690000001,"$350,000.00"
Sol_069,1339 Sheridan Blvd,https://www.loopnet.com/Listing/1339-Sheridan-Blvd-Lakewood-CO/29629654/,"Lakewood, CO 80214",0.18,299999.0,39.737415742007,-105.053556666269,1949.27,2000,S,97.46%,415,COMPASS VEHICLE RENTAL INC (170 trucks) | SITEWISE LLC (145 trucks) | CITY OF ARVADA (100 trucks),136000,15357,9953330.690000001,"$299,999.00"
Sol_069,422 Perry St,https://www.loopnet.com/Listing/422-Perry-St-Castle-Rock-CO/38421711/,"Castle Rock, CO 80104",0.24,605821.24,39.374148794158,-104.858322527659,2577.81,5000,M,51.56%,389,GREAT SOUTHWESTERN CONSTRUCTION INC (280 trucks) | TOWN OF CASTLE ROCK  (109 trucks),136000,15357,9953330.690000001,"$605,821.24"
Sol_069,239 S Main St,https://www.loopnet.com/Listing/239-S-Main-St-Brighton-CO/27424620/,"Brighton, CO 80601",0.31,250000.0,39.982905257485,-104.822555605705,1694.9,2000,S,84.75%,267,G&Z TRANSPORT LLC (147 trucks) | SIM TRUCKING INC (120 trucks),136000,15357,9953330.690000001,"$250,000.00"
Sol_069,606 W Colfax Ave,https://www.loopnet.com/Listing/606-W-Colfax-Ave-Denver-CO/26992476/,"Denver, CO 80204",0.31,1475000.0,39.739741342952,-104.995589435564,8930.12,10000,L,89.30%,1122,MPLX G&P (144 trucks) | RES (149 trucks) | CONCRETE EXPRESS INC (128 trucks) | FARMERS ALL NATURAL (121 trucks) | CO TRAN LLC (275 trucks) | COORS DISTRIBUTING COMPANY MILLER COORS LLC (105 trucks) | U S TRANSPORT INC (200 trucks),136000,15357,9953330.690000001,"$1,475,000.00"
Sol_069,17160 W Colfax Ave,https://www.loopnet.com/Listing/17160-W-Colfax-Ave-Golden-CO/29520298/,"Golden, CO 80401",0.63,500000.0,39.722253633534,-105.192465086092,5488.67,10000,L,54.89%,807,ENIVIRONMENTAL LANDWORKS COMPANY INC (115 trucks) | HOLCIM WCR INC (298 trucks) | JEFFCO SCHOOLS (274 trucks) | JEFFERSON COUNTY (120 trucks),136000,15357,9953330.690000001,"$500,000.00"
Sol_069,1560 N Academy Blvd,https://www.loopnet.com/Listing/1560-N-Academy-Blvd-Colorado-Springs-CO/3886433/,"Colorado Springs, CO 80909",0.64,416700.0,38.854776988204,-104.75774002483,5689.619999999999,10000,L,56.90%,1031,COLORADO SPRINGS SCHOOL DISTRICT 11 (130 trucks) | MOUNTAIN METROPOLITAN TRANSIT (144 trucks) | CITY OF COLORADO SPRINGS (326 trucks) | El PASO COUNTY (112 trucks) | GOODWILL OF COLORADO (134 trucks) | VECTRUS SYSTEMS CORPORATION (185 trucks),136000,15357,9953330.690000001,"$416,700.00"
Sol_069,4237 McWhinney Blvd,https://www.loopnet.com/Listing/4237-McWhinney-Blvd-Loveland-CO/23974785/,"Loveland, CO 80538",0.65,871347.9,40.408208389025,-105.017378025231,252.96,1000,XS,25.30%,109,LOVELAND MUNICIPALITY (109 trucks),136000,15357,9953330.690000001,"$871,347.90"
Sol_069,10431 Quari St,https://www.loopnet.com/Listing/10431-Quari-St-Commerce-City-CO/29119294/,"Commerce City, CO 80022",0.72,270000.0,39.886267655476,-104.844980046547,4169.15,5000,M,83.38%,562,ENVIRONMENTAL DESIGNS LLC (156 trucks) | BALIC TRANSPORT INC (120 trucks) | BURNCO COLORADO LLC (146 trucks) | WEST DIRECT OIL (140 trucks),136000,15357,9953330.690000001,"$270,000.00"
Sol_069,NEC N Fairgrounds Ave,https://www.loopnet.com/Listing/NEC-N-Fairgrounds-Ave-Windsor-CO/29890025/,"Windsor, CO 80528",0.74,483449.0,40.437732372143,-104.982630626628,3990.5600000000004,5000,M,79.81%,575,LARIMER COUNTY (131 trucks) | NOVUS AG LLC (444 trucks),136000,15357,9953330.690000001,"$483,449.00"
Sol_069,11958 Lincoln Ave,https://www.loopnet.com/Listing/Lincoln-Ave-Parker-CO/39741118/,"Parker, CO 80138",0.86,495000.0,39.536519536914,-104.76116705724,15005.279999999999,20000,XL,75.03%,2050,ACCELERATED SERVICES LLC (373 trucks) | AMERICAN FURNITURE WAREHOUSE CO (340 trucks) | TERRACARE ASSOCIATES LLC (156 trucks) | IHC SCOTT INC (214 trucks) | BUCKLEY POWDER CO (217 trucks) | CH2M OMI CH2MHILL JACOBS (183 trucks) | ORICA USA INC (215 trucks) | CHERRY CREEK SCHOOLS (352 trucks),136000,15357,9953330.690000001,"$495,000.00"
Sol_069,1801 W Union Ave,https://www.loopnet.com/Listing/1801-W-Union-Ave-Englewood-CO/39250756/,"Englewood, CO 80110",0.95,912839.45,39.63264140749,-105.009568941318,14985.23,20000,XL,74.93%,2078,KEESEN ENTERPRISES INC (263 trucks) | QUALITY LOGISTICS INC (135 trucks) | PROCAM SERVICES  (101 trucks) | PACIFIC SHIPPING & TRUCKING CO INC (109 trucks) | CITY LIGHT AND POWER INC (121 trucks) | WHEEL PROS LLC (182 trucks) | GLOBAL TRANSPORTATION LLC (442 trucks) | COMCAST (194 trucks) | ENTERPRISE RENT-A-CAR NATIONAL RENT A CAR ALAMO RENT A CAR (421 trucks) | HBSCO DANS TRASH AT YOUR DISPOSAL (110 trucks),136000,15357,9953330.690000001,"$912,839.45"
Sol_069,3311 Ideal Drive Dr,https://www.loopnet.com/Listing/3311-Ideal-Drive-Dr-Frederick-CO/35744244/,"Frederick, CO 80516",1.0,949000.0,40.087044076103,-104.992966989518,4928.75,5000,M,98.58%,991,SUPREME TRANSPORT INC (183 trucks) | WARD ELECTRIC COMPANY INC (222 trucks) | CITY OF LONGMONT (211 trucks) | ST VRAIN VALLEY SCHOOL DISTRICT (174 trucks) | HEAT WAVES HOT OIL SERVICE LLC (201 trucks),136000,15357,9953330.690000001,"$949,000.00"
Sol_069,Colfax Ave & Airport Blvd,https://www.loopnet.com/Listing/Colfax-Ave-Airport-Blvd-Aurora-CO/24946845/,"Aurora, CO 80011",1.1,955174.1,39.740269989586,-104.791334022205,9801.08,10000,L,98.01%,1396,METCO LANDSCAPING INC (226 trucks) | WAGNER EQUIPMENT CO (423 trucks) | AURORA PUBLIC SCHOOLS (127 trucks) | CITY OF AURORA (271 trucks) | SHAMROCK FOODS COMPANY (214 trucks) | SWINGLE TREE & LANDSCAPE CARE (135 trucks),136000,15357,9953330.690000001,"$955,174.10"
Sol_069,8850 Huron St,https://www.loopnet.com/Listing/8850-Huron-St-Thornton-CO/33061072/,"Thornton, CO 80260",1.26,349000.0,39.858426283979,-104.995662022846,18265.5,20000,XL,91.33%,2646,CITY OF THORNTON (208 trucks) | CITY OF THORNTON (174 trucks) | COCAL LANDSCAPE SERVICES INC (153 trucks) | COLD FRONT (121 trucks) | READY MIX CONCRETE COMPANY (191 trucks) | NAVAJO EXPRESS INC (309 trucks) | TRI-STATE GENERATION & TRANSMISSION ASSOCIATION INC (321 trucks) | WESTERN DISTRIBUTING TRANSPORTATION CORP (155 trucks) | RMS CRANES (139 trucks) | SURESHOT DRILLING LLC ATOZ FIELD SERVICES LLC DRILL TECH LLC PINNACLE DEVELOPMENT INC HDD SPECIALISTS LLC (135 trucks) | EAGLE ROCK DISTRIBUTING COMPANY OF COLORADO LLC (148 trucks) | OFFEN PETROLEUM LLC (269 trucks) | ALPINE MILLWORK COMPANY DBA ROCKY MOUNTAIN RELOAD (141 trucks) | ADAMS 12 FIVE STAR SCHOOLS (182 trucks),136000,15357,9953330.690000001,"$349,000.00"
Sol_069,691 S Arthur Ave,https://www.loopnet.com/Listing/691-S-Arthur-Ave-Louisville-CO/28363665/,"Louisville, CO 80027",1.82,770000.0,39.959650421496,-105.123043733241,5872.03,10000,L,58.72%,774,GEOSTABILIZATION INTERNATIONAL LLC (155 trucks) | BOULDER VALLEY SCHOOL DISTRICT RE-2 (134 trucks) | VIA MOBILITY SERVICES (196 trucks) | VIA MOBILITY SERVICES (116 trucks) | CU (173 trucks),136000,15357,9953330.690000001,"$770,000.00"
Sol_070,2544 11th Ave,https://www.loopnet.com/Listing/2544-11th-Ave-Greeley-CO/35100267/,"Greeley, CO 80631",0.15,350000.0,40.395690645275,-104.69657283495,336.5,1000,XS,33.65%,145,WELD COUNTY PUBLIC WORKS DEPARTMENT (145 trucks),137000,16319,11446386.24,"$350,000.00"
Sol_070,1339 Sheridan Blvd,https://www.loopnet.com/Listing/1339-Sheridan-Blvd-Lakewood-CO/29629654/,"Lakewood, CO 80214",0.18,299999.0,39.737415742007,-105.053556666269,1949.27,2000,S,97.46%,415,COMPASS VEHICLE RENTAL INC (170 trucks) | SITEWISE LLC (145 trucks) | CITY OF ARVADA (100 trucks),137000,16319,11446386.24,"$299,999.00"
Sol_070,422 Perry St,https://www.loopnet.com/Listing/422-Perry-St-Castle-Rock-CO/38421711/,"Castle Rock, CO 80104",0.24,605821.24,39.374148794158,-104.858322527659,2577.81,5000,M,51.56%,389,GREAT SOUTHWESTERN CONSTRUCTION INC (280 trucks) | TOWN OF CASTLE ROCK  (109 trucks),137000,16319,11446386.24,"$605,821.24"
Sol_070,239 S Main St,https://www.loopnet.com/Listing/239-S-Main-St-Brighton-CO/27424620/,"Brighton, CO 80601",0.31,250000.0,39.982905257485,-104.822555605705,1694.9,2000,S,84.75%,267,G&Z TRANSPORT LLC (147 trucks) | SIM TRUCKING INC (120 trucks),137000,16319,11446386.24,"$250,000.00"
Sol_070,606 W Colfax Ave,https://www.loopnet.com/Listing/606-W-Colfax-Ave-Denver-CO/26992476/,"Denver, CO 80204",0.31,1475000.0,39.739741342952,-104.995589435564,8517.300000000001,10000,L,85.17%,1207,MPLX G&P (144 trucks) | CONCRETE EXPRESS INC (128 trucks) | FARMERS ALL NATURAL (121 trucks) | PROCAM SERVICES  (101 trucks) | QUALITY LOGISTICS INC (135 trucks) | KEESEN ENTERPRISES INC (263 trucks) | COMCAST (194 trucks) | CITY LIGHT AND POWER INC (121 trucks),137000,16319,11446386.24,"$1,475,000.00"
Sol_070,17160 W Colfax Ave,https://www.loopnet.com/Listing/17160-W-Colfax-Ave-Golden-CO/29520298/,"Golden, CO 80401",0.63,500000.0,39.722253633534,-105.192465086092,5488.67,10000,L,54.89%,807,ENIVIRONMENTAL LANDWORKS COMPANY INC (115 trucks) | HOLCIM WCR INC (298 trucks) | JEFFCO SCHOOLS (274 trucks) | JEFFERSON COUNTY (120 trucks),137000,16319,11446386.24,"$500,000.00"
Sol_070,1560 N Academy Blvd,https://www.loopnet.com/Listing/1560-N-Academy-Blvd-Colorado-Springs-CO/3886433/,"Colorado Springs, CO 80909",0.64,416700.0,38.854776988204,-104.75774002483,5689.619999999999,10000,L,56.90%,1031,COLORADO SPRINGS SCHOOL DISTRICT 11 (130 trucks) | MOUNTAIN METROPOLITAN TRANSIT (144 trucks) | CITY OF COLORADO SPRINGS (326 trucks) | El PASO COUNTY (112 trucks) | GOODWILL OF COLORADO (134 trucks) | VECTRUS SYSTEMS CORPORATION (185 trucks),137000,16319,11446386.24,"$416,700.00"
Sol_070,4237 McWhinney Blvd,https://www.loopnet.com/Listing/4237-McWhinney-Blvd-Loveland-CO/23974785/,"Loveland, CO 80538",0.65,871347.9,40.408208389025,-105.017378025231,252.96,1000,XS,25.30%,109,LOVELAND MUNICIPALITY (109 trucks),137000,16319,11446386.24,"$871,347.90"
Sol_070,10431 Quari St,https://www.loopnet.com/Listing/10431-Quari-St-Commerce-City-CO/29119294/,"Commerce City, CO 80022",0.72,270000.0,39.886267655476,-104.844980046547,4169.15,5000,M,83.38%,562,ENVIRONMENTAL DESIGNS LLC (156 trucks) | BALIC TRANSPORT INC (120 trucks) | BURNCO COLORADO LLC (146 trucks) | WEST DIRECT OIL (140 trucks),137000,16319,11446386.24,"$270,000.00"
Sol_070,NEC N Fairgrounds Ave,https://www.loopnet.com/Listing/NEC-N-Fairgrounds-Ave-Windsor-CO/29890025/,"Windsor, CO 80528",0.74,483449.0,40.437732372143,-104.982630626628,304.01,1000,XS,30.40%,131,LARIMER COUNTY (131 trucks),137000,16319,11446386.24,"$483,449.00"
Sol_070,11958 Lincoln Ave,https://www.loopnet.com/Listing/Lincoln-Ave-Parker-CO/39741118/,"Parker, CO 80138",0.86,495000.0,39.536519536914,-104.76116705724,18264.289999999997,20000,XL,91.32%,2581,ACCELERATED SERVICES LLC (373 trucks) | AMERICAN FURNITURE WAREHOUSE CO (340 trucks) | TERRACARE ASSOCIATES LLC (156 trucks) | IHC SCOTT INC (214 trucks) | BUCKLEY POWDER CO (217 trucks) | CH2M OMI CH2MHILL JACOBS (183 trucks) | ORICA USA INC (215 trucks) | CHERRY CREEK SCHOOLS (352 trucks) | HBSCO DANS TRASH AT YOUR DISPOSAL (110 trucks) | ENTERPRISE RENT-A-CAR NATIONAL RENT A CAR ALAMO RENT A CAR (421 trucks),137000,16319,11446386.24,"$495,000.00"
Sol_070,Harmony Rd,https://www.loopnet.com/Listing/Harmony-Rd-Timnath-CO/21109276/,"Timnath, CO 80547",0.88,689895.0,40.522951241822,-104.96262130308,5618.16,10000,L,56.18%,972,NOVUS AG LLC (444 trucks) | CITY OF FORT COLLINS (285 trucks) | Poudre School District  (243 trucks),137000,16319,11446386.24,"$689,895.00"
Sol_070,2450 Curtis St,https://www.loopnet.com/Listing/2450-Curtis-St-Denver-CO/34878162/,"Denver, CO 80205",0.93,1930000.0,39.755035173034,-104.984190298703,13972.56,20000,XL,69.86%,1896,RES (149 trucks) | CO TRAN LLC (275 trucks) | WASTE CONNECTIONS OF COLORADO INC (486 trucks) | COORS DISTRIBUTING COMPANY MILLER COORS LLC (105 trucks) | U S TRANSPORT INC (200 trucks) | SUPERSHUTTLE DENVER (125 trucks) | UNITED SITE SERVICES OF NEVADA INC (409 trucks) | UNITED SITE SERVICES OF COLORADO INC (147 trucks),137000,16319,11446386.24,"$1,930,000.00"
Sol_070,3311 Ideal Drive Dr,https://www.loopnet.com/Listing/3311-Ideal-Drive-Dr-Frederick-CO/35744244/,"Frederick, CO 80516",1.0,949000.0,40.087044076103,-104.992966989518,4928.75,5000,M,98.58%,991,SUPREME TRANSPORT INC (183 trucks) | WARD ELECTRIC COMPANY INC (222 trucks) | CITY OF LONGMONT (211 trucks) | ST VRAIN VALLEY SCHOOL DISTRICT (174 trucks) | HEAT WAVES HOT OIL SERVICE LLC (201 trucks),137000,16319,11446386.24,"$949,000.00"
Sol_070,Colfax Ave & Airport Blvd,https://www.loopnet.com/Listing/Colfax-Ave-Airport-Blvd-Aurora-CO/24946845/,"Aurora, CO 80011",1.1,955174.1,39.740269989586,-104.791334022205,9801.08,10000,L,98.01%,1396,METCO LANDSCAPING INC (226 trucks) | WAGNER EQUIPMENT CO (423 trucks) | AURORA PUBLIC SCHOOLS (127 trucks) | CITY OF AURORA (271 trucks) | SHAMROCK FOODS COMPANY (214 trucks) | SWINGLE TREE & LANDSCAPE CARE (135 trucks),137000,16319,11446386.24,"$955,174.10"
Sol_070,8850 Huron St,https://www.loopnet.com/Listing/8850-Huron-St-Thornton-CO/33061072/,"Thornton, CO 80260",1.26,349000.0,39.858426283979,-104.995662022846,19552.47,20000,XL,97.76%,2801,CITY OF THORNTON (208 trucks) | CITY OF THORNTON (174 trucks) | COCAL LANDSCAPE SERVICES INC (153 trucks) | COLD FRONT (121 trucks) | READY MIX CONCRETE COMPANY (191 trucks) | NAVAJO EXPRESS INC (309 trucks) | TRI-STATE GENERATION & TRANSMISSION ASSOCIATION INC (321 trucks) | WESTERN DISTRIBUTING TRANSPORTATION CORP (155 trucks) | RMS CRANES (139 trucks) | SURESHOT DRILLING LLC ATOZ FIELD SERVICES LLC DRILL TECH LLC PINNACLE DEVELOPMENT INC HDD SPECIALISTS LLC (135 trucks) | EAGLE ROCK DISTRIBUTING COMPANY OF COLORADO LLC (148 trucks) | OFFEN PETROLEUM LLC (269 trucks) | ALPINE MILLWORK COMPANY DBA ROCKY MOUNTAIN RELOAD (141 trucks) | ADAMS 12 FIVE STAR SCHOOLS (182 trucks) | GEOSTABILIZATION INTERNATIONAL LLC (155 trucks),137000,16319,11446386.24,"$349,000.00"
Sol_070,765 Aspen Ridge Drive Dr,https://www.loopnet.com/Listing/765-Aspen-Ridge-Drive-Dr-Lafayette-CO/32931931/,"Lafayette, CO 80026",1.43,556000.0,40.006898203868,-105.107210150504,4585.06,5000,M,91.70%,619,BOULDER VALLEY SCHOOL DISTRICT RE-2 (134 trucks) | VIA MOBILITY SERVICES (196 trucks) | VIA MOBILITY SERVICES (116 trucks) | CU (173 trucks),137000,16319,11446386.24,"$556,000.00"
Sol_071,2544 11th Ave,https://www.loopnet.com/Listing/2544-11th-Ave-Greeley-CO/35100267/,"Greeley, CO 80631",0.15,350000.0,40.395690645275,-104.69657283495,336.5,1000,XS,33.65%,145,WELD COUNTY PUBLIC WORKS DEPARTMENT (145 trucks),136000,15419,10028330.69,"$350,000.00"
Sol_071,1339 Sheridan Blvd,https://www.loopnet.com/Listing/1339-Sheridan-Blvd-Lakewood-CO/29629654/,"Lakewood, CO 80214",0.18,299999.0,39.737415742007,-105.053556666269,1949.27,2000,S,97.46%,415,COMPASS VEHICLE RENTAL INC (170 trucks) | SITEWISE LLC (145 trucks) | CITY OF ARVADA (100 trucks),136000,15419,10028330.69,"$299,999.00"
Sol_071,422 Perry St,https://www.loopnet.com/Listing/422-Perry-St-Castle-Rock-CO/38421711/,"Castle Rock, CO 80104",0.24,605821.24,39.374148794158,-104.858322527659,2577.81,5000,M,51.56%,389,GREAT SOUTHWESTERN CONSTRUCTION INC (280 trucks) | TOWN OF CASTLE ROCK  (109 trucks),136000,15419,10028330.69,"$605,821.24"
Sol_071,239 S Main St,https://www.loopnet.com/Listing/239-S-Main-St-Brighton-CO/27424620/,"Brighton, CO 80601",0.31,250000.0,39.982905257485,-104.822555605705,1694.9,2000,S,84.75%,267,G&Z TRANSPORT LLC (147 trucks) | SIM TRUCKING INC (120 trucks),136000,15419,10028330.69,"$250,000.00"
Sol_071,606 W Colfax Ave,https://www.loopnet.com/Listing/606-W-Colfax-Ave-Denver-CO/26992476/,"Denver, CO 80204",0.31,1475000.0,39.739741342952,-104.995589435564,8930.12,10000,L,89.30%,1122,MPLX G&P (144 trucks) | RES (149 trucks) | CONCRETE EXPRESS INC (128 trucks) | FARMERS ALL NATURAL (121 trucks) | CO TRAN LLC (275 trucks) | COORS DISTRIBUTING COMPANY MILLER COORS LLC (105 trucks) | U S TRANSPORT INC (200 trucks),136000,15419,10028330.69,"$1,475,000.00"
Sol_071,8905 E Colfax Ave,https://www.loopnet.com/Listing/8905-E-Colfax-Ave-Aurora-CO/32567100/,"Aurora, CO 80010",0.33,845000.0,39.740387126683,-104.884281197975,6813.16,10000,L,68.13%,1010,SUPERSHUTTLE DENVER (125 trucks) | SWINGLE TREE & LANDSCAPE CARE (135 trucks) | COMCAST (194 trucks) | UNITED SITE SERVICES OF NEVADA INC (409 trucks) | UNITED SITE SERVICES OF COLORADO INC (147 trucks),136000,15419,10028330.69,"$845,000.00"
Sol_071,17160 W Colfax Ave,https://www.loopnet.com/Listing/17160-W-Colfax-Ave-Golden-CO/29520298/,"Golden, CO 80401",0.63,500000.0,39.722253633534,-105.192465086092,5488.67,10000,L,54.89%,807,ENIVIRONMENTAL LANDWORKS COMPANY INC (115 trucks) | HOLCIM WCR INC (298 trucks) | JEFFCO SCHOOLS (274 trucks) | JEFFERSON COUNTY (120 trucks),136000,15419,10028330.69,"$500,000.00"
Sol_071,1560 N Academy Blvd,https://www.loopnet.com/Listing/1560-N-Academy-Blvd-Colorado-Springs-CO/3886433/,"Colorado Springs, CO 80909",0.64,416700.0,38.854776988204,-104.75774002483,5689.619999999999,10000,L,56.90%,1031,COLORADO SPRINGS SCHOOL DISTRICT 11 (130 trucks) | MOUNTAIN METROPOLITAN TRANSIT (144 trucks) | CITY OF COLORADO SPRINGS (326 trucks) | El PASO COUNTY (112 trucks) | GOODWILL OF COLORADO (134 trucks) | VECTRUS SYSTEMS CORPORATION (185 trucks),136000,15419,10028330.69,"$416,700.00"
Sol_071,4237 McWhinney Blvd,https://www.loopnet.com/Listing/4237-McWhinney-Blvd-Loveland-CO/23974785/,"Loveland, CO 80538",0.65,871347.9,40.408208389025,-105.017378025231,252.96,1000,XS,25.30%,109,LOVELAND MUNICIPALITY (109 trucks),136000,15419,10028330.69,"$871,347.90"
Sol_071,10431 Quari St,https://www.loopnet.com/Listing/10431-Quari-St-Commerce-City-CO/29119294/,"Commerce City, CO 80022",0.72,270000.0,39.886267655476,-104.844980046547,4169.15,5000,M,83.38%,562,ENVIRONMENTAL DESIGNS LLC (156 trucks) | BALIC TRANSPORT INC (120 trucks) | BURNCO COLORADO LLC (146 trucks) | WEST DIRECT OIL (140 trucks),136000,15419,10028330.69,"$270,000.00"
Sol_071,NEC N Fairgrounds Ave,https://www.loopnet.com/Listing/NEC-N-Fairgrounds-Ave-Windsor-CO/29890025/,"Windsor, CO 80528",0.74,483449.0,40.437732372143,-104.982630626628,3990.5600000000004,5000,M,79.81%,575,LARIMER COUNTY (131 trucks) | NOVUS AG LLC (444 trucks),136000,15419,10028330.69,"$483,449.00"
Sol_071,11958 Lincoln Ave,https://www.loopnet.com/Listing/Lincoln-Ave-Parker-CO/39741118/,"Parker, CO 80138",0.86,495000.0,39.536519536914,-104.76116705724,15005.279999999999,20000,XL,75.03%,2050,ACCELERATED SERVICES LLC (373 trucks) | AMERICAN FURNITURE WAREHOUSE CO (340 trucks) | TERRACARE ASSOCIATES LLC (156 trucks) | IHC SCOTT INC (214 trucks) | BUCKLEY POWDER CO (217 trucks) | CH2M OMI CH2MHILL JACOBS (183 trucks) | ORICA USA INC (215 trucks) | CHERRY CREEK SCHOOLS (352 trucks),136000,15419,10028330.69,"$495,000.00"
Sol_071,1801 W Union Ave,https://www.loopnet.com/Listing/1801-W-Union-Ave-Englewood-CO/39250756/,"Englewood, CO 80110",0.95,912839.45,39.63264140749,-105.009568941318,14063.34,20000,XL,70.32%,1884,KEESEN ENTERPRISES INC (263 trucks) | QUALITY LOGISTICS INC (135 trucks) | PROCAM SERVICES  (101 trucks) | PACIFIC SHIPPING & TRUCKING CO INC (109 trucks) | CITY LIGHT AND POWER INC (121 trucks) | WHEEL PROS LLC (182 trucks) | GLOBAL TRANSPORTATION LLC (442 trucks) | ENTERPRISE RENT-A-CAR NATIONAL RENT A CAR ALAMO RENT A CAR (421 trucks) | HBSCO DANS TRASH AT YOUR DISPOSAL (110 trucks),136000,15419,10028330.69,"$912,839.45"
Sol_071,3311 Ideal Drive Dr,https://www.loopnet.com/Listing/3311-Ideal-Drive-Dr-Frederick-CO/35744244/,"Frederick, CO 80516",1.0,949000.0,40.087044076103,-104.992966989518,4928.75,5000,M,98.58%,991,SUPREME TRANSPORT INC (183 trucks) | WARD ELECTRIC COMPANY INC (222 trucks) | CITY OF LONGMONT (211 trucks) | ST VRAIN VALLEY SCHOOL DISTRICT (174 trucks) | HEAT WAVES HOT OIL SERVICE LLC (201 trucks),136000,15419,10028330.69,"$949,000.00"
Sol_071,Colfax Ave & Airport Blvd,https://www.loopnet.com/Listing/Colfax-Ave-Airport-Blvd-Aurora-CO/24946845/,"Aurora, CO 80011",1.1,955174.1,39.740269989586,-104.791334022205,8680.17,10000,L,86.80%,1261,METCO LANDSCAPING INC (226 trucks) | WAGNER EQUIPMENT CO (423 trucks) | AURORA PUBLIC SCHOOLS (127 trucks) | CITY OF AURORA (271 trucks) | SHAMROCK FOODS COMPANY (214 trucks),136000,15419,10028330.69,"$955,174.10"
Sol_071,8850 Huron St,https://www.loopnet.com/Listing/8850-Huron-St-Thornton-CO/33061072/,"Thornton, CO 80260",1.26,349000.0,39.858426283979,-104.995662022846,19552.47,20000,XL,97.76%,2801,CITY OF THORNTON (208 trucks) | CITY OF THORNTON (174 trucks) | COCAL LANDSCAPE SERVICES INC (153 trucks) | COLD FRONT (121 trucks) | READY MIX CONCRETE COMPANY (191 trucks) | NAVAJO EXPRESS INC (309 trucks) | TRI-STATE GENERATION & TRANSMISSION ASSOCIATION INC (321 trucks) | WESTERN DISTRIBUTING TRANSPORTATION CORP (155 trucks) | RMS CRANES (139 trucks) | SURESHOT DRILLING LLC ATOZ FIELD SERVICES LLC DRILL TECH LLC PINNACLE DEVELOPMENT INC HDD SPECIALISTS LLC (135 trucks) | EAGLE ROCK DISTRIBUTING COMPANY OF COLORADO LLC (148 trucks) | OFFEN PETROLEUM LLC (269 trucks) | ALPINE MILLWORK COMPANY DBA ROCKY MOUNTAIN RELOAD (141 trucks) | ADAMS 12 FIVE STAR SCHOOLS (182 trucks) | GEOSTABILIZATION INTERNATIONAL LLC (155 trucks),136000,15419,10028330.69,"$349,000.00"
Sol_072,2544 11th Ave,https://www.loopnet.com/Listing/2544-11th-Ave-Greeley-CO/35100267/,"Greeley, CO 80631",0.15,350000.0,40.395690645275,-104.69657283495,336.5,1000,XS,33.65%,145,WELD COUNTY PUBLIC WORKS DEPARTMENT (145 trucks),124000,14813,9333508.450000001,"$350,000.00"
Sol_072,1319 Sheridan Blvd,https://www.loopnet.com/Listing/1319-1327-Sheridan-Blvd-Lakewood-CO/38343110/,"Lakewood, CO 80214",0.3,999998.0,39.737113071483,-105.053491874157,7437.9400000000005,10000,L,74.38%,1222,COMPASS VEHICLE RENTAL INC (170 trucks) | JEFFERSON COUNTY (120 trucks) | JEFFCO SCHOOLS (274 trucks) | SITEWISE LLC (145 trucks) | CITY OF ARVADA (100 trucks) | HOLCIM WCR INC (298 trucks) | ENIVIRONMENTAL LANDWORKS COMPANY INC (115 trucks),124000,14813,9333508.450000001,"$999,998.00"
Sol_072,239 S Main St,https://www.loopnet.com/Listing/239-S-Main-St-Brighton-CO/27424620/,"Brighton, CO 80601",0.31,250000.0,39.982905257485,-104.822555605705,1694.9,2000,S,84.75%,267,G&Z TRANSPORT LLC (147 trucks) | SIM TRUCKING INC (120 trucks),124000,14813,9333508.450000001,"$250,000.00"
Sol_072,606 W Colfax Ave,https://www.loopnet.com/Listing/606-W-Colfax-Ave-Denver-CO/26992476/,"Denver, CO 80204",0.31,1475000.0,39.739741342952,-104.995589435564,8930.12,10000,L,89.30%,1122,MPLX G&P (144 trucks) | RES (149 trucks) | CONCRETE EXPRESS INC (128 trucks) | FARMERS ALL NATURAL (121 trucks) | CO TRAN LLC (275 trucks) | COORS DISTRIBUTING COMPANY MILLER COORS LLC (105 trucks) | U S TRANSPORT INC (200 trucks),124000,14813,9333508.450000001,"$1,475,000.00"
Sol_072,1560 N Academy Blvd,https://www.loopnet.com/Listing/1560-N-Academy-Blvd-Colorado-Springs-CO/3886433/,"Colorado Springs, CO 80909",0.64,416700.0,38.854776988204,-104.75774002483,5689.619999999999,10000,L,56.90%,1031,COLORADO SPRINGS SCHOOL DISTRICT 11 (130 trucks) | MOUNTAIN METROPOLITAN TRANSIT (144 trucks) | CITY OF COLORADO SPRINGS (326 trucks) | El PASO COUNTY (112 trucks) | GOODWILL OF COLORADO (134 trucks) | VECTRUS SYSTEMS CORPORATION (185 trucks),124000,14813,9333508.450000001,"$416,700.00"
Sol_072,4237 McWhinney Blvd,https://www.loopnet.com/Listing/4237-McWhinney-Blvd-Loveland-CO/23974785/,"Loveland, CO 80538",0.65,871347.9,40.408208389025,-105.017378025231,252.96,1000,XS,25.30%,109,LOVELAND MUNICIPALITY (109 trucks),124000,14813,9333508.450000001,"$871,347.90"
Sol_072,10431 Quari St,https://www.loopnet.com/Listing/10431-Quari-St-Commerce-City-CO/29119294/,"Commerce City, CO 80022",0.72,270000.0,39.886267655476,-104.844980046547,4169.15,5000,M,83.38%,562,ENVIRONMENTAL DESIGNS LLC (156 trucks) | BALIC TRANSPORT INC (120 trucks) | BURNCO COLORADO LLC (146 trucks) | WEST DIRECT OIL (140 trucks),124000,14813,9333508.450000001,"$270,000.00"
Sol_072,NEC N Fairgrounds Ave,https://www.loopnet.com/Listing/NEC-N-Fairgrounds-Ave-Windsor-CO/29890025/,"Windsor, CO 80528",0.74,483449.0,40.437732372143,-104.982630626628,3990.5600000000004,5000,M,79.81%,575,LARIMER COUNTY (131 trucks) | NOVUS AG LLC (444 trucks),124000,14813,9333508.450000001,"$483,449.00"
Sol_072,11958 Lincoln Ave,https://www.loopnet.com/Listing/Lincoln-Ave-Parker-CO/39741118/,"Parker, CO 80138",0.86,495000.0,39.536519536914,-104.76116705724,15005.279999999999,20000,XL,75.03%,2050,ACCELERATED SERVICES LLC (373 trucks) | AMERICAN FURNITURE WAREHOUSE CO (340 trucks) | TERRACARE ASSOCIATES LLC (156 trucks) | IHC SCOTT INC (214 trucks) | BUCKLEY POWDER CO (217 trucks) | CH2M OMI CH2MHILL JACOBS (183 trucks) | ORICA USA INC (215 trucks) | CHERRY CREEK SCHOOLS (352 trucks),124000,14813,9333508.450000001,"$495,000.00"
Sol_072,1801 W Union Ave,https://www.loopnet.com/Listing/1801-W-Union-Ave-Englewood-CO/39250756/,"Englewood, CO 80110",0.95,912839.45,39.63264140749,-105.009568941318,14985.23,20000,XL,74.93%,2078,KEESEN ENTERPRISES INC (263 trucks) | QUALITY LOGISTICS INC (135 trucks) | PROCAM SERVICES  (101 trucks) | PACIFIC SHIPPING & TRUCKING CO INC (109 trucks) | CITY LIGHT AND POWER INC (121 trucks) | WHEEL PROS LLC (182 trucks) | GLOBAL TRANSPORTATION LLC (442 trucks) | COMCAST (194 trucks) | ENTERPRISE RENT-A-CAR NATIONAL RENT A CAR ALAMO RENT A CAR (421 trucks) | HBSCO DANS TRASH AT YOUR DISPOSAL (110 trucks),124000,14813,9333508.450000001,"$912,839.45"
Sol_072,3311 Ideal Drive Dr,https://www.loopnet.com/Listing/3311-Ideal-Drive-Dr-Frederick-CO/35744244/,"Frederick, CO 80516",1.0,949000.0,40.087044076103,-104.992966989518,4928.75,5000,M,98.58%,991,SUPREME TRANSPORT INC (183 trucks) | WARD ELECTRIC COMPANY INC (222 trucks) | CITY OF LONGMONT (211 trucks) | ST VRAIN VALLEY SCHOOL DISTRICT (174 trucks) | HEAT WAVES HOT OIL SERVICE LLC (201 trucks),124000,14813,9333508.450000001,"$949,000.00"
Sol_072,Colfax Ave & Airport Blvd,https://www.loopnet.com/Listing/Colfax-Ave-Airport-Blvd-Aurora-CO/24946845/,"Aurora, CO 80011",1.1,955174.1,39.740269989586,-104.791334022205,9801.08,10000,L,98.01%,1396,METCO LANDSCAPING INC (226 trucks) | WAGNER EQUIPMENT CO (423 trucks) | AURORA PUBLIC SCHOOLS (127 trucks) | CITY OF AURORA (271 trucks) | SHAMROCK FOODS COMPANY (214 trucks) | SWINGLE TREE & LANDSCAPE CARE (135 trucks),124000,14813,9333508.450000001,"$955,174.10"
Sol_072,8850 Huron St,https://www.loopnet.com/Listing/8850-Huron-St-Thornton-CO/33061072/,"Thornton, CO 80260",1.26,349000.0,39.858426283979,-104.995662022846,18265.5,20000,XL,91.33%,2646,CITY OF THORNTON (208 trucks) | CITY OF THORNTON (174 trucks) | COCAL LANDSCAPE SERVICES INC (153 trucks) | COLD FRONT (121 trucks) | READY MIX CONCRETE COMPANY (191 trucks) | NAVAJO EXPRESS INC (309 trucks) | TRI-STATE GENERATION & TRANSMISSION ASSOCIATION INC (321 trucks) | WESTERN DISTRIBUTING TRANSPORTATION CORP (155 trucks) | RMS CRANES (139 trucks) | SURESHOT DRILLING LLC ATOZ FIELD SERVICES LLC DRILL TECH LLC PINNACLE DEVELOPMENT INC HDD SPECIALISTS LLC (135 trucks) | EAGLE ROCK DISTRIBUTING COMPANY OF COLORADO LLC (148 trucks) | OFFEN PETROLEUM LLC (269 trucks) | ALPINE MILLWORK COMPANY DBA ROCKY MOUNTAIN RELOAD (141 trucks) | ADAMS 12 FIVE STAR SCHOOLS (182 trucks),124000,14813,9333508.450000001,"$349,000.00"
Sol_072,765 Aspen Ridge Drive Dr,https://www.loopnet.com/Listing/765-Aspen-Ridge-Drive-Dr-Lafayette-CO/32931931/,"Lafayette, CO 80026",1.43,556000.0,40.006898203868,-105.107210150504,4585.06,5000,M,91.70%,619,BOULDER VALLEY SCHOOL DISTRICT RE-2 (134 trucks) | VIA MOBILITY SERVICES (196 trucks) | VIA MOBILITY SERVICES (116 trucks) | CU (173 trucks),124000,14813,9333508.450000001,"$556,000.00"
Sol_073,2544 11th Ave,https://www.loopnet.com/Listing/2544-11th-Ave-Greeley-CO/35100267/,"Greeley, CO 80631",0.15,350000.0,40.395690645275,-104.69657283495,336.5,1000,XS,33.65%,145,WELD COUNTY PUBLIC WORKS DEPARTMENT (145 trucks),137000,15730,10429225.69,"$350,000.00"
Sol_073,1339 Sheridan Blvd,https://www.loopnet.com/Listing/1339-Sheridan-Blvd-Lakewood-CO/29629654/,"Lakewood, CO 80214",0.18,299999.0,39.737415742007,-105.053556666269,1949.27,2000,S,97.46%,415,COMPASS VEHICLE RENTAL INC (170 trucks) | SITEWISE LLC (145 trucks) | CITY OF ARVADA (100 trucks),137000,15730,10429225.69,"$299,999.00"
Sol_073,422 Perry St,https://www.loopnet.com/Listing/422-Perry-St-Castle-Rock-CO/38421711/,"Castle Rock, CO 80104",0.24,605821.24,39.374148794158,-104.858322527659,2577.81,5000,M,51.56%,389,GREAT SOUTHWESTERN CONSTRUCTION INC (280 trucks) | TOWN OF CASTLE ROCK  (109 trucks),137000,15730,10429225.69,"$605,821.24"
Sol_073,239 S Main St,https://www.loopnet.com/Listing/239-S-Main-St-Brighton-CO/27424620/,"Brighton, CO 80601",0.31,250000.0,39.982905257485,-104.822555605705,1694.9,2000,S,84.75%,267,G&Z TRANSPORT LLC (147 trucks) | SIM TRUCKING INC (120 trucks),137000,15730,10429225.69,"$250,000.00"
Sol_073,606 W Colfax Ave,https://www.loopnet.com/Listing/606-W-Colfax-Ave-Denver-CO/26992476/,"Denver, CO 80204",0.31,1475000.0,39.739741342952,-104.995589435564,8930.12,10000,L,89.30%,1122,MPLX G&P (144 trucks) | RES (149 trucks) | CONCRETE EXPRESS INC (128 trucks) | FARMERS ALL NATURAL (121 trucks) | CO TRAN LLC (275 trucks) | COORS DISTRIBUTING COMPANY MILLER COORS LLC (105 trucks) | U S TRANSPORT INC (200 trucks),137000,15730,10429225.69,"$1,475,000.00"
Sol_073,17160 W Colfax Ave,https://www.loopnet.com/Listing/17160-W-Colfax-Ave-Golden-CO/29520298/,"Golden, CO 80401",0.63,500000.0,39.722253633534,-105.192465086092,5488.67,10000,L,54.89%,807,ENIVIRONMENTAL LANDWORKS COMPANY INC (115 trucks) | HOLCIM WCR INC (298 trucks) | JEFFCO SCHOOLS (274 trucks) | JEFFERSON COUNTY (120 trucks),137000,15730,10429225.69,"$500,000.00"
Sol_073,1560 N Academy Blvd,https://www.loopnet.com/Listing/1560-N-Academy-Blvd-Colorado-Springs-CO/3886433/,"Colorado Springs, CO 80909",0.64,416700.0,38.854776988204,-104.75774002483,5689.619999999999,10000,L,56.90%,1031,COLORADO SPRINGS SCHOOL DISTRICT 11 (130 trucks) | MOUNTAIN METROPOLITAN TRANSIT (144 trucks) | CITY OF COLORADO SPRINGS (326 trucks) | El PASO COUNTY (112 trucks) | GOODWILL OF COLORADO (134 trucks) | VECTRUS SYSTEMS CORPORATION (185 trucks),137000,15730,10429225.69,"$416,700.00"
Sol_073,4237 McWhinney Blvd,https://www.loopnet.com/Listing/4237-McWhinney-Blvd-Loveland-CO/23974785/,"Loveland, CO 80538",0.65,871347.9,40.408208389025,-105.017378025231,252.96,1000,XS,25.30%,109,LOVELAND MUNICIPALITY (109 trucks),137000,15730,10429225.69,"$871,347.90"
Sol_073,10431 Quari St,https://www.loopnet.com/Listing/10431-Quari-St-Commerce-City-CO/29119294/,"Commerce City, CO 80022",0.72,270000.0,39.886267655476,-104.844980046547,4169.15,5000,M,83.38%,562,ENVIRONMENTAL DESIGNS LLC (156 trucks) | BALIC TRANSPORT INC (120 trucks) | BURNCO COLORADO LLC (146 trucks) | WEST DIRECT OIL (140 trucks),137000,15730,10429225.69,"$270,000.00"
Sol_073,NEC N Fairgrounds Ave,https://www.loopnet.com/Listing/NEC-N-Fairgrounds-Ave-Windsor-CO/29890025/,"Windsor, CO 80528",0.74,483449.0,40.437732372143,-104.982630626628,304.01,1000,XS,30.40%,131,LARIMER COUNTY (131 trucks),137000,15730,10429225.69,"$483,449.00"
Sol_073,11958 Lincoln Ave,https://www.loopnet.com/Listing/Lincoln-Ave-Parker-CO/39741118/,"Parker, CO 80138",0.86,495000.0,39.536519536914,-104.76116705724,15005.279999999999,20000,XL,75.03%,2050,ACCELERATED SERVICES LLC (373 trucks) | AMERICAN FURNITURE WAREHOUSE CO (340 trucks) | TERRACARE ASSOCIATES LLC (156 trucks) | IHC SCOTT INC (214 trucks) | BUCKLEY POWDER CO (217 trucks) | CH2M OMI CH2MHILL JACOBS (183 trucks) | ORICA USA INC (215 trucks) | CHERRY CREEK SCHOOLS (352 trucks),137000,15730,10429225.69,"$495,000.00"
Sol_073,Harmony Rd,https://www.loopnet.com/Listing/Harmony-Rd-Timnath-CO/21109276/,"Timnath, CO 80547",0.88,689895.0,40.522951241822,-104.96262130308,5618.16,10000,L,56.18%,972,NOVUS AG LLC (444 trucks) | CITY OF FORT COLLINS (285 trucks) | Poudre School District  (243 trucks),137000,15730,10429225.69,"$689,895.00"
Sol_073,1801 W Union Ave,https://www.loopnet.com/Listing/1801-W-Union-Ave-Englewood-CO/39250756/,"Englewood, CO 80110",0.95,912839.45,39.63264140749,-105.009568941318,14985.23,20000,XL,74.93%,2078,KEESEN ENTERPRISES INC (263 trucks) | QUALITY LOGISTICS INC (135 trucks) | PROCAM SERVICES  (101 trucks) | PACIFIC SHIPPING & TRUCKING CO INC (109 trucks) | CITY LIGHT AND POWER INC (121 trucks) | WHEEL PROS LLC (182 trucks) | GLOBAL TRANSPORTATION LLC (442 trucks) | COMCAST (194 trucks) | ENTERPRISE RENT-A-CAR NATIONAL RENT A CAR ALAMO RENT A CAR (421 trucks) | HBSCO DANS TRASH AT YOUR DISPOSAL (110 trucks),137000,15730,10429225.69,"$912,839.45"
Sol_073,3311 Ideal Drive Dr,https://www.loopnet.com/Listing/3311-Ideal-Drive-Dr-Frederick-CO/35744244/,"Frederick, CO 80516",1.0,949000.0,40.087044076103,-104.992966989518,4928.75,5000,M,98.58%,991,SUPREME TRANSPORT INC (183 trucks) | WARD ELECTRIC COMPANY INC (222 trucks) | CITY OF LONGMONT (211 trucks) | ST VRAIN VALLEY SCHOOL DISTRICT (174 trucks) | HEAT WAVES HOT OIL SERVICE LLC (201 trucks),137000,15730,10429225.69,"$949,000.00"
Sol_073,Colfax Ave & Airport Blvd,https://www.loopnet.com/Listing/Colfax-Ave-Airport-Blvd-Aurora-CO/24946845/,"Aurora, CO 80011",1.1,955174.1,39.740269989586,-104.791334022205,9801.08,10000,L,98.01%,1396,METCO LANDSCAPING INC (226 trucks) | WAGNER EQUIPMENT CO (423 trucks) | AURORA PUBLIC SCHOOLS (127 trucks) | CITY OF AURORA (271 trucks) | SHAMROCK FOODS COMPANY (214 trucks) | SWINGLE TREE & LANDSCAPE CARE (135 trucks),137000,15730,10429225.69,"$955,174.10"
Sol_073,8850 Huron St,https://www.loopnet.com/Listing/8850-Huron-St-Thornton-CO/33061072/,"Thornton, CO 80260",1.26,349000.0,39.858426283979,-104.995662022846,18265.5,20000,XL,91.33%,2646,CITY OF THORNTON (208 trucks) | CITY OF THORNTON (174 trucks) | COCAL LANDSCAPE SERVICES INC (153 trucks) | COLD FRONT (121 trucks) | READY MIX CONCRETE COMPANY (191 trucks) | NAVAJO EXPRESS INC (309 trucks) | TRI-STATE GENERATION & TRANSMISSION ASSOCIATION INC (321 trucks) | WESTERN DISTRIBUTING TRANSPORTATION CORP (155 trucks) | RMS CRANES (139 trucks) | SURESHOT DRILLING LLC ATOZ FIELD SERVICES LLC DRILL TECH LLC PINNACLE DEVELOPMENT INC HDD SPECIALISTS LLC (135 trucks) | EAGLE ROCK DISTRIBUTING COMPANY OF COLORADO LLC (148 trucks) | OFFEN PETROLEUM LLC (269 trucks) | ALPINE MILLWORK COMPANY DBA ROCKY MOUNTAIN RELOAD (141 trucks) | ADAMS 12 FIVE STAR SCHOOLS (182 trucks),137000,15730,10429225.69,"$349,000.00"
Sol_073,765 Aspen Ridge Drive Dr,https://www.loopnet.com/Listing/765-Aspen-Ridge-Drive-Dr-Lafayette-CO/32931931/,"Lafayette, CO 80026",1.43,556000.0,40.006898203868,-105.107210150504,4585.06,5000,M,91.70%,619,BOULDER VALLEY SCHOOL DISTRICT RE-2 (134 trucks) | VIA MOBILITY SERVICES (196 trucks) | VIA MOBILITY SERVICES (116 trucks) | CU (173 trucks),137000,15730,10429225.69,"$556,000.00"
Sol_074,2544 11th Ave,https://www.loopnet.com/Listing/2544-11th-Ave-Greeley-CO/35100267/,"Greeley, CO 80631",0.15,350000.0,40.395690645275,-104.69657283495,336.5,1000,XS,33.65%,145,WELD COUNTY PUBLIC WORKS DEPARTMENT (145 trucks),134000,15625,10084330.690000001,"$350,000.00"
Sol_074,1339 Sheridan Blvd,https://www.loopnet.com/Listing/1339-Sheridan-Blvd-Lakewood-CO/29629654/,"Lakewood, CO 80214",0.18,299999.0,39.737415742007,-105.053556666269,4008.78,5000,M,80.18%,809,COMPASS VEHICLE RENTAL INC (170 trucks) | JEFFERSON COUNTY (120 trucks) | JEFFCO SCHOOLS (274 trucks) | SITEWISE LLC (145 trucks) | CITY OF ARVADA (100 trucks),134000,15625,10084330.690000001,"$299,999.00"
Sol_074,422 Perry St,https://www.loopnet.com/Listing/422-Perry-St-Castle-Rock-CO/38421711/,"Castle Rock, CO 80104",0.24,605821.24,39.374148794158,-104.858322527659,2577.81,5000,M,51.56%,389,GREAT SOUTHWESTERN CONSTRUCTION INC (280 trucks) | TOWN OF CASTLE ROCK  (109 trucks),134000,15625,10084330.690000001,"$605,821.24"
Sol_074,239 S Main St,https://www.loopnet.com/Listing/239-S-Main-St-Brighton-CO/27424620/,"Brighton, CO 80601",0.31,250000.0,39.982905257485,-104.822555605705,1694.9,2000,S,84.75%,267,G&Z TRANSPORT LLC (147 trucks) | SIM TRUCKING INC (120 trucks),134000,15625,10084330.690000001,"$250,000.00"
Sol_074,606 W Colfax Ave,https://www.loopnet.com/Listing/606-W-Colfax-Ave-Denver-CO/26992476/,"Denver, CO 80204",0.31,1475000.0,39.739741342952,-104.995589435564,8930.12,10000,L,89.30%,1122,MPLX G&P (144 trucks) | RES (149 trucks) | CONCRETE EXPRESS INC (128 trucks) | FARMERS ALL NATURAL (121 trucks) | CO TRAN LLC (275 trucks) | COORS DISTRIBUTING COMPANY MILLER COORS LLC (105 trucks) | U S TRANSPORT INC (200 trucks),134000,15625,10084330.690000001,"$1,475,000.00"
Sol_074,8905 E Colfax Ave,https://www.loopnet.com/Listing/8905-E-Colfax-Ave-Aurora-CO/32567100/,"Aurora, CO 80010",0.33,845000.0,39.740387126683,-104.884281197975,6813.16,10000,L,68.13%,1010,SUPERSHUTTLE DENVER (125 trucks) | SWINGLE TREE & LANDSCAPE CARE (135 trucks) | COMCAST (194 trucks) | UNITED SITE SERVICES OF NEVADA INC (409 trucks) | UNITED SITE SERVICES OF COLORADO INC (147 trucks),134000,15625,10084330.690000001,"$845,000.00"
Sol_074,1560 N Academy Blvd,https://www.loopnet.com/Listing/1560-N-Academy-Blvd-Colorado-Springs-CO/3886433/,"Colorado Springs, CO 80909",0.64,416700.0,38.854776988204,-104.75774002483,5689.619999999999,10000,L,56.90%,1031,COLORADO SPRINGS SCHOOL DISTRICT 11 (130 trucks) | MOUNTAIN METROPOLITAN TRANSIT (144 trucks) | CITY OF COLORADO SPRINGS (326 trucks) | El PASO COUNTY (112 trucks) | GOODWILL OF COLORADO (134 trucks) | VECTRUS SYSTEMS CORPORATION (185 trucks),134000,15625,10084330.690000001,"$416,700.00"
Sol_074,4237 McWhinney Blvd,https://www.loopnet.com/Listing/4237-McWhinney-Blvd-Loveland-CO/23974785/,"Loveland, CO 80538",0.65,871347.9,40.408208389025,-105.017378025231,252.96,1000,XS,25.30%,109,LOVELAND MUNICIPALITY (109 trucks),134000,15625,10084330.690000001,"$871,347.90"
Sol_074,10431 Quari St,https://www.loopnet.com/Listing/10431-Quari-St-Commerce-City-CO/29119294/,"Commerce City, CO 80022",0.72,270000.0,39.886267655476,-104.844980046547,4169.15,5000,M,83.38%,562,ENVIRONMENTAL DESIGNS LLC (156 trucks) | BALIC TRANSPORT INC (120 trucks) | BURNCO COLORADO LLC (146 trucks) | WEST DIRECT OIL (140 trucks),134000,15625,10084330.690000001,"$270,000.00"
Sol_074,NEC N Fairgrounds Ave,https://www.loopnet.com/Listing/NEC-N-Fairgrounds-Ave-Windsor-CO/29890025/,"Windsor, CO 80528",0.74,483449.0,40.437732372143,-104.982630626628,3990.5600000000004,5000,M,79.81%,575,LARIMER COUNTY (131 trucks) | NOVUS AG LLC (444 trucks),134000,15625,10084330.690000001,"$483,449.00"
Sol_074,11958 Lincoln Ave,https://www.loopnet.com/Listing/Lincoln-Ave-Parker-CO/39741118/,"Parker, CO 80138",0.86,495000.0,39.536519536914,-104.76116705724,15005.279999999999,20000,XL,75.03%,2050,ACCELERATED SERVICES LLC (373 trucks) | AMERICAN FURNITURE WAREHOUSE CO (340 trucks) | TERRACARE ASSOCIATES LLC (156 trucks) | IHC SCOTT INC (214 trucks) | BUCKLEY POWDER CO (217 trucks) | CH2M OMI CH2MHILL JACOBS (183 trucks) | ORICA USA INC (215 trucks) | CHERRY CREEK SCHOOLS (352 trucks),134000,15625,10084330.690000001,"$495,000.00"
Sol_074,1801 W Union Ave,https://www.loopnet.com/Listing/1801-W-Union-Ave-Englewood-CO/39250756/,"Englewood, CO 80110",0.95,912839.45,39.63264140749,-105.009568941318,14063.34,20000,XL,70.32%,1884,KEESEN ENTERPRISES INC (263 trucks) | QUALITY LOGISTICS INC (135 trucks) | PROCAM SERVICES  (101 trucks) | PACIFIC SHIPPING & TRUCKING CO INC (109 trucks) | CITY LIGHT AND POWER INC (121 trucks) | WHEEL PROS LLC (182 trucks) | GLOBAL TRANSPORTATION LLC (442 trucks) | ENTERPRISE RENT-A-CAR NATIONAL RENT A CAR ALAMO RENT A CAR (421 trucks) | HBSCO DANS TRASH AT YOUR DISPOSAL (110 trucks),134000,15625,10084330.690000001,"$912,839.45"
Sol_074,3311 Ideal Drive Dr,https://www.loopnet.com/Listing/3311-Ideal-Drive-Dr-Frederick-CO/35744244/,"Frederick, CO 80516",1.0,949000.0,40.087044076103,-104.992966989518,4928.75,5000,M,98.58%,991,SUPREME TRANSPORT INC (183 trucks) | WARD ELECTRIC COMPANY INC (222 trucks) | CITY OF LONGMONT (211 trucks) | ST VRAIN VALLEY SCHOOL DISTRICT (174 trucks) | HEAT WAVES HOT OIL SERVICE LLC (201 trucks),134000,15625,10084330.690000001,"$949,000.00"
Sol_074,Colfax Ave & Airport Blvd,https://www.loopnet.com/Listing/Colfax-Ave-Airport-Blvd-Aurora-CO/24946845/,"Aurora, CO 80011",1.1,955174.1,39.740269989586,-104.791334022205,8680.17,10000,L,86.80%,1261,METCO LANDSCAPING INC (226 trucks) | WAGNER EQUIPMENT CO (423 trucks) | AURORA PUBLIC SCHOOLS (127 trucks) | CITY OF AURORA (271 trucks) | SHAMROCK FOODS COMPANY (214 trucks),134000,15625,10084330.690000001,"$955,174.10"
Sol_074,8850 Huron St,https://www.loopnet.com/Listing/8850-Huron-St-Thornton-CO/33061072/,"Thornton, CO 80260",1.26,349000.0,39.858426283979,-104.995662022846,19552.47,20000,XL,97.76%,2801,CITY OF THORNTON (208 trucks) | CITY OF THORNTON (174 trucks) | COCAL LANDSCAPE SERVICES INC (153 trucks) | COLD FRONT (121 trucks) | READY MIX CONCRETE COMPANY (191 trucks) | NAVAJO EXPRESS INC (309 trucks) | TRI-STATE GENERATION & TRANSMISSION ASSOCIATION INC (321 trucks) | WESTERN DISTRIBUTING TRANSPORTATION CORP (155 trucks) | RMS CRANES (139 trucks) | SURESHOT DRILLING LLC ATOZ FIELD SERVICES LLC DRILL TECH LLC PINNACLE DEVELOPMENT INC HDD SPECIALISTS LLC (135 trucks) | EAGLE ROCK DISTRIBUTING COMPANY OF COLORADO LLC (148 trucks) | OFFEN PETROLEUM LLC (269 trucks) | ALPINE MILLWORK COMPANY DBA ROCKY MOUNTAIN RELOAD (141 trucks) | ADAMS 12 FIVE STAR SCHOOLS (182 trucks) | GEOSTABILIZATION INTERNATIONAL LLC (155 trucks),134000,15625,10084330.690000001,"$349,000.00"
Sol_074,765 Aspen Ridge Drive Dr,https://www.loopnet.com/Listing/765-Aspen-Ridge-Drive-Dr-Lafayette-CO/32931931/,"Lafayette, CO 80026",1.43,556000.0,40.006898203868,-105.107210150504,4585.06,5000,M,91.70%,619,BOULDER VALLEY SCHOOL DISTRICT RE-2 (134 trucks) | VIA MOBILITY SERVICES (196 trucks) | VIA MOBILITY SERVICES (116 trucks) | CU (173 trucks),134000,15625,10084330.690000001,"$556,000.00"
Sol_075,2544 11th Ave,https://www.loopnet.com/Listing/2544-11th-Ave-Greeley-CO/35100267/,"Greeley, CO 80631",0.15,350000.0,40.395690645275,-104.69657283495,336.5,1000,XS,33.65%,145,WELD COUNTY PUBLIC WORKS DEPARTMENT (145 trucks),139000,15905,11313329.69,"$350,000.00"
Sol_075,422 Perry St,https://www.loopnet.com/Listing/422-Perry-St-Castle-Rock-CO/38421711/,"Castle Rock, CO 80104",0.24,605821.24,39.374148794158,-104.858322527659,2577.81,5000,M,51.56%,389,GREAT SOUTHWESTERN CONSTRUCTION INC (280 trucks) | TOWN OF CASTLE ROCK  (109 trucks),139000,15905,11313329.69,"$605,821.24"
Sol_075,1319 Sheridan Blvd,https://www.loopnet.com/Listing/1319-1327-Sheridan-Blvd-Lakewood-CO/38343110/,"Lakewood, CO 80214",0.3,999998.0,39.737113071483,-105.053491874157,7437.9400000000005,10000,L,74.38%,1222,COMPASS VEHICLE RENTAL INC (170 trucks) | JEFFERSON COUNTY (120 trucks) | JEFFCO SCHOOLS (274 trucks) | SITEWISE LLC (145 trucks) | CITY OF ARVADA (100 trucks) | HOLCIM WCR INC (298 trucks) | ENIVIRONMENTAL LANDWORKS COMPANY INC (115 trucks),139000,15905,11313329.69,"$999,998.00"
Sol_075,239 S Main St,https://www.loopnet.com/Listing/239-S-Main-St-Brighton-CO/27424620/,"Brighton, CO 80601",0.31,250000.0,39.982905257485,-104.822555605705,1694.9,2000,S,84.75%,267,G&Z TRANSPORT LLC (147 trucks) | SIM TRUCKING INC (120 trucks),139000,15905,11313329.69,"$250,000.00"
Sol_075,606 W Colfax Ave,https://www.loopnet.com/Listing/606-W-Colfax-Ave-Denver-CO/26992476/,"Denver, CO 80204",0.31,1475000.0,39.739741342952,-104.995589435564,2877.2,5000,M,57.54%,393,MPLX G&P (144 trucks) | CONCRETE EXPRESS INC (128 trucks) | FARMERS ALL NATURAL (121 trucks),139000,15905,11313329.69,"$1,475,000.00"
Sol_075,1560 N Academy Blvd,https://www.loopnet.com/Listing/1560-N-Academy-Blvd-Colorado-Springs-CO/3886433/,"Colorado Springs, CO 80909",0.64,416700.0,38.854776988204,-104.75774002483,5689.619999999999,10000,L,56.90%,1031,COLORADO SPRINGS SCHOOL DISTRICT 11 (130 trucks) | MOUNTAIN METROPOLITAN TRANSIT (144 trucks) | CITY OF COLORADO SPRINGS (326 trucks) | El PASO COUNTY (112 trucks) | GOODWILL OF COLORADO (134 trucks) | VECTRUS SYSTEMS CORPORATION (185 trucks),139000,15905,11313329.69,"$416,700.00"
Sol_075,4237 McWhinney Blvd,https://www.loopnet.com/Listing/4237-McWhinney-Blvd-Loveland-CO/23974785/,"Loveland, CO 80538",0.65,871347.9,40.408208389025,-105.017378025231,252.96,1000,XS,25.30%,109,LOVELAND MUNICIPALITY (109 trucks),139000,15905,11313329.69,"$871,347.90"
Sol_075,10431 Quari St,https://www.loopnet.com/Listing/10431-Quari-St-Commerce-City-CO/29119294/,"Commerce City, CO 80022",0.72,270000.0,39.886267655476,-104.844980046547,4169.15,5000,M,83.38%,562,ENVIRONMENTAL DESIGNS LLC (156 trucks) | BALIC TRANSPORT INC (120 trucks) | BURNCO COLORADO LLC (146 trucks) | WEST DIRECT OIL (140 trucks),139000,15905,11313329.69,"$270,000.00"
Sol_075,NEC N Fairgrounds Ave,https://www.loopnet.com/Listing/NEC-N-Fairgrounds-Ave-Windsor-CO/29890025/,"Windsor, CO 80528",0.74,483449.0,40.437732372143,-104.982630626628,3990.5600000000004,5000,M,79.81%,575,LARIMER COUNTY (131 trucks) | NOVUS AG LLC (444 trucks),139000,15905,11313329.69,"$483,449.00"
Sol_075,11958 Lincoln Ave,https://www.loopnet.com/Listing/Lincoln-Ave-Parker-CO/39741118/,"Parker, CO 80138",0.86,495000.0,39.536519536914,-104.76116705724,15005.279999999999,20000,XL,75.03%,2050,ACCELERATED SERVICES LLC (373 trucks) | AMERICAN FURNITURE WAREHOUSE CO (340 trucks) | TERRACARE ASSOCIATES LLC (156 trucks) | IHC SCOTT INC (214 trucks) | BUCKLEY POWDER CO (217 trucks) | CH2M OMI CH2MHILL JACOBS (183 trucks) | ORICA USA INC (215 trucks) | CHERRY CREEK SCHOOLS (352 trucks),139000,15905,11313329.69,"$495,000.00"
Sol_075,2450 Curtis St,https://www.loopnet.com/Listing/2450-Curtis-St-Denver-CO/34878162/,"Denver, CO 80205",0.93,1930000.0,39.755035173034,-104.984190298703,13972.56,20000,XL,69.86%,1896,RES (149 trucks) | CO TRAN LLC (275 trucks) | WASTE CONNECTIONS OF COLORADO INC (486 trucks) | COORS DISTRIBUTING COMPANY MILLER COORS LLC (105 trucks) | U S TRANSPORT INC (200 trucks) | SUPERSHUTTLE DENVER (125 trucks) | UNITED SITE SERVICES OF NEVADA INC (409 trucks) | UNITED SITE SERVICES OF COLORADO INC (147 trucks),139000,15905,11313329.69,"$1,930,000.00"
Sol_075,1801 W Union Ave,https://www.loopnet.com/Listing/1801-W-Union-Ave-Englewood-CO/39250756/,"Englewood, CO 80110",0.95,912839.45,39.63264140749,-105.009568941318,14985.23,20000,XL,74.93%,2078,KEESEN ENTERPRISES INC (263 trucks) | QUALITY LOGISTICS INC (135 trucks) | PROCAM SERVICES  (101 trucks) | PACIFIC SHIPPING & TRUCKING CO INC (109 trucks) | CITY LIGHT AND POWER INC (121 trucks) | WHEEL PROS LLC (182 trucks) | GLOBAL TRANSPORTATION LLC (442 trucks) | COMCAST (194 trucks) | ENTERPRISE RENT-A-CAR NATIONAL RENT A CAR ALAMO RENT A CAR (421 trucks) | HBSCO DANS TRASH AT YOUR DISPOSAL (110 trucks),139000,15905,11313329.69,"$912,839.45"
Sol_075,3311 Ideal Drive Dr,https://www.loopnet.com/Listing/3311-Ideal-Drive-Dr-Frederick-CO/35744244/,"Frederick, CO 80516",1.0,949000.0,40.087044076103,-104.992966989518,4928.75,5000,M,98.58%,991,SUPREME TRANSPORT INC (183 trucks) | WARD ELECTRIC COMPANY INC (222 trucks) | CITY OF LONGMONT (211 trucks) | ST VRAIN VALLEY SCHOOL DISTRICT (174 trucks) | HEAT WAVES HOT OIL SERVICE LLC (201 trucks),139000,15905,11313329.69,"$949,000.00"
Sol_075,Colfax Ave & Airport Blvd,https://www.loopnet.com/Listing/Colfax-Ave-Airport-Blvd-Aurora-CO/24946845/,"Aurora, CO 80011",1.1,955174.1,39.740269989586,-104.791334022205,9801.08,10000,L,98.01%,1396,METCO LANDSCAPING INC (226 trucks) | WAGNER EQUIPMENT CO (423 trucks) | AURORA PUBLIC SCHOOLS (127 trucks) | CITY OF AURORA (271 trucks) | SHAMROCK FOODS COMPANY (214 trucks) | SWINGLE TREE & LANDSCAPE CARE (135 trucks),139000,15905,11313329.69,"$955,174.10"
Sol_075,8850 Huron St,https://www.loopnet.com/Listing/8850-Huron-St-Thornton-CO/33061072/,"Thornton, CO 80260",1.26,349000.0,39.858426283979,-104.995662022846,19552.47,20000,XL,97.76%,2801,CITY OF THORNTON (208 trucks) | CITY OF THORNTON (174 trucks) | COCAL LANDSCAPE SERVICES INC (153 trucks) | COLD FRONT (121 trucks) | READY MIX CONCRETE COMPANY (191 trucks) | NAVAJO EXPRESS INC (309 trucks) | TRI-STATE GENERATION & TRANSMISSION ASSOCIATION INC (321 trucks) | WESTERN DISTRIBUTING TRANSPORTATION CORP (155 trucks) | RMS CRANES (139 trucks) | SURESHOT DRILLING LLC ATOZ FIELD SERVICES LLC DRILL TECH LLC PINNACLE DEVELOPMENT INC HDD SPECIALISTS LLC (135 trucks) | EAGLE ROCK DISTRIBUTING COMPANY OF COLORADO LLC (148 trucks) | OFFEN PETROLEUM LLC (269 trucks) | ALPINE MILLWORK COMPANY DBA ROCKY MOUNTAIN RELOAD (141 trucks) | ADAMS 12 FIVE STAR SCHOOLS (182 trucks) | GEOSTABILIZATION INTERNATIONAL LLC (155 trucks),139000,15905,11313329.69,"$349,000.00"
Sol_076,2544 11th Ave,https://www.loopnet.com/Listing/2544-11th-Ave-Greeley-CO/35100267/,"Greeley, CO 80631",0.15,350000.0,40.395690645275,-104.69657283495,336.5,1000,XS,33.65%,145,WELD COUNTY PUBLIC WORKS DEPARTMENT (145 trucks),131000,15596,10051490.24,"$350,000.00"
Sol_076,1339 Sheridan Blvd,https://www.loopnet.com/Listing/1339-Sheridan-Blvd-Lakewood-CO/29629654/,"Lakewood, CO 80214",0.18,299999.0,39.737415742007,-105.053556666269,1949.27,2000,S,97.46%,415,COMPASS VEHICLE RENTAL INC (170 trucks) | SITEWISE LLC (145 trucks) | CITY OF ARVADA (100 trucks),131000,15596,10051490.24,"$299,999.00"
Sol_076,422 Perry St,https://www.loopnet.com/Listing/422-Perry-St-Castle-Rock-CO/38421711/,"Castle Rock, CO 80104",0.24,605821.24,39.374148794158,-104.858322527659,2577.81,5000,M,51.56%,389,GREAT SOUTHWESTERN CONSTRUCTION INC (280 trucks) | TOWN OF CASTLE ROCK  (109 trucks),131000,15596,10051490.24,"$605,821.24"
Sol_076,239 S Main St,https://www.loopnet.com/Listing/239-S-Main-St-Brighton-CO/27424620/,"Brighton, CO 80601",0.31,250000.0,39.982905257485,-104.822555605705,1694.9,2000,S,84.75%,267,G&Z TRANSPORT LLC (147 trucks) | SIM TRUCKING INC (120 trucks),131000,15596,10051490.24,"$250,000.00"
Sol_076,606 W Colfax Ave,https://www.loopnet.com/Listing/606-W-Colfax-Ave-Denver-CO/26992476/,"Denver, CO 80204",0.31,1475000.0,39.739741342952,-104.995589435564,8930.12,10000,L,89.30%,1122,MPLX G&P (144 trucks) | RES (149 trucks) | CONCRETE EXPRESS INC (128 trucks) | FARMERS ALL NATURAL (121 trucks) | CO TRAN LLC (275 trucks) | COORS DISTRIBUTING COMPANY MILLER COORS LLC (105 trucks) | U S TRANSPORT INC (200 trucks),131000,15596,10051490.24,"$1,475,000.00"
Sol_076,8905 E Colfax Ave,https://www.loopnet.com/Listing/8905-E-Colfax-Ave-Aurora-CO/32567100/,"Aurora, CO 80010",0.33,845000.0,39.740387126683,-104.884281197975,8899.3,10000,L,88.99%,1313,SUPERSHUTTLE DENVER (125 trucks) | SWINGLE TREE & LANDSCAPE CARE (135 trucks) | COMCAST (194 trucks) | UNITED SITE SERVICES OF NEVADA INC (409 trucks) | UNITED SITE SERVICES OF COLORADO INC (147 trucks) | CITY LIGHT AND POWER INC (121 trucks) | WHEEL PROS LLC (182 trucks),131000,15596,10051490.24,"$845,000.00"
Sol_076,17160 W Colfax Ave,https://www.loopnet.com/Listing/17160-W-Colfax-Ave-Golden-CO/29520298/,"Golden, CO 80401",0.63,500000.0,39.722253633534,-105.192465086092,5488.67,10000,L,54.89%,807,ENIVIRONMENTAL LANDWORKS COMPANY INC (115 trucks) | HOLCIM WCR INC (298 trucks) | JEFFCO SCHOOLS (274 trucks) | JEFFERSON COUNTY (120 trucks),131000,15596,10051490.24,"$500,000.00"
Sol_076,1560 N Academy Blvd,https://www.loopnet.com/Listing/1560-N-Academy-Blvd-Colorado-Springs-CO/3886433/,"Colorado Springs, CO 80909",0.64,416700.0,38.854776988204,-104.75774002483,5689.619999999999,10000,L,56.90%,1031,COLORADO SPRINGS SCHOOL DISTRICT 11 (130 trucks) | MOUNTAIN METROPOLITAN TRANSIT (144 trucks) | CITY OF COLORADO SPRINGS (326 trucks) | El PASO COUNTY (112 trucks) | GOODWILL OF COLORADO (134 trucks) | VECTRUS SYSTEMS CORPORATION (185 trucks),131000,15596,10051490.24,"$416,700.00"
Sol_076,4237 McWhinney Blvd,https://www.loopnet.com/Listing/4237-McWhinney-Blvd-Loveland-CO/23974785/,"Loveland, CO 80538",0.65,871347.9,40.408208389025,-105.017378025231,252.96,1000,XS,25.30%,109,LOVELAND MUNICIPALITY (109 trucks),131000,15596,10051490.24,"$871,347.90"
Sol_076,7300 W Jefferson Ave,https://www.loopnet.com/Listing/7300-W-Jefferson-Ave-Lakewood-CO/38419312/,"Lakewood, CO 80235",0.66,379999.0,39.649773884125,-105.079540805378,5048.249999999999,10000,L,50.48%,608,QUALITY LOGISTICS INC (135 trucks) | KEESEN ENTERPRISES INC (263 trucks) | PROCAM SERVICES  (101 trucks) | PACIFIC SHIPPING & TRUCKING CO INC (109 trucks),131000,15596,10051490.24,"$379,999.00"
Sol_076,10431 Quari St,https://www.loopnet.com/Listing/10431-Quari-St-Commerce-City-CO/29119294/,"Commerce City, CO 80022",0.72,270000.0,39.886267655476,-104.844980046547,4169.15,5000,M,83.38%,562,ENVIRONMENTAL DESIGNS LLC (156 trucks) | BALIC TRANSPORT INC (120 trucks) | BURNCO COLORADO LLC (146 trucks) | WEST DIRECT OIL (140 trucks),131000,15596,10051490.24,"$270,000.00"
Sol_076,NEC N Fairgrounds Ave,https://www.loopnet.com/Listing/NEC-N-Fairgrounds-Ave-Windsor-CO/29890025/,"Windsor, CO 80528",0.74,483449.0,40.437732372143,-104.982630626628,3990.5600000000004,5000,M,79.81%,575,LARIMER COUNTY (131 trucks) | NOVUS AG LLC (444 trucks),131000,15596,10051490.24,"$483,449.00"
Sol_076,11958 Lincoln Ave,https://www.loopnet.com/Listing/Lincoln-Ave-Parker-CO/39741118/,"Parker, CO 80138",0.86,495000.0,39.536519536914,-104.76116705724,18264.289999999997,20000,XL,91.32%,2581,ACCELERATED SERVICES LLC (373 trucks) | AMERICAN FURNITURE WAREHOUSE CO (340 trucks) | TERRACARE ASSOCIATES LLC (156 trucks) | IHC SCOTT INC (214 trucks) | BUCKLEY POWDER CO (217 trucks) | CH2M OMI CH2MHILL JACOBS (183 trucks) | ORICA USA INC (215 trucks) | CHERRY CREEK SCHOOLS (352 trucks) | HBSCO DANS TRASH AT YOUR DISPOSAL (110 trucks) | ENTERPRISE RENT-A-CAR NATIONAL RENT A CAR ALAMO RENT A CAR (421 trucks),131000,15596,10051490.24,"$495,000.00"
Sol_076,3311 Ideal Drive Dr,https://www.loopnet.com/Listing/3311-Ideal-Drive-Dr-Frederick-CO/35744244/,"Frederick, CO 80516",1.0,949000.0,40.087044076103,-104.992966989518,4928.75,5000,M,98.58%,991,SUPREME TRANSPORT INC (183 trucks) | WARD ELECTRIC COMPANY INC (222 trucks) | CITY OF LONGMONT (211 trucks) | ST VRAIN VALLEY SCHOOL DISTRICT (174 trucks) | HEAT WAVES HOT OIL SERVICE LLC (201 trucks),131000,15596,10051490.24,"$949,000.00"
Sol_076,Colfax Ave & Airport Blvd,https://www.loopnet.com/Listing/Colfax-Ave-Airport-Blvd-Aurora-CO/24946845/,"Aurora, CO 80011",1.1,955174.1,39.740269989586,-104.791334022205,8680.17,10000,L,86.80%,1261,METCO LANDSCAPING INC (226 trucks) | WAGNER EQUIPMENT CO (423 trucks) | AURORA PUBLIC SCHOOLS (127 trucks) | CITY OF AURORA (271 trucks) | SHAMROCK FOODS COMPANY (214 trucks),131000,15596,10051490.24,"$955,174.10"
Sol_076,8850 Huron St,https://www.loopnet.com/Listing/8850-Huron-St-Thornton-CO/33061072/,"Thornton, CO 80260",1.26,349000.0,39.858426283979,-104.995662022846,19552.47,20000,XL,97.76%,2801,CITY OF THORNTON (208 trucks) | CITY OF THORNTON (174 trucks) | COCAL LANDSCAPE SERVICES INC (153 trucks) | COLD FRONT (121 trucks) | READY MIX CONCRETE COMPANY (191 trucks) | NAVAJO EXPRESS INC (309 trucks) | TRI-STATE GENERATION & TRANSMISSION ASSOCIATION INC (321 trucks) | WESTERN DISTRIBUTING TRANSPORTATION CORP (155 trucks) | RMS CRANES (139 trucks) | SURESHOT DRILLING LLC ATOZ FIELD SERVICES LLC DRILL TECH LLC PINNACLE DEVELOPMENT INC HDD SPECIALISTS LLC (135 trucks) | EAGLE ROCK DISTRIBUTING COMPANY OF COLORADO LLC (148 trucks) | OFFEN PETROLEUM LLC (269 trucks) | ALPINE MILLWORK COMPANY DBA ROCKY MOUNTAIN RELOAD (141 trucks) | ADAMS 12 FIVE STAR SCHOOLS (182 trucks) | GEOSTABILIZATION INTERNATIONAL LLC (155 trucks),131000,15596,10051490.24,"$349,000.00"
Sol_076,765 Aspen Ridge Drive Dr,https://www.loopnet.com/Listing/765-Aspen-Ridge-Drive-Dr-Lafayette-CO/32931931/,"Lafayette, CO 80026",1.43,556000.0,40.006898203868,-105.107210150504,4585.06,5000,M,91.70%,619,BOULDER VALLEY SCHOOL DISTRICT RE-2 (134 trucks) | VIA MOBILITY SERVICES (196 trucks) | VIA MOBILITY SERVICES (116 trucks) | CU (173 trucks),131000,15596,10051490.24,"$556,000.00"
Sol_077,2544 11th Ave,https://www.loopnet.com/Listing/2544-11th-Ave-Greeley-CO/35100267/,"Greeley, CO 80631",0.15,350000.0,40.395690645275,-104.69657283495,336.5,1000,XS,33.65%,145,WELD COUNTY PUBLIC WORKS DEPARTMENT (145 trucks),131000,15202,9739330.690000001,"$350,000.00"
Sol_077,1339 Sheridan Blvd,https://www.loopnet.com/Listing/1339-Sheridan-Blvd-Lakewood-CO/29629654/,"Lakewood, CO 80214",0.18,299999.0,39.737415742007,-105.053556666269,1949.27,2000,S,97.46%,415,COMPASS VEHICLE RENTAL INC (170 trucks) | SITEWISE LLC (145 trucks) | CITY OF ARVADA (100 trucks),131000,15202,9739330.690000001,"$299,999.00"
Sol_077,422 Perry St,https://www.loopnet.com/Listing/422-Perry-St-Castle-Rock-CO/38421711/,"Castle Rock, CO 80104",0.24,605821.24,39.374148794158,-104.858322527659,2577.81,5000,M,51.56%,389,GREAT SOUTHWESTERN CONSTRUCTION INC (280 trucks) | TOWN OF CASTLE ROCK  (109 trucks),131000,15202,9739330.690000001,"$605,821.24"
Sol_077,239 S Main St,https://www.loopnet.com/Listing/239-S-Main-St-Brighton-CO/27424620/,"Brighton, CO 80601",0.31,250000.0,39.982905257485,-104.822555605705,1694.9,2000,S,84.75%,267,G&Z TRANSPORT LLC (147 trucks) | SIM TRUCKING INC (120 trucks),131000,15202,9739330.690000001,"$250,000.00"
Sol_077,606 W Colfax Ave,https://www.loopnet.com/Listing/606-W-Colfax-Ave-Denver-CO/26992476/,"Denver, CO 80204",0.31,1475000.0,39.739741342952,-104.995589435564,8930.12,10000,L,89.30%,1122,MPLX G&P (144 trucks) | RES (149 trucks) | CONCRETE EXPRESS INC (128 trucks) | FARMERS ALL NATURAL (121 trucks) | CO TRAN LLC (275 trucks) | COORS DISTRIBUTING COMPANY MILLER COORS LLC (105 trucks) | U S TRANSPORT INC (200 trucks),131000,15202,9739330.690000001,"$1,475,000.00"
Sol_077,17160 W Colfax Ave,https://www.loopnet.com/Listing/17160-W-Colfax-Ave-Golden-CO/29520298/,"Golden, CO 80401",0.63,500000.0,39.722253633534,-105.192465086092,5488.67,10000,L,54.89%,807,ENIVIRONMENTAL LANDWORKS COMPANY INC (115 trucks) | HOLCIM WCR INC (298 trucks) | JEFFCO SCHOOLS (274 trucks) | JEFFERSON COUNTY (120 trucks),131000,15202,9739330.690000001,"$500,000.00"
Sol_077,1560 N Academy Blvd,https://www.loopnet.com/Listing/1560-N-Academy-Blvd-Colorado-Springs-CO/3886433/,"Colorado Springs, CO 80909",0.64,416700.0,38.854776988204,-104.75774002483,5689.619999999999,10000,L,56.90%,1031,COLORADO SPRINGS SCHOOL DISTRICT 11 (130 trucks) | MOUNTAIN METROPOLITAN TRANSIT (144 trucks) | CITY OF COLORADO SPRINGS (326 trucks) | El PASO COUNTY (112 trucks) | GOODWILL OF COLORADO (134 trucks) | VECTRUS SYSTEMS CORPORATION (185 trucks),131000,15202,9739330.690000001,"$416,700.00"
Sol_077,4237 McWhinney Blvd,https://www.loopnet.com/Listing/4237-McWhinney-Blvd-Loveland-CO/23974785/,"Loveland, CO 80538",0.65,871347.9,40.408208389025,-105.017378025231,252.96,1000,XS,25.30%,109,LOVELAND MUNICIPALITY (109 trucks),131000,15202,9739330.690000001,"$871,347.90"
Sol_077,10431 Quari St,https://www.loopnet.com/Listing/10431-Quari-St-Commerce-City-CO/29119294/,"Commerce City, CO 80022",0.72,270000.0,39.886267655476,-104.844980046547,4169.15,5000,M,83.38%,562,ENVIRONMENTAL DESIGNS LLC (156 trucks) | BALIC TRANSPORT INC (120 trucks) | BURNCO COLORADO LLC (146 trucks) | WEST DIRECT OIL (140 trucks),131000,15202,9739330.690000001,"$270,000.00"
Sol_077,NEC N Fairgrounds Ave,https://www.loopnet.com/Listing/NEC-N-Fairgrounds-Ave-Windsor-CO/29890025/,"Windsor, CO 80528",0.74,483449.0,40.437732372143,-104.982630626628,3990.5600000000004,5000,M,79.81%,575,LARIMER COUNTY (131 trucks) | NOVUS AG LLC (444 trucks),131000,15202,9739330.690000001,"$483,449.00"
Sol_077,11958 Lincoln Ave,https://www.loopnet.com/Listing/Lincoln-Ave-Parker-CO/39741118/,"Parker, CO 80138",0.86,495000.0,39.536519536914,-104.76116705724,15005.279999999999,20000,XL,75.03%,2050,ACCELERATED SERVICES LLC (373 trucks) | AMERICAN FURNITURE WAREHOUSE CO (340 trucks) | TERRACARE ASSOCIATES LLC (156 trucks) | IHC SCOTT INC (214 trucks) | BUCKLEY POWDER CO (217 trucks) | CH2M OMI CH2MHILL JACOBS (183 trucks) | ORICA USA INC (215 trucks) | CHERRY CREEK SCHOOLS (352 trucks),131000,15202,9739330.690000001,"$495,000.00"
Sol_077,1801 W Union Ave,https://www.loopnet.com/Listing/1801-W-Union-Ave-Englewood-CO/39250756/,"Englewood, CO 80110",0.95,912839.45,39.63264140749,-105.009568941318,14985.23,20000,XL,74.93%,2078,KEESEN ENTERPRISES INC (263 trucks) | QUALITY LOGISTICS INC (135 trucks) | PROCAM SERVICES  (101 trucks) | PACIFIC SHIPPING & TRUCKING CO INC (109 trucks) | CITY LIGHT AND POWER INC (121 trucks) | WHEEL PROS LLC (182 trucks) | GLOBAL TRANSPORTATION LLC (442 trucks) | COMCAST (194 trucks) | ENTERPRISE RENT-A-CAR NATIONAL RENT A CAR ALAMO RENT A CAR (421 trucks) | HBSCO DANS TRASH AT YOUR DISPOSAL (110 trucks),131000,15202,9739330.690000001,"$912,839.45"
Sol_077,3311 Ideal Drive Dr,https://www.loopnet.com/Listing/3311-Ideal-Drive-Dr-Frederick-CO/35744244/,"Frederick, CO 80516",1.0,949000.0,40.087044076103,-104.992966989518,4928.75,5000,M,98.58%,991,SUPREME TRANSPORT INC (183 trucks) | WARD ELECTRIC COMPANY INC (222 trucks) | CITY OF LONGMONT (211 trucks) | ST VRAIN VALLEY SCHOOL DISTRICT (174 trucks) | HEAT WAVES HOT OIL SERVICE LLC (201 trucks),131000,15202,9739330.690000001,"$949,000.00"
Sol_077,Colfax Ave & Airport Blvd,https://www.loopnet.com/Listing/Colfax-Ave-Airport-Blvd-Aurora-CO/24946845/,"Aurora, CO 80011",1.1,955174.1,39.740269989586,-104.791334022205,9801.08,10000,L,98.01%,1396,METCO LANDSCAPING INC (226 trucks) | WAGNER EQUIPMENT CO (423 trucks) | AURORA PUBLIC SCHOOLS (127 trucks) | CITY OF AURORA (271 trucks) | SHAMROCK FOODS COMPANY (214 trucks) | SWINGLE TREE & LANDSCAPE CARE (135 trucks),131000,15202,9739330.690000001,"$955,174.10"
Sol_077,8850 Huron St,https://www.loopnet.com/Listing/8850-Huron-St-Thornton-CO/33061072/,"Thornton, CO 80260",1.26,349000.0,39.858426283979,-104.995662022846,18265.5,20000,XL,91.33%,2646,CITY OF THORNTON (208 trucks) | CITY OF THORNTON (174 trucks) | COCAL LANDSCAPE SERVICES INC (153 trucks) | COLD FRONT (121 trucks) | READY MIX CONCRETE COMPANY (191 trucks) | NAVAJO EXPRESS INC (309 trucks) | TRI-STATE GENERATION & TRANSMISSION ASSOCIATION INC (321 trucks) | WESTERN DISTRIBUTING TRANSPORTATION CORP (155 trucks) | RMS CRANES (139 trucks) | SURESHOT DRILLING LLC ATOZ FIELD SERVICES LLC DRILL TECH LLC PINNACLE DEVELOPMENT INC HDD SPECIALISTS LLC (135 trucks) | EAGLE ROCK DISTRIBUTING COMPANY OF COLORADO LLC (148 trucks) | OFFEN PETROLEUM LLC (269 trucks) | ALPINE MILLWORK COMPANY DBA ROCKY MOUNTAIN RELOAD (141 trucks) | ADAMS 12 FIVE STAR SCHOOLS (182 trucks),131000,15202,9739330.690000001,"$349,000.00"
Sol_077,765 Aspen Ridge Drive Dr,https://www.loopnet.com/Listing/765-Aspen-Ridge-Drive-Dr-Lafayette-CO/32931931/,"Lafayette, CO 80026",1.43,556000.0,40.006898203868,-105.107210150504,4585.06,5000,M,91.70%,619,BOULDER VALLEY SCHOOL DISTRICT RE-2 (134 trucks) | VIA MOBILITY SERVICES (196 trucks) | VIA MOBILITY SERVICES (116 trucks) | CU (173 trucks),131000,15202,9739330.690000001,"$556,000.00"
Sol_078,2544 11th Ave,https://www.loopnet.com/Listing/2544-11th-Ave-Greeley-CO/35100267/,"Greeley, CO 80631",0.15,350000.0,40.395690645275,-104.69657283495,336.5,1000,XS,33.65%,145,WELD COUNTY PUBLIC WORKS DEPARTMENT (145 trucks),130000,15317,9929225.690000001,"$350,000.00"
Sol_078,1339 Sheridan Blvd,https://www.loopnet.com/Listing/1339-Sheridan-Blvd-Lakewood-CO/29629654/,"Lakewood, CO 80214",0.18,299999.0,39.737415742007,-105.053556666269,4008.78,5000,M,80.18%,809,COMPASS VEHICLE RENTAL INC (170 trucks) | JEFFERSON COUNTY (120 trucks) | JEFFCO SCHOOLS (274 trucks) | SITEWISE LLC (145 trucks) | CITY OF ARVADA (100 trucks),130000,15317,9929225.690000001,"$299,999.00"
Sol_078,422 Perry St,https://www.loopnet.com/Listing/422-Perry-St-Castle-Rock-CO/38421711/,"Castle Rock, CO 80104",0.24,605821.24,39.374148794158,-104.858322527659,2577.81,5000,M,51.56%,389,GREAT SOUTHWESTERN CONSTRUCTION INC (280 trucks) | TOWN OF CASTLE ROCK  (109 trucks),130000,15317,9929225.690000001,"$605,821.24"
Sol_078,239 S Main St,https://www.loopnet.com/Listing/239-S-Main-St-Brighton-CO/27424620/,"Brighton, CO 80601",0.31,250000.0,39.982905257485,-104.822555605705,1694.9,2000,S,84.75%,267,G&Z TRANSPORT LLC (147 trucks) | SIM TRUCKING INC (120 trucks),130000,15317,9929225.690000001,"$250,000.00"
Sol_078,606 W Colfax Ave,https://www.loopnet.com/Listing/606-W-Colfax-Ave-Denver-CO/26992476/,"Denver, CO 80204",0.31,1475000.0,39.739741342952,-104.995589435564,8930.12,10000,L,89.30%,1122,MPLX G&P (144 trucks) | RES (149 trucks) | CONCRETE EXPRESS INC (128 trucks) | FARMERS ALL NATURAL (121 trucks) | CO TRAN LLC (275 trucks) | COORS DISTRIBUTING COMPANY MILLER COORS LLC (105 trucks) | U S TRANSPORT INC (200 trucks),130000,15317,9929225.690000001,"$1,475,000.00"
Sol_078,1560 N Academy Blvd,https://www.loopnet.com/Listing/1560-N-Academy-Blvd-Colorado-Springs-CO/3886433/,"Colorado Springs, CO 80909",0.64,416700.0,38.854776988204,-104.75774002483,5689.619999999999,10000,L,56.90%,1031,COLORADO SPRINGS SCHOOL DISTRICT 11 (130 trucks) | MOUNTAIN METROPOLITAN TRANSIT (144 trucks) | CITY OF COLORADO SPRINGS (326 trucks) | El PASO COUNTY (112 trucks) | GOODWILL OF COLORADO (134 trucks) | VECTRUS SYSTEMS CORPORATION (185 trucks),130000,15317,9929225.690000001,"$416,700.00"
Sol_078,4237 McWhinney Blvd,https://www.loopnet.com/Listing/4237-McWhinney-Blvd-Loveland-CO/23974785/,"Loveland, CO 80538",0.65,871347.9,40.408208389025,-105.017378025231,252.96,1000,XS,25.30%,109,LOVELAND MUNICIPALITY (109 trucks),130000,15317,9929225.690000001,"$871,347.90"
Sol_078,10431 Quari St,https://www.loopnet.com/Listing/10431-Quari-St-Commerce-City-CO/29119294/,"Commerce City, CO 80022",0.72,270000.0,39.886267655476,-104.844980046547,4169.15,5000,M,83.38%,562,ENVIRONMENTAL DESIGNS LLC (156 trucks) | BALIC TRANSPORT INC (120 trucks) | BURNCO COLORADO LLC (146 trucks) | WEST DIRECT OIL (140 trucks),130000,15317,9929225.690000001,"$270,000.00"
Sol_078,NEC N Fairgrounds Ave,https://www.loopnet.com/Listing/NEC-N-Fairgrounds-Ave-Windsor-CO/29890025/,"Windsor, CO 80528",0.74,483449.0,40.437732372143,-104.982630626628,304.01,1000,XS,30.40%,131,LARIMER COUNTY (131 trucks),130000,15317,9929225.690000001,"$483,449.00"
Sol_078,11958 Lincoln Ave,https://www.loopnet.com/Listing/Lincoln-Ave-Parker-CO/39741118/,"Parker, CO 80138",0.86,495000.0,39.536519536914,-104.76116705724,15005.279999999999,20000,XL,75.03%,2050,ACCELERATED SERVICES LLC (373 trucks) | AMERICAN FURNITURE WAREHOUSE CO (340 trucks) | TERRACARE ASSOCIATES LLC (156 trucks) | IHC SCOTT INC (214 trucks) | BUCKLEY POWDER CO (217 trucks) | CH2M OMI CH2MHILL JACOBS (183 trucks) | ORICA USA INC (215 trucks) | CHERRY CREEK SCHOOLS (352 trucks),130000,15317,9929225.690000001,"$495,000.00"
Sol_078,Harmony Rd,https://www.loopnet.com/Listing/Harmony-Rd-Timnath-CO/21109276/,"Timnath, CO 80547",0.88,689895.0,40.522951241822,-104.96262130308,5618.16,10000,L,56.18%,972,NOVUS AG LLC (444 trucks) | CITY OF FORT COLLINS (285 trucks) | Poudre School District  (243 trucks),130000,15317,9929225.690000001,"$689,895.00"
Sol_078,1801 W Union Ave,https://www.loopnet.com/Listing/1801-W-Union-Ave-Englewood-CO/39250756/,"Englewood, CO 80110",0.95,912839.45,39.63264140749,-105.009568941318,14985.23,20000,XL,74.93%,2078,KEESEN ENTERPRISES INC (263 trucks) | QUALITY LOGISTICS INC (135 trucks) | PROCAM SERVICES  (101 trucks) | PACIFIC SHIPPING & TRUCKING CO INC (109 trucks) | CITY LIGHT AND POWER INC (121 trucks) | WHEEL PROS LLC (182 trucks) | GLOBAL TRANSPORTATION LLC (442 trucks) | COMCAST (194 trucks) | ENTERPRISE RENT-A-CAR NATIONAL RENT A CAR ALAMO RENT A CAR (421 trucks) | HBSCO DANS TRASH AT YOUR DISPOSAL (110 trucks),130000,15317,9929225.690000001,"$912,839.45"
Sol_078,3311 Ideal Drive Dr,https://www.loopnet.com/Listing/3311-Ideal-Drive-Dr-Frederick-CO/35744244/,"Frederick, CO 80516",1.0,949000.0,40.087044076103,-104.992966989518,4928.75,5000,M,98.58%,991,SUPREME TRANSPORT INC (183 trucks) | WARD ELECTRIC COMPANY INC (222 trucks) | CITY OF LONGMONT (211 trucks) | ST VRAIN VALLEY SCHOOL DISTRICT (174 trucks) | HEAT WAVES HOT OIL SERVICE LLC (201 trucks),130000,15317,9929225.690000001,"$949,000.00"
Sol_078,Colfax Ave & Airport Blvd,https://www.loopnet.com/Listing/Colfax-Ave-Airport-Blvd-Aurora-CO/24946845/,"Aurora, CO 80011",1.1,955174.1,39.740269989586,-104.791334022205,9801.08,10000,L,98.01%,1396,METCO LANDSCAPING INC (226 trucks) | WAGNER EQUIPMENT CO (423 trucks) | AURORA PUBLIC SCHOOLS (127 trucks) | CITY OF AURORA (271 trucks) | SHAMROCK FOODS COMPANY (214 trucks) | SWINGLE TREE & LANDSCAPE CARE (135 trucks),130000,15317,9929225.690000001,"$955,174.10"
Sol_078,8850 Huron St,https://www.loopnet.com/Listing/8850-Huron-St-Thornton-CO/33061072/,"Thornton, CO 80260",1.26,349000.0,39.858426283979,-104.995662022846,18265.5,20000,XL,91.33%,2646,CITY OF THORNTON (208 trucks) | CITY OF THORNTON (174 trucks) | COCAL LANDSCAPE SERVICES INC (153 trucks) | COLD FRONT (121 trucks) | READY MIX CONCRETE COMPANY (191 trucks) | NAVAJO EXPRESS INC (309 trucks) | TRI-STATE GENERATION & TRANSMISSION ASSOCIATION INC (321 trucks) | WESTERN DISTRIBUTING TRANSPORTATION CORP (155 trucks) | RMS CRANES (139 trucks) | SURESHOT DRILLING LLC ATOZ FIELD SERVICES LLC DRILL TECH LLC PINNACLE DEVELOPMENT INC HDD SPECIALISTS LLC (135 trucks) | EAGLE ROCK DISTRIBUTING COMPANY OF COLORADO LLC (148 trucks) | OFFEN PETROLEUM LLC (269 trucks) | ALPINE MILLWORK COMPANY DBA ROCKY MOUNTAIN RELOAD (141 trucks) | ADAMS 12 FIVE STAR SCHOOLS (182 trucks),130000,15317,9929225.690000001,"$349,000.00"
Sol_078,765 Aspen Ridge Drive Dr,https://www.loopnet.com/Listing/765-Aspen-Ridge-Drive-Dr-Lafayette-CO/32931931/,"Lafayette, CO 80026",1.43,556000.0,40.006898203868,-105.107210150504,4585.06,5000,M,91.70%,619,BOULDER VALLEY SCHOOL DISTRICT RE-2 (134 trucks) | VIA MOBILITY SERVICES (196 trucks) | VIA MOBILITY SERVICES (116 trucks) | CU (173 trucks),130000,15317,9929225.690000001,"$556,000.00"
Sol_079,2544 11th Ave,https://www.loopnet.com/Listing/2544-11th-Ave-Greeley-CO/35100267/,"Greeley, CO 80631",0.15,350000.0,40.395690645275,-104.69657283495,336.5,1000,XS,33.65%,145,WELD COUNTY PUBLIC WORKS DEPARTMENT (145 trucks),109000,13855,10051490.24,"$350,000.00"
Sol_079,422 Perry St,https://www.loopnet.com/Listing/422-Perry-St-Castle-Rock-CO/38421711/,"Castle Rock, CO 80104",0.24,605821.24,39.374148794158,-104.858322527659,2577.81,5000,M,51.56%,389,GREAT SOUTHWESTERN CONSTRUCTION INC (280 trucks) | TOWN OF CASTLE ROCK  (109 trucks),109000,13855,10051490.24,"$605,821.24"
Sol_079,1319 Sheridan Blvd,https://www.loopnet.com/Listing/1319-1327-Sheridan-Blvd-Lakewood-CO/38343110/,"Lakewood, CO 80214",0.3,999998.0,39.737113071483,-105.053491874157,7437.9400000000005,10000,L,74.38%,1222,COMPASS VEHICLE RENTAL INC (170 trucks) | JEFFERSON COUNTY (120 trucks) | JEFFCO SCHOOLS (274 trucks) | SITEWISE LLC (145 trucks) | CITY OF ARVADA (100 trucks) | HOLCIM WCR INC (298 trucks) | ENIVIRONMENTAL LANDWORKS COMPANY INC (115 trucks),109000,13855,10051490.24,"$999,998.00"
Sol_079,239 S Main St,https://www.loopnet.com/Listing/239-S-Main-St-Brighton-CO/27424620/,"Brighton, CO 80601",0.31,250000.0,39.982905257485,-104.822555605705,1694.9,2000,S,84.75%,267,G&Z TRANSPORT LLC (147 trucks) | SIM TRUCKING INC (120 trucks),109000,13855,10051490.24,"$250,000.00"
Sol_079,606 W Colfax Ave,https://www.loopnet.com/Listing/606-W-Colfax-Ave-Denver-CO/26992476/,"Denver, CO 80204",0.31,1475000.0,39.739741342952,-104.995589435564,8517.300000000001,10000,L,85.17%,1207,MPLX G&P (144 trucks) | CONCRETE EXPRESS INC (128 trucks) | FARMERS ALL NATURAL (121 trucks) | PROCAM SERVICES  (101 trucks) | QUALITY LOGISTICS INC (135 trucks) | KEESEN ENTERPRISES INC (263 trucks) | COMCAST (194 trucks) | CITY LIGHT AND POWER INC (121 trucks),109000,13855,10051490.24,"$1,475,000.00"
Sol_079,1560 N Academy Blvd,https://www.loopnet.com/Listing/1560-N-Academy-Blvd-Colorado-Springs-CO/3886433/,"Colorado Springs, CO 80909",0.64,416700.0,38.854776988204,-104.75774002483,5689.619999999999,10000,L,56.90%,1031,COLORADO SPRINGS SCHOOL DISTRICT 11 (130 trucks) | MOUNTAIN METROPOLITAN TRANSIT (144 trucks) | CITY OF COLORADO SPRINGS (326 trucks) | El PASO COUNTY (112 trucks) | GOODWILL OF COLORADO (134 trucks) | VECTRUS SYSTEMS CORPORATION (185 trucks),109000,13855,10051490.24,"$416,700.00"
Sol_079,4237 McWhinney Blvd,https://www.loopnet.com/Listing/4237-McWhinney-Blvd-Loveland-CO/23974785/,"Loveland, CO 80538",0.65,871347.9,40.408208389025,-105.017378025231,252.96,1000,XS,25.30%,109,LOVELAND MUNICIPALITY (109 trucks),109000,13855,10051490.24,"$871,347.90"
Sol_079,10431 Quari St,https://www.loopnet.com/Listing/10431-Quari-St-Commerce-City-CO/29119294/,"Commerce City, CO 80022",0.72,270000.0,39.886267655476,-104.844980046547,9765.92,10000,L,97.66%,1716,ENVIRONMENTAL DESIGNS LLC (156 trucks) | BALIC TRANSPORT INC (120 trucks) | BURNCO COLORADO LLC (146 trucks) | WEST DIRECT OIL (140 trucks) | OFFEN PETROLEUM LLC (269 trucks) | ADAMS 12 FIVE STAR SCHOOLS (182 trucks) | CITY OF THORNTON (208 trucks) | CITY OF THORNTON (174 trucks) | TRI-STATE GENERATION & TRANSMISSION ASSOCIATION INC (321 trucks),109000,13855,10051490.24,"$270,000.00"
Sol_079,NEC N Fairgrounds Ave,https://www.loopnet.com/Listing/NEC-N-Fairgrounds-Ave-Windsor-CO/29890025/,"Windsor, CO 80528",0.74,483449.0,40.437732372143,-104.982630626628,3990.5600000000004,5000,M,79.81%,575,LARIMER COUNTY (131 trucks) | NOVUS AG LLC (444 trucks),109000,13855,10051490.24,"$483,449.00"
Sol_079,11958 Lincoln Ave,https://www.loopnet.com/Listing/Lincoln-Ave-Parker-CO/39741118/,"Parker, CO 80138",0.86,495000.0,39.536519536914,-104.76116705724,18264.289999999997,20000,XL,91.32%,2581,ACCELERATED SERVICES LLC (373 trucks) | AMERICAN FURNITURE WAREHOUSE CO (340 trucks) | TERRACARE ASSOCIATES LLC (156 trucks) | IHC SCOTT INC (214 trucks) | BUCKLEY POWDER CO (217 trucks) | CH2M OMI CH2MHILL JACOBS (183 trucks) | ORICA USA INC (215 trucks) | CHERRY CREEK SCHOOLS (352 trucks) | HBSCO DANS TRASH AT YOUR DISPOSAL (110 trucks) | ENTERPRISE RENT-A-CAR NATIONAL RENT A CAR ALAMO RENT A CAR (421 trucks),109000,13855,10051490.24,"$495,000.00"
Sol_079,2450 Curtis St,https://www.loopnet.com/Listing/2450-Curtis-St-Denver-CO/34878162/,"Denver, CO 80205",0.93,1930000.0,39.755035173034,-104.984190298703,17881.31,20000,XL,89.41%,2226,RES (149 trucks) | CO TRAN LLC (275 trucks) | WASTE CONNECTIONS OF COLORADO INC (486 trucks) | COORS DISTRIBUTING COMPANY MILLER COORS LLC (105 trucks) | U S TRANSPORT INC (200 trucks) | SURESHOT DRILLING LLC ATOZ FIELD SERVICES LLC DRILL TECH LLC PINNACLE DEVELOPMENT INC HDD SPECIALISTS LLC (135 trucks) | EAGLE ROCK DISTRIBUTING COMPANY OF COLORADO LLC (148 trucks) | NAVAJO EXPRESS INC (309 trucks) | RMS CRANES (139 trucks) | WESTERN DISTRIBUTING TRANSPORTATION CORP (155 trucks) | SUPERSHUTTLE DENVER (125 trucks),109000,13855,10051490.24,"$1,930,000.00"
Sol_079,3311 Ideal Drive Dr,https://www.loopnet.com/Listing/3311-Ideal-Drive-Dr-Frederick-CO/35744244/,"Frederick, CO 80516",1.0,949000.0,40.087044076103,-104.992966989518,4928.75,5000,M,98.58%,991,SUPREME TRANSPORT INC (183 trucks) | WARD ELECTRIC COMPANY INC (222 trucks) | CITY OF LONGMONT (211 trucks) | ST VRAIN VALLEY SCHOOL DISTRICT (174 trucks) | HEAT WAVES HOT OIL SERVICE LLC (201 trucks),109000,13855,10051490.24,"$949,000.00"
Sol_079,Colfax Ave & Airport Blvd,https://www.loopnet.com/Listing/Colfax-Ave-Airport-Blvd-Aurora-CO/24946845/,"Aurora, CO 80011",1.1,955174.1,39.740269989586,-104.791334022205,9801.08,10000,L,98.01%,1396,METCO LANDSCAPING INC (226 trucks) | WAGNER EQUIPMENT CO (423 trucks) | AURORA PUBLIC SCHOOLS (127 trucks) | CITY OF AURORA (271 trucks) | SHAMROCK FOODS COMPANY (214 trucks) | SWINGLE TREE & LANDSCAPE CARE (135 trucks),109000,13855,10051490.24,"$955,174.10"
Sol_080,2544 11th Ave,https://www.loopnet.com/Listing/2544-11th-Ave-Greeley-CO/35100267/,"Greeley, CO 80631",0.15,350000.0,40.395690645275,-104.69657283495,336.5,1000,XS,33.65%,145,WELD COUNTY PUBLIC WORKS DEPARTMENT (145 trucks),134000,15492,10613330.69,"$350,000.00"
Sol_080,1339 Sheridan Blvd,https://www.loopnet.com/Listing/1339-Sheridan-Blvd-Lakewood-CO/29629654/,"Lakewood, CO 80214",0.18,299999.0,39.737415742007,-105.053556666269,4008.78,5000,M,80.18%,809,COMPASS VEHICLE RENTAL INC (170 trucks) | JEFFERSON COUNTY (120 trucks) | JEFFCO SCHOOLS (274 trucks) | SITEWISE LLC (145 trucks) | CITY OF ARVADA (100 trucks),134000,15492,10613330.69,"$299,999.00"
Sol_080,422 Perry St,https://www.loopnet.com/Listing/422-Perry-St-Castle-Rock-CO/38421711/,"Castle Rock, CO 80104",0.24,605821.24,39.374148794158,-104.858322527659,2577.81,5000,M,51.56%,389,GREAT SOUTHWESTERN CONSTRUCTION INC (280 trucks) | TOWN OF CASTLE ROCK  (109 trucks),134000,15492,10613330.69,"$605,821.24"
Sol_080,239 S Main St,https://www.loopnet.com/Listing/239-S-Main-St-Brighton-CO/27424620/,"Brighton, CO 80601",0.31,250000.0,39.982905257485,-104.822555605705,1694.9,2000,S,84.75%,267,G&Z TRANSPORT LLC (147 trucks) | SIM TRUCKING INC (120 trucks),134000,15492,10613330.69,"$250,000.00"
Sol_080,606 W Colfax Ave,https://www.loopnet.com/Listing/606-W-Colfax-Ave-Denver-CO/26992476/,"Denver, CO 80204",0.31,1475000.0,39.739741342952,-104.995589435564,2877.2,5000,M,57.54%,393,MPLX G&P (144 trucks) | CONCRETE EXPRESS INC (128 trucks) | FARMERS ALL NATURAL (121 trucks),134000,15492,10613330.69,"$1,475,000.00"
Sol_080,1560 N Academy Blvd,https://www.loopnet.com/Listing/1560-N-Academy-Blvd-Colorado-Springs-CO/3886433/,"Colorado Springs, CO 80909",0.64,416700.0,38.854776988204,-104.75774002483,5689.619999999999,10000,L,56.90%,1031,COLORADO SPRINGS SCHOOL DISTRICT 11 (130 trucks) | MOUNTAIN METROPOLITAN TRANSIT (144 trucks) | CITY OF COLORADO SPRINGS (326 trucks) | El PASO COUNTY (112 trucks) | GOODWILL OF COLORADO (134 trucks) | VECTRUS SYSTEMS CORPORATION (185 trucks),134000,15492,10613330.69,"$416,700.00"
Sol_080,4237 McWhinney Blvd,https://www.loopnet.com/Listing/4237-McWhinney-Blvd-Loveland-CO/23974785/,"Loveland, CO 80538",0.65,871347.9,40.408208389025,-105.017378025231,252.96,1000,XS,25.30%,109,LOVELAND MUNICIPALITY (109 trucks),134000,15492,10613330.69,"$871,347.90"
Sol_080,10431 Quari St,https://www.loopnet.com/Listing/10431-Quari-St-Commerce-City-CO/29119294/,"Commerce City, CO 80022",0.72,270000.0,39.886267655476,-104.844980046547,4169.15,5000,M,83.38%,562,ENVIRONMENTAL DESIGNS LLC (156 trucks) | BALIC TRANSPORT INC (120 trucks) | BURNCO COLORADO LLC (146 trucks) | WEST DIRECT OIL (140 trucks),134000,15492,10613330.69,"$270,000.00"
Sol_080,NEC N Fairgrounds Ave,https://www.loopnet.com/Listing/NEC-N-Fairgrounds-Ave-Windsor-CO/29890025/,"Windsor, CO 80528",0.74,483449.0,40.437732372143,-104.982630626628,3990.5600000000004,5000,M,79.81%,575,LARIMER COUNTY (131 trucks) | NOVUS AG LLC (444 trucks),134000,15492,10613330.69,"$483,449.00"
Sol_080,11958 Lincoln Ave,https://www.loopnet.com/Listing/Lincoln-Ave-Parker-CO/39741118/,"Parker, CO 80138",0.86,495000.0,39.536519536914,-104.76116705724,15005.279999999999,20000,XL,75.03%,2050,ACCELERATED SERVICES LLC (373 trucks) | AMERICAN FURNITURE WAREHOUSE CO (340 trucks) | TERRACARE ASSOCIATES LLC (156 trucks) | IHC SCOTT INC (214 trucks) | BUCKLEY POWDER CO (217 trucks) | CH2M OMI CH2MHILL JACOBS (183 trucks) | ORICA USA INC (215 trucks) | CHERRY CREEK SCHOOLS (352 trucks),134000,15492,10613330.69,"$495,000.00"
Sol_080,2450 Curtis St,https://www.loopnet.com/Listing/2450-Curtis-St-Denver-CO/34878162/,"Denver, CO 80205",0.93,1930000.0,39.755035173034,-104.984190298703,13972.56,20000,XL,69.86%,1896,RES (149 trucks) | CO TRAN LLC (275 trucks) | WASTE CONNECTIONS OF COLORADO INC (486 trucks) | COORS DISTRIBUTING COMPANY MILLER COORS LLC (105 trucks) | U S TRANSPORT INC (200 trucks) | SUPERSHUTTLE DENVER (125 trucks) | UNITED SITE SERVICES OF NEVADA INC (409 trucks) | UNITED SITE SERVICES OF COLORADO INC (147 trucks),134000,15492,10613330.69,"$1,930,000.00"
Sol_080,1801 W Union Ave,https://www.loopnet.com/Listing/1801-W-Union-Ave-Englewood-CO/39250756/,"Englewood, CO 80110",0.95,912839.45,39.63264140749,-105.009568941318,14985.23,20000,XL,74.93%,2078,KEESEN ENTERPRISES INC (263 trucks) | QUALITY LOGISTICS INC (135 trucks) | PROCAM SERVICES  (101 trucks) | PACIFIC SHIPPING & TRUCKING CO INC (109 trucks) | CITY LIGHT AND POWER INC (121 trucks) | WHEEL PROS LLC (182 trucks) | GLOBAL TRANSPORTATION LLC (442 trucks) | COMCAST (194 trucks) | ENTERPRISE RENT-A-CAR NATIONAL RENT A CAR ALAMO RENT A CAR (421 trucks) | HBSCO DANS TRASH AT YOUR DISPOSAL (110 trucks),134000,15492,10613330.69,"$912,839.45"
Sol_080,3311 Ideal Drive Dr,https://www.loopnet.com/Listing/3311-Ideal-Drive-Dr-Frederick-CO/35744244/,"Frederick, CO 80516",1.0,949000.0,40.087044076103,-104.992966989518,4928.75,5000,M,98.58%,991,SUPREME TRANSPORT INC (183 trucks) | WARD ELECTRIC COMPANY INC (222 trucks) | CITY OF LONGMONT (211 trucks) | ST VRAIN VALLEY SCHOOL DISTRICT (174 trucks) | HEAT WAVES HOT OIL SERVICE LLC (201 trucks),134000,15492,10613330.69,"$949,000.00"
Sol_080,Colfax Ave & Airport Blvd,https://www.loopnet.com/Listing/Colfax-Ave-Airport-Blvd-Aurora-CO/24946845/,"Aurora, CO 80011",1.1,955174.1,39.740269989586,-104.791334022205,9801.08,10000,L,98.01%,1396,METCO LANDSCAPING INC (226 trucks) | WAGNER EQUIPMENT CO (423 trucks) | AURORA PUBLIC SCHOOLS (127 trucks) | CITY OF AURORA (271 trucks) | SHAMROCK FOODS COMPANY (214 trucks) | SWINGLE TREE & LANDSCAPE CARE (135 trucks),134000,15492,10613330.69,"$955,174.10"
Sol_080,8850 Huron St,https://www.loopnet.com/Listing/8850-Huron-St-Thornton-CO/33061072/,"Thornton, CO 80260",1.26,349000.0,39.858426283979,-104.995662022846,19552.47,20000,XL,97.76%,2801,CITY OF THORNTON (208 trucks) | CITY OF THORNTON (174 trucks) | COCAL LANDSCAPE SERVICES INC (153 trucks) | COLD FRONT (121 trucks) | READY MIX CONCRETE COMPANY (191 trucks) | NAVAJO EXPRESS INC (309 trucks) | TRI-STATE GENERATION & TRANSMISSION ASSOCIATION INC (321 trucks) | WESTERN DISTRIBUTING TRANSPORTATION CORP (155 trucks) | RMS CRANES (139 trucks) | SURESHOT DRILLING LLC ATOZ FIELD SERVICES LLC DRILL TECH LLC PINNACLE DEVELOPMENT INC HDD SPECIALISTS LLC (135 trucks) | EAGLE ROCK DISTRIBUTING COMPANY OF COLORADO LLC (148 trucks) | OFFEN PETROLEUM LLC (269 trucks) | ALPINE MILLWORK COMPANY DBA ROCKY MOUNTAIN RELOAD (141 trucks) | ADAMS 12 FIVE STAR SCHOOLS (182 trucks) | GEOSTABILIZATION INTERNATIONAL LLC (155 trucks),134000,15492,10613330.69,"$349,000.00"
Sol_081,2544 11th Ave,https://www.loopnet.com/Listing/2544-11th-Ave-Greeley-CO/35100267/,"Greeley, CO 80631",0.15,350000.0,40.395690645275,-104.69657283495,336.5,1000,XS,33.65%,145,WELD COUNTY PUBLIC WORKS DEPARTMENT (145 trucks),124000,15378,10256491.24,"$350,000.00"
Sol_081,1339 Sheridan Blvd,https://www.loopnet.com/Listing/1339-Sheridan-Blvd-Lakewood-CO/29629654/,"Lakewood, CO 80214",0.18,299999.0,39.737415742007,-105.053556666269,4008.78,5000,M,80.18%,809,COMPASS VEHICLE RENTAL INC (170 trucks) | JEFFERSON COUNTY (120 trucks) | JEFFCO SCHOOLS (274 trucks) | SITEWISE LLC (145 trucks) | CITY OF ARVADA (100 trucks),124000,15378,10256491.24,"$299,999.00"
Sol_081,422 Perry St,https://www.loopnet.com/Listing/422-Perry-St-Castle-Rock-CO/38421711/,"Castle Rock, CO 80104",0.24,605821.24,39.374148794158,-104.858322527659,2577.81,5000,M,51.56%,389,GREAT SOUTHWESTERN CONSTRUCTION INC (280 trucks) | TOWN OF CASTLE ROCK  (109 trucks),124000,15378,10256491.24,"$605,821.24"
Sol_081,239 S Main St,https://www.loopnet.com/Listing/239-S-Main-St-Brighton-CO/27424620/,"Brighton, CO 80601",0.31,250000.0,39.982905257485,-104.822555605705,1694.9,2000,S,84.75%,267,G&Z TRANSPORT LLC (147 trucks) | SIM TRUCKING INC (120 trucks),124000,15378,10256491.24,"$250,000.00"
Sol_081,606 W Colfax Ave,https://www.loopnet.com/Listing/606-W-Colfax-Ave-Denver-CO/26992476/,"Denver, CO 80204",0.31,1475000.0,39.739741342952,-104.995589435564,8517.300000000001,10000,L,85.17%,1207,MPLX G&P (144 trucks) | CONCRETE EXPRESS INC (128 trucks) | FARMERS ALL NATURAL (121 trucks) | PROCAM SERVICES  (101 trucks) | QUALITY LOGISTICS INC (135 trucks) | KEESEN ENTERPRISES INC (263 trucks) | COMCAST (194 trucks) | CITY LIGHT AND POWER INC (121 trucks),124000,15378,10256491.24,"$1,475,000.00"
Sol_081,1560 N Academy Blvd,https://www.loopnet.com/Listing/1560-N-Academy-Blvd-Colorado-Springs-CO/3886433/,"Colorado Springs, CO 80909",0.64,416700.0,38.854776988204,-104.75774002483,5689.619999999999,10000,L,56.90%,1031,COLORADO SPRINGS SCHOOL DISTRICT 11 (130 trucks) | MOUNTAIN METROPOLITAN TRANSIT (144 trucks) | CITY OF COLORADO SPRINGS (326 trucks) | El PASO COUNTY (112 trucks) | GOODWILL OF COLORADO (134 trucks) | VECTRUS SYSTEMS CORPORATION (185 trucks),124000,15378,10256491.24,"$416,700.00"
Sol_081,4237 McWhinney Blvd,https://www.loopnet.com/Listing/4237-McWhinney-Blvd-Loveland-CO/23974785/,"Loveland, CO 80538",0.65,871347.9,40.408208389025,-105.017378025231,252.96,1000,XS,25.30%,109,LOVELAND MUNICIPALITY (109 trucks),124000,15378,10256491.24,"$871,347.90"
Sol_081,10431 Quari St,https://www.loopnet.com/Listing/10431-Quari-St-Commerce-City-CO/29119294/,"Commerce City, CO 80022",0.72,270000.0,39.886267655476,-104.844980046547,4169.15,5000,M,83.38%,562,ENVIRONMENTAL DESIGNS LLC (156 trucks) | BALIC TRANSPORT INC (120 trucks) | BURNCO COLORADO LLC (146 trucks) | WEST DIRECT OIL (140 trucks),124000,15378,10256491.24,"$270,000.00"
Sol_081,NEC N Fairgrounds Ave,https://www.loopnet.com/Listing/NEC-N-Fairgrounds-Ave-Windsor-CO/29890025/,"Windsor, CO 80528",0.74,483449.0,40.437732372143,-104.982630626628,3990.5600000000004,5000,M,79.81%,575,LARIMER COUNTY (131 trucks) | NOVUS AG LLC (444 trucks),124000,15378,10256491.24,"$483,449.00"
Sol_081,11958 Lincoln Ave,https://www.loopnet.com/Listing/Lincoln-Ave-Parker-CO/39741118/,"Parker, CO 80138",0.86,495000.0,39.536519536914,-104.76116705724,18264.289999999997,20000,XL,91.32%,2581,ACCELERATED SERVICES LLC (373 trucks) | AMERICAN FURNITURE WAREHOUSE CO (340 trucks) | TERRACARE ASSOCIATES LLC (156 trucks) | IHC SCOTT INC (214 trucks) | BUCKLEY POWDER CO (217 trucks) | CH2M OMI CH2MHILL JACOBS (183 trucks) | ORICA USA INC (215 trucks) | CHERRY CREEK SCHOOLS (352 trucks) | HBSCO DANS TRASH AT YOUR DISPOSAL (110 trucks) | ENTERPRISE RENT-A-CAR NATIONAL RENT A CAR ALAMO RENT A CAR (421 trucks),124000,15378,10256491.24,"$495,000.00"
Sol_081,2450 Curtis St,https://www.loopnet.com/Listing/2450-Curtis-St-Denver-CO/34878162/,"Denver, CO 80205",0.93,1930000.0,39.755035173034,-104.984190298703,13972.56,20000,XL,69.86%,1896,RES (149 trucks) | CO TRAN LLC (275 trucks) | WASTE CONNECTIONS OF COLORADO INC (486 trucks) | COORS DISTRIBUTING COMPANY MILLER COORS LLC (105 trucks) | U S TRANSPORT INC (200 trucks) | SUPERSHUTTLE DENVER (125 trucks) | UNITED SITE SERVICES OF NEVADA INC (409 trucks) | UNITED SITE SERVICES OF COLORADO INC (147 trucks),124000,15378,10256491.24,"$1,930,000.00"
Sol_081,3311 Ideal Drive Dr,https://www.loopnet.com/Listing/3311-Ideal-Drive-Dr-Frederick-CO/35744244/,"Frederick, CO 80516",1.0,949000.0,40.087044076103,-104.992966989518,4928.75,5000,M,98.58%,991,SUPREME TRANSPORT INC (183 trucks) | WARD ELECTRIC COMPANY INC (222 trucks) | CITY OF LONGMONT (211 trucks) | ST VRAIN VALLEY SCHOOL DISTRICT (174 trucks) | HEAT WAVES HOT OIL SERVICE LLC (201 trucks),124000,15378,10256491.24,"$949,000.00"
Sol_081,Colfax Ave & Airport Blvd,https://www.loopnet.com/Listing/Colfax-Ave-Airport-Blvd-Aurora-CO/24946845/,"Aurora, CO 80011",1.1,955174.1,39.740269989586,-104.791334022205,9801.08,10000,L,98.01%,1396,METCO LANDSCAPING INC (226 trucks) | WAGNER EQUIPMENT CO (423 trucks) | AURORA PUBLIC SCHOOLS (127 trucks) | CITY OF AURORA (271 trucks) | SHAMROCK FOODS COMPANY (214 trucks) | SWINGLE TREE & LANDSCAPE CARE (135 trucks),124000,15378,10256491.24,"$955,174.10"
Sol_081,8850 Huron St,https://www.loopnet.com/Listing/8850-Huron-St-Thornton-CO/33061072/,"Thornton, CO 80260",1.26,349000.0,39.858426283979,-104.995662022846,19552.47,20000,XL,97.76%,2801,CITY OF THORNTON (208 trucks) | CITY OF THORNTON (174 trucks) | COCAL LANDSCAPE SERVICES INC (153 trucks) | COLD FRONT (121 trucks) | READY MIX CONCRETE COMPANY (191 trucks) | NAVAJO EXPRESS INC (309 trucks) | TRI-STATE GENERATION & TRANSMISSION ASSOCIATION INC (321 trucks) | WESTERN DISTRIBUTING TRANSPORTATION CORP (155 trucks) | RMS CRANES (139 trucks) | SURESHOT DRILLING LLC ATOZ FIELD SERVICES LLC DRILL TECH LLC PINNACLE DEVELOPMENT INC HDD SPECIALISTS LLC (135 trucks) | EAGLE ROCK DISTRIBUTING COMPANY OF COLORADO LLC (148 trucks) | OFFEN PETROLEUM LLC (269 trucks) | ALPINE MILLWORK COMPANY DBA ROCKY MOUNTAIN RELOAD (141 trucks) | ADAMS 12 FIVE STAR SCHOOLS (182 trucks) | GEOSTABILIZATION INTERNATIONAL LLC (155 trucks),124000,15378,10256491.24,"$349,000.00"
Sol_081,765 Aspen Ridge Drive Dr,https://www.loopnet.com/Listing/765-Aspen-Ridge-Drive-Dr-Lafayette-CO/32931931/,"Lafayette, CO 80026",1.43,556000.0,40.006898203868,-105.107210150504,4585.06,5000,M,91.70%,619,BOULDER VALLEY SCHOOL DISTRICT RE-2 (134 trucks) | VIA MOBILITY SERVICES (196 trucks) | VIA MOBILITY SERVICES (116 trucks) | CU (173 trucks),124000,15378,10256491.24,"$556,000.00"
Sol_082,2544 11th Ave,https://www.loopnet.com/Listing/2544-11th-Ave-Greeley-CO/35100267/,"Greeley, CO 80631",0.15,350000.0,40.395690645275,-104.69657283495,336.5,1000,XS,33.65%,145,WELD COUNTY PUBLIC WORKS DEPARTMENT (145 trucks),135000,15730,10629224.69,"$350,000.00"
Sol_082,422 Perry St,https://www.loopnet.com/Listing/422-Perry-St-Castle-Rock-CO/38421711/,"Castle Rock, CO 80104",0.24,605821.24,39.374148794158,-104.858322527659,2577.81,5000,M,51.56%,389,GREAT SOUTHWESTERN CONSTRUCTION INC (280 trucks) | TOWN OF CASTLE ROCK  (109 trucks),135000,15730,10629224.69,"$605,821.24"
Sol_082,1319 Sheridan Blvd,https://www.loopnet.com/Listing/1319-1327-Sheridan-Blvd-Lakewood-CO/38343110/,"Lakewood, CO 80214",0.3,999998.0,39.737113071483,-105.053491874157,7437.9400000000005,10000,L,74.38%,1222,COMPASS VEHICLE RENTAL INC (170 trucks) | JEFFERSON COUNTY (120 trucks) | JEFFCO SCHOOLS (274 trucks) | SITEWISE LLC (145 trucks) | CITY OF ARVADA (100 trucks) | HOLCIM WCR INC (298 trucks) | ENIVIRONMENTAL LANDWORKS COMPANY INC (115 trucks),135000,15730,10629224.69,"$999,998.00"
Sol_082,239 S Main St,https://www.loopnet.com/Listing/239-S-Main-St-Brighton-CO/27424620/,"Brighton, CO 80601",0.31,250000.0,39.982905257485,-104.822555605705,1694.9,2000,S,84.75%,267,G&Z TRANSPORT LLC (147 trucks) | SIM TRUCKING INC (120 trucks),135000,15730,10629224.69,"$250,000.00"
Sol_082,606 W Colfax Ave,https://www.loopnet.com/Listing/606-W-Colfax-Ave-Denver-CO/26992476/,"Denver, CO 80204",0.31,1475000.0,39.739741342952,-104.995589435564,8930.12,10000,L,89.30%,1122,MPLX G&P (144 trucks) | RES (149 trucks) | CONCRETE EXPRESS INC (128 trucks) | FARMERS ALL NATURAL (121 trucks) | CO TRAN LLC (275 trucks) | COORS DISTRIBUTING COMPANY MILLER COORS LLC (105 trucks) | U S TRANSPORT INC (200 trucks),135000,15730,10629224.69,"$1,475,000.00"
Sol_082,1560 N Academy Blvd,https://www.loopnet.com/Listing/1560-N-Academy-Blvd-Colorado-Springs-CO/3886433/,"Colorado Springs, CO 80909",0.64,416700.0,38.854776988204,-104.75774002483,5689.619999999999,10000,L,56.90%,1031,COLORADO SPRINGS SCHOOL DISTRICT 11 (130 trucks) | MOUNTAIN METROPOLITAN TRANSIT (144 trucks) | CITY OF COLORADO SPRINGS (326 trucks) | El PASO COUNTY (112 trucks) | GOODWILL OF COLORADO (134 trucks) | VECTRUS SYSTEMS CORPORATION (185 trucks),135000,15730,10629224.69,"$416,700.00"
Sol_082,4237 McWhinney Blvd,https://www.loopnet.com/Listing/4237-McWhinney-Blvd-Loveland-CO/23974785/,"Loveland, CO 80538",0.65,871347.9,40.408208389025,-105.017378025231,252.96,1000,XS,25.30%,109,LOVELAND MUNICIPALITY (109 trucks),135000,15730,10629224.69,"$871,347.90"
Sol_082,10431 Quari St,https://www.loopnet.com/Listing/10431-Quari-St-Commerce-City-CO/29119294/,"Commerce City, CO 80022",0.72,270000.0,39.886267655476,-104.844980046547,4169.15,5000,M,83.38%,562,ENVIRONMENTAL DESIGNS LLC (156 trucks) | BALIC TRANSPORT INC (120 trucks) | BURNCO COLORADO LLC (146 trucks) | WEST DIRECT OIL (140 trucks),135000,15730,10629224.69,"$270,000.00"
Sol_082,NEC N Fairgrounds Ave,https://www.loopnet.com/Listing/NEC-N-Fairgrounds-Ave-Windsor-CO/29890025/,"Windsor, CO 80528",0.74,483449.0,40.437732372143,-104.982630626628,304.01,1000,XS,30.40%,131,LARIMER COUNTY (131 trucks),135000,15730,10629224.69,"$483,449.00"
Sol_082,11958 Lincoln Ave,https://www.loopnet.com/Listing/Lincoln-Ave-Parker-CO/39741118/,"Parker, CO 80138",0.86,495000.0,39.536519536914,-104.76116705724,15005.279999999999,20000,XL,75.03%,2050,ACCELERATED SERVICES LLC (373 trucks) | AMERICAN FURNITURE WAREHOUSE CO (340 trucks) | TERRACARE ASSOCIATES LLC (156 trucks) | IHC SCOTT INC (214 trucks) | BUCKLEY POWDER CO (217 trucks) | CH2M OMI CH2MHILL JACOBS (183 trucks) | ORICA USA INC (215 trucks) | CHERRY CREEK SCHOOLS (352 trucks),135000,15730,10629224.69,"$495,000.00"
Sol_082,Harmony Rd,https://www.loopnet.com/Listing/Harmony-Rd-Timnath-CO/21109276/,"Timnath, CO 80547",0.88,689895.0,40.522951241822,-104.96262130308,5618.16,10000,L,56.18%,972,NOVUS AG LLC (444 trucks) | CITY OF FORT COLLINS (285 trucks) | Poudre School District  (243 trucks),135000,15730,10629224.69,"$689,895.00"
Sol_082,1801 W Union Ave,https://www.loopnet.com/Listing/1801-W-Union-Ave-Englewood-CO/39250756/,"Englewood, CO 80110",0.95,912839.45,39.63264140749,-105.009568941318,14985.23,20000,XL,74.93%,2078,KEESEN ENTERPRISES INC (263 trucks) | QUALITY LOGISTICS INC (135 trucks) | PROCAM SERVICES  (101 trucks) | PACIFIC SHIPPING & TRUCKING CO INC (109 trucks) | CITY LIGHT AND POWER INC (121 trucks) | WHEEL PROS LLC (182 trucks) | GLOBAL TRANSPORTATION LLC (442 trucks) | COMCAST (194 trucks) | ENTERPRISE RENT-A-CAR NATIONAL RENT A CAR ALAMO RENT A CAR (421 trucks) | HBSCO DANS TRASH AT YOUR DISPOSAL (110 trucks),135000,15730,10629224.69,"$912,839.45"
Sol_082,3311 Ideal Drive Dr,https://www.loopnet.com/Listing/3311-Ideal-Drive-Dr-Frederick-CO/35744244/,"Frederick, CO 80516",1.0,949000.0,40.087044076103,-104.992966989518,4928.75,5000,M,98.58%,991,SUPREME TRANSPORT INC (183 trucks) | WARD ELECTRIC COMPANY INC (222 trucks) | CITY OF LONGMONT (211 trucks) | ST VRAIN VALLEY SCHOOL DISTRICT (174 trucks) | HEAT WAVES HOT OIL SERVICE LLC (201 trucks),135000,15730,10629224.69,"$949,000.00"
Sol_082,Colfax Ave & Airport Blvd,https://www.loopnet.com/Listing/Colfax-Ave-Airport-Blvd-Aurora-CO/24946845/,"Aurora, CO 80011",1.1,955174.1,39.740269989586,-104.791334022205,9801.08,10000,L,98.01%,1396,METCO LANDSCAPING INC (226 trucks) | WAGNER EQUIPMENT CO (423 trucks) | AURORA PUBLIC SCHOOLS (127 trucks) | CITY OF AURORA (271 trucks) | SHAMROCK FOODS COMPANY (214 trucks) | SWINGLE TREE & LANDSCAPE CARE (135 trucks),135000,15730,10629224.69,"$955,174.10"
Sol_082,8850 Huron St,https://www.loopnet.com/Listing/8850-Huron-St-Thornton-CO/33061072/,"Thornton, CO 80260",1.26,349000.0,39.858426283979,-104.995662022846,18265.5,20000,XL,91.33%,2646,CITY OF THORNTON (208 trucks) | CITY OF THORNTON (174 trucks) | COCAL LANDSCAPE SERVICES INC (153 trucks) | COLD FRONT (121 trucks) | READY MIX CONCRETE COMPANY (191 trucks) | NAVAJO EXPRESS INC (309 trucks) | TRI-STATE GENERATION & TRANSMISSION ASSOCIATION INC (321 trucks) | WESTERN DISTRIBUTING TRANSPORTATION CORP (155 trucks) | RMS CRANES (139 trucks) | SURESHOT DRILLING LLC ATOZ FIELD SERVICES LLC DRILL TECH LLC PINNACLE DEVELOPMENT INC HDD SPECIALISTS LLC (135 trucks) | EAGLE ROCK DISTRIBUTING COMPANY OF COLORADO LLC (148 trucks) | OFFEN PETROLEUM LLC (269 trucks) | ALPINE MILLWORK COMPANY DBA ROCKY MOUNTAIN RELOAD (141 trucks) | ADAMS 12 FIVE STAR SCHOOLS (182 trucks),135000,15730,10629224.69,"$349,000.00"
Sol_082,765 Aspen Ridge Drive Dr,https://www.loopnet.com/Listing/765-Aspen-Ridge-Drive-Dr-Lafayette-CO/32931931/,"Lafayette, CO 80026",1.43,556000.0,40.006898203868,-105.107210150504,4585.06,5000,M,91.70%,619,BOULDER VALLEY SCHOOL DISTRICT RE-2 (134 trucks) | VIA MOBILITY SERVICES (196 trucks) | VIA MOBILITY SERVICES (116 trucks) | CU (173 trucks),135000,15730,10629224.69,"$556,000.00"
Sol_083,2544 11th Ave,https://www.loopnet.com/Listing/2544-11th-Ave-Greeley-CO/35100267/,"Greeley, CO 80631",0.15,350000.0,40.395690645275,-104.69657283495,336.5,1000,XS,33.65%,145,WELD COUNTY PUBLIC WORKS DEPARTMENT (145 trucks),124000,15402,10350669.0,"$350,000.00"
Sol_083,1319 Sheridan Blvd,https://www.loopnet.com/Listing/1319-1327-Sheridan-Blvd-Lakewood-CO/38343110/,"Lakewood, CO 80214",0.3,999998.0,39.737113071483,-105.053491874157,7437.9400000000005,10000,L,74.38%,1222,COMPASS VEHICLE RENTAL INC (170 trucks) | JEFFERSON COUNTY (120 trucks) | JEFFCO SCHOOLS (274 trucks) | SITEWISE LLC (145 trucks) | CITY OF ARVADA (100 trucks) | HOLCIM WCR INC (298 trucks) | ENIVIRONMENTAL LANDWORKS COMPANY INC (115 trucks),124000,15402,10350669.0,"$999,998.00"
Sol_083,239 S Main St,https://www.loopnet.com/Listing/239-S-Main-St-Brighton-CO/27424620/,"Brighton, CO 80601",0.31,250000.0,39.982905257485,-104.822555605705,1694.9,2000,S,84.75%,267,G&Z TRANSPORT LLC (147 trucks) | SIM TRUCKING INC (120 trucks),124000,15402,10350669.0,"$250,000.00"
Sol_083,606 W Colfax Ave,https://www.loopnet.com/Listing/606-W-Colfax-Ave-Denver-CO/26992476/,"Denver, CO 80204",0.31,1475000.0,39.739741342952,-104.995589435564,8517.300000000001,10000,L,85.17%,1207,MPLX G&P (144 trucks) | CONCRETE EXPRESS INC (128 trucks) | FARMERS ALL NATURAL (121 trucks) | PROCAM SERVICES  (101 trucks) | QUALITY LOGISTICS INC (135 trucks) | KEESEN ENTERPRISES INC (263 trucks) | COMCAST (194 trucks) | CITY LIGHT AND POWER INC (121 trucks),124000,15402,10350669.0,"$1,475,000.00"
Sol_083,1560 N Academy Blvd,https://www.loopnet.com/Listing/1560-N-Academy-Blvd-Colorado-Springs-CO/3886433/,"Colorado Springs, CO 80909",0.64,416700.0,38.854776988204,-104.75774002483,5689.619999999999,10000,L,56.90%,1031,COLORADO SPRINGS SCHOOL DISTRICT 11 (130 trucks) | MOUNTAIN METROPOLITAN TRANSIT (144 trucks) | CITY OF COLORADO SPRINGS (326 trucks) | El PASO COUNTY (112 trucks) | GOODWILL OF COLORADO (134 trucks) | VECTRUS SYSTEMS CORPORATION (185 trucks),124000,15402,10350669.0,"$416,700.00"
Sol_083,4237 McWhinney Blvd,https://www.loopnet.com/Listing/4237-McWhinney-Blvd-Loveland-CO/23974785/,"Loveland, CO 80538",0.65,871347.9,40.408208389025,-105.017378025231,252.96,1000,XS,25.30%,109,LOVELAND MUNICIPALITY (109 trucks),124000,15402,10350669.0,"$871,347.90"
Sol_083,10431 Quari St,https://www.loopnet.com/Listing/10431-Quari-St-Commerce-City-CO/29119294/,"Commerce City, CO 80022",0.72,270000.0,39.886267655476,-104.844980046547,4169.15,5000,M,83.38%,562,ENVIRONMENTAL DESIGNS LLC (156 trucks) | BALIC TRANSPORT INC (120 trucks) | BURNCO COLORADO LLC (146 trucks) | WEST DIRECT OIL (140 trucks),124000,15402,10350669.0,"$270,000.00"
Sol_083,NEC N Fairgrounds Ave,https://www.loopnet.com/Listing/NEC-N-Fairgrounds-Ave-Windsor-CO/29890025/,"Windsor, CO 80528",0.74,483449.0,40.437732372143,-104.982630626628,3990.5600000000004,5000,M,79.81%,575,LARIMER COUNTY (131 trucks) | NOVUS AG LLC (444 trucks),124000,15402,10350669.0,"$483,449.00"
Sol_083,11958 Lincoln Ave,https://www.loopnet.com/Listing/Lincoln-Ave-Parker-CO/39741118/,"Parker, CO 80138",0.86,495000.0,39.536519536914,-104.76116705724,18264.289999999997,20000,XL,91.32%,2581,ACCELERATED SERVICES LLC (373 trucks) | AMERICAN FURNITURE WAREHOUSE CO (340 trucks) | TERRACARE ASSOCIATES LLC (156 trucks) | IHC SCOTT INC (214 trucks) | BUCKLEY POWDER CO (217 trucks) | CH2M OMI CH2MHILL JACOBS (183 trucks) | ORICA USA INC (215 trucks) | CHERRY CREEK SCHOOLS (352 trucks) | HBSCO DANS TRASH AT YOUR DISPOSAL (110 trucks) | ENTERPRISE RENT-A-CAR NATIONAL RENT A CAR ALAMO RENT A CAR (421 trucks),124000,15402,10350669.0,"$495,000.00"
Sol_083,2450 Curtis St,https://www.loopnet.com/Listing/2450-Curtis-St-Denver-CO/34878162/,"Denver, CO 80205",0.93,1930000.0,39.755035173034,-104.984190298703,13972.56,20000,XL,69.86%,1896,RES (149 trucks) | CO TRAN LLC (275 trucks) | WASTE CONNECTIONS OF COLORADO INC (486 trucks) | COORS DISTRIBUTING COMPANY MILLER COORS LLC (105 trucks) | U S TRANSPORT INC (200 trucks) | SUPERSHUTTLE DENVER (125 trucks) | UNITED SITE SERVICES OF NEVADA INC (409 trucks) | UNITED SITE SERVICES OF COLORADO INC (147 trucks),124000,15402,10350669.0,"$1,930,000.00"
Sol_083,3311 Ideal Drive Dr,https://www.loopnet.com/Listing/3311-Ideal-Drive-Dr-Frederick-CO/35744244/,"Frederick, CO 80516",1.0,949000.0,40.087044076103,-104.992966989518,4928.75,5000,M,98.58%,991,SUPREME TRANSPORT INC (183 trucks) | WARD ELECTRIC COMPANY INC (222 trucks) | CITY OF LONGMONT (211 trucks) | ST VRAIN VALLEY SCHOOL DISTRICT (174 trucks) | HEAT WAVES HOT OIL SERVICE LLC (201 trucks),124000,15402,10350669.0,"$949,000.00"
Sol_083,Colfax Ave & Airport Blvd,https://www.loopnet.com/Listing/Colfax-Ave-Airport-Blvd-Aurora-CO/24946845/,"Aurora, CO 80011",1.1,955174.1,39.740269989586,-104.791334022205,9801.08,10000,L,98.01%,1396,METCO LANDSCAPING INC (226 trucks) | WAGNER EQUIPMENT CO (423 trucks) | AURORA PUBLIC SCHOOLS (127 trucks) | CITY OF AURORA (271 trucks) | SHAMROCK FOODS COMPANY (214 trucks) | SWINGLE TREE & LANDSCAPE CARE (135 trucks),124000,15402,10350669.0,"$955,174.10"
Sol_083,8850 Huron St,https://www.loopnet.com/Listing/8850-Huron-St-Thornton-CO/33061072/,"Thornton, CO 80260",1.26,349000.0,39.858426283979,-104.995662022846,19552.47,20000,XL,97.76%,2801,CITY OF THORNTON (208 trucks) | CITY OF THORNTON (174 trucks) | COCAL LANDSCAPE SERVICES INC (153 trucks) | COLD FRONT (121 trucks) | READY MIX CONCRETE COMPANY (191 trucks) | NAVAJO EXPRESS INC (309 trucks) | TRI-STATE GENERATION & TRANSMISSION ASSOCIATION INC (321 trucks) | WESTERN DISTRIBUTING TRANSPORTATION CORP (155 trucks) | RMS CRANES (139 trucks) | SURESHOT DRILLING LLC ATOZ FIELD SERVICES LLC DRILL TECH LLC PINNACLE DEVELOPMENT INC HDD SPECIALISTS LLC (135 trucks) | EAGLE ROCK DISTRIBUTING COMPANY OF COLORADO LLC (148 trucks) | OFFEN PETROLEUM LLC (269 trucks) | ALPINE MILLWORK COMPANY DBA ROCKY MOUNTAIN RELOAD (141 trucks) | ADAMS 12 FIVE STAR SCHOOLS (182 trucks) | GEOSTABILIZATION INTERNATIONAL LLC (155 trucks),124000,15402,10350669.0,"$349,000.00"
Sol_083,765 Aspen Ridge Drive Dr,https://www.loopnet.com/Listing/765-Aspen-Ridge-Drive-Dr-Lafayette-CO/32931931/,"Lafayette, CO 80026",1.43,556000.0,40.006898203868,-105.107210150504,4585.06,5000,M,91.70%,619,BOULDER VALLEY SCHOOL DISTRICT RE-2 (134 trucks) | VIA MOBILITY SERVICES (196 trucks) | VIA MOBILITY SERVICES (116 trucks) | CU (173 trucks),124000,15402,10350669.0,"$556,000.00"
Sol_084,2544 11th Ave,https://www.loopnet.com/Listing/2544-11th-Ave-Greeley-CO/35100267/,"Greeley, CO 80631",0.15,350000.0,40.395690645275,-104.69657283495,336.5,1000,XS,33.65%,145,WELD COUNTY PUBLIC WORKS DEPARTMENT (145 trucks),147000,16566,11274225.69,"$350,000.00"
Sol_084,1339 Sheridan Blvd,https://www.loopnet.com/Listing/1339-Sheridan-Blvd-Lakewood-CO/29629654/,"Lakewood, CO 80214",0.18,299999.0,39.737415742007,-105.053556666269,1949.27,2000,S,97.46%,415,COMPASS VEHICLE RENTAL INC (170 trucks) | SITEWISE LLC (145 trucks) | CITY OF ARVADA (100 trucks),147000,16566,11274225.69,"$299,999.00"
Sol_084,422 Perry St,https://www.loopnet.com/Listing/422-Perry-St-Castle-Rock-CO/38421711/,"Castle Rock, CO 80104",0.24,605821.24,39.374148794158,-104.858322527659,2577.81,5000,M,51.56%,389,GREAT SOUTHWESTERN CONSTRUCTION INC (280 trucks) | TOWN OF CASTLE ROCK  (109 trucks),147000,16566,11274225.69,"$605,821.24"
Sol_084,239 S Main St,https://www.loopnet.com/Listing/239-S-Main-St-Brighton-CO/27424620/,"Brighton, CO 80601",0.31,250000.0,39.982905257485,-104.822555605705,1694.9,2000,S,84.75%,267,G&Z TRANSPORT LLC (147 trucks) | SIM TRUCKING INC (120 trucks),147000,16566,11274225.69,"$250,000.00"
Sol_084,606 W Colfax Ave,https://www.loopnet.com/Listing/606-W-Colfax-Ave-Denver-CO/26992476/,"Denver, CO 80204",0.31,1475000.0,39.739741342952,-104.995589435564,8930.12,10000,L,89.30%,1122,MPLX G&P (144 trucks) | RES (149 trucks) | CONCRETE EXPRESS INC (128 trucks) | FARMERS ALL NATURAL (121 trucks) | CO TRAN LLC (275 trucks) | COORS DISTRIBUTING COMPANY MILLER COORS LLC (105 trucks) | U S TRANSPORT INC (200 trucks),147000,16566,11274225.69,"$1,475,000.00"
Sol_084,8905 E Colfax Ave,https://www.loopnet.com/Listing/8905-E-Colfax-Ave-Aurora-CO/32567100/,"Aurora, CO 80010",0.33,845000.0,39.740387126683,-104.884281197975,6813.16,10000,L,68.13%,1010,SUPERSHUTTLE DENVER (125 trucks) | SWINGLE TREE & LANDSCAPE CARE (135 trucks) | COMCAST (194 trucks) | UNITED SITE SERVICES OF NEVADA INC (409 trucks) | UNITED SITE SERVICES OF COLORADO INC (147 trucks),147000,16566,11274225.69,"$845,000.00"
Sol_084,17160 W Colfax Ave,https://www.loopnet.com/Listing/17160-W-Colfax-Ave-Golden-CO/29520298/,"Golden, CO 80401",0.63,500000.0,39.722253633534,-105.192465086092,5488.67,10000,L,54.89%,807,ENIVIRONMENTAL LANDWORKS COMPANY INC (115 trucks) | HOLCIM WCR INC (298 trucks) | JEFFCO SCHOOLS (274 trucks) | JEFFERSON COUNTY (120 trucks),147000,16566,11274225.69,"$500,000.00"
Sol_084,1560 N Academy Blvd,https://www.loopnet.com/Listing/1560-N-Academy-Blvd-Colorado-Springs-CO/3886433/,"Colorado Springs, CO 80909",0.64,416700.0,38.854776988204,-104.75774002483,5689.619999999999,10000,L,56.90%,1031,COLORADO SPRINGS SCHOOL DISTRICT 11 (130 trucks) | MOUNTAIN METROPOLITAN TRANSIT (144 trucks) | CITY OF COLORADO SPRINGS (326 trucks) | El PASO COUNTY (112 trucks) | GOODWILL OF COLORADO (134 trucks) | VECTRUS SYSTEMS CORPORATION (185 trucks),147000,16566,11274225.69,"$416,700.00"
Sol_084,4237 McWhinney Blvd,https://www.loopnet.com/Listing/4237-McWhinney-Blvd-Loveland-CO/23974785/,"Loveland, CO 80538",0.65,871347.9,40.408208389025,-105.017378025231,252.96,1000,XS,25.30%,109,LOVELAND MUNICIPALITY (109 trucks),147000,16566,11274225.69,"$871,347.90"
Sol_084,10431 Quari St,https://www.loopnet.com/Listing/10431-Quari-St-Commerce-City-CO/29119294/,"Commerce City, CO 80022",0.72,270000.0,39.886267655476,-104.844980046547,4169.15,5000,M,83.38%,562,ENVIRONMENTAL DESIGNS LLC (156 trucks) | BALIC TRANSPORT INC (120 trucks) | BURNCO COLORADO LLC (146 trucks) | WEST DIRECT OIL (140 trucks),147000,16566,11274225.69,"$270,000.00"
Sol_084,NEC N Fairgrounds Ave,https://www.loopnet.com/Listing/NEC-N-Fairgrounds-Ave-Windsor-CO/29890025/,"Windsor, CO 80528",0.74,483449.0,40.437732372143,-104.982630626628,304.01,1000,XS,30.40%,131,LARIMER COUNTY (131 trucks),147000,16566,11274225.69,"$483,449.00"
Sol_084,11958 Lincoln Ave,https://www.loopnet.com/Listing/Lincoln-Ave-Parker-CO/39741118/,"Parker, CO 80138",0.86,495000.0,39.536519536914,-104.76116705724,15005.279999999999,20000,XL,75.03%,2050,ACCELERATED SERVICES LLC (373 trucks) | AMERICAN FURNITURE WAREHOUSE CO (340 trucks) | TERRACARE ASSOCIATES LLC (156 trucks) | IHC SCOTT INC (214 trucks) | BUCKLEY POWDER CO (217 trucks) | CH2M OMI CH2MHILL JACOBS (183 trucks) | ORICA USA INC (215 trucks) | CHERRY CREEK SCHOOLS (352 trucks),147000,16566,11274225.69,"$495,000.00"
Sol_084,Harmony Rd,https://www.loopnet.com/Listing/Harmony-Rd-Timnath-CO/21109276/,"Timnath, CO 80547",0.88,689895.0,40.522951241822,-104.96262130308,5618.16,10000,L,56.18%,972,NOVUS AG LLC (444 trucks) | CITY OF FORT COLLINS (285 trucks) | Poudre School District  (243 trucks),147000,16566,11274225.69,"$689,895.00"
Sol_084,1801 W Union Ave,https://www.loopnet.com/Listing/1801-W-Union-Ave-Englewood-CO/39250756/,"Englewood, CO 80110",0.95,912839.45,39.63264140749,-105.009568941318,14063.34,20000,XL,70.32%,1884,KEESEN ENTERPRISES INC (263 trucks) | QUALITY LOGISTICS INC (135 trucks) | PROCAM SERVICES  (101 trucks) | PACIFIC SHIPPING & TRUCKING CO INC (109 trucks) | CITY LIGHT AND POWER INC (121 trucks) | WHEEL PROS LLC (182 trucks) | GLOBAL TRANSPORTATION LLC (442 trucks) | ENTERPRISE RENT-A-CAR NATIONAL RENT A CAR ALAMO RENT A CAR (421 trucks) | HBSCO DANS TRASH AT YOUR DISPOSAL (110 trucks),147000,16566,11274225.69,"$912,839.45"
Sol_084,3311 Ideal Drive Dr,https://www.loopnet.com/Listing/3311-Ideal-Drive-Dr-Frederick-CO/35744244/,"Frederick, CO 80516",1.0,949000.0,40.087044076103,-104.992966989518,4928.75,5000,M,98.58%,991,SUPREME TRANSPORT INC (183 trucks) | WARD ELECTRIC COMPANY INC (222 trucks) | CITY OF LONGMONT (211 trucks) | ST VRAIN VALLEY SCHOOL DISTRICT (174 trucks) | HEAT WAVES HOT OIL SERVICE LLC (201 trucks),147000,16566,11274225.69,"$949,000.00"
Sol_084,Colfax Ave & Airport Blvd,https://www.loopnet.com/Listing/Colfax-Ave-Airport-Blvd-Aurora-CO/24946845/,"Aurora, CO 80011",1.1,955174.1,39.740269989586,-104.791334022205,8680.17,10000,L,86.80%,1261,METCO LANDSCAPING INC (226 trucks) | WAGNER EQUIPMENT CO (423 trucks) | AURORA PUBLIC SCHOOLS (127 trucks) | CITY OF AURORA (271 trucks) | SHAMROCK FOODS COMPANY (214 trucks),147000,16566,11274225.69,"$955,174.10"
Sol_084,8850 Huron St,https://www.loopnet.com/Listing/8850-Huron-St-Thornton-CO/33061072/,"Thornton, CO 80260",1.26,349000.0,39.858426283979,-104.995662022846,19552.47,20000,XL,97.76%,2801,CITY OF THORNTON (208 trucks) | CITY OF THORNTON (174 trucks) | COCAL LANDSCAPE SERVICES INC (153 trucks) | COLD FRONT (121 trucks) | READY MIX CONCRETE COMPANY (191 trucks) | NAVAJO EXPRESS INC (309 trucks) | TRI-STATE GENERATION & TRANSMISSION ASSOCIATION INC (321 trucks) | WESTERN DISTRIBUTING TRANSPORTATION CORP (155 trucks) | RMS CRANES (139 trucks) | SURESHOT DRILLING LLC ATOZ FIELD SERVICES LLC DRILL TECH LLC PINNACLE DEVELOPMENT INC HDD SPECIALISTS LLC (135 trucks) | EAGLE ROCK DISTRIBUTING COMPANY OF COLORADO LLC (148 trucks) | OFFEN PETROLEUM LLC (269 trucks) | ALPINE MILLWORK COMPANY DBA ROCKY MOUNTAIN RELOAD (141 trucks) | ADAMS 12 FIVE STAR SCHOOLS (182 trucks) | GEOSTABILIZATION INTERNATIONAL LLC (155 trucks),147000,16566,11274225.69,"$349,000.00"
Sol_084,765 Aspen Ridge Drive Dr,https://www.loopnet.com/Listing/765-Aspen-Ridge-Drive-Dr-Lafayette-CO/32931931/,"Lafayette, CO 80026",1.43,556000.0,40.006898203868,-105.107210150504,4585.06,5000,M,91.70%,619,BOULDER VALLEY SCHOOL DISTRICT RE-2 (134 trucks) | VIA MOBILITY SERVICES (196 trucks) | VIA MOBILITY SERVICES (116 trucks) | CU (173 trucks),147000,16566,11274225.69,"$556,000.00"
Sol_085,2544 11th Ave,https://www.loopnet.com/Listing/2544-11th-Ave-Greeley-CO/35100267/,"Greeley, CO 80631",0.15,350000.0,40.395690645275,-104.69657283495,336.5,1000,XS,33.65%,145,WELD COUNTY PUBLIC WORKS DEPARTMENT (145 trucks),130000,15317,9929225.690000001,"$350,000.00"
Sol_085,1339 Sheridan Blvd,https://www.loopnet.com/Listing/1339-Sheridan-Blvd-Lakewood-CO/29629654/,"Lakewood, CO 80214",0.18,299999.0,39.737415742007,-105.053556666269,4008.78,5000,M,80.18%,809,COMPASS VEHICLE RENTAL INC (170 trucks) | JEFFERSON COUNTY (120 trucks) | JEFFCO SCHOOLS (274 trucks) | SITEWISE LLC (145 trucks) | CITY OF ARVADA (100 trucks),130000,15317,9929225.690000001,"$299,999.00"
Sol_085,422 Perry St,https://www.loopnet.com/Listing/422-Perry-St-Castle-Rock-CO/38421711/,"Castle Rock, CO 80104",0.24,605821.24,39.374148794158,-104.858322527659,2577.81,5000,M,51.56%,389,GREAT SOUTHWESTERN CONSTRUCTION INC (280 trucks) | TOWN OF CASTLE ROCK  (109 trucks),130000,15317,9929225.690000001,"$605,821.24"
Sol_085,239 S Main St,https://www.loopnet.com/Listing/239-S-Main-St-Brighton-CO/27424620/,"Brighton, CO 80601",0.31,250000.0,39.982905257485,-104.822555605705,1694.9,2000,S,84.75%,267,G&Z TRANSPORT LLC (147 trucks) | SIM TRUCKING INC (120 trucks),130000,15317,9929225.690000001,"$250,000.00"
Sol_085,606 W Colfax Ave,https://www.loopnet.com/Listing/606-W-Colfax-Ave-Denver-CO/26992476/,"Denver, CO 80204",0.31,1475000.0,39.739741342952,-104.995589435564,8930.12,10000,L,89.30%,1122,MPLX G&P (144 trucks) | RES (149 trucks) | CONCRETE EXPRESS INC (128 trucks) | FARMERS ALL NATURAL (121 trucks) | CO TRAN LLC (275 trucks) | COORS DISTRIBUTING COMPANY MILLER COORS LLC (105 trucks) | U S TRANSPORT INC (200 trucks),130000,15317,9929225.690000001,"$1,475,000.00"
Sol_085,1560 N Academy Blvd,https://www.loopnet.com/Listing/1560-N-Academy-Blvd-Colorado-Springs-CO/3886433/,"Colorado Springs, CO 80909",0.64,416700.0,38.854776988204,-104.75774002483,5689.619999999999,10000,L,56.90%,1031,COLORADO SPRINGS SCHOOL DISTRICT 11 (130 trucks) | MOUNTAIN METROPOLITAN TRANSIT (144 trucks) | CITY OF COLORADO SPRINGS (326 trucks) | El PASO COUNTY (112 trucks) | GOODWILL OF COLORADO (134 trucks) | VECTRUS SYSTEMS CORPORATION (185 trucks),130000,15317,9929225.690000001,"$416,700.00"
Sol_085,4237 McWhinney Blvd,https://www.loopnet.com/Listing/4237-McWhinney-Blvd-Loveland-CO/23974785/,"Loveland, CO 80538",0.65,871347.9,40.408208389025,-105.017378025231,252.96,1000,XS,25.30%,109,LOVELAND MUNICIPALITY (109 trucks),130000,15317,9929225.690000001,"$871,347.90"
Sol_085,10431 Quari St,https://www.loopnet.com/Listing/10431-Quari-St-Commerce-City-CO/29119294/,"Commerce City, CO 80022",0.72,270000.0,39.886267655476,-104.844980046547,4169.15,5000,M,83.38%,562,ENVIRONMENTAL DESIGNS LLC (156 trucks) | BALIC TRANSPORT INC (120 trucks) | BURNCO COLORADO LLC (146 trucks) | WEST DIRECT OIL (140 trucks),130000,15317,9929225.690000001,"$270,000.00"
Sol_085,NEC N Fairgrounds Ave,https://www.loopnet.com/Listing/NEC-N-Fairgrounds-Ave-Windsor-CO/29890025/,"Windsor, CO 80528",0.74,483449.0,40.437732372143,-104.982630626628,304.01,1000,XS,30.40%,131,LARIMER COUNTY (131 trucks),130000,15317,9929225.690000001,"$483,449.00"
Sol_085,11958 Lincoln Ave,https://www.loopnet.com/Listing/Lincoln-Ave-Parker-CO/39741118/,"Parker, CO 80138",0.86,495000.0,39.536519536914,-104.76116705724,15005.279999999999,20000,XL,75.03%,2050,ACCELERATED SERVICES LLC (373 trucks) | AMERICAN FURNITURE WAREHOUSE CO (340 trucks) | TERRACARE ASSOCIATES LLC (156 trucks) | IHC SCOTT INC (214 trucks) | BUCKLEY POWDER CO (217 trucks) | CH2M OMI CH2MHILL JACOBS (183 trucks) | ORICA USA INC (215 trucks) | CHERRY CREEK SCHOOLS (352 trucks),130000,15317,9929225.690000001,"$495,000.00"
Sol_085,Harmony Rd,https://www.loopnet.com/Listing/Harmony-Rd-Timnath-CO/21109276/,"Timnath, CO 80547",0.88,689895.0,40.522951241822,-104.96262130308,5618.16,10000,L,56.18%,972,NOVUS AG LLC (444 trucks) | CITY OF FORT COLLINS (285 trucks) | Poudre School District  (243 trucks),130000,15317,9929225.690000001,"$689,895.00"
Sol_085,1801 W Union Ave,https://www.loopnet.com/Listing/1801-W-Union-Ave-Englewood-CO/39250756/,"Englewood, CO 80110",0.95,912839.45,39.63264140749,-105.009568941318,14985.23,20000,XL,74.93%,2078,KEESEN ENTERPRISES INC (263 trucks) | QUALITY LOGISTICS INC (135 trucks) | PROCAM SERVICES  (101 trucks) | PACIFIC SHIPPING & TRUCKING CO INC (109 trucks) | CITY LIGHT AND POWER INC (121 trucks) | WHEEL PROS LLC (182 trucks) | GLOBAL TRANSPORTATION LLC (442 trucks) | COMCAST (194 trucks) | ENTERPRISE RENT-A-CAR NATIONAL RENT A CAR ALAMO RENT A CAR (421 trucks) | HBSCO DANS TRASH AT YOUR DISPOSAL (110 trucks),130000,15317,9929225.690000001,"$912,839.45"
Sol_085,3311 Ideal Drive Dr,https://www.loopnet.com/Listing/3311-Ideal-Drive-Dr-Frederick-CO/35744244/,"Frederick, CO 80516",1.0,949000.0,40.087044076103,-104.992966989518,4928.75,5000,M,98.58%,991,SUPREME TRANSPORT INC (183 trucks) | WARD ELECTRIC COMPANY INC (222 trucks) | CITY OF LONGMONT (211 trucks) | ST VRAIN VALLEY SCHOOL DISTRICT (174 trucks) | HEAT WAVES HOT OIL SERVICE LLC (201 trucks),130000,15317,9929225.690000001,"$949,000.00"
Sol_085,Colfax Ave & Airport Blvd,https://www.loopnet.com/Listing/Colfax-Ave-Airport-Blvd-Aurora-CO/24946845/,"Aurora, CO 80011",1.1,955174.1,39.740269989586,-104.791334022205,9801.08,10000,L,98.01%,1396,METCO LANDSCAPING INC (226 trucks) | WAGNER EQUIPMENT CO (423 trucks) | AURORA PUBLIC SCHOOLS (127 trucks) | CITY OF AURORA (271 trucks) | SHAMROCK FOODS COMPANY (214 trucks) | SWINGLE TREE & LANDSCAPE CARE (135 trucks),130000,15317,9929225.690000001,"$955,174.10"
Sol_085,8850 Huron St,https://www.loopnet.com/Listing/8850-Huron-St-Thornton-CO/33061072/,"Thornton, CO 80260",1.26,349000.0,39.858426283979,-104.995662022846,18265.5,20000,XL,91.33%,2646,CITY OF THORNTON (208 trucks) | CITY OF THORNTON (174 trucks) | COCAL LANDSCAPE SERVICES INC (153 trucks) | COLD FRONT (121 trucks) | READY MIX CONCRETE COMPANY (191 trucks) | NAVAJO EXPRESS INC (309 trucks) | TRI-STATE GENERATION & TRANSMISSION ASSOCIATION INC (321 trucks) | WESTERN DISTRIBUTING TRANSPORTATION CORP (155 trucks) | RMS CRANES (139 trucks) | SURESHOT DRILLING LLC ATOZ FIELD SERVICES LLC DRILL TECH LLC PINNACLE DEVELOPMENT INC HDD SPECIALISTS LLC (135 trucks) | EAGLE ROCK DISTRIBUTING COMPANY OF COLORADO LLC (148 trucks) | OFFEN PETROLEUM LLC (269 trucks) | ALPINE MILLWORK COMPANY DBA ROCKY MOUNTAIN RELOAD (141 trucks) | ADAMS 12 FIVE STAR SCHOOLS (182 trucks),130000,15317,9929225.690000001,"$349,000.00"
Sol_085,765 Aspen Ridge Drive Dr,https://www.loopnet.com/Listing/765-Aspen-Ridge-Drive-Dr-Lafayette-CO/32931931/,"Lafayette, CO 80026",1.43,556000.0,40.006898203868,-105.107210150504,4585.06,5000,M,91.70%,619,BOULDER VALLEY SCHOOL DISTRICT RE-2 (134 trucks) | VIA MOBILITY SERVICES (196 trucks) | VIA MOBILITY SERVICES (116 trucks) | CU (173 trucks),130000,15317,9929225.690000001,"$556,000.00"
Sol_086,2544 11th Ave,https://www.loopnet.com/Listing/2544-11th-Ave-Greeley-CO/35100267/,"Greeley, CO 80631",0.15,350000.0,40.395690645275,-104.69657283495,336.5,1000,XS,33.65%,145,WELD COUNTY PUBLIC WORKS DEPARTMENT (145 trucks),109000,13855,10051490.24,"$350,000.00"
Sol_086,422 Perry St,https://www.loopnet.com/Listing/422-Perry-St-Castle-Rock-CO/38421711/,"Castle Rock, CO 80104",0.24,605821.24,39.374148794158,-104.858322527659,2577.81,5000,M,51.56%,389,GREAT SOUTHWESTERN CONSTRUCTION INC (280 trucks) | TOWN OF CASTLE ROCK  (109 trucks),109000,13855,10051490.24,"$605,821.24"
Sol_086,1319 Sheridan Blvd,https://www.loopnet.com/Listing/1319-1327-Sheridan-Blvd-Lakewood-CO/38343110/,"Lakewood, CO 80214",0.3,999998.0,39.737113071483,-105.053491874157,7437.9400000000005,10000,L,74.38%,1222,COMPASS VEHICLE RENTAL INC (170 trucks) | JEFFERSON COUNTY (120 trucks) | JEFFCO SCHOOLS (274 trucks) | SITEWISE LLC (145 trucks) | CITY OF ARVADA (100 trucks) | HOLCIM WCR INC (298 trucks) | ENIVIRONMENTAL LANDWORKS COMPANY INC (115 trucks),109000,13855,10051490.24,"$999,998.00"
Sol_086,239 S Main St,https://www.loopnet.com/Listing/239-S-Main-St-Brighton-CO/27424620/,"Brighton, CO 80601",0.31,250000.0,39.982905257485,-104.822555605705,1694.9,2000,S,84.75%,267,G&Z TRANSPORT LLC (147 trucks) | SIM TRUCKING INC (120 trucks),109000,13855,10051490.24,"$250,000.00"
Sol_086,606 W Colfax Ave,https://www.loopnet.com/Listing/606-W-Colfax-Ave-Denver-CO/26992476/,"Denver, CO 80204",0.31,1475000.0,39.739741342952,-104.995589435564,8517.300000000001,10000,L,85.17%,1207,MPLX G&P (144 trucks) | CONCRETE EXPRESS INC (128 trucks) | FARMERS ALL NATURAL (121 trucks) | PROCAM SERVICES  (101 trucks) | QUALITY LOGISTICS INC (135 trucks) | KEESEN ENTERPRISES INC (263 trucks) | COMCAST (194 trucks) | CITY LIGHT AND POWER INC (121 trucks),109000,13855,10051490.24,"$1,475,000.00"
Sol_086,1560 N Academy Blvd,https://www.loopnet.com/Listing/1560-N-Academy-Blvd-Colorado-Springs-CO/3886433/,"Colorado Springs, CO 80909",0.64,416700.0,38.854776988204,-104.75774002483,5689.619999999999,10000,L,56.90%,1031,COLORADO SPRINGS SCHOOL DISTRICT 11 (130 trucks) | MOUNTAIN METROPOLITAN TRANSIT (144 trucks) | CITY OF COLORADO SPRINGS (326 trucks) | El PASO COUNTY (112 trucks) | GOODWILL OF COLORADO (134 trucks) | VECTRUS SYSTEMS CORPORATION (185 trucks),109000,13855,10051490.24,"$416,700.00"
Sol_086,4237 McWhinney Blvd,https://www.loopnet.com/Listing/4237-McWhinney-Blvd-Loveland-CO/23974785/,"Loveland, CO 80538",0.65,871347.9,40.408208389025,-105.017378025231,252.96,1000,XS,25.30%,109,LOVELAND MUNICIPALITY (109 trucks),109000,13855,10051490.24,"$871,347.90"
Sol_086,10431 Quari St,https://www.loopnet.com/Listing/10431-Quari-St-Commerce-City-CO/29119294/,"Commerce City, CO 80022",0.72,270000.0,39.886267655476,-104.844980046547,9765.92,10000,L,97.66%,1716,ENVIRONMENTAL DESIGNS LLC (156 trucks) | BALIC TRANSPORT INC (120 trucks) | BURNCO COLORADO LLC (146 trucks) | WEST DIRECT OIL (140 trucks) | OFFEN PETROLEUM LLC (269 trucks) | ADAMS 12 FIVE STAR SCHOOLS (182 trucks) | CITY OF THORNTON (208 trucks) | CITY OF THORNTON (174 trucks) | TRI-STATE GENERATION & TRANSMISSION ASSOCIATION INC (321 trucks),109000,13855,10051490.24,"$270,000.00"
Sol_086,NEC N Fairgrounds Ave,https://www.loopnet.com/Listing/NEC-N-Fairgrounds-Ave-Windsor-CO/29890025/,"Windsor, CO 80528",0.74,483449.0,40.437732372143,-104.982630626628,3990.5600000000004,5000,M,79.81%,575,LARIMER COUNTY (131 trucks) | NOVUS AG LLC (444 trucks),109000,13855,10051490.24,"$483,449.00"
Sol_086,11958 Lincoln Ave,https://www.loopnet.com/Listing/Lincoln-Ave-Parker-CO/39741118/,"Parker, CO 80138",0.86,495000.0,39.536519536914,-104.76116705724,18264.289999999997,20000,XL,91.32%,2581,ACCELERATED SERVICES LLC (373 trucks) | AMERICAN FURNITURE WAREHOUSE CO (340 trucks) | TERRACARE ASSOCIATES LLC (156 trucks) | IHC SCOTT INC (214 trucks) | BUCKLEY POWDER CO (217 trucks) | CH2M OMI CH2MHILL JACOBS (183 trucks) | ORICA USA INC (215 trucks) | CHERRY CREEK SCHOOLS (352 trucks) | HBSCO DANS TRASH AT YOUR DISPOSAL (110 trucks) | ENTERPRISE RENT-A-CAR NATIONAL RENT A CAR ALAMO RENT A CAR (421 trucks),109000,13855,10051490.24,"$495,000.00"
Sol_086,2450 Curtis St,https://www.loopnet.com/Listing/2450-Curtis-St-Denver-CO/34878162/,"Denver, CO 80205",0.93,1930000.0,39.755035173034,-104.984190298703,17881.31,20000,XL,89.41%,2226,RES (149 trucks) | CO TRAN LLC (275 trucks) | WASTE CONNECTIONS OF COLORADO INC (486 trucks) | COORS DISTRIBUTING COMPANY MILLER COORS LLC (105 trucks) | U S TRANSPORT INC (200 trucks) | SURESHOT DRILLING LLC ATOZ FIELD SERVICES LLC DRILL TECH LLC PINNACLE DEVELOPMENT INC HDD SPECIALISTS LLC (135 trucks) | EAGLE ROCK DISTRIBUTING COMPANY OF COLORADO LLC (148 trucks) | NAVAJO EXPRESS INC (309 trucks) | RMS CRANES (139 trucks) | WESTERN DISTRIBUTING TRANSPORTATION CORP (155 trucks) | SUPERSHUTTLE DENVER (125 trucks),109000,13855,10051490.24,"$1,930,000.00"
Sol_086,3311 Ideal Drive Dr,https://www.loopnet.com/Listing/3311-Ideal-Drive-Dr-Frederick-CO/35744244/,"Frederick, CO 80516",1.0,949000.0,40.087044076103,-104.992966989518,4928.75,5000,M,98.58%,991,SUPREME TRANSPORT INC (183 trucks) | WARD ELECTRIC COMPANY INC (222 trucks) | CITY OF LONGMONT (211 trucks) | ST VRAIN VALLEY SCHOOL DISTRICT (174 trucks) | HEAT WAVES HOT OIL SERVICE LLC (201 trucks),109000,13855,10051490.24,"$949,000.00"
Sol_086,Colfax Ave & Airport Blvd,https://www.loopnet.com/Listing/Colfax-Ave-Airport-Blvd-Aurora-CO/24946845/,"Aurora, CO 80011",1.1,955174.1,39.740269989586,-104.791334022205,9801.08,10000,L,98.01%,1396,METCO LANDSCAPING INC (226 trucks) | WAGNER EQUIPMENT CO (423 trucks) | AURORA PUBLIC SCHOOLS (127 trucks) | CITY OF AURORA (271 trucks) | SHAMROCK FOODS COMPANY (214 trucks) | SWINGLE TREE & LANDSCAPE CARE (135 trucks),109000,13855,10051490.24,"$955,174.10"
Sol_087,2544 11th Ave,https://www.loopnet.com/Listing/2544-11th-Ave-Greeley-CO/35100267/,"Greeley, CO 80631",0.15,350000.0,40.395690645275,-104.69657283495,336.5,1000,XS,33.65%,145,WELD COUNTY PUBLIC WORKS DEPARTMENT (145 trucks),126000,14583,9183330.690000001,"$350,000.00"
Sol_087,1339 Sheridan Blvd,https://www.loopnet.com/Listing/1339-Sheridan-Blvd-Lakewood-CO/29629654/,"Lakewood, CO 80214",0.18,299999.0,39.737415742007,-105.053556666269,1949.27,2000,S,97.46%,415,COMPASS VEHICLE RENTAL INC (170 trucks) | SITEWISE LLC (145 trucks) | CITY OF ARVADA (100 trucks),126000,14583,9183330.690000001,"$299,999.00"
Sol_087,422 Perry St,https://www.loopnet.com/Listing/422-Perry-St-Castle-Rock-CO/38421711/,"Castle Rock, CO 80104",0.24,605821.24,39.374148794158,-104.858322527659,2577.81,5000,M,51.56%,389,GREAT SOUTHWESTERN CONSTRUCTION INC (280 trucks) | TOWN OF CASTLE ROCK  (109 trucks),126000,14583,9183330.690000001,"$605,821.24"
Sol_087,239 S Main St,https://www.loopnet.com/Listing/239-S-Main-St-Brighton-CO/27424620/,"Brighton, CO 80601",0.31,250000.0,39.982905257485,-104.822555605705,1694.9,2000,S,84.75%,267,G&Z TRANSPORT LLC (147 trucks) | SIM TRUCKING INC (120 trucks),126000,14583,9183330.690000001,"$250,000.00"
Sol_087,606 W Colfax Ave,https://www.loopnet.com/Listing/606-W-Colfax-Ave-Denver-CO/26992476/,"Denver, CO 80204",0.31,1475000.0,39.739741342952,-104.995589435564,8930.12,10000,L,89.30%,1122,MPLX G&P (144 trucks) | RES (149 trucks) | CONCRETE EXPRESS INC (128 trucks) | FARMERS ALL NATURAL (121 trucks) | CO TRAN LLC (275 trucks) | COORS DISTRIBUTING COMPANY MILLER COORS LLC (105 trucks) | U S TRANSPORT INC (200 trucks),126000,14583,9183330.690000001,"$1,475,000.00"
Sol_087,17160 W Colfax Ave,https://www.loopnet.com/Listing/17160-W-Colfax-Ave-Golden-CO/29520298/,"Golden, CO 80401",0.63,500000.0,39.722253633534,-105.192465086092,5488.67,10000,L,54.89%,807,ENIVIRONMENTAL LANDWORKS COMPANY INC (115 trucks) | HOLCIM WCR INC (298 trucks) | JEFFCO SCHOOLS (274 trucks) | JEFFERSON COUNTY (120 trucks),126000,14583,9183330.690000001,"$500,000.00"
Sol_087,1560 N Academy Blvd,https://www.loopnet.com/Listing/1560-N-Academy-Blvd-Colorado-Springs-CO/3886433/,"Colorado Springs, CO 80909",0.64,416700.0,38.854776988204,-104.75774002483,5689.619999999999,10000,L,56.90%,1031,COLORADO SPRINGS SCHOOL DISTRICT 11 (130 trucks) | MOUNTAIN METROPOLITAN TRANSIT (144 trucks) | CITY OF COLORADO SPRINGS (326 trucks) | El PASO COUNTY (112 trucks) | GOODWILL OF COLORADO (134 trucks) | VECTRUS SYSTEMS CORPORATION (185 trucks),126000,14583,9183330.690000001,"$416,700.00"
Sol_087,4237 McWhinney Blvd,https://www.loopnet.com/Listing/4237-McWhinney-Blvd-Loveland-CO/23974785/,"Loveland, CO 80538",0.65,871347.9,40.408208389025,-105.017378025231,252.96,1000,XS,25.30%,109,LOVELAND MUNICIPALITY (109 trucks),126000,14583,9183330.690000001,"$871,347.90"
Sol_087,10431 Quari St,https://www.loopnet.com/Listing/10431-Quari-St-Commerce-City-CO/29119294/,"Commerce City, CO 80022",0.72,270000.0,39.886267655476,-104.844980046547,4169.15,5000,M,83.38%,562,ENVIRONMENTAL DESIGNS LLC (156 trucks) | BALIC TRANSPORT INC (120 trucks) | BURNCO COLORADO LLC (146 trucks) | WEST DIRECT OIL (140 trucks),126000,14583,9183330.690000001,"$270,000.00"
Sol_087,NEC N Fairgrounds Ave,https://www.loopnet.com/Listing/NEC-N-Fairgrounds-Ave-Windsor-CO/29890025/,"Windsor, CO 80528",0.74,483449.0,40.437732372143,-104.982630626628,3990.5600000000004,5000,M,79.81%,575,LARIMER COUNTY (131 trucks) | NOVUS AG LLC (444 trucks),126000,14583,9183330.690000001,"$483,449.00"
Sol_087,11958 Lincoln Ave,https://www.loopnet.com/Listing/Lincoln-Ave-Parker-CO/39741118/,"Parker, CO 80138",0.86,495000.0,39.536519536914,-104.76116705724,15005.279999999999,20000,XL,75.03%,2050,ACCELERATED SERVICES LLC (373 trucks) | AMERICAN FURNITURE WAREHOUSE CO (340 trucks) | TERRACARE ASSOCIATES LLC (156 trucks) | IHC SCOTT INC (214 trucks) | BUCKLEY POWDER CO (217 trucks) | CH2M OMI CH2MHILL JACOBS (183 trucks) | ORICA USA INC (215 trucks) | CHERRY CREEK SCHOOLS (352 trucks),126000,14583,9183330.690000001,"$495,000.00"
Sol_087,1801 W Union Ave,https://www.loopnet.com/Listing/1801-W-Union-Ave-Englewood-CO/39250756/,"Englewood, CO 80110",0.95,912839.45,39.63264140749,-105.009568941318,14985.23,20000,XL,74.93%,2078,KEESEN ENTERPRISES INC (263 trucks) | QUALITY LOGISTICS INC (135 trucks) | PROCAM SERVICES  (101 trucks) | PACIFIC SHIPPING & TRUCKING CO INC (109 trucks) | CITY LIGHT AND POWER INC (121 trucks) | WHEEL PROS LLC (182 trucks) | GLOBAL TRANSPORTATION LLC (442 trucks) | COMCAST (194 trucks) | ENTERPRISE RENT-A-CAR NATIONAL RENT A CAR ALAMO RENT A CAR (421 trucks) | HBSCO DANS TRASH AT YOUR DISPOSAL (110 trucks),126000,14583,9183330.690000001,"$912,839.45"
Sol_087,3311 Ideal Drive Dr,https://www.loopnet.com/Listing/3311-Ideal-Drive-Dr-Frederick-CO/35744244/,"Frederick, CO 80516",1.0,949000.0,40.087044076103,-104.992966989518,4928.75,5000,M,98.58%,991,SUPREME TRANSPORT INC (183 trucks) | WARD ELECTRIC COMPANY INC (222 trucks) | CITY OF LONGMONT (211 trucks) | ST VRAIN VALLEY SCHOOL DISTRICT (174 trucks) | HEAT WAVES HOT OIL SERVICE LLC (201 trucks),126000,14583,9183330.690000001,"$949,000.00"
Sol_087,Colfax Ave & Airport Blvd,https://www.loopnet.com/Listing/Colfax-Ave-Airport-Blvd-Aurora-CO/24946845/,"Aurora, CO 80011",1.1,955174.1,39.740269989586,-104.791334022205,9801.08,10000,L,98.01%,1396,METCO LANDSCAPING INC (226 trucks) | WAGNER EQUIPMENT CO (423 trucks) | AURORA PUBLIC SCHOOLS (127 trucks) | CITY OF AURORA (271 trucks) | SHAMROCK FOODS COMPANY (214 trucks) | SWINGLE TREE & LANDSCAPE CARE (135 trucks),126000,14583,9183330.690000001,"$955,174.10"
Sol_087,8850 Huron St,https://www.loopnet.com/Listing/8850-Huron-St-Thornton-CO/33061072/,"Thornton, CO 80260",1.26,349000.0,39.858426283979,-104.995662022846,18265.5,20000,XL,91.33%,2646,CITY OF THORNTON (208 trucks) | CITY OF THORNTON (174 trucks) | COCAL LANDSCAPE SERVICES INC (153 trucks) | COLD FRONT (121 trucks) | READY MIX CONCRETE COMPANY (191 trucks) | NAVAJO EXPRESS INC (309 trucks) | TRI-STATE GENERATION & TRANSMISSION ASSOCIATION INC (321 trucks) | WESTERN DISTRIBUTING TRANSPORTATION CORP (155 trucks) | RMS CRANES (139 trucks) | SURESHOT DRILLING LLC ATOZ FIELD SERVICES LLC DRILL TECH LLC PINNACLE DEVELOPMENT INC HDD SPECIALISTS LLC (135 trucks) | EAGLE ROCK DISTRIBUTING COMPANY OF COLORADO LLC (148 trucks) | OFFEN PETROLEUM LLC (269 trucks) | ALPINE MILLWORK COMPANY DBA ROCKY MOUNTAIN RELOAD (141 trucks) | ADAMS 12 FIVE STAR SCHOOLS (182 trucks),126000,14583,9183330.690000001,"$349,000.00"
Sol_088,2544 11th Ave,https://www.loopnet.com/Listing/2544-11th-Ave-Greeley-CO/35100267/,"Greeley, CO 80631",0.15,350000.0,40.395690645275,-104.69657283495,336.5,1000,XS,33.65%,145,WELD COUNTY PUBLIC WORKS DEPARTMENT (145 trucks),124000,14789,9239330.690000001,"$350,000.00"
Sol_088,1339 Sheridan Blvd,https://www.loopnet.com/Listing/1339-Sheridan-Blvd-Lakewood-CO/29629654/,"Lakewood, CO 80214",0.18,299999.0,39.737415742007,-105.053556666269,4008.78,5000,M,80.18%,809,COMPASS VEHICLE RENTAL INC (170 trucks) | JEFFERSON COUNTY (120 trucks) | JEFFCO SCHOOLS (274 trucks) | SITEWISE LLC (145 trucks) | CITY OF ARVADA (100 trucks),124000,14789,9239330.690000001,"$299,999.00"
Sol_088,422 Perry St,https://www.loopnet.com/Listing/422-Perry-St-Castle-Rock-CO/38421711/,"Castle Rock, CO 80104",0.24,605821.24,39.374148794158,-104.858322527659,2577.81,5000,M,51.56%,389,GREAT SOUTHWESTERN CONSTRUCTION INC (280 trucks) | TOWN OF CASTLE ROCK  (109 trucks),124000,14789,9239330.690000001,"$605,821.24"
Sol_088,239 S Main St,https://www.loopnet.com/Listing/239-S-Main-St-Brighton-CO/27424620/,"Brighton, CO 80601",0.31,250000.0,39.982905257485,-104.822555605705,1694.9,2000,S,84.75%,267,G&Z TRANSPORT LLC (147 trucks) | SIM TRUCKING INC (120 trucks),124000,14789,9239330.690000001,"$250,000.00"
Sol_088,606 W Colfax Ave,https://www.loopnet.com/Listing/606-W-Colfax-Ave-Denver-CO/26992476/,"Denver, CO 80204",0.31,1475000.0,39.739741342952,-104.995589435564,8930.12,10000,L,89.30%,1122,MPLX G&P (144 trucks) | RES (149 trucks) | CONCRETE EXPRESS INC (128 trucks) | FARMERS ALL NATURAL (121 trucks) | CO TRAN LLC (275 trucks) | COORS DISTRIBUTING COMPANY MILLER COORS LLC (105 trucks) | U S TRANSPORT INC (200 trucks),124000,14789,9239330.690000001,"$1,475,000.00"
Sol_088,1560 N Academy Blvd,https://www.loopnet.com/Listing/1560-N-Academy-Blvd-Colorado-Springs-CO/3886433/,"Colorado Springs, CO 80909",0.64,416700.0,38.854776988204,-104.75774002483,5689.619999999999,10000,L,56.90%,1031,COLORADO SPRINGS SCHOOL DISTRICT 11 (130 trucks) | MOUNTAIN METROPOLITAN TRANSIT (144 trucks) | CITY OF COLORADO SPRINGS (326 trucks) | El PASO COUNTY (112 trucks) | GOODWILL OF COLORADO (134 trucks) | VECTRUS SYSTEMS CORPORATION (185 trucks),124000,14789,9239330.690000001,"$416,700.00"
Sol_088,4237 McWhinney Blvd,https://www.loopnet.com/Listing/4237-McWhinney-Blvd-Loveland-CO/23974785/,"Loveland, CO 80538",0.65,871347.9,40.408208389025,-105.017378025231,252.96,1000,XS,25.30%,109,LOVELAND MUNICIPALITY (109 trucks),124000,14789,9239330.690000001,"$871,347.90"
Sol_088,10431 Quari St,https://www.loopnet.com/Listing/10431-Quari-St-Commerce-City-CO/29119294/,"Commerce City, CO 80022",0.72,270000.0,39.886267655476,-104.844980046547,4169.15,5000,M,83.38%,562,ENVIRONMENTAL DESIGNS LLC (156 trucks) | BALIC TRANSPORT INC (120 trucks) | BURNCO COLORADO LLC (146 trucks) | WEST DIRECT OIL (140 trucks),124000,14789,9239330.690000001,"$270,000.00"
Sol_088,NEC N Fairgrounds Ave,https://www.loopnet.com/Listing/NEC-N-Fairgrounds-Ave-Windsor-CO/29890025/,"Windsor, CO 80528",0.74,483449.0,40.437732372143,-104.982630626628,3990.5600000000004,5000,M,79.81%,575,LARIMER COUNTY (131 trucks) | NOVUS AG LLC (444 trucks),124000,14789,9239330.690000001,"$483,449.00"
Sol_088,11958 Lincoln Ave,https://www.loopnet.com/Listing/Lincoln-Ave-Parker-CO/39741118/,"Parker, CO 80138",0.86,495000.0,39.536519536914,-104.76116705724,15005.279999999999,20000,XL,75.03%,2050,ACCELERATED SERVICES LLC (373 trucks) | AMERICAN FURNITURE WAREHOUSE CO (340 trucks) | TERRACARE ASSOCIATES LLC (156 trucks) | IHC SCOTT INC (214 trucks) | BUCKLEY POWDER CO (217 trucks) | CH2M OMI CH2MHILL JACOBS (183 trucks) | ORICA USA INC (215 trucks) | CHERRY CREEK SCHOOLS (352 trucks),124000,14789,9239330.690000001,"$495,000.00"
Sol_088,1801 W Union Ave,https://www.loopnet.com/Listing/1801-W-Union-Ave-Englewood-CO/39250756/,"Englewood, CO 80110",0.95,912839.45,39.63264140749,-105.009568941318,14985.23,20000,XL,74.93%,2078,KEESEN ENTERPRISES INC (263 trucks) | QUALITY LOGISTICS INC (135 trucks) | PROCAM SERVICES  (101 trucks) | PACIFIC SHIPPING & TRUCKING CO INC (109 trucks) | CITY LIGHT AND POWER INC (121 trucks) | WHEEL PROS LLC (182 trucks) | GLOBAL TRANSPORTATION LLC (442 trucks) | COMCAST (194 trucks) | ENTERPRISE RENT-A-CAR NATIONAL RENT A CAR ALAMO RENT A CAR (421 trucks) | HBSCO DANS TRASH AT YOUR DISPOSAL (110 trucks),124000,14789,9239330.690000001,"$912,839.45"
Sol_088,3311 Ideal Drive Dr,https://www.loopnet.com/Listing/3311-Ideal-Drive-Dr-Frederick-CO/35744244/,"Frederick, CO 80516",1.0,949000.0,40.087044076103,-104.992966989518,4928.75,5000,M,98.58%,991,SUPREME TRANSPORT INC (183 trucks) | WARD ELECTRIC COMPANY INC (222 trucks) | CITY OF LONGMONT (211 trucks) | ST VRAIN VALLEY SCHOOL DISTRICT (174 trucks) | HEAT WAVES HOT OIL SERVICE LLC (201 trucks),124000,14789,9239330.690000001,"$949,000.00"
Sol_088,Colfax Ave & Airport Blvd,https://www.loopnet.com/Listing/Colfax-Ave-Airport-Blvd-Aurora-CO/24946845/,"Aurora, CO 80011",1.1,955174.1,39.740269989586,-104.791334022205,9801.08,10000,L,98.01%,1396,METCO LANDSCAPING INC (226 trucks) | WAGNER EQUIPMENT CO (423 trucks) | AURORA PUBLIC SCHOOLS (127 trucks) | CITY OF AURORA (271 trucks) | SHAMROCK FOODS COMPANY (214 trucks) | SWINGLE TREE & LANDSCAPE CARE (135 trucks),124000,14789,9239330.690000001,"$955,174.10"
Sol_088,8850 Huron St,https://www.loopnet.com/Listing/8850-Huron-St-Thornton-CO/33061072/,"Thornton, CO 80260",1.26,349000.0,39.858426283979,-104.995662022846,18265.5,20000,XL,91.33%,2646,CITY OF THORNTON (208 trucks) | CITY OF THORNTON (174 trucks) | COCAL LANDSCAPE SERVICES INC (153 trucks) | COLD FRONT (121 trucks) | READY MIX CONCRETE COMPANY (191 trucks) | NAVAJO EXPRESS INC (309 trucks) | TRI-STATE GENERATION & TRANSMISSION ASSOCIATION INC (321 trucks) | WESTERN DISTRIBUTING TRANSPORTATION CORP (155 trucks) | RMS CRANES (139 trucks) | SURESHOT DRILLING LLC ATOZ FIELD SERVICES LLC DRILL TECH LLC PINNACLE DEVELOPMENT INC HDD SPECIALISTS LLC (135 trucks) | EAGLE ROCK DISTRIBUTING COMPANY OF COLORADO LLC (148 trucks) | OFFEN PETROLEUM LLC (269 trucks) | ALPINE MILLWORK COMPANY DBA ROCKY MOUNTAIN RELOAD (141 trucks) | ADAMS 12 FIVE STAR SCHOOLS (182 trucks),124000,14789,9239330.690000001,"$349,000.00"
Sol_088,765 Aspen Ridge Drive Dr,https://www.loopnet.com/Listing/765-Aspen-Ridge-Drive-Dr-Lafayette-CO/32931931/,"Lafayette, CO 80026",1.43,556000.0,40.006898203868,-105.107210150504,4585.06,5000,M,91.70%,619,BOULDER VALLEY SCHOOL DISTRICT RE-2 (134 trucks) | VIA MOBILITY SERVICES (196 trucks) | VIA MOBILITY SERVICES (116 trucks) | CU (173 trucks),124000,14789,9239330.690000001,"$556,000.00"
Sol_089,2544 11th Ave,https://www.loopnet.com/Listing/2544-11th-Ave-Greeley-CO/35100267/,"Greeley, CO 80631",0.15,350000.0,40.395690645275,-104.69657283495,336.5,1000,XS,33.65%,145,WELD COUNTY PUBLIC WORKS DEPARTMENT (145 trucks),145000,16566,11474224.69,"$350,000.00"
Sol_089,422 Perry St,https://www.loopnet.com/Listing/422-Perry-St-Castle-Rock-CO/38421711/,"Castle Rock, CO 80104",0.24,605821.24,39.374148794158,-104.858322527659,2577.81,5000,M,51.56%,389,GREAT SOUTHWESTERN CONSTRUCTION INC (280 trucks) | TOWN OF CASTLE ROCK  (109 trucks),145000,16566,11474224.69,"$605,821.24"
Sol_089,1319 Sheridan Blvd,https://www.loopnet.com/Listing/1319-1327-Sheridan-Blvd-Lakewood-CO/38343110/,"Lakewood, CO 80214",0.3,999998.0,39.737113071483,-105.053491874157,7437.9400000000005,10000,L,74.38%,1222,COMPASS VEHICLE RENTAL INC (170 trucks) | JEFFERSON COUNTY (120 trucks) | JEFFCO SCHOOLS (274 trucks) | SITEWISE LLC (145 trucks) | CITY OF ARVADA (100 trucks) | HOLCIM WCR INC (298 trucks) | ENIVIRONMENTAL LANDWORKS COMPANY INC (115 trucks),145000,16566,11474224.69,"$999,998.00"
Sol_089,239 S Main St,https://www.loopnet.com/Listing/239-S-Main-St-Brighton-CO/27424620/,"Brighton, CO 80601",0.31,250000.0,39.982905257485,-104.822555605705,1694.9,2000,S,84.75%,267,G&Z TRANSPORT LLC (147 trucks) | SIM TRUCKING INC (120 trucks),145000,16566,11474224.69,"$250,000.00"
Sol_089,606 W Colfax Ave,https://www.loopnet.com/Listing/606-W-Colfax-Ave-Denver-CO/26992476/,"Denver, CO 80204",0.31,1475000.0,39.739741342952,-104.995589435564,8930.12,10000,L,89.30%,1122,MPLX G&P (144 trucks) | RES (149 trucks) | CONCRETE EXPRESS INC (128 trucks) | FARMERS ALL NATURAL (121 trucks) | CO TRAN LLC (275 trucks) | COORS DISTRIBUTING COMPANY MILLER COORS LLC (105 trucks) | U S TRANSPORT INC (200 trucks),145000,16566,11474224.69,"$1,475,000.00"
Sol_089,8905 E Colfax Ave,https://www.loopnet.com/Listing/8905-E-Colfax-Ave-Aurora-CO/32567100/,"Aurora, CO 80010",0.33,845000.0,39.740387126683,-104.884281197975,6813.16,10000,L,68.13%,1010,SUPERSHUTTLE DENVER (125 trucks) | SWINGLE TREE & LANDSCAPE CARE (135 trucks) | COMCAST (194 trucks) | UNITED SITE SERVICES OF NEVADA INC (409 trucks) | UNITED SITE SERVICES OF COLORADO INC (147 trucks),145000,16566,11474224.69,"$845,000.00"
Sol_089,1560 N Academy Blvd,https://www.loopnet.com/Listing/1560-N-Academy-Blvd-Colorado-Springs-CO/3886433/,"Colorado Springs, CO 80909",0.64,416700.0,38.854776988204,-104.75774002483,5689.619999999999,10000,L,56.90%,1031,COLORADO SPRINGS SCHOOL DISTRICT 11 (130 trucks) | MOUNTAIN METROPOLITAN TRANSIT (144 trucks) | CITY OF COLORADO SPRINGS (326 trucks) | El PASO COUNTY (112 trucks) | GOODWILL OF COLORADO (134 trucks) | VECTRUS SYSTEMS CORPORATION (185 trucks),145000,16566,11474224.69,"$416,700.00"
Sol_089,4237 McWhinney Blvd,https://www.loopnet.com/Listing/4237-McWhinney-Blvd-Loveland-CO/23974785/,"Loveland, CO 80538",0.65,871347.9,40.408208389025,-105.017378025231,252.96,1000,XS,25.30%,109,LOVELAND MUNICIPALITY (109 trucks),145000,16566,11474224.69,"$871,347.90"
Sol_089,10431 Quari St,https://www.loopnet.com/Listing/10431-Quari-St-Commerce-City-CO/29119294/,"Commerce City, CO 80022",0.72,270000.0,39.886267655476,-104.844980046547,4169.15,5000,M,83.38%,562,ENVIRONMENTAL DESIGNS LLC (156 trucks) | BALIC TRANSPORT INC (120 trucks) | BURNCO COLORADO LLC (146 trucks) | WEST DIRECT OIL (140 trucks),145000,16566,11474224.69,"$270,000.00"
Sol_089,NEC N Fairgrounds Ave,https://www.loopnet.com/Listing/NEC-N-Fairgrounds-Ave-Windsor-CO/29890025/,"Windsor, CO 80528",0.74,483449.0,40.437732372143,-104.982630626628,304.01,1000,XS,30.40%,131,LARIMER COUNTY (131 trucks),145000,16566,11474224.69,"$483,449.00"
Sol_089,11958 Lincoln Ave,https://www.loopnet.com/Listing/Lincoln-Ave-Parker-CO/39741118/,"Parker, CO 80138",0.86,495000.0,39.536519536914,-104.76116705724,15005.279999999999,20000,XL,75.03%,2050,ACCELERATED SERVICES LLC (373 trucks) | AMERICAN FURNITURE WAREHOUSE CO (340 trucks) | TERRACARE ASSOCIATES LLC (156 trucks) | IHC SCOTT INC (214 trucks) | BUCKLEY POWDER CO (217 trucks) | CH2M OMI CH2MHILL JACOBS (183 trucks) | ORICA USA INC (215 trucks) | CHERRY CREEK SCHOOLS (352 trucks),145000,16566,11474224.69,"$495,000.00"
Sol_089,Harmony Rd,https://www.loopnet.com/Listing/Harmony-Rd-Timnath-CO/21109276/,"Timnath, CO 80547",0.88,689895.0,40.522951241822,-104.96262130308,5618.16,10000,L,56.18%,972,NOVUS AG LLC (444 trucks) | CITY OF FORT COLLINS (285 trucks) | Poudre School District  (243 trucks),145000,16566,11474224.69,"$689,895.00"
Sol_089,1801 W Union Ave,https://www.loopnet.com/Listing/1801-W-Union-Ave-Englewood-CO/39250756/,"Englewood, CO 80110",0.95,912839.45,39.63264140749,-105.009568941318,14063.34,20000,XL,70.32%,1884,KEESEN ENTERPRISES INC (263 trucks) | QUALITY LOGISTICS INC (135 trucks) | PROCAM SERVICES  (101 trucks) | PACIFIC SHIPPING & TRUCKING CO INC (109 trucks) | CITY LIGHT AND POWER INC (121 trucks) | WHEEL PROS LLC (182 trucks) | GLOBAL TRANSPORTATION LLC (442 trucks) | ENTERPRISE RENT-A-CAR NATIONAL RENT A CAR ALAMO RENT A CAR (421 trucks) | HBSCO DANS TRASH AT YOUR DISPOSAL (110 trucks),145000,16566,11474224.69,"$912,839.45"
Sol_089,3311 Ideal Drive Dr,https://www.loopnet.com/Listing/3311-Ideal-Drive-Dr-Frederick-CO/35744244/,"Frederick, CO 80516",1.0,949000.0,40.087044076103,-104.992966989518,4928.75,5000,M,98.58%,991,SUPREME TRANSPORT INC (183 trucks) | WARD ELECTRIC COMPANY INC (222 trucks) | CITY OF LONGMONT (211 trucks) | ST VRAIN VALLEY SCHOOL DISTRICT (174 trucks) | HEAT WAVES HOT OIL SERVICE LLC (201 trucks),145000,16566,11474224.69,"$949,000.00"
Sol_089,Colfax Ave & Airport Blvd,https://www.loopnet.com/Listing/Colfax-Ave-Airport-Blvd-Aurora-CO/24946845/,"Aurora, CO 80011",1.1,955174.1,39.740269989586,-104.791334022205,8680.17,10000,L,86.80%,1261,METCO LANDSCAPING INC (226 trucks) | WAGNER EQUIPMENT CO (423 trucks) | AURORA PUBLIC SCHOOLS (127 trucks) | CITY OF AURORA (271 trucks) | SHAMROCK FOODS COMPANY (214 trucks),145000,16566,11474224.69,"$955,174.10"
Sol_089,8850 Huron St,https://www.loopnet.com/Listing/8850-Huron-St-Thornton-CO/33061072/,"Thornton, CO 80260",1.26,349000.0,39.858426283979,-104.995662022846,19552.47,20000,XL,97.76%,2801,CITY OF THORNTON (208 trucks) | CITY OF THORNTON (174 trucks) | COCAL LANDSCAPE SERVICES INC (153 trucks) | COLD FRONT (121 trucks) | READY MIX CONCRETE COMPANY (191 trucks) | NAVAJO EXPRESS INC (309 trucks) | TRI-STATE GENERATION & TRANSMISSION ASSOCIATION INC (321 trucks) | WESTERN DISTRIBUTING TRANSPORTATION CORP (155 trucks) | RMS CRANES (139 trucks) | SURESHOT DRILLING LLC ATOZ FIELD SERVICES LLC DRILL TECH LLC PINNACLE DEVELOPMENT INC HDD SPECIALISTS LLC (135 trucks) | EAGLE ROCK DISTRIBUTING COMPANY OF COLORADO LLC (148 trucks) | OFFEN PETROLEUM LLC (269 trucks) | ALPINE MILLWORK COMPANY DBA ROCKY MOUNTAIN RELOAD (141 trucks) | ADAMS 12 FIVE STAR SCHOOLS (182 trucks) | GEOSTABILIZATION INTERNATIONAL LLC (155 trucks),145000,16566,11474224.69,"$349,000.00"
Sol_089,765 Aspen Ridge Drive Dr,https://www.loopnet.com/Listing/765-Aspen-Ridge-Drive-Dr-Lafayette-CO/32931931/,"Lafayette, CO 80026",1.43,556000.0,40.006898203868,-105.107210150504,4585.06,5000,M,91.70%,619,BOULDER VALLEY SCHOOL DISTRICT RE-2 (134 trucks) | VIA MOBILITY SERVICES (196 trucks) | VIA MOBILITY SERVICES (116 trucks) | CU (173 trucks),145000,16566,11474224.69,"$556,000.00"
Sol_090,2544 11th Ave,https://www.loopnet.com/Listing/2544-11th-Ave-Greeley-CO/35100267/,"Greeley, CO 80631",0.15,350000.0,40.395690645275,-104.69657283495,336.5,1000,XS,33.65%,145,WELD COUNTY PUBLIC WORKS DEPARTMENT (145 trucks),140000,16153,10774225.69,"$350,000.00"
Sol_090,1339 Sheridan Blvd,https://www.loopnet.com/Listing/1339-Sheridan-Blvd-Lakewood-CO/29629654/,"Lakewood, CO 80214",0.18,299999.0,39.737415742007,-105.053556666269,4008.78,5000,M,80.18%,809,COMPASS VEHICLE RENTAL INC (170 trucks) | JEFFERSON COUNTY (120 trucks) | JEFFCO SCHOOLS (274 trucks) | SITEWISE LLC (145 trucks) | CITY OF ARVADA (100 trucks),140000,16153,10774225.69,"$299,999.00"
Sol_090,422 Perry St,https://www.loopnet.com/Listing/422-Perry-St-Castle-Rock-CO/38421711/,"Castle Rock, CO 80104",0.24,605821.24,39.374148794158,-104.858322527659,2577.81,5000,M,51.56%,389,GREAT SOUTHWESTERN CONSTRUCTION INC (280 trucks) | TOWN OF CASTLE ROCK  (109 trucks),140000,16153,10774225.69,"$605,821.24"
Sol_090,239 S Main St,https://www.loopnet.com/Listing/239-S-Main-St-Brighton-CO/27424620/,"Brighton, CO 80601",0.31,250000.0,39.982905257485,-104.822555605705,1694.9,2000,S,84.75%,267,G&Z TRANSPORT LLC (147 trucks) | SIM TRUCKING INC (120 trucks),140000,16153,10774225.69,"$250,000.00"
Sol_090,606 W Colfax Ave,https://www.loopnet.com/Listing/606-W-Colfax-Ave-Denver-CO/26992476/,"Denver, CO 80204",0.31,1475000.0,39.739741342952,-104.995589435564,8930.12,10000,L,89.30%,1122,MPLX G&P (144 trucks) | RES (149 trucks) | CONCRETE EXPRESS INC (128 trucks) | FARMERS ALL NATURAL (121 trucks) | CO TRAN LLC (275 trucks) | COORS DISTRIBUTING COMPANY MILLER COORS LLC (105 trucks) | U S TRANSPORT INC (200 trucks),140000,16153,10774225.69,"$1,475,000.00"
Sol_090,8905 E Colfax Ave,https://www.loopnet.com/Listing/8905-E-Colfax-Ave-Aurora-CO/32567100/,"Aurora, CO 80010",0.33,845000.0,39.740387126683,-104.884281197975,6813.16,10000,L,68.13%,1010,SUPERSHUTTLE DENVER (125 trucks) | SWINGLE TREE & LANDSCAPE CARE (135 trucks) | COMCAST (194 trucks) | UNITED SITE SERVICES OF NEVADA INC (409 trucks) | UNITED SITE SERVICES OF COLORADO INC (147 trucks),140000,16153,10774225.69,"$845,000.00"
Sol_090,1560 N Academy Blvd,https://www.loopnet.com/Listing/1560-N-Academy-Blvd-Colorado-Springs-CO/3886433/,"Colorado Springs, CO 80909",0.64,416700.0,38.854776988204,-104.75774002483,5689.619999999999,10000,L,56.90%,1031,COLORADO SPRINGS SCHOOL DISTRICT 11 (130 trucks) | MOUNTAIN METROPOLITAN TRANSIT (144 trucks) | CITY OF COLORADO SPRINGS (326 trucks) | El PASO COUNTY (112 trucks) | GOODWILL OF COLORADO (134 trucks) | VECTRUS SYSTEMS CORPORATION (185 trucks),140000,16153,10774225.69,"$416,700.00"
Sol_090,4237 McWhinney Blvd,https://www.loopnet.com/Listing/4237-McWhinney-Blvd-Loveland-CO/23974785/,"Loveland, CO 80538",0.65,871347.9,40.408208389025,-105.017378025231,252.96,1000,XS,25.30%,109,LOVELAND MUNICIPALITY (109 trucks),140000,16153,10774225.69,"$871,347.90"
Sol_090,10431 Quari St,https://www.loopnet.com/Listing/10431-Quari-St-Commerce-City-CO/29119294/,"Commerce City, CO 80022",0.72,270000.0,39.886267655476,-104.844980046547,4169.15,5000,M,83.38%,562,ENVIRONMENTAL DESIGNS LLC (156 trucks) | BALIC TRANSPORT INC (120 trucks) | BURNCO COLORADO LLC (146 trucks) | WEST DIRECT OIL (140 trucks),140000,16153,10774225.69,"$270,000.00"
Sol_090,NEC N Fairgrounds Ave,https://www.loopnet.com/Listing/NEC-N-Fairgrounds-Ave-Windsor-CO/29890025/,"Windsor, CO 80528",0.74,483449.0,40.437732372143,-104.982630626628,304.01,1000,XS,30.40%,131,LARIMER COUNTY (131 trucks),140000,16153,10774225.69,"$483,449.00"
Sol_090,11958 Lincoln Ave,https://www.loopnet.com/Listing/Lincoln-Ave-Parker-CO/39741118/,"Parker, CO 80138",0.86,495000.0,39.536519536914,-104.76116705724,15005.279999999999,20000,XL,75.03%,2050,ACCELERATED SERVICES LLC (373 trucks) | AMERICAN FURNITURE WAREHOUSE CO (340 trucks) | TERRACARE ASSOCIATES LLC (156 trucks) | IHC SCOTT INC (214 trucks) | BUCKLEY POWDER CO (217 trucks) | CH2M OMI CH2MHILL JACOBS (183 trucks) | ORICA USA INC (215 trucks) | CHERRY CREEK SCHOOLS (352 trucks),140000,16153,10774225.69,"$495,000.00"
Sol_090,Harmony Rd,https://www.loopnet.com/Listing/Harmony-Rd-Timnath-CO/21109276/,"Timnath, CO 80547",0.88,689895.0,40.522951241822,-104.96262130308,5618.16,10000,L,56.18%,972,NOVUS AG LLC (444 trucks) | CITY OF FORT COLLINS (285 trucks) | Poudre School District  (243 trucks),140000,16153,10774225.69,"$689,895.00"
Sol_090,1801 W Union Ave,https://www.loopnet.com/Listing/1801-W-Union-Ave-Englewood-CO/39250756/,"Englewood, CO 80110",0.95,912839.45,39.63264140749,-105.009568941318,14063.34,20000,XL,70.32%,1884,KEESEN ENTERPRISES INC (263 trucks) | QUALITY LOGISTICS INC (135 trucks) | PROCAM SERVICES  (101 trucks) | PACIFIC SHIPPING & TRUCKING CO INC (109 trucks) | CITY LIGHT AND POWER INC (121 trucks) | WHEEL PROS LLC (182 trucks) | GLOBAL TRANSPORTATION LLC (442 trucks) | ENTERPRISE RENT-A-CAR NATIONAL RENT A CAR ALAMO RENT A CAR (421 trucks) | HBSCO DANS TRASH AT YOUR DISPOSAL (110 trucks),140000,16153,10774225.69,"$912,839.45"
Sol_090,3311 Ideal Drive Dr,https://www.loopnet.com/Listing/3311-Ideal-Drive-Dr-Frederick-CO/35744244/,"Frederick, CO 80516",1.0,949000.0,40.087044076103,-104.992966989518,4928.75,5000,M,98.58%,991,SUPREME TRANSPORT INC (183 trucks) | WARD ELECTRIC COMPANY INC (222 trucks) | CITY OF LONGMONT (211 trucks) | ST VRAIN VALLEY SCHOOL DISTRICT (174 trucks) | HEAT WAVES HOT OIL SERVICE LLC (201 trucks),140000,16153,10774225.69,"$949,000.00"
Sol_090,Colfax Ave & Airport Blvd,https://www.loopnet.com/Listing/Colfax-Ave-Airport-Blvd-Aurora-CO/24946845/,"Aurora, CO 80011",1.1,955174.1,39.740269989586,-104.791334022205,8680.17,10000,L,86.80%,1261,METCO LANDSCAPING INC (226 trucks) | WAGNER EQUIPMENT CO (423 trucks) | AURORA PUBLIC SCHOOLS (127 trucks) | CITY OF AURORA (271 trucks) | SHAMROCK FOODS COMPANY (214 trucks),140000,16153,10774225.69,"$955,174.10"
Sol_090,8850 Huron St,https://www.loopnet.com/Listing/8850-Huron-St-Thornton-CO/33061072/,"Thornton, CO 80260",1.26,349000.0,39.858426283979,-104.995662022846,19552.47,20000,XL,97.76%,2801,CITY OF THORNTON (208 trucks) | CITY OF THORNTON (174 trucks) | COCAL LANDSCAPE SERVICES INC (153 trucks) | COLD FRONT (121 trucks) | READY MIX CONCRETE COMPANY (191 trucks) | NAVAJO EXPRESS INC (309 trucks) | TRI-STATE GENERATION & TRANSMISSION ASSOCIATION INC (321 trucks) | WESTERN DISTRIBUTING TRANSPORTATION CORP (155 trucks) | RMS CRANES (139 trucks) | SURESHOT DRILLING LLC ATOZ FIELD SERVICES LLC DRILL TECH LLC PINNACLE DEVELOPMENT INC HDD SPECIALISTS LLC (135 trucks) | EAGLE ROCK DISTRIBUTING COMPANY OF COLORADO LLC (148 trucks) | OFFEN PETROLEUM LLC (269 trucks) | ALPINE MILLWORK COMPANY DBA ROCKY MOUNTAIN RELOAD (141 trucks) | ADAMS 12 FIVE STAR SCHOOLS (182 trucks) | GEOSTABILIZATION INTERNATIONAL LLC (155 trucks),140000,16153,10774225.69,"$349,000.00"
Sol_090,765 Aspen Ridge Drive Dr,https://www.loopnet.com/Listing/765-Aspen-Ridge-Drive-Dr-Lafayette-CO/32931931/,"Lafayette, CO 80026",1.43,556000.0,40.006898203868,-105.107210150504,4585.06,5000,M,91.70%,619,BOULDER VALLEY SCHOOL DISTRICT RE-2 (134 trucks) | VIA MOBILITY SERVICES (196 trucks) | VIA MOBILITY SERVICES (116 trucks) | CU (173 trucks),140000,16153,10774225.69,"$556,000.00"
Sol_091,2544 11th Ave,https://www.loopnet.com/Listing/2544-11th-Ave-Greeley-CO/35100267/,"Greeley, CO 80631",0.15,350000.0,40.395690645275,-104.69657283495,336.5,1000,XS,33.65%,145,WELD COUNTY PUBLIC WORKS DEPARTMENT (145 trucks),109000,13204,8284509.45,"$350,000.00"
Sol_091,1339 Sheridan Blvd,https://www.loopnet.com/Listing/1339-Sheridan-Blvd-Lakewood-CO/29629654/,"Lakewood, CO 80214",0.18,299999.0,39.737415742007,-105.053556666269,4008.78,5000,M,80.18%,809,COMPASS VEHICLE RENTAL INC (170 trucks) | JEFFERSON COUNTY (120 trucks) | JEFFCO SCHOOLS (274 trucks) | SITEWISE LLC (145 trucks) | CITY OF ARVADA (100 trucks),109000,13204,8284509.45,"$299,999.00"
Sol_091,239 S Main St,https://www.loopnet.com/Listing/239-S-Main-St-Brighton-CO/27424620/,"Brighton, CO 80601",0.31,250000.0,39.982905257485,-104.822555605705,1694.9,2000,S,84.75%,267,G&Z TRANSPORT LLC (147 trucks) | SIM TRUCKING INC (120 trucks),109000,13204,8284509.45,"$250,000.00"
Sol_091,606 W Colfax Ave,https://www.loopnet.com/Listing/606-W-Colfax-Ave-Denver-CO/26992476/,"Denver, CO 80204",0.31,1475000.0,39.739741342952,-104.995589435564,8930.12,10000,L,89.30%,1122,MPLX G&P (144 trucks) | RES (149 trucks) | CONCRETE EXPRESS INC (128 trucks) | FARMERS ALL NATURAL (121 trucks) | CO TRAN LLC (275 trucks) | COORS DISTRIBUTING COMPANY MILLER COORS LLC (105 trucks) | U S TRANSPORT INC (200 trucks),109000,13204,8284509.45,"$1,475,000.00"
Sol_091,1560 N Academy Blvd,https://www.loopnet.com/Listing/1560-N-Academy-Blvd-Colorado-Springs-CO/3886433/,"Colorado Springs, CO 80909",0.64,416700.0,38.854776988204,-104.75774002483,5689.619999999999,10000,L,56.90%,1031,COLORADO SPRINGS SCHOOL DISTRICT 11 (130 trucks) | MOUNTAIN METROPOLITAN TRANSIT (144 trucks) | CITY OF COLORADO SPRINGS (326 trucks) | El PASO COUNTY (112 trucks) | GOODWILL OF COLORADO (134 trucks) | VECTRUS SYSTEMS CORPORATION (185 trucks),109000,13204,8284509.45,"$416,700.00"
Sol_091,4237 McWhinney Blvd,https://www.loopnet.com/Listing/4237-McWhinney-Blvd-Loveland-CO/23974785/,"Loveland, CO 80538",0.65,871347.9,40.408208389025,-105.017378025231,252.96,1000,XS,25.30%,109,LOVELAND MUNICIPALITY (109 trucks),109000,13204,8284509.45,"$871,347.90"
Sol_091,10431 Quari St,https://www.loopnet.com/Listing/10431-Quari-St-Commerce-City-CO/29119294/,"Commerce City, CO 80022",0.72,270000.0,39.886267655476,-104.844980046547,9765.92,10000,L,97.66%,1716,ENVIRONMENTAL DESIGNS LLC (156 trucks) | BALIC TRANSPORT INC (120 trucks) | BURNCO COLORADO LLC (146 trucks) | WEST DIRECT OIL (140 trucks) | OFFEN PETROLEUM LLC (269 trucks) | ADAMS 12 FIVE STAR SCHOOLS (182 trucks) | CITY OF THORNTON (208 trucks) | CITY OF THORNTON (174 trucks) | TRI-STATE GENERATION & TRANSMISSION ASSOCIATION INC (321 trucks),109000,13204,8284509.45,"$270,000.00"
Sol_091,NEC N Fairgrounds Ave,https://www.loopnet.com/Listing/NEC-N-Fairgrounds-Ave-Windsor-CO/29890025/,"Windsor, CO 80528",0.74,483449.0,40.437732372143,-104.982630626628,3990.5600000000004,5000,M,79.81%,575,LARIMER COUNTY (131 trucks) | NOVUS AG LLC (444 trucks),109000,13204,8284509.45,"$483,449.00"
Sol_091,11958 Lincoln Ave,https://www.loopnet.com/Listing/Lincoln-Ave-Parker-CO/39741118/,"Parker, CO 80138",0.86,495000.0,39.536519536914,-104.76116705724,15005.279999999999,20000,XL,75.03%,2050,ACCELERATED SERVICES LLC (373 trucks) | AMERICAN FURNITURE WAREHOUSE CO (340 trucks) | TERRACARE ASSOCIATES LLC (156 trucks) | IHC SCOTT INC (214 trucks) | BUCKLEY POWDER CO (217 trucks) | CH2M OMI CH2MHILL JACOBS (183 trucks) | ORICA USA INC (215 trucks) | CHERRY CREEK SCHOOLS (352 trucks),109000,13204,8284509.45,"$495,000.00"
Sol_091,1801 W Union Ave,https://www.loopnet.com/Listing/1801-W-Union-Ave-Englewood-CO/39250756/,"Englewood, CO 80110",0.95,912839.45,39.63264140749,-105.009568941318,14985.23,20000,XL,74.93%,2078,KEESEN ENTERPRISES INC (263 trucks) | QUALITY LOGISTICS INC (135 trucks) | PROCAM SERVICES  (101 trucks) | PACIFIC SHIPPING & TRUCKING CO INC (109 trucks) | CITY LIGHT AND POWER INC (121 trucks) | WHEEL PROS LLC (182 trucks) | GLOBAL TRANSPORTATION LLC (442 trucks) | COMCAST (194 trucks) | ENTERPRISE RENT-A-CAR NATIONAL RENT A CAR ALAMO RENT A CAR (421 trucks) | HBSCO DANS TRASH AT YOUR DISPOSAL (110 trucks),109000,13204,8284509.45,"$912,839.45"
Sol_091,3311 Ideal Drive Dr,https://www.loopnet.com/Listing/3311-Ideal-Drive-Dr-Frederick-CO/35744244/,"Frederick, CO 80516",1.0,949000.0,40.087044076103,-104.992966989518,4928.75,5000,M,98.58%,991,SUPREME TRANSPORT INC (183 trucks) | WARD ELECTRIC COMPANY INC (222 trucks) | CITY OF LONGMONT (211 trucks) | ST VRAIN VALLEY SCHOOL DISTRICT (174 trucks) | HEAT WAVES HOT OIL SERVICE LLC (201 trucks),109000,13204,8284509.45,"$949,000.00"
Sol_091,Colfax Ave & Airport Blvd,https://www.loopnet.com/Listing/Colfax-Ave-Airport-Blvd-Aurora-CO/24946845/,"Aurora, CO 80011",1.1,955174.1,39.740269989586,-104.791334022205,9801.08,10000,L,98.01%,1396,METCO LANDSCAPING INC (226 trucks) | WAGNER EQUIPMENT CO (423 trucks) | AURORA PUBLIC SCHOOLS (127 trucks) | CITY OF AURORA (271 trucks) | SHAMROCK FOODS COMPANY (214 trucks) | SWINGLE TREE & LANDSCAPE CARE (135 trucks),109000,13204,8284509.45,"$955,174.10"
Sol_091,765 Aspen Ridge Drive Dr,https://www.loopnet.com/Listing/765-Aspen-Ridge-Drive-Dr-Lafayette-CO/32931931/,"Lafayette, CO 80026",1.43,556000.0,40.006898203868,-105.107210150504,7042.76,10000,L,70.43%,915,BOULDER VALLEY SCHOOL DISTRICT RE-2 (134 trucks) | VIA MOBILITY SERVICES (196 trucks) | VIA MOBILITY SERVICES (116 trucks) | GEOSTABILIZATION INTERNATIONAL LLC (155 trucks) | CU (173 trucks) | ALPINE MILLWORK COMPANY DBA ROCKY MOUNTAIN RELOAD (141 trucks),109000,13204,8284509.45,"$556,000.00"
Sol_092,2544 11th Ave,https://www.loopnet.com/Listing/2544-11th-Ave-Greeley-CO/35100267/,"Greeley, CO 80631",0.15,350000.0,40.395690645275,-104.69657283495,336.5,1000,XS,33.65%,145,WELD COUNTY PUBLIC WORKS DEPARTMENT (145 trucks),144000,16524,11869329.69,"$350,000.00"
Sol_092,422 Perry St,https://www.loopnet.com/Listing/422-Perry-St-Castle-Rock-CO/38421711/,"Castle Rock, CO 80104",0.24,605821.24,39.374148794158,-104.858322527659,2577.81,5000,M,51.56%,389,GREAT SOUTHWESTERN CONSTRUCTION INC (280 trucks) | TOWN OF CASTLE ROCK  (109 trucks),144000,16524,11869329.69,"$605,821.24"
Sol_092,1319 Sheridan Blvd,https://www.loopnet.com/Listing/1319-1327-Sheridan-Blvd-Lakewood-CO/38343110/,"Lakewood, CO 80214",0.3,999998.0,39.737113071483,-105.053491874157,7437.9400000000005,10000,L,74.38%,1222,COMPASS VEHICLE RENTAL INC (170 trucks) | JEFFERSON COUNTY (120 trucks) | JEFFCO SCHOOLS (274 trucks) | SITEWISE LLC (145 trucks) | CITY OF ARVADA (100 trucks) | HOLCIM WCR INC (298 trucks) | ENIVIRONMENTAL LANDWORKS COMPANY INC (115 trucks),144000,16524,11869329.69,"$999,998.00"
Sol_092,239 S Main St,https://www.loopnet.com/Listing/239-S-Main-St-Brighton-CO/27424620/,"Brighton, CO 80601",0.31,250000.0,39.982905257485,-104.822555605705,1694.9,2000,S,84.75%,267,G&Z TRANSPORT LLC (147 trucks) | SIM TRUCKING INC (120 trucks),144000,16524,11869329.69,"$250,000.00"
Sol_092,606 W Colfax Ave,https://www.loopnet.com/Listing/606-W-Colfax-Ave-Denver-CO/26992476/,"Denver, CO 80204",0.31,1475000.0,39.739741342952,-104.995589435564,2877.2,5000,M,57.54%,393,MPLX G&P (144 trucks) | CONCRETE EXPRESS INC (128 trucks) | FARMERS ALL NATURAL (121 trucks),144000,16524,11869329.69,"$1,475,000.00"
Sol_092,1560 N Academy Blvd,https://www.loopnet.com/Listing/1560-N-Academy-Blvd-Colorado-Springs-CO/3886433/,"Colorado Springs, CO 80909",0.64,416700.0,38.854776988204,-104.75774002483,5689.619999999999,10000,L,56.90%,1031,COLORADO SPRINGS SCHOOL DISTRICT 11 (130 trucks) | MOUNTAIN METROPOLITAN TRANSIT (144 trucks) | CITY OF COLORADO SPRINGS (326 trucks) | El PASO COUNTY (112 trucks) | GOODWILL OF COLORADO (134 trucks) | VECTRUS SYSTEMS CORPORATION (185 trucks),144000,16524,11869329.69,"$416,700.00"
Sol_092,4237 McWhinney Blvd,https://www.loopnet.com/Listing/4237-McWhinney-Blvd-Loveland-CO/23974785/,"Loveland, CO 80538",0.65,871347.9,40.408208389025,-105.017378025231,252.96,1000,XS,25.30%,109,LOVELAND MUNICIPALITY (109 trucks),144000,16524,11869329.69,"$871,347.90"
Sol_092,10431 Quari St,https://www.loopnet.com/Listing/10431-Quari-St-Commerce-City-CO/29119294/,"Commerce City, CO 80022",0.72,270000.0,39.886267655476,-104.844980046547,4169.15,5000,M,83.38%,562,ENVIRONMENTAL DESIGNS LLC (156 trucks) | BALIC TRANSPORT INC (120 trucks) | BURNCO COLORADO LLC (146 trucks) | WEST DIRECT OIL (140 trucks),144000,16524,11869329.69,"$270,000.00"
Sol_092,NEC N Fairgrounds Ave,https://www.loopnet.com/Listing/NEC-N-Fairgrounds-Ave-Windsor-CO/29890025/,"Windsor, CO 80528",0.74,483449.0,40.437732372143,-104.982630626628,3990.5600000000004,5000,M,79.81%,575,LARIMER COUNTY (131 trucks) | NOVUS AG LLC (444 trucks),144000,16524,11869329.69,"$483,449.00"
Sol_092,11958 Lincoln Ave,https://www.loopnet.com/Listing/Lincoln-Ave-Parker-CO/39741118/,"Parker, CO 80138",0.86,495000.0,39.536519536914,-104.76116705724,15005.279999999999,20000,XL,75.03%,2050,ACCELERATED SERVICES LLC (373 trucks) | AMERICAN FURNITURE WAREHOUSE CO (340 trucks) | TERRACARE ASSOCIATES LLC (156 trucks) | IHC SCOTT INC (214 trucks) | BUCKLEY POWDER CO (217 trucks) | CH2M OMI CH2MHILL JACOBS (183 trucks) | ORICA USA INC (215 trucks) | CHERRY CREEK SCHOOLS (352 trucks),144000,16524,11869329.69,"$495,000.00"
Sol_092,2450 Curtis St,https://www.loopnet.com/Listing/2450-Curtis-St-Denver-CO/34878162/,"Denver, CO 80205",0.93,1930000.0,39.755035173034,-104.984190298703,13972.56,20000,XL,69.86%,1896,RES (149 trucks) | CO TRAN LLC (275 trucks) | WASTE CONNECTIONS OF COLORADO INC (486 trucks) | COORS DISTRIBUTING COMPANY MILLER COORS LLC (105 trucks) | U S TRANSPORT INC (200 trucks) | SUPERSHUTTLE DENVER (125 trucks) | UNITED SITE SERVICES OF NEVADA INC (409 trucks) | UNITED SITE SERVICES OF COLORADO INC (147 trucks),144000,16524,11869329.69,"$1,930,000.00"
Sol_092,1801 W Union Ave,https://www.loopnet.com/Listing/1801-W-Union-Ave-Englewood-CO/39250756/,"Englewood, CO 80110",0.95,912839.45,39.63264140749,-105.009568941318,14985.23,20000,XL,74.93%,2078,KEESEN ENTERPRISES INC (263 trucks) | QUALITY LOGISTICS INC (135 trucks) | PROCAM SERVICES  (101 trucks) | PACIFIC SHIPPING & TRUCKING CO INC (109 trucks) | CITY LIGHT AND POWER INC (121 trucks) | WHEEL PROS LLC (182 trucks) | GLOBAL TRANSPORTATION LLC (442 trucks) | COMCAST (194 trucks) | ENTERPRISE RENT-A-CAR NATIONAL RENT A CAR ALAMO RENT A CAR (421 trucks) | HBSCO DANS TRASH AT YOUR DISPOSAL (110 trucks),144000,16524,11869329.69,"$912,839.45"
Sol_092,3311 Ideal Drive Dr,https://www.loopnet.com/Listing/3311-Ideal-Drive-Dr-Frederick-CO/35744244/,"Frederick, CO 80516",1.0,949000.0,40.087044076103,-104.992966989518,4928.75,5000,M,98.58%,991,SUPREME TRANSPORT INC (183 trucks) | WARD ELECTRIC COMPANY INC (222 trucks) | CITY OF LONGMONT (211 trucks) | ST VRAIN VALLEY SCHOOL DISTRICT (174 trucks) | HEAT WAVES HOT OIL SERVICE LLC (201 trucks),144000,16524,11869329.69,"$949,000.00"
Sol_092,Colfax Ave & Airport Blvd,https://www.loopnet.com/Listing/Colfax-Ave-Airport-Blvd-Aurora-CO/24946845/,"Aurora, CO 80011",1.1,955174.1,39.740269989586,-104.791334022205,9801.08,10000,L,98.01%,1396,METCO LANDSCAPING INC (226 trucks) | WAGNER EQUIPMENT CO (423 trucks) | AURORA PUBLIC SCHOOLS (127 trucks) | CITY OF AURORA (271 trucks) | SHAMROCK FOODS COMPANY (214 trucks) | SWINGLE TREE & LANDSCAPE CARE (135 trucks),144000,16524,11869329.69,"$955,174.10"
Sol_092,8850 Huron St,https://www.loopnet.com/Listing/8850-Huron-St-Thornton-CO/33061072/,"Thornton, CO 80260",1.26,349000.0,39.858426283979,-104.995662022846,19552.47,20000,XL,97.76%,2801,CITY OF THORNTON (208 trucks) | CITY OF THORNTON (174 trucks) | COCAL LANDSCAPE SERVICES INC (153 trucks) | COLD FRONT (121 trucks) | READY MIX CONCRETE COMPANY (191 trucks) | NAVAJO EXPRESS INC (309 trucks) | TRI-STATE GENERATION & TRANSMISSION ASSOCIATION INC (321 trucks) | WESTERN DISTRIBUTING TRANSPORTATION CORP (155 trucks) | RMS CRANES (139 trucks) | SURESHOT DRILLING LLC ATOZ FIELD SERVICES LLC DRILL TECH LLC PINNACLE DEVELOPMENT INC HDD SPECIALISTS LLC (135 trucks) | EAGLE ROCK DISTRIBUTING COMPANY OF COLORADO LLC (148 trucks) | OFFEN PETROLEUM LLC (269 trucks) | ALPINE MILLWORK COMPANY DBA ROCKY MOUNTAIN RELOAD (141 trucks) | ADAMS 12 FIVE STAR SCHOOLS (182 trucks) | GEOSTABILIZATION INTERNATIONAL LLC (155 trucks),144000,16524,11869329.69,"$349,000.00"
Sol_092,765 Aspen Ridge Drive Dr,https://www.loopnet.com/Listing/765-Aspen-Ridge-Drive-Dr-Lafayette-CO/32931931/,"Lafayette, CO 80026",1.43,556000.0,40.006898203868,-105.107210150504,4585.06,5000,M,91.70%,619,BOULDER VALLEY SCHOOL DISTRICT RE-2 (134 trucks) | VIA MOBILITY SERVICES (196 trucks) | VIA MOBILITY SERVICES (116 trucks) | CU (173 trucks),144000,16524,11869329.69,"$556,000.00"
Sol_093,2544 11th Ave,https://www.loopnet.com/Listing/2544-11th-Ave-Greeley-CO/35100267/,"Greeley, CO 80631",0.15,350000.0,40.395690645275,-104.69657283495,336.5,1000,XS,33.65%,145,WELD COUNTY PUBLIC WORKS DEPARTMENT (145 trucks),142000,16610,11640385.24,"$350,000.00"
Sol_093,1339 Sheridan Blvd,https://www.loopnet.com/Listing/1339-Sheridan-Blvd-Lakewood-CO/29629654/,"Lakewood, CO 80214",0.18,299999.0,39.737415742007,-105.053556666269,1949.27,2000,S,97.46%,415,COMPASS VEHICLE RENTAL INC (170 trucks) | SITEWISE LLC (145 trucks) | CITY OF ARVADA (100 trucks),142000,16610,11640385.24,"$299,999.00"
Sol_093,831 N Clarkson St,https://www.loopnet.com/Listing/831-N-Clarkson-St-Denver-CO/38142797/,"Denver, CO 80218",0.18,899000.0,39.729919009716,-104.977904960968,3413.46,5000,M,68.27%,396,FARMERS ALL NATURAL (121 trucks) | CO TRAN LLC (275 trucks),142000,16610,11640385.24,"$899,000.00"
Sol_093,422 Perry St,https://www.loopnet.com/Listing/422-Perry-St-Castle-Rock-CO/38421711/,"Castle Rock, CO 80104",0.24,605821.24,39.374148794158,-104.858322527659,2577.81,5000,M,51.56%,389,GREAT SOUTHWESTERN CONSTRUCTION INC (280 trucks) | TOWN OF CASTLE ROCK  (109 trucks),142000,16610,11640385.24,"$605,821.24"
Sol_093,239 S Main St,https://www.loopnet.com/Listing/239-S-Main-St-Brighton-CO/27424620/,"Brighton, CO 80601",0.31,250000.0,39.982905257485,-104.822555605705,1694.9,2000,S,84.75%,267,G&Z TRANSPORT LLC (147 trucks) | SIM TRUCKING INC (120 trucks),142000,16610,11640385.24,"$250,000.00"
Sol_093,606 W Colfax Ave,https://www.loopnet.com/Listing/606-W-Colfax-Ave-Denver-CO/26992476/,"Denver, CO 80204",0.31,1475000.0,39.739741342952,-104.995589435564,8665.94,10000,L,86.66%,1212,MPLX G&P (144 trucks) | RES (149 trucks) | CONCRETE EXPRESS INC (128 trucks) | COORS DISTRIBUTING COMPANY MILLER COORS LLC (105 trucks) | U S TRANSPORT INC (200 trucks) | WASTE CONNECTIONS OF COLORADO INC (486 trucks),142000,16610,11640385.24,"$1,475,000.00"
Sol_093,8905 E Colfax Ave,https://www.loopnet.com/Listing/8905-E-Colfax-Ave-Aurora-CO/32567100/,"Aurora, CO 80010",0.33,845000.0,39.740387126683,-104.884281197975,8899.3,10000,L,88.99%,1313,SUPERSHUTTLE DENVER (125 trucks) | SWINGLE TREE & LANDSCAPE CARE (135 trucks) | COMCAST (194 trucks) | UNITED SITE SERVICES OF NEVADA INC (409 trucks) | UNITED SITE SERVICES OF COLORADO INC (147 trucks) | CITY LIGHT AND POWER INC (121 trucks) | WHEEL PROS LLC (182 trucks),142000,16610,11640385.24,"$845,000.00"
Sol_093,17160 W Colfax Ave,https://www.loopnet.com/Listing/17160-W-Colfax-Ave-Golden-CO/29520298/,"Golden, CO 80401",0.63,500000.0,39.722253633534,-105.192465086092,5488.67,10000,L,54.89%,807,ENIVIRONMENTAL LANDWORKS COMPANY INC (115 trucks) | HOLCIM WCR INC (298 trucks) | JEFFCO SCHOOLS (274 trucks) | JEFFERSON COUNTY (120 trucks),142000,16610,11640385.24,"$500,000.00"
Sol_093,1560 N Academy Blvd,https://www.loopnet.com/Listing/1560-N-Academy-Blvd-Colorado-Springs-CO/3886433/,"Colorado Springs, CO 80909",0.64,416700.0,38.854776988204,-104.75774002483,5689.619999999999,10000,L,56.90%,1031,COLORADO SPRINGS SCHOOL DISTRICT 11 (130 trucks) | MOUNTAIN METROPOLITAN TRANSIT (144 trucks) | CITY OF COLORADO SPRINGS (326 trucks) | El PASO COUNTY (112 trucks) | GOODWILL OF COLORADO (134 trucks) | VECTRUS SYSTEMS CORPORATION (185 trucks),142000,16610,11640385.24,"$416,700.00"
Sol_093,4237 McWhinney Blvd,https://www.loopnet.com/Listing/4237-McWhinney-Blvd-Loveland-CO/23974785/,"Loveland, CO 80538",0.65,871347.9,40.408208389025,-105.017378025231,252.96,1000,XS,25.30%,109,LOVELAND MUNICIPALITY (109 trucks),142000,16610,11640385.24,"$871,347.90"
Sol_093,7300 W Jefferson Ave,https://www.loopnet.com/Listing/7300-W-Jefferson-Ave-Lakewood-CO/38419312/,"Lakewood, CO 80235",0.66,379999.0,39.649773884125,-105.079540805378,5048.249999999999,10000,L,50.48%,608,QUALITY LOGISTICS INC (135 trucks) | KEESEN ENTERPRISES INC (263 trucks) | PROCAM SERVICES  (101 trucks) | PACIFIC SHIPPING & TRUCKING CO INC (109 trucks),142000,16610,11640385.24,"$379,999.00"
Sol_093,10431 Quari St,https://www.loopnet.com/Listing/10431-Quari-St-Commerce-City-CO/29119294/,"Commerce City, CO 80022",0.72,270000.0,39.886267655476,-104.844980046547,4169.15,5000,M,83.38%,562,ENVIRONMENTAL DESIGNS LLC (156 trucks) | BALIC TRANSPORT INC (120 trucks) | BURNCO COLORADO LLC (146 trucks) | WEST DIRECT OIL (140 trucks),142000,16610,11640385.24,"$270,000.00"
Sol_093,NEC N Fairgrounds Ave,https://www.loopnet.com/Listing/NEC-N-Fairgrounds-Ave-Windsor-CO/29890025/,"Windsor, CO 80528",0.74,483449.0,40.437732372143,-104.982630626628,304.01,1000,XS,30.40%,131,LARIMER COUNTY (131 trucks),142000,16610,11640385.24,"$483,449.00"
Sol_093,11958 Lincoln Ave,https://www.loopnet.com/Listing/Lincoln-Ave-Parker-CO/39741118/,"Parker, CO 80138",0.86,495000.0,39.536519536914,-104.76116705724,18264.289999999997,20000,XL,91.32%,2581,ACCELERATED SERVICES LLC (373 trucks) | AMERICAN FURNITURE WAREHOUSE CO (340 trucks) | TERRACARE ASSOCIATES LLC (156 trucks) | IHC SCOTT INC (214 trucks) | BUCKLEY POWDER CO (217 trucks) | CH2M OMI CH2MHILL JACOBS (183 trucks) | ORICA USA INC (215 trucks) | CHERRY CREEK SCHOOLS (352 trucks) | HBSCO DANS TRASH AT YOUR DISPOSAL (110 trucks) | ENTERPRISE RENT-A-CAR NATIONAL RENT A CAR ALAMO RENT A CAR (421 trucks),142000,16610,11640385.24,"$495,000.00"
Sol_093,Harmony Rd,https://www.loopnet.com/Listing/Harmony-Rd-Timnath-CO/21109276/,"Timnath, CO 80547",0.88,689895.0,40.522951241822,-104.96262130308,5618.16,10000,L,56.18%,972,NOVUS AG LLC (444 trucks) | CITY OF FORT COLLINS (285 trucks) | Poudre School District  (243 trucks),142000,16610,11640385.24,"$689,895.00"
Sol_093,3311 Ideal Drive Dr,https://www.loopnet.com/Listing/3311-Ideal-Drive-Dr-Frederick-CO/35744244/,"Frederick, CO 80516",1.0,949000.0,40.087044076103,-104.992966989518,4928.75,5000,M,98.58%,991,SUPREME TRANSPORT INC (183 trucks) | WARD ELECTRIC COMPANY INC (222 trucks) | CITY OF LONGMONT (211 trucks) | ST VRAIN VALLEY SCHOOL DISTRICT (174 trucks) | HEAT WAVES HOT OIL SERVICE LLC (201 trucks),142000,16610,11640385.24,"$949,000.00"
Sol_093,Colfax Ave & Airport Blvd,https://www.loopnet.com/Listing/Colfax-Ave-Airport-Blvd-Aurora-CO/24946845/,"Aurora, CO 80011",1.1,955174.1,39.740269989586,-104.791334022205,8680.17,10000,L,86.80%,1261,METCO LANDSCAPING INC (226 trucks) | WAGNER EQUIPMENT CO (423 trucks) | AURORA PUBLIC SCHOOLS (127 trucks) | CITY OF AURORA (271 trucks) | SHAMROCK FOODS COMPANY (214 trucks),142000,16610,11640385.24,"$955,174.10"
Sol_093,8850 Huron St,https://www.loopnet.com/Listing/8850-Huron-St-Thornton-CO/33061072/,"Thornton, CO 80260",1.26,349000.0,39.858426283979,-104.995662022846,19552.47,20000,XL,97.76%,2801,CITY OF THORNTON (208 trucks) | CITY OF THORNTON (174 trucks) | COCAL LANDSCAPE SERVICES INC (153 trucks) | COLD FRONT (121 trucks) | READY MIX CONCRETE COMPANY (191 trucks) | NAVAJO EXPRESS INC (309 trucks) | TRI-STATE GENERATION & TRANSMISSION ASSOCIATION INC (321 trucks) | WESTERN DISTRIBUTING TRANSPORTATION CORP (155 trucks) | RMS CRANES (139 trucks) | SURESHOT DRILLING LLC ATOZ FIELD SERVICES LLC DRILL TECH LLC PINNACLE DEVELOPMENT INC HDD SPECIALISTS LLC (135 trucks) | EAGLE ROCK DISTRIBUTING COMPANY OF COLORADO LLC (148 trucks) | OFFEN PETROLEUM LLC (269 trucks) | ALPINE MILLWORK COMPANY DBA ROCKY MOUNTAIN RELOAD (141 trucks) | ADAMS 12 FIVE STAR SCHOOLS (182 trucks) | GEOSTABILIZATION INTERNATIONAL LLC (155 trucks),142000,16610,11640385.24,"$349,000.00"
Sol_093,765 Aspen Ridge Drive Dr,https://www.loopnet.com/Listing/765-Aspen-Ridge-Drive-Dr-Lafayette-CO/32931931/,"Lafayette, CO 80026",1.43,556000.0,40.006898203868,-105.107210150504,4585.06,5000,M,91.70%,619,BOULDER VALLEY SCHOOL DISTRICT RE-2 (134 trucks) | VIA MOBILITY SERVICES (196 trucks) | VIA MOBILITY SERVICES (116 trucks) | CU (173 trucks),142000,16610,11640385.24,"$556,000.00"
Sol_094,2544 11th Ave,https://www.loopnet.com/Listing/2544-11th-Ave-Greeley-CO/35100267/,"Greeley, CO 80631",0.15,350000.0,40.395690645275,-104.69657283495,336.5,1000,XS,33.65%,145,WELD COUNTY PUBLIC WORKS DEPARTMENT (145 trucks),139000,16111,11169330.69,"$350,000.00"
Sol_094,1339 Sheridan Blvd,https://www.loopnet.com/Listing/1339-Sheridan-Blvd-Lakewood-CO/29629654/,"Lakewood, CO 80214",0.18,299999.0,39.737415742007,-105.053556666269,4008.78,5000,M,80.18%,809,COMPASS VEHICLE RENTAL INC (170 trucks) | JEFFERSON COUNTY (120 trucks) | JEFFCO SCHOOLS (274 trucks) | SITEWISE LLC (145 trucks) | CITY OF ARVADA (100 trucks),139000,16111,11169330.69,"$299,999.00"
Sol_094,422 Perry St,https://www.loopnet.com/Listing/422-Perry-St-Castle-Rock-CO/38421711/,"Castle Rock, CO 80104",0.24,605821.24,39.374148794158,-104.858322527659,2577.81,5000,M,51.56%,389,GREAT SOUTHWESTERN CONSTRUCTION INC (280 trucks) | TOWN OF CASTLE ROCK  (109 trucks),139000,16111,11169330.69,"$605,821.24"
Sol_094,239 S Main St,https://www.loopnet.com/Listing/239-S-Main-St-Brighton-CO/27424620/,"Brighton, CO 80601",0.31,250000.0,39.982905257485,-104.822555605705,1694.9,2000,S,84.75%,267,G&Z TRANSPORT LLC (147 trucks) | SIM TRUCKING INC (120 trucks),139000,16111,11169330.69,"$250,000.00"
Sol_094,606 W Colfax Ave,https://www.loopnet.com/Listing/606-W-Colfax-Ave-Denver-CO/26992476/,"Denver, CO 80204",0.31,1475000.0,39.739741342952,-104.995589435564,2877.2,5000,M,57.54%,393,MPLX G&P (144 trucks) | CONCRETE EXPRESS INC (128 trucks) | FARMERS ALL NATURAL (121 trucks),139000,16111,11169330.69,"$1,475,000.00"
Sol_094,1560 N Academy Blvd,https://www.loopnet.com/Listing/1560-N-Academy-Blvd-Colorado-Springs-CO/3886433/,"Colorado Springs, CO 80909",0.64,416700.0,38.854776988204,-104.75774002483,5689.619999999999,10000,L,56.90%,1031,COLORADO SPRINGS SCHOOL DISTRICT 11 (130 trucks) | MOUNTAIN METROPOLITAN TRANSIT (144 trucks) | CITY OF COLORADO SPRINGS (326 trucks) | El PASO COUNTY (112 trucks) | GOODWILL OF COLORADO (134 trucks) | VECTRUS SYSTEMS CORPORATION (185 trucks),139000,16111,11169330.69,"$416,700.00"
Sol_094,4237 McWhinney Blvd,https://www.loopnet.com/Listing/4237-McWhinney-Blvd-Loveland-CO/23974785/,"Loveland, CO 80538",0.65,871347.9,40.408208389025,-105.017378025231,252.96,1000,XS,25.30%,109,LOVELAND MUNICIPALITY (109 trucks),139000,16111,11169330.69,"$871,347.90"
Sol_094,10431 Quari St,https://www.loopnet.com/Listing/10431-Quari-St-Commerce-City-CO/29119294/,"Commerce City, CO 80022",0.72,270000.0,39.886267655476,-104.844980046547,4169.15,5000,M,83.38%,562,ENVIRONMENTAL DESIGNS LLC (156 trucks) | BALIC TRANSPORT INC (120 trucks) | BURNCO COLORADO LLC (146 trucks) | WEST DIRECT OIL (140 trucks),139000,16111,11169330.69,"$270,000.00"
Sol_094,NEC N Fairgrounds Ave,https://www.loopnet.com/Listing/NEC-N-Fairgrounds-Ave-Windsor-CO/29890025/,"Windsor, CO 80528",0.74,483449.0,40.437732372143,-104.982630626628,3990.5600000000004,5000,M,79.81%,575,LARIMER COUNTY (131 trucks) | NOVUS AG LLC (444 trucks),139000,16111,11169330.69,"$483,449.00"
Sol_094,11958 Lincoln Ave,https://www.loopnet.com/Listing/Lincoln-Ave-Parker-CO/39741118/,"Parker, CO 80138",0.86,495000.0,39.536519536914,-104.76116705724,15005.279999999999,20000,XL,75.03%,2050,ACCELERATED SERVICES LLC (373 trucks) | AMERICAN FURNITURE WAREHOUSE CO (340 trucks) | TERRACARE ASSOCIATES LLC (156 trucks) | IHC SCOTT INC (214 trucks) | BUCKLEY POWDER CO (217 trucks) | CH2M OMI CH2MHILL JACOBS (183 trucks) | ORICA USA INC (215 trucks) | CHERRY CREEK SCHOOLS (352 trucks),139000,16111,11169330.69,"$495,000.00"
Sol_094,2450 Curtis St,https://www.loopnet.com/Listing/2450-Curtis-St-Denver-CO/34878162/,"Denver, CO 80205",0.93,1930000.0,39.755035173034,-104.984190298703,13972.56,20000,XL,69.86%,1896,RES (149 trucks) | CO TRAN LLC (275 trucks) | WASTE CONNECTIONS OF COLORADO INC (486 trucks) | COORS DISTRIBUTING COMPANY MILLER COORS LLC (105 trucks) | U S TRANSPORT INC (200 trucks) | SUPERSHUTTLE DENVER (125 trucks) | UNITED SITE SERVICES OF NEVADA INC (409 trucks) | UNITED SITE SERVICES OF COLORADO INC (147 trucks),139000,16111,11169330.69,"$1,930,000.00"
Sol_094,1801 W Union Ave,https://www.loopnet.com/Listing/1801-W-Union-Ave-Englewood-CO/39250756/,"Englewood, CO 80110",0.95,912839.45,39.63264140749,-105.009568941318,14985.23,20000,XL,74.93%,2078,KEESEN ENTERPRISES INC (263 trucks) | QUALITY LOGISTICS INC (135 trucks) | PROCAM SERVICES  (101 trucks) | PACIFIC SHIPPING & TRUCKING CO INC (109 trucks) | CITY LIGHT AND POWER INC (121 trucks) | WHEEL PROS LLC (182 trucks) | GLOBAL TRANSPORTATION LLC (442 trucks) | COMCAST (194 trucks) | ENTERPRISE RENT-A-CAR NATIONAL RENT A CAR ALAMO RENT A CAR (421 trucks) | HBSCO DANS TRASH AT YOUR DISPOSAL (110 trucks),139000,16111,11169330.69,"$912,839.45"
Sol_094,3311 Ideal Drive Dr,https://www.loopnet.com/Listing/3311-Ideal-Drive-Dr-Frederick-CO/35744244/,"Frederick, CO 80516",1.0,949000.0,40.087044076103,-104.992966989518,4928.75,5000,M,98.58%,991,SUPREME TRANSPORT INC (183 trucks) | WARD ELECTRIC COMPANY INC (222 trucks) | CITY OF LONGMONT (211 trucks) | ST VRAIN VALLEY SCHOOL DISTRICT (174 trucks) | HEAT WAVES HOT OIL SERVICE LLC (201 trucks),139000,16111,11169330.69,"$949,000.00"
Sol_094,Colfax Ave & Airport Blvd,https://www.loopnet.com/Listing/Colfax-Ave-Airport-Blvd-Aurora-CO/24946845/,"Aurora, CO 80011",1.1,955174.1,39.740269989586,-104.791334022205,9801.08,10000,L,98.01%,1396,METCO LANDSCAPING INC (226 trucks) | WAGNER EQUIPMENT CO (423 trucks) | AURORA PUBLIC SCHOOLS (127 trucks) | CITY OF AURORA (271 trucks) | SHAMROCK FOODS COMPANY (214 trucks) | SWINGLE TREE & LANDSCAPE CARE (135 trucks),139000,16111,11169330.69,"$955,174.10"
Sol_094,8850 Huron St,https://www.loopnet.com/Listing/8850-Huron-St-Thornton-CO/33061072/,"Thornton, CO 80260",1.26,349000.0,39.858426283979,-104.995662022846,19552.47,20000,XL,97.76%,2801,CITY OF THORNTON (208 trucks) | CITY OF THORNTON (174 trucks) | COCAL LANDSCAPE SERVICES INC (153 trucks) | COLD FRONT (121 trucks) | READY MIX CONCRETE COMPANY (191 trucks) | NAVAJO EXPRESS INC (309 trucks) | TRI-STATE GENERATION & TRANSMISSION ASSOCIATION INC (321 trucks) | WESTERN DISTRIBUTING TRANSPORTATION CORP (155 trucks) | RMS CRANES (139 trucks) | SURESHOT DRILLING LLC ATOZ FIELD SERVICES LLC DRILL TECH LLC PINNACLE DEVELOPMENT INC HDD SPECIALISTS LLC (135 trucks) | EAGLE ROCK DISTRIBUTING COMPANY OF COLORADO LLC (148 trucks) | OFFEN PETROLEUM LLC (269 trucks) | ALPINE MILLWORK COMPANY DBA ROCKY MOUNTAIN RELOAD (141 trucks) | ADAMS 12 FIVE STAR SCHOOLS (182 trucks) | GEOSTABILIZATION INTERNATIONAL LLC (155 trucks),139000,16111,11169330.69,"$349,000.00"
Sol_094,765 Aspen Ridge Drive Dr,https://www.loopnet.com/Listing/765-Aspen-Ridge-Drive-Dr-Lafayette-CO/32931931/,"Lafayette, CO 80026",1.43,556000.0,40.006898203868,-105.107210150504,4585.06,5000,M,91.70%,619,BOULDER VALLEY SCHOOL DISTRICT RE-2 (134 trucks) | VIA MOBILITY SERVICES (196 trucks) | VIA MOBILITY SERVICES (116 trucks) | CU (173 trucks),139000,16111,11169330.69,"$556,000.00"
Sol_095,2544 11th Ave,https://www.loopnet.com/Listing/2544-11th-Ave-Greeley-CO/35100267/,"Greeley, CO 80631",0.15,350000.0,40.395690645275,-104.69657283495,336.5,1000,XS,33.65%,145,WELD COUNTY PUBLIC WORKS DEPARTMENT (145 trucks),136000,15419,10028330.69,"$350,000.00"
Sol_095,1339 Sheridan Blvd,https://www.loopnet.com/Listing/1339-Sheridan-Blvd-Lakewood-CO/29629654/,"Lakewood, CO 80214",0.18,299999.0,39.737415742007,-105.053556666269,1949.27,2000,S,97.46%,415,COMPASS VEHICLE RENTAL INC (170 trucks) | SITEWISE LLC (145 trucks) | CITY OF ARVADA (100 trucks),136000,15419,10028330.69,"$299,999.00"
Sol_095,422 Perry St,https://www.loopnet.com/Listing/422-Perry-St-Castle-Rock-CO/38421711/,"Castle Rock, CO 80104",0.24,605821.24,39.374148794158,-104.858322527659,2577.81,5000,M,51.56%,389,GREAT SOUTHWESTERN CONSTRUCTION INC (280 trucks) | TOWN OF CASTLE ROCK  (109 trucks),136000,15419,10028330.69,"$605,821.24"
Sol_095,239 S Main St,https://www.loopnet.com/Listing/239-S-Main-St-Brighton-CO/27424620/,"Brighton, CO 80601",0.31,250000.0,39.982905257485,-104.822555605705,1694.9,2000,S,84.75%,267,G&Z TRANSPORT LLC (147 trucks) | SIM TRUCKING INC (120 trucks),136000,15419,10028330.69,"$250,000.00"
Sol_095,606 W Colfax Ave,https://www.loopnet.com/Listing/606-W-Colfax-Ave-Denver-CO/26992476/,"Denver, CO 80204",0.31,1475000.0,39.739741342952,-104.995589435564,8930.12,10000,L,89.30%,1122,MPLX G&P (144 trucks) | RES (149 trucks) | CONCRETE EXPRESS INC (128 trucks) | FARMERS ALL NATURAL (121 trucks) | CO TRAN LLC (275 trucks) | COORS DISTRIBUTING COMPANY MILLER COORS LLC (105 trucks) | U S TRANSPORT INC (200 trucks),136000,15419,10028330.69,"$1,475,000.00"
Sol_095,8905 E Colfax Ave,https://www.loopnet.com/Listing/8905-E-Colfax-Ave-Aurora-CO/32567100/,"Aurora, CO 80010",0.33,845000.0,39.740387126683,-104.884281197975,6813.16,10000,L,68.13%,1010,SUPERSHUTTLE DENVER (125 trucks) | SWINGLE TREE & LANDSCAPE CARE (135 trucks) | COMCAST (194 trucks) | UNITED SITE SERVICES OF NEVADA INC (409 trucks) | UNITED SITE SERVICES OF COLORADO INC (147 trucks),136000,15419,10028330.69,"$845,000.00"
Sol_095,17160 W Colfax Ave,https://www.loopnet.com/Listing/17160-W-Colfax-Ave-Golden-CO/29520298/,"Golden, CO 80401",0.63,500000.0,39.722253633534,-105.192465086092,5488.67,10000,L,54.89%,807,ENIVIRONMENTAL LANDWORKS COMPANY INC (115 trucks) | HOLCIM WCR INC (298 trucks) | JEFFCO SCHOOLS (274 trucks) | JEFFERSON COUNTY (120 trucks),136000,15419,10028330.69,"$500,000.00"
Sol_095,1560 N Academy Blvd,https://www.loopnet.com/Listing/1560-N-Academy-Blvd-Colorado-Springs-CO/3886433/,"Colorado Springs, CO 80909",0.64,416700.0,38.854776988204,-104.75774002483,5689.619999999999,10000,L,56.90%,1031,COLORADO SPRINGS SCHOOL DISTRICT 11 (130 trucks) | MOUNTAIN METROPOLITAN TRANSIT (144 trucks) | CITY OF COLORADO SPRINGS (326 trucks) | El PASO COUNTY (112 trucks) | GOODWILL OF COLORADO (134 trucks) | VECTRUS SYSTEMS CORPORATION (185 trucks),136000,15419,10028330.69,"$416,700.00"
Sol_095,4237 McWhinney Blvd,https://www.loopnet.com/Listing/4237-McWhinney-Blvd-Loveland-CO/23974785/,"Loveland, CO 80538",0.65,871347.9,40.408208389025,-105.017378025231,252.96,1000,XS,25.30%,109,LOVELAND MUNICIPALITY (109 trucks),136000,15419,10028330.69,"$871,347.90"
Sol_095,10431 Quari St,https://www.loopnet.com/Listing/10431-Quari-St-Commerce-City-CO/29119294/,"Commerce City, CO 80022",0.72,270000.0,39.886267655476,-104.844980046547,4169.15,5000,M,83.38%,562,ENVIRONMENTAL DESIGNS LLC (156 trucks) | BALIC TRANSPORT INC (120 trucks) | BURNCO COLORADO LLC (146 trucks) | WEST DIRECT OIL (140 trucks),136000,15419,10028330.69,"$270,000.00"
Sol_095,NEC N Fairgrounds Ave,https://www.loopnet.com/Listing/NEC-N-Fairgrounds-Ave-Windsor-CO/29890025/,"Windsor, CO 80528",0.74,483449.0,40.437732372143,-104.982630626628,3990.5600000000004,5000,M,79.81%,575,LARIMER COUNTY (131 trucks) | NOVUS AG LLC (444 trucks),136000,15419,10028330.69,"$483,449.00"
Sol_095,11958 Lincoln Ave,https://www.loopnet.com/Listing/Lincoln-Ave-Parker-CO/39741118/,"Parker, CO 80138",0.86,495000.0,39.536519536914,-104.76116705724,15005.279999999999,20000,XL,75.03%,2050,ACCELERATED SERVICES LLC (373 trucks) | AMERICAN FURNITURE WAREHOUSE CO (340 trucks) | TERRACARE ASSOCIATES LLC (156 trucks) | IHC SCOTT INC (214 trucks) | BUCKLEY POWDER CO (217 trucks) | CH2M OMI CH2MHILL JACOBS (183 trucks) | ORICA USA INC (215 trucks) | CHERRY CREEK SCHOOLS (352 trucks),136000,15419,10028330.69,"$495,000.00"
Sol_095,1801 W Union Ave,https://www.loopnet.com/Listing/1801-W-Union-Ave-Englewood-CO/39250756/,"Englewood, CO 80110",0.95,912839.45,39.63264140749,-105.009568941318,14063.34,20000,XL,70.32%,1884,KEESEN ENTERPRISES INC (263 trucks) | QUALITY LOGISTICS INC (135 trucks) | PROCAM SERVICES  (101 trucks) | PACIFIC SHIPPING & TRUCKING CO INC (109 trucks) | CITY LIGHT AND POWER INC (121 trucks) | WHEEL PROS LLC (182 trucks) | GLOBAL TRANSPORTATION LLC (442 trucks) | ENTERPRISE RENT-A-CAR NATIONAL RENT A CAR ALAMO RENT A CAR (421 trucks) | HBSCO DANS TRASH AT YOUR DISPOSAL (110 trucks),136000,15419,10028330.69,"$912,839.45"
Sol_095,3311 Ideal Drive Dr,https://www.loopnet.com/Listing/3311-Ideal-Drive-Dr-Frederick-CO/35744244/,"Frederick, CO 80516",1.0,949000.0,40.087044076103,-104.992966989518,4928.75,5000,M,98.58%,991,SUPREME TRANSPORT INC (183 trucks) | WARD ELECTRIC COMPANY INC (222 trucks) | CITY OF LONGMONT (211 trucks) | ST VRAIN VALLEY SCHOOL DISTRICT (174 trucks) | HEAT WAVES HOT OIL SERVICE LLC (201 trucks),136000,15419,10028330.69,"$949,000.00"
Sol_095,Colfax Ave & Airport Blvd,https://www.loopnet.com/Listing/Colfax-Ave-Airport-Blvd-Aurora-CO/24946845/,"Aurora, CO 80011",1.1,955174.1,39.740269989586,-104.791334022205,8680.17,10000,L,86.80%,1261,METCO LANDSCAPING INC (226 trucks) | WAGNER EQUIPMENT CO (423 trucks) | AURORA PUBLIC SCHOOLS (127 trucks) | CITY OF AURORA (271 trucks) | SHAMROCK FOODS COMPANY (214 trucks),136000,15419,10028330.69,"$955,174.10"
Sol_095,8850 Huron St,https://www.loopnet.com/Listing/8850-Huron-St-Thornton-CO/33061072/,"Thornton, CO 80260",1.26,349000.0,39.858426283979,-104.995662022846,19552.47,20000,XL,97.76%,2801,CITY OF THORNTON (208 trucks) | CITY OF THORNTON (174 trucks) | COCAL LANDSCAPE SERVICES INC (153 trucks) | COLD FRONT (121 trucks) | READY MIX CONCRETE COMPANY (191 trucks) | NAVAJO EXPRESS INC (309 trucks) | TRI-STATE GENERATION & TRANSMISSION ASSOCIATION INC (321 trucks) | WESTERN DISTRIBUTING TRANSPORTATION CORP (155 trucks) | RMS CRANES (139 trucks) | SURESHOT DRILLING LLC ATOZ FIELD SERVICES LLC DRILL TECH LLC PINNACLE DEVELOPMENT INC HDD SPECIALISTS LLC (135 trucks) | EAGLE ROCK DISTRIBUTING COMPANY OF COLORADO LLC (148 trucks) | OFFEN PETROLEUM LLC (269 trucks) | ALPINE MILLWORK COMPANY DBA ROCKY MOUNTAIN RELOAD (141 trucks) | ADAMS 12 FIVE STAR SCHOOLS (182 trucks) | GEOSTABILIZATION INTERNATIONAL LLC (155 trucks),136000,15419,10028330.69,"$349,000.00"
Sol_096,2544 11th Ave,https://www.loopnet.com/Listing/2544-11th-Ave-Greeley-CO/35100267/,"Greeley, CO 80631",0.15,350000.0,40.395690645275,-104.69657283495,336.5,1000,XS,33.65%,145,WELD COUNTY PUBLIC WORKS DEPARTMENT (145 trucks),139000,15905,11313329.69,"$350,000.00"
Sol_096,422 Perry St,https://www.loopnet.com/Listing/422-Perry-St-Castle-Rock-CO/38421711/,"Castle Rock, CO 80104",0.24,605821.24,39.374148794158,-104.858322527659,2577.81,5000,M,51.56%,389,GREAT SOUTHWESTERN CONSTRUCTION INC (280 trucks) | TOWN OF CASTLE ROCK  (109 trucks),139000,15905,11313329.69,"$605,821.24"
Sol_096,1319 Sheridan Blvd,https://www.loopnet.com/Listing/1319-1327-Sheridan-Blvd-Lakewood-CO/38343110/,"Lakewood, CO 80214",0.3,999998.0,39.737113071483,-105.053491874157,7437.9400000000005,10000,L,74.38%,1222,COMPASS VEHICLE RENTAL INC (170 trucks) | JEFFERSON COUNTY (120 trucks) | JEFFCO SCHOOLS (274 trucks) | SITEWISE LLC (145 trucks) | CITY OF ARVADA (100 trucks) | HOLCIM WCR INC (298 trucks) | ENIVIRONMENTAL LANDWORKS COMPANY INC (115 trucks),139000,15905,11313329.69,"$999,998.00"
Sol_096,239 S Main St,https://www.loopnet.com/Listing/239-S-Main-St-Brighton-CO/27424620/,"Brighton, CO 80601",0.31,250000.0,39.982905257485,-104.822555605705,1694.9,2000,S,84.75%,267,G&Z TRANSPORT LLC (147 trucks) | SIM TRUCKING INC (120 trucks),139000,15905,11313329.69,"$250,000.00"
Sol_096,606 W Colfax Ave,https://www.loopnet.com/Listing/606-W-Colfax-Ave-Denver-CO/26992476/,"Denver, CO 80204",0.31,1475000.0,39.739741342952,-104.995589435564,2877.2,5000,M,57.54%,393,MPLX G&P (144 trucks) | CONCRETE EXPRESS INC (128 trucks) | FARMERS ALL NATURAL (121 trucks),139000,15905,11313329.69,"$1,475,000.00"
Sol_096,1560 N Academy Blvd,https://www.loopnet.com/Listing/1560-N-Academy-Blvd-Colorado-Springs-CO/3886433/,"Colorado Springs, CO 80909",0.64,416700.0,38.854776988204,-104.75774002483,5689.619999999999,10000,L,56.90%,1031,COLORADO SPRINGS SCHOOL DISTRICT 11 (130 trucks) | MOUNTAIN METROPOLITAN TRANSIT (144 trucks) | CITY OF COLORADO SPRINGS (326 trucks) | El PASO COUNTY (112 trucks) | GOODWILL OF COLORADO (134 trucks) | VECTRUS SYSTEMS CORPORATION (185 trucks),139000,15905,11313329.69,"$416,700.00"
Sol_096,4237 McWhinney Blvd,https://www.loopnet.com/Listing/4237-McWhinney-Blvd-Loveland-CO/23974785/,"Loveland, CO 80538",0.65,871347.9,40.408208389025,-105.017378025231,252.96,1000,XS,25.30%,109,LOVELAND MUNICIPALITY (109 trucks),139000,15905,11313329.69,"$871,347.90"
Sol_096,10431 Quari St,https://www.loopnet.com/Listing/10431-Quari-St-Commerce-City-CO/29119294/,"Commerce City, CO 80022",0.72,270000.0,39.886267655476,-104.844980046547,4169.15,5000,M,83.38%,562,ENVIRONMENTAL DESIGNS LLC (156 trucks) | BALIC TRANSPORT INC (120 trucks) | BURNCO COLORADO LLC (146 trucks) | WEST DIRECT OIL (140 trucks),139000,15905,11313329.69,"$270,000.00"
Sol_096,NEC N Fairgrounds Ave,https://www.loopnet.com/Listing/NEC-N-Fairgrounds-Ave-Windsor-CO/29890025/,"Windsor, CO 80528",0.74,483449.0,40.437732372143,-104.982630626628,3990.5600000000004,5000,M,79.81%,575,LARIMER COUNTY (131 trucks) | NOVUS AG LLC (444 trucks),139000,15905,11313329.69,"$483,449.00"
Sol_096,11958 Lincoln Ave,https://www.loopnet.com/Listing/Lincoln-Ave-Parker-CO/39741118/,"Parker, CO 80138",0.86,495000.0,39.536519536914,-104.76116705724,15005.279999999999,20000,XL,75.03%,2050,ACCELERATED SERVICES LLC (373 trucks) | AMERICAN FURNITURE WAREHOUSE CO (340 trucks) | TERRACARE ASSOCIATES LLC (156 trucks) | IHC SCOTT INC (214 trucks) | BUCKLEY POWDER CO (217 trucks) | CH2M OMI CH2MHILL JACOBS (183 trucks) | ORICA USA INC (215 trucks) | CHERRY CREEK SCHOOLS (352 trucks),139000,15905,11313329.69,"$495,000.00"
Sol_096,2450 Curtis St,https://www.loopnet.com/Listing/2450-Curtis-St-Denver-CO/34878162/,"Denver, CO 80205",0.93,1930000.0,39.755035173034,-104.984190298703,13972.56,20000,XL,69.86%,1896,RES (149 trucks) | CO TRAN LLC (275 trucks) | WASTE CONNECTIONS OF COLORADO INC (486 trucks) | COORS DISTRIBUTING COMPANY MILLER COORS LLC (105 trucks) | U S TRANSPORT INC (200 trucks) | SUPERSHUTTLE DENVER (125 trucks) | UNITED SITE SERVICES OF NEVADA INC (409 trucks) | UNITED SITE SERVICES OF COLORADO INC (147 trucks),139000,15905,11313329.69,"$1,930,000.00"
Sol_096,1801 W Union Ave,https://www.loopnet.com/Listing/1801-W-Union-Ave-Englewood-CO/39250756/,"Englewood, CO 80110",0.95,912839.45,39.63264140749,-105.009568941318,14985.23,20000,XL,74.93%,2078,KEESEN ENTERPRISES INC (263 trucks) | QUALITY LOGISTICS INC (135 trucks) | PROCAM SERVICES  (101 trucks) | PACIFIC SHIPPING & TRUCKING CO INC (109 trucks) | CITY LIGHT AND POWER INC (121 trucks) | WHEEL PROS LLC (182 trucks) | GLOBAL TRANSPORTATION LLC (442 trucks) | COMCAST (194 trucks) | ENTERPRISE RENT-A-CAR NATIONAL RENT A CAR ALAMO RENT A CAR (421 trucks) | HBSCO DANS TRASH AT YOUR DISPOSAL (110 trucks),139000,15905,11313329.69,"$912,839.45"
Sol_096,3311 Ideal Drive Dr,https://www.loopnet.com/Listing/3311-Ideal-Drive-Dr-Frederick-CO/35744244/,"Frederick, CO 80516",1.0,949000.0,40.087044076103,-104.992966989518,4928.75,5000,M,98.58%,991,SUPREME TRANSPORT INC (183 trucks) | WARD ELECTRIC COMPANY INC (222 trucks) | CITY OF LONGMONT (211 trucks) | ST VRAIN VALLEY SCHOOL DISTRICT (174 trucks) | HEAT WAVES HOT OIL SERVICE LLC (201 trucks),139000,15905,11313329.69,"$949,000.00"
Sol_096,Colfax Ave & Airport Blvd,https://www.loopnet.com/Listing/Colfax-Ave-Airport-Blvd-Aurora-CO/24946845/,"Aurora, CO 80011",1.1,955174.1,39.740269989586,-104.791334022205,9801.08,10000,L,98.01%,1396,METCO LANDSCAPING INC (226 trucks) | WAGNER EQUIPMENT CO (423 trucks) | AURORA PUBLIC SCHOOLS (127 trucks) | CITY OF AURORA (271 trucks) | SHAMROCK FOODS COMPANY (214 trucks) | SWINGLE TREE & LANDSCAPE CARE (135 trucks),139000,15905,11313329.69,"$955,174.10"
Sol_096,8850 Huron St,https://www.loopnet.com/Listing/8850-Huron-St-Thornton-CO/33061072/,"Thornton, CO 80260",1.26,349000.0,39.858426283979,-104.995662022846,19552.47,20000,XL,97.76%,2801,CITY OF THORNTON (208 trucks) | CITY OF THORNTON (174 trucks) | COCAL LANDSCAPE SERVICES INC (153 trucks) | COLD FRONT (121 trucks) | READY MIX CONCRETE COMPANY (191 trucks) | NAVAJO EXPRESS INC (309 trucks) | TRI-STATE GENERATION & TRANSMISSION ASSOCIATION INC (321 trucks) | WESTERN DISTRIBUTING TRANSPORTATION CORP (155 trucks) | RMS CRANES (139 trucks) | SURESHOT DRILLING LLC ATOZ FIELD SERVICES LLC DRILL TECH LLC PINNACLE DEVELOPMENT INC HDD SPECIALISTS LLC (135 trucks) | EAGLE ROCK DISTRIBUTING COMPANY OF COLORADO LLC (148 trucks) | OFFEN PETROLEUM LLC (269 trucks) | ALPINE MILLWORK COMPANY DBA ROCKY MOUNTAIN RELOAD (141 trucks) | ADAMS 12 FIVE STAR SCHOOLS (182 trucks) | GEOSTABILIZATION INTERNATIONAL LLC (155 trucks),139000,15905,11313329.69,"$349,000.00"
Sol_097,2544 11th Ave,https://www.loopnet.com/Listing/2544-11th-Ave-Greeley-CO/35100267/,"Greeley, CO 80631",0.15,350000.0,40.395690645275,-104.69657283495,336.5,1000,XS,33.65%,145,WELD COUNTY PUBLIC WORKS DEPARTMENT (145 trucks),145000,16639,11859225.69,"$350,000.00"
Sol_097,1339 Sheridan Blvd,https://www.loopnet.com/Listing/1339-Sheridan-Blvd-Lakewood-CO/29629654/,"Lakewood, CO 80214",0.18,299999.0,39.737415742007,-105.053556666269,4008.78,5000,M,80.18%,809,COMPASS VEHICLE RENTAL INC (170 trucks) | JEFFERSON COUNTY (120 trucks) | JEFFCO SCHOOLS (274 trucks) | SITEWISE LLC (145 trucks) | CITY OF ARVADA (100 trucks),145000,16639,11859225.69,"$299,999.00"
Sol_097,422 Perry St,https://www.loopnet.com/Listing/422-Perry-St-Castle-Rock-CO/38421711/,"Castle Rock, CO 80104",0.24,605821.24,39.374148794158,-104.858322527659,2577.81,5000,M,51.56%,389,GREAT SOUTHWESTERN CONSTRUCTION INC (280 trucks) | TOWN OF CASTLE ROCK  (109 trucks),145000,16639,11859225.69,"$605,821.24"
Sol_097,239 S Main St,https://www.loopnet.com/Listing/239-S-Main-St-Brighton-CO/27424620/,"Brighton, CO 80601",0.31,250000.0,39.982905257485,-104.822555605705,1694.9,2000,S,84.75%,267,G&Z TRANSPORT LLC (147 trucks) | SIM TRUCKING INC (120 trucks),145000,16639,11859225.69,"$250,000.00"
Sol_097,606 W Colfax Ave,https://www.loopnet.com/Listing/606-W-Colfax-Ave-Denver-CO/26992476/,"Denver, CO 80204",0.31,1475000.0,39.739741342952,-104.995589435564,2877.2,5000,M,57.54%,393,MPLX G&P (144 trucks) | CONCRETE EXPRESS INC (128 trucks) | FARMERS ALL NATURAL (121 trucks),145000,16639,11859225.69,"$1,475,000.00"
Sol_097,1560 N Academy Blvd,https://www.loopnet.com/Listing/1560-N-Academy-Blvd-Colorado-Springs-CO/3886433/,"Colorado Springs, CO 80909",0.64,416700.0,38.854776988204,-104.75774002483,5689.619999999999,10000,L,56.90%,1031,COLORADO SPRINGS SCHOOL DISTRICT 11 (130 trucks) | MOUNTAIN METROPOLITAN TRANSIT (144 trucks) | CITY OF COLORADO SPRINGS (326 trucks) | El PASO COUNTY (112 trucks) | GOODWILL OF COLORADO (134 trucks) | VECTRUS SYSTEMS CORPORATION (185 trucks),145000,16639,11859225.69,"$416,700.00"
Sol_097,4237 McWhinney Blvd,https://www.loopnet.com/Listing/4237-McWhinney-Blvd-Loveland-CO/23974785/,"Loveland, CO 80538",0.65,871347.9,40.408208389025,-105.017378025231,252.96,1000,XS,25.30%,109,LOVELAND MUNICIPALITY (109 trucks),145000,16639,11859225.69,"$871,347.90"
Sol_097,10431 Quari St,https://www.loopnet.com/Listing/10431-Quari-St-Commerce-City-CO/29119294/,"Commerce City, CO 80022",0.72,270000.0,39.886267655476,-104.844980046547,4169.15,5000,M,83.38%,562,ENVIRONMENTAL DESIGNS LLC (156 trucks) | BALIC TRANSPORT INC (120 trucks) | BURNCO COLORADO LLC (146 trucks) | WEST DIRECT OIL (140 trucks),145000,16639,11859225.69,"$270,000.00"
Sol_097,NEC N Fairgrounds Ave,https://www.loopnet.com/Listing/NEC-N-Fairgrounds-Ave-Windsor-CO/29890025/,"Windsor, CO 80528",0.74,483449.0,40.437732372143,-104.982630626628,304.01,1000,XS,30.40%,131,LARIMER COUNTY (131 trucks),145000,16639,11859225.69,"$483,449.00"
Sol_097,11958 Lincoln Ave,https://www.loopnet.com/Listing/Lincoln-Ave-Parker-CO/39741118/,"Parker, CO 80138",0.86,495000.0,39.536519536914,-104.76116705724,15005.279999999999,20000,XL,75.03%,2050,ACCELERATED SERVICES LLC (373 trucks) | AMERICAN FURNITURE WAREHOUSE CO (340 trucks) | TERRACARE ASSOCIATES LLC (156 trucks) | IHC SCOTT INC (214 trucks) | BUCKLEY POWDER CO (217 trucks) | CH2M OMI CH2MHILL JACOBS (183 trucks) | ORICA USA INC (215 trucks) | CHERRY CREEK SCHOOLS (352 trucks),145000,16639,11859225.69,"$495,000.00"
Sol_097,Harmony Rd,https://www.loopnet.com/Listing/Harmony-Rd-Timnath-CO/21109276/,"Timnath, CO 80547",0.88,689895.0,40.522951241822,-104.96262130308,5618.16,10000,L,56.18%,972,NOVUS AG LLC (444 trucks) | CITY OF FORT COLLINS (285 trucks) | Poudre School District  (243 trucks),145000,16639,11859225.69,"$689,895.00"
Sol_097,2450 Curtis St,https://www.loopnet.com/Listing/2450-Curtis-St-Denver-CO/34878162/,"Denver, CO 80205",0.93,1930000.0,39.755035173034,-104.984190298703,13972.56,20000,XL,69.86%,1896,RES (149 trucks) | CO TRAN LLC (275 trucks) | WASTE CONNECTIONS OF COLORADO INC (486 trucks) | COORS DISTRIBUTING COMPANY MILLER COORS LLC (105 trucks) | U S TRANSPORT INC (200 trucks) | SUPERSHUTTLE DENVER (125 trucks) | UNITED SITE SERVICES OF NEVADA INC (409 trucks) | UNITED SITE SERVICES OF COLORADO INC (147 trucks),145000,16639,11859225.69,"$1,930,000.00"
Sol_097,1801 W Union Ave,https://www.loopnet.com/Listing/1801-W-Union-Ave-Englewood-CO/39250756/,"Englewood, CO 80110",0.95,912839.45,39.63264140749,-105.009568941318,14985.23,20000,XL,74.93%,2078,KEESEN ENTERPRISES INC (263 trucks) | QUALITY LOGISTICS INC (135 trucks) | PROCAM SERVICES  (101 trucks) | PACIFIC SHIPPING & TRUCKING CO INC (109 trucks) | CITY LIGHT AND POWER INC (121 trucks) | WHEEL PROS LLC (182 trucks) | GLOBAL TRANSPORTATION LLC (442 trucks) | COMCAST (194 trucks) | ENTERPRISE RENT-A-CAR NATIONAL RENT A CAR ALAMO RENT A CAR (421 trucks) | HBSCO DANS TRASH AT YOUR DISPOSAL (110 trucks),145000,16639,11859225.69,"$912,839.45"
Sol_097,3311 Ideal Drive Dr,https://www.loopnet.com/Listing/3311-Ideal-Drive-Dr-Frederick-CO/35744244/,"Frederick, CO 80516",1.0,949000.0,40.087044076103,-104.992966989518,4928.75,5000,M,98.58%,991,SUPREME TRANSPORT INC (183 trucks) | WARD ELECTRIC COMPANY INC (222 trucks) | CITY OF LONGMONT (211 trucks) | ST VRAIN VALLEY SCHOOL DISTRICT (174 trucks) | HEAT WAVES HOT OIL SERVICE LLC (201 trucks),145000,16639,11859225.69,"$949,000.00"
Sol_097,Colfax Ave & Airport Blvd,https://www.loopnet.com/Listing/Colfax-Ave-Airport-Blvd-Aurora-CO/24946845/,"Aurora, CO 80011",1.1,955174.1,39.740269989586,-104.791334022205,9801.08,10000,L,98.01%,1396,METCO LANDSCAPING INC (226 trucks) | WAGNER EQUIPMENT CO (423 trucks) | AURORA PUBLIC SCHOOLS (127 trucks) | CITY OF AURORA (271 trucks) | SHAMROCK FOODS COMPANY (214 trucks) | SWINGLE TREE & LANDSCAPE CARE (135 trucks),145000,16639,11859225.69,"$955,174.10"
Sol_097,8850 Huron St,https://www.loopnet.com/Listing/8850-Huron-St-Thornton-CO/33061072/,"Thornton, CO 80260",1.26,349000.0,39.858426283979,-104.995662022846,19552.47,20000,XL,97.76%,2801,CITY OF THORNTON (208 trucks) | CITY OF THORNTON (174 trucks) | COCAL LANDSCAPE SERVICES INC (153 trucks) | COLD FRONT (121 trucks) | READY MIX CONCRETE COMPANY (191 trucks) | NAVAJO EXPRESS INC (309 trucks) | TRI-STATE GENERATION & TRANSMISSION ASSOCIATION INC (321 trucks) | WESTERN DISTRIBUTING TRANSPORTATION CORP (155 trucks) | RMS CRANES (139 trucks) | SURESHOT DRILLING LLC ATOZ FIELD SERVICES LLC DRILL TECH LLC PINNACLE DEVELOPMENT INC HDD SPECIALISTS LLC (135 trucks) | EAGLE ROCK DISTRIBUTING COMPANY OF COLORADO LLC (148 trucks) | OFFEN PETROLEUM LLC (269 trucks) | ALPINE MILLWORK COMPANY DBA ROCKY MOUNTAIN RELOAD (141 trucks) | ADAMS 12 FIVE STAR SCHOOLS (182 trucks) | GEOSTABILIZATION INTERNATIONAL LLC (155 trucks),145000,16639,11859225.69,"$349,000.00"
Sol_097,765 Aspen Ridge Drive Dr,https://www.loopnet.com/Listing/765-Aspen-Ridge-Drive-Dr-Lafayette-CO/32931931/,"Lafayette, CO 80026",1.43,556000.0,40.006898203868,-105.107210150504,4585.06,5000,M,91.70%,619,BOULDER VALLEY SCHOOL DISTRICT RE-2 (134 trucks) | VIA MOBILITY SERVICES (196 trucks) | VIA MOBILITY SERVICES (116 trucks) | CU (173 trucks),145000,16639,11859225.69,"$556,000.00"
Sol_098,2544 11th Ave,https://www.loopnet.com/Listing/2544-11th-Ave-Greeley-CO/35100267/,"Greeley, CO 80631",0.15,350000.0,40.395690645275,-104.69657283495,336.5,1000,XS,33.65%,145,WELD COUNTY PUBLIC WORKS DEPARTMENT (145 trucks),140000,16153,10774225.69,"$350,000.00"
Sol_098,1339 Sheridan Blvd,https://www.loopnet.com/Listing/1339-Sheridan-Blvd-Lakewood-CO/29629654/,"Lakewood, CO 80214",0.18,299999.0,39.737415742007,-105.053556666269,4008.78,5000,M,80.18%,809,COMPASS VEHICLE RENTAL INC (170 trucks) | JEFFERSON COUNTY (120 trucks) | JEFFCO SCHOOLS (274 trucks) | SITEWISE LLC (145 trucks) | CITY OF ARVADA (100 trucks),140000,16153,10774225.69,"$299,999.00"
Sol_098,422 Perry St,https://www.loopnet.com/Listing/422-Perry-St-Castle-Rock-CO/38421711/,"Castle Rock, CO 80104",0.24,605821.24,39.374148794158,-104.858322527659,2577.81,5000,M,51.56%,389,GREAT SOUTHWESTERN CONSTRUCTION INC (280 trucks) | TOWN OF CASTLE ROCK  (109 trucks),140000,16153,10774225.69,"$605,821.24"
Sol_098,239 S Main St,https://www.loopnet.com/Listing/239-S-Main-St-Brighton-CO/27424620/,"Brighton, CO 80601",0.31,250000.0,39.982905257485,-104.822555605705,1694.9,2000,S,84.75%,267,G&Z TRANSPORT LLC (147 trucks) | SIM TRUCKING INC (120 trucks),140000,16153,10774225.69,"$250,000.00"
Sol_098,606 W Colfax Ave,https://www.loopnet.com/Listing/606-W-Colfax-Ave-Denver-CO/26992476/,"Denver, CO 80204",0.31,1475000.0,39.739741342952,-104.995589435564,8930.12,10000,L,89.30%,1122,MPLX G&P (144 trucks) | RES (149 trucks) | CONCRETE EXPRESS INC (128 trucks) | FARMERS ALL NATURAL (121 trucks) | CO TRAN LLC (275 trucks) | COORS DISTRIBUTING COMPANY MILLER COORS LLC (105 trucks) | U S TRANSPORT INC (200 trucks),140000,16153,10774225.69,"$1,475,000.00"
Sol_098,8905 E Colfax Ave,https://www.loopnet.com/Listing/8905-E-Colfax-Ave-Aurora-CO/32567100/,"Aurora, CO 80010",0.33,845000.0,39.740387126683,-104.884281197975,6813.16,10000,L,68.13%,1010,SUPERSHUTTLE DENVER (125 trucks) | SWINGLE TREE & LANDSCAPE CARE (135 trucks) | COMCAST (194 trucks) | UNITED SITE SERVICES OF NEVADA INC (409 trucks) | UNITED SITE SERVICES OF COLORADO INC (147 trucks),140000,16153,10774225.69,"$845,000.00"
Sol_098,1560 N Academy Blvd,https://www.loopnet.com/Listing/1560-N-Academy-Blvd-Colorado-Springs-CO/3886433/,"Colorado Springs, CO 80909",0.64,416700.0,38.854776988204,-104.75774002483,5689.619999999999,10000,L,56.90%,1031,COLORADO SPRINGS SCHOOL DISTRICT 11 (130 trucks) | MOUNTAIN METROPOLITAN TRANSIT (144 trucks) | CITY OF COLORADO SPRINGS (326 trucks) | El PASO COUNTY (112 trucks) | GOODWILL OF COLORADO (134 trucks) | VECTRUS SYSTEMS CORPORATION (185 trucks),140000,16153,10774225.69,"$416,700.00"
Sol_098,4237 McWhinney Blvd,https://www.loopnet.com/Listing/4237-McWhinney-Blvd-Loveland-CO/23974785/,"Loveland, CO 80538",0.65,871347.9,40.408208389025,-105.017378025231,252.96,1000,XS,25.30%,109,LOVELAND MUNICIPALITY (109 trucks),140000,16153,10774225.69,"$871,347.90"
Sol_098,10431 Quari St,https://www.loopnet.com/Listing/10431-Quari-St-Commerce-City-CO/29119294/,"Commerce City, CO 80022",0.72,270000.0,39.886267655476,-104.844980046547,4169.15,5000,M,83.38%,562,ENVIRONMENTAL DESIGNS LLC (156 trucks) | BALIC TRANSPORT INC (120 trucks) | BURNCO COLORADO LLC (146 trucks) | WEST DIRECT OIL (140 trucks),140000,16153,10774225.69,"$270,000.00"
Sol_098,NEC N Fairgrounds Ave,https://www.loopnet.com/Listing/NEC-N-Fairgrounds-Ave-Windsor-CO/29890025/,"Windsor, CO 80528",0.74,483449.0,40.437732372143,-104.982630626628,304.01,1000,XS,30.40%,131,LARIMER COUNTY (131 trucks),140000,16153,10774225.69,"$483,449.00"
Sol_098,11958 Lincoln Ave,https://www.loopnet.com/Listing/Lincoln-Ave-Parker-CO/39741118/,"Parker, CO 80138",0.86,495000.0,39.536519536914,-104.76116705724,15005.279999999999,20000,XL,75.03%,2050,ACCELERATED SERVICES LLC (373 trucks) | AMERICAN FURNITURE WAREHOUSE CO (340 trucks) | TERRACARE ASSOCIATES LLC (156 trucks) | IHC SCOTT INC (214 trucks) | BUCKLEY POWDER CO (217 trucks) | CH2M OMI CH2MHILL JACOBS (183 trucks) | ORICA USA INC (215 trucks) | CHERRY CREEK SCHOOLS (352 trucks),140000,16153,10774225.69,"$495,000.00"
Sol_098,Harmony Rd,https://www.loopnet.com/Listing/Harmony-Rd-Timnath-CO/21109276/,"Timnath, CO 80547",0.88,689895.0,40.522951241822,-104.96262130308,5618.16,10000,L,56.18%,972,NOVUS AG LLC (444 trucks) | CITY OF FORT COLLINS (285 trucks) | Poudre School District  (243 trucks),140000,16153,10774225.69,"$689,895.00"
Sol_098,1801 W Union Ave,https://www.loopnet.com/Listing/1801-W-Union-Ave-Englewood-CO/39250756/,"Englewood, CO 80110",0.95,912839.45,39.63264140749,-105.009568941318,14063.34,20000,XL,70.32%,1884,KEESEN ENTERPRISES INC (263 trucks) | QUALITY LOGISTICS INC (135 trucks) | PROCAM SERVICES  (101 trucks) | PACIFIC SHIPPING & TRUCKING CO INC (109 trucks) | CITY LIGHT AND POWER INC (121 trucks) | WHEEL PROS LLC (182 trucks) | GLOBAL TRANSPORTATION LLC (442 trucks) | ENTERPRISE RENT-A-CAR NATIONAL RENT A CAR ALAMO RENT A CAR (421 trucks) | HBSCO DANS TRASH AT YOUR DISPOSAL (110 trucks),140000,16153,10774225.69,"$912,839.45"
Sol_098,3311 Ideal Drive Dr,https://www.loopnet.com/Listing/3311-Ideal-Drive-Dr-Frederick-CO/35744244/,"Frederick, CO 80516",1.0,949000.0,40.087044076103,-104.992966989518,4928.75,5000,M,98.58%,991,SUPREME TRANSPORT INC (183 trucks) | WARD ELECTRIC COMPANY INC (222 trucks) | CITY OF LONGMONT (211 trucks) | ST VRAIN VALLEY SCHOOL DISTRICT (174 trucks) | HEAT WAVES HOT OIL SERVICE LLC (201 trucks),140000,16153,10774225.69,"$949,000.00"
Sol_098,Colfax Ave & Airport Blvd,https://www.loopnet.com/Listing/Colfax-Ave-Airport-Blvd-Aurora-CO/24946845/,"Aurora, CO 80011",1.1,955174.1,39.740269989586,-104.791334022205,8680.17,10000,L,86.80%,1261,METCO LANDSCAPING INC (226 trucks) | WAGNER EQUIPMENT CO (423 trucks) | AURORA PUBLIC SCHOOLS (127 trucks) | CITY OF AURORA (271 trucks) | SHAMROCK FOODS COMPANY (214 trucks),140000,16153,10774225.69,"$955,174.10"
Sol_098,8850 Huron St,https://www.loopnet.com/Listing/8850-Huron-St-Thornton-CO/33061072/,"Thornton, CO 80260",1.26,349000.0,39.858426283979,-104.995662022846,19552.47,20000,XL,97.76%,2801,CITY OF THORNTON (208 trucks) | CITY OF THORNTON (174 trucks) | COCAL LANDSCAPE SERVICES INC (153 trucks) | COLD FRONT (121 trucks) | READY MIX CONCRETE COMPANY (191 trucks) | NAVAJO EXPRESS INC (309 trucks) | TRI-STATE GENERATION & TRANSMISSION ASSOCIATION INC (321 trucks) | WESTERN DISTRIBUTING TRANSPORTATION CORP (155 trucks) | RMS CRANES (139 trucks) | SURESHOT DRILLING LLC ATOZ FIELD SERVICES LLC DRILL TECH LLC PINNACLE DEVELOPMENT INC HDD SPECIALISTS LLC (135 trucks) | EAGLE ROCK DISTRIBUTING COMPANY OF COLORADO LLC (148 trucks) | OFFEN PETROLEUM LLC (269 trucks) | ALPINE MILLWORK COMPANY DBA ROCKY MOUNTAIN RELOAD (141 trucks) | ADAMS 12 FIVE STAR SCHOOLS (182 trucks) | GEOSTABILIZATION INTERNATIONAL LLC (155 trucks),140000,16153,10774225.69,"$349,000.00"
Sol_098,765 Aspen Ridge Drive Dr,https://www.loopnet.com/Listing/765-Aspen-Ridge-Drive-Dr-Lafayette-CO/32931931/,"Lafayette, CO 80026",1.43,556000.0,40.006898203868,-105.107210150504,4585.06,5000,M,91.70%,619,BOULDER VALLEY SCHOOL DISTRICT RE-2 (134 trucks) | VIA MOBILITY SERVICES (196 trucks) | VIA MOBILITY SERVICES (116 trucks) | CU (173 trucks),140000,16153,10774225.69,"$556,000.00"
Sol_099,2544 11th Ave,https://www.loopnet.com/Listing/2544-11th-Ave-Greeley-CO/35100267/,"Greeley, CO 80631",0.15,350000.0,40.395690645275,-104.69657283495,336.5,1000,XS,33.65%,145,WELD COUNTY PUBLIC WORKS DEPARTMENT (145 trucks),131000,15791,10756491.24,"$350,000.00"
Sol_099,1339 Sheridan Blvd,https://www.loopnet.com/Listing/1339-Sheridan-Blvd-Lakewood-CO/29629654/,"Lakewood, CO 80214",0.18,299999.0,39.737415742007,-105.053556666269,1949.27,2000,S,97.46%,415,COMPASS VEHICLE RENTAL INC (170 trucks) | SITEWISE LLC (145 trucks) | CITY OF ARVADA (100 trucks),131000,15791,10756491.24,"$299,999.00"
Sol_099,422 Perry St,https://www.loopnet.com/Listing/422-Perry-St-Castle-Rock-CO/38421711/,"Castle Rock, CO 80104",0.24,605821.24,39.374148794158,-104.858322527659,2577.81,5000,M,51.56%,389,GREAT SOUTHWESTERN CONSTRUCTION INC (280 trucks) | TOWN OF CASTLE ROCK  (109 trucks),131000,15791,10756491.24,"$605,821.24"
Sol_099,239 S Main St,https://www.loopnet.com/Listing/239-S-Main-St-Brighton-CO/27424620/,"Brighton, CO 80601",0.31,250000.0,39.982905257485,-104.822555605705,1694.9,2000,S,84.75%,267,G&Z TRANSPORT LLC (147 trucks) | SIM TRUCKING INC (120 trucks),131000,15791,10756491.24,"$250,000.00"
Sol_099,606 W Colfax Ave,https://www.loopnet.com/Listing/606-W-Colfax-Ave-Denver-CO/26992476/,"Denver, CO 80204",0.31,1475000.0,39.739741342952,-104.995589435564,8517.300000000001,10000,L,85.17%,1207,MPLX G&P (144 trucks) | CONCRETE EXPRESS INC (128 trucks) | FARMERS ALL NATURAL (121 trucks) | PROCAM SERVICES  (101 trucks) | QUALITY LOGISTICS INC (135 trucks) | KEESEN ENTERPRISES INC (263 trucks) | COMCAST (194 trucks) | CITY LIGHT AND POWER INC (121 trucks),131000,15791,10756491.24,"$1,475,000.00"
Sol_099,17160 W Colfax Ave,https://www.loopnet.com/Listing/17160-W-Colfax-Ave-Golden-CO/29520298/,"Golden, CO 80401",0.63,500000.0,39.722253633534,-105.192465086092,5488.67,10000,L,54.89%,807,ENIVIRONMENTAL LANDWORKS COMPANY INC (115 trucks) | HOLCIM WCR INC (298 trucks) | JEFFCO SCHOOLS (274 trucks) | JEFFERSON COUNTY (120 trucks),131000,15791,10756491.24,"$500,000.00"
Sol_099,1560 N Academy Blvd,https://www.loopnet.com/Listing/1560-N-Academy-Blvd-Colorado-Springs-CO/3886433/,"Colorado Springs, CO 80909",0.64,416700.0,38.854776988204,-104.75774002483,5689.619999999999,10000,L,56.90%,1031,COLORADO SPRINGS SCHOOL DISTRICT 11 (130 trucks) | MOUNTAIN METROPOLITAN TRANSIT (144 trucks) | CITY OF COLORADO SPRINGS (326 trucks) | El PASO COUNTY (112 trucks) | GOODWILL OF COLORADO (134 trucks) | VECTRUS SYSTEMS CORPORATION (185 trucks),131000,15791,10756491.24,"$416,700.00"
Sol_099,4237 McWhinney Blvd,https://www.loopnet.com/Listing/4237-McWhinney-Blvd-Loveland-CO/23974785/,"Loveland, CO 80538",0.65,871347.9,40.408208389025,-105.017378025231,252.96,1000,XS,25.30%,109,LOVELAND MUNICIPALITY (109 trucks),131000,15791,10756491.24,"$871,347.90"
Sol_099,10431 Quari St,https://www.loopnet.com/Listing/10431-Quari-St-Commerce-City-CO/29119294/,"Commerce City, CO 80022",0.72,270000.0,39.886267655476,-104.844980046547,4169.15,5000,M,83.38%,562,ENVIRONMENTAL DESIGNS LLC (156 trucks) | BALIC TRANSPORT INC (120 trucks) | BURNCO COLORADO LLC (146 trucks) | WEST DIRECT OIL (140 trucks),131000,15791,10756491.24,"$270,000.00"
Sol_099,NEC N Fairgrounds Ave,https://www.loopnet.com/Listing/NEC-N-Fairgrounds-Ave-Windsor-CO/29890025/,"Windsor, CO 80528",0.74,483449.0,40.437732372143,-104.982630626628,3990.5600000000004,5000,M,79.81%,575,LARIMER COUNTY (131 trucks) | NOVUS AG LLC (444 trucks),131000,15791,10756491.24,"$483,449.00"
Sol_099,11958 Lincoln Ave,https://www.loopnet.com/Listing/Lincoln-Ave-Parker-CO/39741118/,"Parker, CO 80138",0.86,495000.0,39.536519536914,-104.76116705724,18264.289999999997,20000,XL,91.32%,2581,ACCELERATED SERVICES LLC (373 trucks) | AMERICAN FURNITURE WAREHOUSE CO (340 trucks) | TERRACARE ASSOCIATES LLC (156 trucks) | IHC SCOTT INC (214 trucks) | BUCKLEY POWDER CO (217 trucks) | CH2M OMI CH2MHILL JACOBS (183 trucks) | ORICA USA INC (215 trucks) | CHERRY CREEK SCHOOLS (352 trucks) | HBSCO DANS TRASH AT YOUR DISPOSAL (110 trucks) | ENTERPRISE RENT-A-CAR NATIONAL RENT A CAR ALAMO RENT A CAR (421 trucks),131000,15791,10756491.24,"$495,000.00"
Sol_099,2450 Curtis St,https://www.loopnet.com/Listing/2450-Curtis-St-Denver-CO/34878162/,"Denver, CO 80205",0.93,1930000.0,39.755035173034,-104.984190298703,13972.56,20000,XL,69.86%,1896,RES (149 trucks) | CO TRAN LLC (275 trucks) | WASTE CONNECTIONS OF COLORADO INC (486 trucks) | COORS DISTRIBUTING COMPANY MILLER COORS LLC (105 trucks) | U S TRANSPORT INC (200 trucks) | SUPERSHUTTLE DENVER (125 trucks) | UNITED SITE SERVICES OF NEVADA INC (409 trucks) | UNITED SITE SERVICES OF COLORADO INC (147 trucks),131000,15791,10756491.24,"$1,930,000.00"
Sol_099,3311 Ideal Drive Dr,https://www.loopnet.com/Listing/3311-Ideal-Drive-Dr-Frederick-CO/35744244/,"Frederick, CO 80516",1.0,949000.0,40.087044076103,-104.992966989518,4928.75,5000,M,98.58%,991,SUPREME TRANSPORT INC (183 trucks) | WARD ELECTRIC COMPANY INC (222 trucks) | CITY OF LONGMONT (211 trucks) | ST VRAIN VALLEY SCHOOL DISTRICT (174 trucks) | HEAT WAVES HOT OIL SERVICE LLC (201 trucks),131000,15791,10756491.24,"$949,000.00"
Sol_099,Colfax Ave & Airport Blvd,https://www.loopnet.com/Listing/Colfax-Ave-Airport-Blvd-Aurora-CO/24946845/,"Aurora, CO 80011",1.1,955174.1,39.740269989586,-104.791334022205,9801.08,10000,L,98.01%,1396,METCO LANDSCAPING INC (226 trucks) | WAGNER EQUIPMENT CO (423 trucks) | AURORA PUBLIC SCHOOLS (127 trucks) | CITY OF AURORA (271 trucks) | SHAMROCK FOODS COMPANY (214 trucks) | SWINGLE TREE & LANDSCAPE CARE (135 trucks),131000,15791,10756491.24,"$955,174.10"
Sol_099,8850 Huron St,https://www.loopnet.com/Listing/8850-Huron-St-Thornton-CO/33061072/,"Thornton, CO 80260",1.26,349000.0,39.858426283979,-104.995662022846,19552.47,20000,XL,97.76%,2801,CITY OF THORNTON (208 trucks) | CITY OF THORNTON (174 trucks) | COCAL LANDSCAPE SERVICES INC (153 trucks) | COLD FRONT (121 trucks) | READY MIX CONCRETE COMPANY (191 trucks) | NAVAJO EXPRESS INC (309 trucks) | TRI-STATE GENERATION & TRANSMISSION ASSOCIATION INC (321 trucks) | WESTERN DISTRIBUTING TRANSPORTATION CORP (155 trucks) | RMS CRANES (139 trucks) | SURESHOT DRILLING LLC ATOZ FIELD SERVICES LLC DRILL TECH LLC PINNACLE DEVELOPMENT INC HDD SPECIALISTS LLC (135 trucks) | EAGLE ROCK DISTRIBUTING COMPANY OF COLORADO LLC (148 trucks) | OFFEN PETROLEUM LLC (269 trucks) | ALPINE MILLWORK COMPANY DBA ROCKY MOUNTAIN RELOAD (141 trucks) | ADAMS 12 FIVE STAR SCHOOLS (182 trucks) | GEOSTABILIZATION INTERNATIONAL LLC (155 trucks),131000,15791,10756491.24,"$349,000.00"
Sol_099,765 Aspen Ridge Drive Dr,https://www.loopnet.com/Listing/765-Aspen-Ridge-Drive-Dr-Lafayette-CO/32931931/,"Lafayette, CO 80026",1.43,556000.0,40.006898203868,-105.107210150504,4585.06,5000,M,91.70%,619,BOULDER VALLEY SCHOOL DISTRICT RE-2 (134 trucks) | VIA MOBILITY SERVICES (196 trucks) | VIA MOBILITY SERVICES (116 trucks) | CU (173 trucks),131000,15791,10756491.24,"$556,000.00"
